model,split,repeat,fold,row,test_id,y_true,p_sustained,threshold
logreg_np,r0f0,0,0,13,25,1,0.9443637516355936,0.17470624585864755
logreg_np,r0f0,0,0,14,26,1,0.9674696074373021,0.17470624585864755
logreg_np,r0f0,0,0,15,27,1,0.8950682159500807,0.17470624585864755
logreg_np,r0f0,0,0,16,28,1,0.9680337409108457,0.17470624585864755
logreg_np,r0f0,0,0,24,36,0,0.13978242192505866,0.17470624585864755
logreg_np,r0f0,0,0,28,40,1,0.9697850874681057,0.17470624585864755
logreg_np,r0f0,0,0,29,41,1,0.9623139164053419,0.17470624585864755
logreg_np,r0f0,0,0,30,42,1,0.9890529845272487,0.17470624585864755
logreg_np,r0f0,0,0,31,43,1,0.9876230557903972,0.17470624585864755
logreg_np,r0f0,0,0,41,54,0,0.23406815807507295,0.17470624585864755
logreg_np,r0f0,0,0,42,55,1,0.21603305671645473,0.17470624585864755
logreg_np,r0f0,0,0,43,56,1,0.1643583755781538,0.17470624585864755
logreg_np,r0f0,0,0,44,57,0,0.38145680709047014,0.17470624585864755
logreg_np,r0f0,0,0,62,75,0,0.0072550124477675625,0.17470624585864755
logreg_np,r0f0,0,0,63,76,0,0.010415730610909443,0.17470624585864755
logreg_np,r0f0,0,0,66,79,0,0.038638296765297446,0.17470624585864755
logreg_np,r0f0,0,0,67,82,0,0.008531416242810915,0.17470624585864755
logreg_np,r0f0,0,0,78,94,0,0.47932772978066795,0.17470624585864755
logreg_np,r0f0,0,0,79,95,0,0.43619040775085854,0.17470624585864755
logreg_np,r0f0,0,0,96,113,0,0.1908701712569532,0.17470624585864755
logreg_np,r0f0,0,0,97,115,0,0.1722733639126857,0.17470624585864755
logreg_np,r0f0,0,0,98,116,0,0.11808993215320276,0.17470624585864755
logreg_np,r0f0,0,0,99,117,0,0.05073267927581056,0.17470624585864755
logreg_np,r0f0,0,0,100,118,0,0.28560392208969426,0.17470624585864755
logreg_np,r0f0,0,0,101,119,0,0.3008358300338613,0.17470624585864755
logreg_np,r0f0,0,0,102,120,0,0.38445653047441236,0.17470624585864755
logreg_np,r0f0,0,0,103,121,0,0.082271087336139,0.17470624585864755
logreg_np,r0f0,0,0,104,122,0,0.05509447254073962,0.17470624585864755
logreg_np,r0f0,0,0,105,123,0,0.07747050669361376,0.17470624585864755
logreg_np,r0f0,0,0,106,124,0,0.04057082638379775,0.17470624585864755
logreg_np,r0f0,0,0,138,157,0,0.04457412659957028,0.17470624585864755
logreg_np,r0f0,0,0,139,158,0,0.03360062812856049,0.17470624585864755
logreg_np,r0f0,0,0,140,159,0,0.019877576016068682,0.17470624585864755
logreg_np,r0f0,0,0,141,160,0,0.020524149676207786,0.17470624585864755
logreg_np,r0f0,0,0,155,174,1,0.9224492558836714,0.17470624585864755
logreg_np,r0f0,0,0,156,175,1,0.8223079922062078,0.17470624585864755
logreg_np,r0f0,0,0,157,176,0,0.6924433519692316,0.17470624585864755
logreg_np,r0f0,0,0,158,177,0,0.4973438963882147,0.17470624585864755
logreg_np,r0f0,0,0,161,180,0,0.13514875397510281,0.17470624585864755
logreg_np,r0f0,0,0,162,181,0,0.6057258226135314,0.17470624585864755
logreg_np,r0f0,0,0,163,182,1,0.9252696363118852,0.17470624585864755
logreg_np,r0f0,0,0,168,187,0,0.12886737750437888,0.17470624585864755
logreg_np,r0f0,0,0,169,188,0,0.08267812064145619,0.17470624585864755
logreg_np,r0f0,0,0,197,217,0,0.011916499497713728,0.17470624585864755
logreg_np,r0f0,0,0,198,218,0,0.008126730277875853,0.17470624585864755
logreg_np,r0f0,0,0,250,273,0,0.13480823376928422,0.17470624585864755
logreg_np,r0f0,0,0,251,274,0,0.48240803512258795,0.17470624585864755
logreg_np,r0f1,0,1,52,65,0,0.03235136910350765,0.13194994228828807
logreg_np,r0f1,0,1,53,66,0,0.023478433713927528,0.13194994228828807
logreg_np,r0f1,0,1,54,67,0,0.040485560908331504,0.13194994228828807
logreg_np,r0f1,0,1,55,68,0,0.022265094666665083,0.13194994228828807
logreg_np,r0f1,0,1,57,70,0,0.002658691366525204,0.13194994228828807
logreg_np,r0f1,0,1,58,71,0,0.021193418415156786,0.13194994228828807
logreg_np,r0f1,0,1,59,72,1,0.8982482258990292,0.13194994228828807
logreg_np,r0f1,0,1,60,73,0,0.002847190984866723,0.13194994228828807
logreg_np,r0f1,0,1,61,74,1,0.848127680538618,0.13194994228828807
logreg_np,r0f1,0,1,72,88,1,0.4384501007686923,0.13194994228828807
logreg_np,r0f1,0,1,73,89,1,0.505046253964223,0.13194994228828807
logreg_np,r0f1,0,1,74,90,1,0.49728876118336446,0.13194994228828807
logreg_np,r0f1,0,1,75,91,1,0.4866251014113885,0.13194994228828807
logreg_np,r0f1,0,1,76,92,1,0.5616911194122791,0.13194994228828807
logreg_np,r0f1,0,1,77,93,1,0.915083922419552,0.13194994228828807
logreg_np,r0f1,0,1,80,97,1,0.3263429061761722,0.13194994228828807
logreg_np,r0f1,0,1,87,104,0,0.27350782534610135,0.13194994228828807
logreg_np,r0f1,0,1,88,105,1,0.3195581092930659,0.13194994228828807
logreg_np,r0f1,0,1,90,107,1,0.24235543366760118,0.13194994228828807
logreg_np,r0f1,0,1,107,125,0,0.014551333419655926,0.13194994228828807
logreg_np,r0f1,0,1,108,126,0,0.010588324503329381,0.13194994228828807
logreg_np,r0f1,0,1,109,127,0,0.01243844115538173,0.13194994228828807
logreg_np,r0f1,0,1,110,128,0,0.011044778536737535,0.13194994228828807
logreg_np,r0f1,0,1,111,129,0,0.022373460009416406,0.13194994228828807
logreg_np,r0f1,0,1,112,130,0,0.056485804244840065,0.13194994228828807
logreg_np,r0f1,0,1,128,147,0,0.011520680808617035,0.13194994228828807
logreg_np,r0f1,0,1,173,192,0,0.03411915346624896,0.13194994228828807
logreg_np,r0f1,0,1,174,193,0,0.02631824982930238,0.13194994228828807
logreg_np,r0f1,0,1,175,194,0,0.02138172021313306,0.13194994228828807
logreg_np,r0f1,0,1,176,195,0,0.13533922107434565,0.13194994228828807
logreg_np,r0f1,0,1,192,212,0,0.25477300825495175,0.13194994228828807
logreg_np,r0f1,0,1,204,225,0,0.06101513657645789,0.13194994228828807
logreg_np,r0f1,0,1,210,231,1,0.43253581106000355,0.13194994228828807
logreg_np,r0f1,0,1,221,244,0,0.005348127568996206,0.13194994228828807
logreg_np,r0f1,0,1,222,245,0,0.0034301559440561586,0.13194994228828807
logreg_np,r0f1,0,1,226,249,0,0.15220451554645095,0.13194994228828807
logreg_np,r0f1,0,1,227,250,1,0.45440031966558697,0.13194994228828807
logreg_np,r0f1,0,1,228,251,0,0.1916313429270294,0.13194994228828807
logreg_np,r0f1,0,1,229,252,1,0.1898352068449845,0.13194994228828807
logreg_np,r0f1,0,1,230,253,0,0.091766134006958,0.13194994228828807
logreg_np,r0f1,0,1,231,254,1,0.0970713673753634,0.13194994228828807
logreg_np,r0f1,0,1,237,260,0,0.01755733213112556,0.13194994228828807
logreg_np,r0f1,0,1,238,261,0,0.06736320489764246,0.13194994228828807
logreg_np,r0f1,0,1,239,262,0,0.02804809358347859,0.13194994228828807
logreg_np,r0f1,0,1,240,263,0,0.019796803044974415,0.13194994228828807
logreg_np,r0f2,0,2,17,29,1,0.992046855509605,0.19101943547535796
logreg_np,r0f2,0,2,18,30,0,0.9940776109423535,0.19101943547535796
logreg_np,r0f2,0,2,19,31,1,0.9929660757722569,0.19101943547535796
logreg_np,r0f2,0,2,20,32,1,0.9969280560259147,0.19101943547535796
logreg_np,r0f2,0,2,32,44,1,0.9946326161402227,0.19101943547535796
logreg_np,r0f2,0,2,33,45,0,0.9915211502116905,0.19101943547535796
logreg_np,r0f2,0,2,40,52,1,0.9899070072535833,0.19101943547535796
logreg_np,r0f2,0,2,56,69,1,0.7383439587968458,0.19101943547535796
logreg_np,r0f2,0,2,64,77,0,0.008868346515663563,0.19101943547535796
logreg_np,r0f2,0,2,65,78,0,0.0066621643479674005,0.19101943547535796
logreg_np,r0f2,0,2,68,84,0,0.0017063381309550874,0.19101943547535796
logreg_np,r0f2,0,2,69,85,0,0.0017433787118900145,0.19101943547535796
logreg_np,r0f2,0,2,70,86,0,0.0023245119587518227,0.19101943547535796
logreg_np,r0f2,0,2,71,87,0,0.001932656263359005,0.19101943547535796
logreg_np,r0f2,0,2,81,98,0,0.46302401398805976,0.19101943547535796
logreg_np,r0f2,0,2,82,99,0,0.5317535708352082,0.19101943547535796
logreg_np,r0f2,0,2,83,100,0,0.08048550479807877,0.19101943547535796
logreg_np,r0f2,0,2,84,101,0,0.14686168399731853,0.19101943547535796
logreg_np,r0f2,0,2,89,106,1,0.40393051456959056,0.19101943547535796
logreg_np,r0f2,0,2,91,108,1,0.474809602625353,0.19101943547535796
logreg_np,r0f2,0,2,159,178,0,0.4248971001203933,0.19101943547535796
logreg_np,r0f2,0,2,160,179,1,0.9502126174483183,0.19101943547535796
logreg_np,r0f2,0,2,164,183,0,0.47159201006793733,0.19101943547535796
logreg_np,r0f2,0,2,165,184,0,0.43958920168998156,0.19101943547535796
logreg_np,r0f2,0,2,166,185,0,0.37529097155711066,0.19101943547535796
logreg_np,r0f2,0,2,167,186,0,0.34263655143896055,0.19101943547535796
logreg_np,r0f2,0,2,193,213,0,0.0009842933382430668,0.19101943547535796
logreg_np,r0f2,0,2,194,214,0,0.29701128581748953,0.19101943547535796
logreg_np,r0f2,0,2,195,215,0,0.009534893830403266,0.19101943547535796
logreg_np,r0f2,0,2,196,216,0,0.006690697857518772,0.19101943547535796
logreg_np,r0f2,0,2,199,219,0,0.0018997424826612311,0.19101943547535796
logreg_np,r0f2,0,2,200,220,0,0.0014307848993375585,0.19101943547535796
logreg_np,r0f2,0,2,201,221,0,0.0013706134923508985,0.19101943547535796
logreg_np,r0f2,0,2,205,226,0,0.02506030824373703,0.19101943547535796
logreg_np,r0f2,0,2,206,227,0,0.02679836566104991,0.19101943547535796
logreg_np,r0f2,0,2,211,232,0,0.018520813219016292,0.19101943547535796
logreg_np,r0f2,0,2,212,233,1,0.3107578733811463,0.19101943547535796
logreg_np,r0f2,0,2,213,234,1,0.3277146688312888,0.19101943547535796
logreg_np,r0f2,0,2,214,235,0,0.03778220797709033,0.19101943547535796
logreg_np,r0f2,0,2,215,236,0,0.2077646014797746,0.19101943547535796
logreg_np,r0f2,0,2,216,238,1,0.49705268687313314,0.19101943547535796
logreg_np,r0f2,0,2,217,239,0,0.010099196737792195,0.19101943547535796
logreg_np,r0f2,0,2,218,240,0,0.00971933370567843,0.19101943547535796
logreg_np,r0f2,0,2,246,269,0,0.027521237141654855,0.19101943547535796
logreg_np,r0f2,0,2,247,270,1,0.12152187528516682,0.19101943547535796
logreg_np,r0f2,0,2,248,271,0,0.001308576227488878,0.19101943547535796
logreg_np,r0f2,0,2,249,272,0,0.0012481627912906065,0.19101943547535796
logreg_np,r0f3,0,3,0,1,1,0.11744132861857948,0.29296313784464434
logreg_np,r0f3,0,3,1,2,0,0.12964826296462048,0.29296313784464434
logreg_np,r0f3,0,3,2,3,0,0.1120494890018708,0.29296313784464434
logreg_np,r0f3,0,3,3,4,0,0.14537454050195764,0.29296313784464434
logreg_np,r0f3,0,3,4,5,0,0.13420780044055605,0.29296313784464434
logreg_np,r0f3,0,3,5,6,0,0.18956856073723802,0.29296313784464434
logreg_np,r0f3,0,3,6,7,1,0.9404374373465205,0.29296313784464434
logreg_np,r0f3,0,3,7,8,1,0.47808325736521384,0.29296313784464434
logreg_np,r0f3,0,3,8,19,1,0.9905228704338165,0.29296313784464434
logreg_np,r0f3,0,3,9,20,1,0.9934052893348798,0.29296313784464434
logreg_np,r0f3,0,3,10,21,1,0.9937852517109624,0.29296313784464434
logreg_np,r0f3,0,3,11,22,1,0.9938261032206195,0.29296313784464434
logreg_np,r0f3,0,3,12,23,1,0.9964986115208685,0.29296313784464434
logreg_np,r0f3,0,3,21,33,0,0.19785943428777533,0.29296313784464434
logreg_np,r0f3,0,3,22,34,0,0.3642559028667618,0.29296313784464434
logreg_np,r0f3,0,3,23,35,0,0.07869167299296734,0.29296313784464434
logreg_np,r0f3,0,3,25,37,1,0.9930022600847819,0.29296313784464434
logreg_np,r0f3,0,3,26,38,1,0.9941819618853686,0.29296313784464434
logreg_np,r0f3,0,3,27,39,1,0.9973078062216386,0.29296313784464434
logreg_np,r0f3,0,3,34,46,1,0.2152527026410897,0.29296313784464434
logreg_np,r0f3,0,3,35,47,1,0.23711820402957934,0.29296313784464434
logreg_np,r0f3,0,3,36,48,1,0.32969379876844024,0.29296313784464434
logreg_np,r0f3,0,3,37,49,0,0.19276247169594948,0.29296313784464434
logreg_np,r0f3,0,3,38,50,0,0.15159628275381062,0.29296313784464434
logreg_np,r0f3,0,3,39,51,1,0.7917979684482985,0.29296313784464434
logreg_np,r0f3,0,3,121,140,0,0.010796931752305164,0.29296313784464434
logreg_np,r0f3,0,3,122,141,0,0.005163913075207831,0.29296313784464434
logreg_np,r0f3,0,3,123,142,0,0.002666029015628557,0.29296313784464434
logreg_np,r0f3,0,3,124,143,0,0.0034508192963951523,0.29296313784464434
logreg_np,r0f3,0,3,125,144,0,0.20111698793722388,0.29296313784464434
logreg_np,r0f3,0,3,126,145,0,0.18063515289174006,0.29296313784464434
logreg_np,r0f3,0,3,127,146,0,0.30255391632901696,0.29296313784464434
logreg_np,r0f3,0,3,129,148,1,0.5754601551819513,0.29296313784464434
logreg_np,r0f3,0,3,130,149,1,0.782371346493292,0.29296313784464434
logreg_np,r0f3,0,3,131,150,0,0.2179717565165774,0.29296313784464434
logreg_np,r0f3,0,3,147,166,0,0.005988251319254159,0.29296313784464434
logreg_np,r0f3,0,3,148,167,0,0.00330436670227204,0.29296313784464434
logreg_np,r0f3,0,3,149,168,1,0.1798641706578986,0.29296313784464434
logreg_np,r0f3,0,3,150,169,0,0.181830325145495,0.29296313784464434
logreg_np,r0f3,0,3,151,170,0,0.23407155458051515,0.29296313784464434
logreg_np,r0f3,0,3,177,196,0,0.2766405080969799,0.29296313784464434
logreg_np,r0f3,0,3,178,197,0,0.28731415494516166,0.29296313784464434
logreg_np,r0f3,0,3,179,198,1,0.8200657085014712,0.29296313784464434
logreg_np,r0f3,0,3,180,199,0,0.184597254700481,0.29296313784464434
logreg_np,r0f3,0,3,181,200,0,0.11749221886148332,0.29296313784464434
logreg_np,r0f3,0,3,182,201,0,0.10629005251418681,0.29296313784464434
logreg_np,r0f3,0,3,183,202,0,0.27919248272561004,0.29296313784464434
logreg_np,r0f3,0,3,184,203,0,0.2119088677908379,0.29296313784464434
logreg_np,r0f3,0,3,185,204,1,0.15501799033782035,0.29296313784464434
logreg_np,r0f3,0,3,186,205,1,0.14823685252757254,0.29296313784464434
logreg_np,r0f3,0,3,187,206,1,0.47150972566438987,0.29296313784464434
logreg_np,r0f3,0,3,188,207,1,0.6268182642227391,0.29296313784464434
logreg_np,r0f3,0,3,189,208,1,0.4978403364117322,0.29296313784464434
logreg_np,r0f3,0,3,207,228,0,0.25671779839578274,0.29296313784464434
logreg_np,r0f3,0,3,208,229,1,0.8003559184697713,0.29296313784464434
logreg_np,r0f3,0,3,209,230,0,0.12641585102324476,0.29296313784464434
logreg_np,r0f3,0,3,219,241,0,0.02644222447255032,0.29296313784464434
logreg_np,r0f3,0,3,220,243,0,0.7383033945325942,0.29296313784464434
logreg_np,r0f3,0,3,225,248,0,0.005857553918099972,0.29296313784464434
logreg_np,r0f3,0,3,232,255,0,0.17529736241572408,0.29296313784464434
logreg_np,r0f3,0,3,233,256,0,0.17819410892150228,0.29296313784464434
logreg_np,r0f3,0,3,234,257,0,0.12858525725416922,0.29296313784464434
logreg_np,r0f3,0,3,235,258,0,0.20216390363613138,0.29296313784464434
logreg_np,r0f3,0,3,236,259,0,0.4019253443205808,0.29296313784464434
logreg_np,r0f3,0,3,241,264,0,0.05186288090154543,0.29296313784464434
logreg_np,r0f3,0,3,242,265,0,0.031165394219164103,0.29296313784464434
logreg_np,r0f3,0,3,243,266,0,0.017854355689282973,0.29296313784464434
logreg_np,r0f3,0,3,244,267,0,0.4048518121951304,0.29296313784464434
logreg_np,r0f3,0,3,245,268,0,0.6671963765400012,0.29296313784464434
logreg_np,r0f4,0,4,45,58,0,0.13334811699081206,0.20948004941223625
logreg_np,r0f4,0,4,46,59,0,0.10284415459717626,0.20948004941223625
logreg_np,r0f4,0,4,47,60,0,0.12213458515185219,0.20948004941223625
logreg_np,r0f4,0,4,48,61,0,0.13290117486927985,0.20948004941223625
logreg_np,r0f4,0,4,49,62,0,0.12294892976942268,0.20948004941223625
logreg_np,r0f4,0,4,50,63,1,0.7679122050686937,0.20948004941223625
logreg_np,r0f4,0,4,51,64,0,0.4657693020810257,0.20948004941223625
logreg_np,r0f4,0,4,85,102,0,0.07188047717013632,0.20948004941223625
logreg_np,r0f4,0,4,86,103,0,0.026079660374596393,0.20948004941223625
logreg_np,r0f4,0,4,92,109,0,0.10251306215422387,0.20948004941223625
logreg_np,r0f4,0,4,93,110,0,0.07926831351506765,0.20948004941223625
logreg_np,r0f4,0,4,94,111,1,0.09593820056336014,0.20948004941223625
logreg_np,r0f4,0,4,95,112,1,0.11888059652507162,0.20948004941223625
logreg_np,r0f4,0,4,113,131,1,0.9787471399924409,0.20948004941223625
logreg_np,r0f4,0,4,114,132,1,0.829523704796172,0.20948004941223625
logreg_np,r0f4,0,4,115,133,1,0.51274066488656,0.20948004941223625
logreg_np,r0f4,0,4,116,134,0,0.2765483392238859,0.20948004941223625
logreg_np,r0f4,0,4,117,135,1,0.7706144625880487,0.20948004941223625
logreg_np,r0f4,0,4,118,136,1,0.6155828536159937,0.20948004941223625
logreg_np,r0f4,0,4,119,137,1,0.5859750087503286,0.20948004941223625
logreg_np,r0f4,0,4,120,139,1,0.9771499669230072,0.20948004941223625
logreg_np,r0f4,0,4,132,151,1,0.07038919381502985,0.20948004941223625
logreg_np,r0f4,0,4,133,152,0,0.0580859582319003,0.20948004941223625
logreg_np,r0f4,0,4,134,153,0,0.047471084597625925,0.20948004941223625
logreg_np,r0f4,0,4,135,154,0,0.03209182174387535,0.20948004941223625
logreg_np,r0f4,0,4,136,155,0,0.26681920514923096,0.20948004941223625
logreg_np,r0f4,0,4,137,156,1,0.9185056103703634,0.20948004941223625
logreg_np,r0f4,0,4,142,161,0,0.008039204903437158,0.20948004941223625
logreg_np,r0f4,0,4,143,162,0,0.006213254304478831,0.20948004941223625
logreg_np,r0f4,0,4,144,163,0,0.005204615016218237,0.20948004941223625
logreg_np,r0f4,0,4,145,164,0,0.005204615016218237,0.20948004941223625
logreg_np,r0f4,0,4,146,165,0,0.7090824872576014,0.20948004941223625
logreg_np,r0f4,0,4,152,171,0,0.02916100208443635,0.20948004941223625
logreg_np,r0f4,0,4,153,172,0,0.4512097567671546,0.20948004941223625
logreg_np,r0f4,0,4,154,173,1,0.9166376700937079,0.20948004941223625
logreg_np,r0f4,0,4,170,189,0,0.068142273319573,0.20948004941223625
logreg_np,r0f4,0,4,171,190,0,0.04677548190826584,0.20948004941223625
logreg_np,r0f4,0,4,172,191,0,0.03248238470880697,0.20948004941223625
logreg_np,r0f4,0,4,190,209,0,0.06845651094006928,0.20948004941223625
logreg_np,r0f4,0,4,191,211,0,0.35769085962717184,0.20948004941223625
logreg_np,r0f4,0,4,202,222,0,0.1678562693934058,0.20948004941223625
logreg_np,r0f4,0,4,203,224,1,0.8208978350356131,0.20948004941223625
logreg_np,r0f4,0,4,223,246,0,0.0021100730540834184,0.20948004941223625
logreg_np,r0f4,0,4,224,247,0,0.0016993597268975277,0.20948004941223625
logreg_np,r1f0,1,0,8,19,1,0.9956451498364999,0.1884163354017777
logreg_np,r1f0,1,0,9,20,1,0.9953547115228669,0.1884163354017777
logreg_np,r1f0,1,0,10,21,1,0.9955361561020718,0.1884163354017777
logreg_np,r1f0,1,0,11,22,1,0.9955558759463253,0.1884163354017777
logreg_np,r1f0,1,0,12,23,1,0.9983840942228378,0.1884163354017777
logreg_np,r1f0,1,0,25,37,1,0.9951659274679804,0.1884163354017777
logreg_np,r1f0,1,0,26,38,1,0.9957294967719168,0.1884163354017777
logreg_np,r1f0,1,0,27,39,1,0.9987556025262849,0.1884163354017777
logreg_np,r1f0,1,0,45,58,0,0.12245018350679664,0.1884163354017777
logreg_np,r1f0,1,0,46,59,0,0.09051009489629812,0.1884163354017777
logreg_np,r1f0,1,0,47,60,0,0.1105575457326584,0.1884163354017777
logreg_np,r1f0,1,0,48,61,0,0.12197309813062002,0.1884163354017777
logreg_np,r1f0,1,0,49,62,0,0.1054398069587654,0.1884163354017777
logreg_np,r1f0,1,0,50,63,1,0.770386676835029,0.1884163354017777
logreg_np,r1f0,1,0,51,64,0,0.4496136563903279,0.1884163354017777
logreg_np,r1f0,1,0,62,75,0,0.008050957194617262,0.1884163354017777
logreg_np,r1f0,1,0,63,76,0,0.010815365194447469,0.1884163354017777
logreg_np,r1f0,1,0,66,79,0,0.04160803382631876,0.1884163354017777
logreg_np,r1f0,1,0,67,82,0,0.009189493946850513,0.1884163354017777
logreg_np,r1f0,1,0,85,102,0,0.07506162626057568,0.1884163354017777
logreg_np,r1f0,1,0,86,103,0,0.025671490453375224,0.1884163354017777
logreg_np,r1f0,1,0,92,109,0,0.11565792747520769,0.1884163354017777
logreg_np,r1f0,1,0,93,110,0,0.08636424240758622,0.1884163354017777
logreg_np,r1f0,1,0,94,111,1,0.10729201624308841,0.1884163354017777
logreg_np,r1f0,1,0,95,112,1,0.13669993107859185,0.1884163354017777
logreg_np,r1f0,1,0,142,161,0,0.007717995470879319,0.1884163354017777
logreg_np,r1f0,1,0,143,162,0,0.00574068084140149,0.1884163354017777
logreg_np,r1f0,1,0,144,163,0,0.004683593664992321,0.1884163354017777
logreg_np,r1f0,1,0,145,164,0,0.004683593664992321,0.1884163354017777
logreg_np,r1f0,1,0,161,180,0,0.1128426420212479,0.1884163354017777
logreg_np,r1f0,1,0,162,181,0,0.5853660525278389,0.1884163354017777
logreg_np,r1f0,1,0,163,182,1,0.9270624742039658,0.1884163354017777
logreg_np,r1f0,1,0,168,187,0,0.10816570171666702,0.1884163354017777
logreg_np,r1f0,1,0,169,188,0,0.07486049359605011,0.1884163354017777
logreg_np,r1f0,1,0,197,217,0,0.012071878975895917,0.1884163354017777
logreg_np,r1f0,1,0,198,218,0,0.008832128068441442,0.1884163354017777
logreg_np,r1f0,1,0,204,225,0,0.08543473010630033,0.1884163354017777
logreg_np,r1f0,1,0,210,231,1,0.5156998265021852,0.1884163354017777
logreg_np,r1f0,1,0,219,241,0,0.014927285778097049,0.1884163354017777
logreg_np,r1f0,1,0,220,243,0,0.6997355427894962,0.1884163354017777
logreg_np,r1f0,1,0,241,264,0,0.019712418458096317,0.1884163354017777
logreg_np,r1f0,1,0,242,265,0,0.013893005673023016,0.1884163354017777
logreg_np,r1f0,1,0,243,266,0,0.009519525245120416,0.1884163354017777
logreg_np,r1f0,1,0,244,267,0,0.2776570990763244,0.1884163354017777
logreg_np,r1f0,1,0,245,268,0,0.5290954692062316,0.1884163354017777
logreg_np,r1f1,1,1,0,1,1,0.15896725136131373,0.18828344158050742
logreg_np,r1f1,1,1,1,2,0,0.16855789010891561,0.18828344158050742
logreg_np,r1f1,1,1,2,3,0,0.15460936864516786,0.18828344158050742
logreg_np,r1f1,1,1,3,4,0,0.18042500466762873,0.18828344158050742
logreg_np,r1f1,1,1,4,5,0,0.1720512431806312,0.18828344158050742
logreg_np,r1f1,1,1,5,6,0,0.2115374973448552,0.18828344158050742
logreg_np,r1f1,1,1,6,7,1,0.920040286521046,0.18828344158050742
logreg_np,r1f1,1,1,7,8,1,0.4470559612945868,0.18828344158050742
logreg_np,r1f1,1,1,21,33,0,0.21708793427878417,0.18828344158050742
logreg_np,r1f1,1,1,22,34,0,0.3187757944009835,0.18828344158050742
logreg_np,r1f1,1,1,23,35,0,0.08125153634601172,0.18828344158050742
logreg_np,r1f1,1,1,34,46,1,0.22850210675344731,0.18828344158050742
logreg_np,r1f1,1,1,35,47,1,0.22781905981472209,0.18828344158050742
logreg_np,r1f1,1,1,36,48,1,0.2985573831043071,0.18828344158050742
logreg_np,r1f1,1,1,37,49,0,0.18746850634196952,0.18828344158050742
logreg_np,r1f1,1,1,38,50,0,0.14969336060179156,0.18828344158050742
logreg_np,r1f1,1,1,39,51,1,0.753089983459854,0.18828344158050742
logreg_np,r1f1,1,1,52,65,0,0.031313804253896856,0.18828344158050742
logreg_np,r1f1,1,1,53,66,0,0.022266986278779526,0.18828344158050742
logreg_np,r1f1,1,1,54,67,0,0.03974760684230886,0.18828344158050742
logreg_np,r1f1,1,1,55,68,0,0.021045061290558588,0.18828344158050742
logreg_np,r1f1,1,1,57,70,0,0.0010069129193690381,0.18828344158050742
logreg_np,r1f1,1,1,58,71,0,0.019969309520674636,0.18828344158050742
logreg_np,r1f1,1,1,59,72,1,0.8586562513113299,0.18828344158050742
logreg_np,r1f1,1,1,60,73,0,0.0010839101850214643,0.18828344158050742
logreg_np,r1f1,1,1,61,74,1,0.7879179213972795,0.18828344158050742
logreg_np,r1f1,1,1,80,97,1,0.40244358922432183,0.18828344158050742
logreg_np,r1f1,1,1,87,104,0,0.3400364374277405,0.18828344158050742
logreg_np,r1f1,1,1,88,105,1,0.3945422759760742,0.18828344158050742
logreg_np,r1f1,1,1,90,107,1,0.302336458434799,0.18828344158050742
logreg_np,r1f1,1,1,107,125,0,0.020562280553872304,0.18828344158050742
logreg_np,r1f1,1,1,108,126,0,0.014693769406369048,0.18828344158050742
logreg_np,r1f1,1,1,109,127,0,0.017421685597743337,0.18828344158050742
logreg_np,r1f1,1,1,110,128,0,0.015364641928138393,0.18828344158050742
logreg_np,r1f1,1,1,111,129,0,0.015613452185005566,0.18828344158050742
logreg_np,r1f1,1,1,112,130,0,0.04264746088724977,0.18828344158050742
logreg_np,r1f1,1,1,113,131,1,0.9688464935464995,0.18828344158050742
logreg_np,r1f1,1,1,114,132,1,0.7684717820378707,0.18828344158050742
logreg_np,r1f1,1,1,115,133,1,0.4195227167939866,0.18828344158050742
logreg_np,r1f1,1,1,116,134,0,0.20869210523891096,0.18828344158050742
logreg_np,r1f1,1,1,117,135,1,0.696542479959492,0.18828344158050742
logreg_np,r1f1,1,1,118,136,1,0.5232974358615416,0.18828344158050742
logreg_np,r1f1,1,1,119,137,1,0.49258028461227443,0.18828344158050742
logreg_np,r1f1,1,1,120,139,1,0.9665414358871124,0.18828344158050742
logreg_np,r1f1,1,1,128,147,0,0.01606564500621296,0.18828344158050742
logreg_np,r1f1,1,1,138,157,0,0.0317305068164104,0.18828344158050742
logreg_np,r1f1,1,1,139,158,0,0.025562261656985028,0.18828344158050742
logreg_np,r1f1,1,1,140,159,0,0.01714623835581064,0.18828344158050742
logreg_np,r1f1,1,1,141,160,0,0.01756789732145036,0.18828344158050742
logreg_np,r1f1,1,1,183,202,0,0.2684466329955716,0.18828344158050742
logreg_np,r1f1,1,1,184,203,0,0.22633018315849293,0.18828344158050742
logreg_np,r1f1,1,1,185,204,1,0.15285003770909347,0.18828344158050742
logreg_np,r1f1,1,1,186,205,1,0.14659059474677055,0.18828344158050742
logreg_np,r1f1,1,1,187,206,1,0.44098617388918204,0.18828344158050742
logreg_np,r1f1,1,1,188,207,1,0.5873311190588323,0.18828344158050742
logreg_np,r1f1,1,1,189,208,1,0.4653531058683622,0.18828344158050742
logreg_np,r1f1,1,1,190,209,0,0.038420047704964384,0.18828344158050742
logreg_np,r1f1,1,1,191,211,0,0.23079813419250358,0.18828344158050742
logreg_np,r1f1,1,1,192,212,0,0.156134636845515,0.18828344158050742
logreg_np,r1f1,1,1,207,228,0,0.2455818430814346,0.18828344158050742
logreg_np,r1f1,1,1,208,229,1,0.7621197103215384,0.18828344158050742
logreg_np,r1f1,1,1,209,230,0,0.1263405740412613,0.18828344158050742
logreg_np,r1f1,1,1,214,235,0,0.08532137317698656,0.18828344158050742
logreg_np,r1f1,1,1,215,236,0,0.359565976835723,0.18828344158050742
logreg_np,r1f1,1,1,216,238,1,0.6630067711954584,0.18828344158050742
logreg_np,r1f1,1,1,217,239,0,0.028313139631301935,0.18828344158050742
logreg_np,r1f1,1,1,218,240,0,0.02731052124888726,0.18828344158050742
logreg_np,r1f2,1,2,24,36,0,0.1291141082103668,0.1383428064323445
logreg_np,r1f2,1,2,41,54,0,0.19706922071957902,0.1383428064323445
logreg_np,r1f2,1,2,42,55,1,0.18433007687767128,0.1383428064323445
logreg_np,r1f2,1,2,43,56,1,0.15616960151949325,0.1383428064323445
logreg_np,r1f2,1,2,44,57,0,0.38242414420860654,0.1383428064323445
logreg_np,r1f2,1,2,72,88,1,0.5459667799989241,0.1383428064323445
logreg_np,r1f2,1,2,73,89,1,0.6187487997499296,0.1383428064323445
logreg_np,r1f2,1,2,74,90,1,0.6105144786840414,0.1383428064323445
logreg_np,r1f2,1,2,75,91,1,0.5990894643281516,0.1383428064323445
logreg_np,r1f2,1,2,76,92,1,0.6306329354928797,0.1383428064323445
logreg_np,r1f2,1,2,77,93,1,0.9515086291484653,0.1383428064323445
logreg_np,r1f2,1,2,78,94,0,0.4206353351939092,0.1383428064323445
logreg_np,r1f2,1,2,79,95,0,0.3766123981380317,0.1383428064323445
logreg_np,r1f2,1,2,96,113,0,0.13128434122139404,0.1383428064323445
logreg_np,r1f2,1,2,97,115,0,0.12029903916129178,0.1383428064323445
logreg_np,r1f2,1,2,98,116,0,0.08773553698052099,0.1383428064323445
logreg_np,r1f2,1,2,99,117,0,0.03972591843511269,0.1383428064323445
logreg_np,r1f2,1,2,100,118,0,0.2575872223700948,0.1383428064323445
logreg_np,r1f2,1,2,121,140,0,0.011346629585612182,0.1383428064323445
logreg_np,r1f2,1,2,122,141,0,0.007004723720156684,0.1383428064323445
logreg_np,r1f2,1,2,123,142,0,0.00454708739359799,0.1383428064323445
logreg_np,r1f2,1,2,124,143,0,0.005382374565515151,0.1383428064323445
logreg_np,r1f2,1,2,132,151,1,0.0784623098667441,0.1383428064323445
logreg_np,r1f2,1,2,133,152,0,0.06334332518523392,0.1383428064323445
logreg_np,r1f2,1,2,134,153,0,0.050557645508289645,0.1383428064323445
logreg_np,r1f2,1,2,135,154,0,0.03755523450976979,0.1383428064323445
logreg_np,r1f2,1,2,136,155,0,0.3324969112758715,0.1383428064323445
logreg_np,r1f2,1,2,137,156,1,0.9503840451850507,0.1383428064323445
logreg_np,r1f2,1,2,146,165,0,0.7899682137762438,0.1383428064323445
logreg_np,r1f2,1,2,147,166,0,0.00722110751650758,0.1383428064323445
logreg_np,r1f2,1,2,148,167,0,0.004895105039296705,0.1383428064323445
logreg_np,r1f2,1,2,152,171,0,0.03393826680699306,0.1383428064323445
logreg_np,r1f2,1,2,153,172,0,0.5422755280639662,0.1383428064323445
logreg_np,r1f2,1,2,154,173,1,0.9491312617565903,0.1383428064323445
logreg_np,r1f2,1,2,155,174,1,0.915607990444152,0.1383428064323445
logreg_np,r1f2,1,2,156,175,1,0.8000200269616584,0.1383428064323445
logreg_np,r1f2,1,2,157,176,0,0.5756391451053597,0.1383428064323445
logreg_np,r1f2,1,2,158,177,0,0.41306635609588993,0.1383428064323445
logreg_np,r1f2,1,2,170,189,0,0.07568054788795045,0.1383428064323445
logreg_np,r1f2,1,2,171,190,0,0.04972973324304798,0.1383428064323445
logreg_np,r1f2,1,2,172,191,0,0.03305330556972546,0.1383428064323445
logreg_np,r1f2,1,2,173,192,0,0.040029334312292046,0.1383428064323445
logreg_np,r1f2,1,2,174,193,0,0.029969616240403365,0.1383428064323445
logreg_np,r1f2,1,2,175,194,0,0.019054159062763257,0.1383428064323445
logreg_np,r1f2,1,2,176,195,0,0.15666055563751222,0.1383428064323445
logreg_np,r1f2,1,2,227,250,1,0.498903367302175,0.1383428064323445
logreg_np,r1f2,1,2,230,253,0,0.09976345415302683,0.1383428064323445
logreg_np,r1f2,1,2,231,254,1,0.10618419251831465,0.1383428064323445
logreg_np,r1f3,1,3,13,25,1,0.9470251835734919,0.13465537074819062
logreg_np,r1f3,1,3,14,26,1,0.9677521700460158,0.13465537074819062
logreg_np,r1f3,1,3,15,27,1,0.9056312281892221,0.13465537074819062
logreg_np,r1f3,1,3,16,28,1,0.9678866232480445,0.13465537074819062
logreg_np,r1f3,1,3,28,40,1,0.9698786066010693,0.13465537074819062
logreg_np,r1f3,1,3,29,41,1,0.9630558940945819,0.13465537074819062
logreg_np,r1f3,1,3,30,42,1,0.9877896438248767,0.13465537074819062
logreg_np,r1f3,1,3,31,43,1,0.9863596298576435,0.13465537074819062
logreg_np,r1f3,1,3,56,69,1,0.8021207270483424,0.13465537074819062
logreg_np,r1f3,1,3,64,77,0,0.021311923653566642,0.13465537074819062
logreg_np,r1f3,1,3,65,78,0,0.015308679145504562,0.13465537074819062
logreg_np,r1f3,1,3,101,119,0,0.176003709597049,0.13465537074819062
logreg_np,r1f3,1,3,102,120,0,0.2302204678255981,0.13465537074819062
logreg_np,r1f3,1,3,103,121,0,0.05013630813759438,0.13465537074819062
logreg_np,r1f3,1,3,104,122,0,0.03426098267824026,0.13465537074819062
logreg_np,r1f3,1,3,105,123,0,0.04733900914208839,0.13465537074819062
logreg_np,r1f3,1,3,106,124,0,0.02569033837217034,0.13465537074819062
logreg_np,r1f3,1,3,193,213,0,0.004206454353608407,0.13465537074819062
logreg_np,r1f3,1,3,194,214,0,0.4406585486599636,0.13465537074819062
logreg_np,r1f3,1,3,195,215,0,0.02317013253912669,0.13465537074819062
logreg_np,r1f3,1,3,196,216,0,0.015384677293236592,0.13465537074819062
logreg_np,r1f3,1,3,202,222,0,0.1615467921702094,0.13465537074819062
logreg_np,r1f3,1,3,203,224,1,0.7703800929672195,0.13465537074819062
logreg_np,r1f3,1,3,205,226,0,0.042403940069246714,0.13465537074819062
logreg_np,r1f3,1,3,206,227,0,0.04579444956306117,0.13465537074819062
logreg_np,r1f3,1,3,211,232,0,0.04524158183103872,0.13465537074819062
logreg_np,r1f3,1,3,212,233,1,0.4226732870402098,0.13465537074819062
logreg_np,r1f3,1,3,213,234,1,0.43918016374526886,0.13465537074819062
logreg_np,r1f3,1,3,221,244,0,0.008246285926168693,0.13465537074819062
logreg_np,r1f3,1,3,222,245,0,0.0046414346279420185,0.13465537074819062
logreg_np,r1f3,1,3,223,246,0,0.0022082405937830568,0.13465537074819062
logreg_np,r1f3,1,3,224,247,0,0.001667121295266522,0.13465537074819062
logreg_np,r1f3,1,3,232,255,0,0.08612199264182367,0.13465537074819062
logreg_np,r1f3,1,3,233,256,0,0.08731692101071933,0.13465537074819062
logreg_np,r1f3,1,3,234,257,0,0.06669868334382732,0.13465537074819062
logreg_np,r1f3,1,3,235,258,0,0.1347380638479635,0.13465537074819062
logreg_np,r1f3,1,3,236,259,0,0.26319386240883047,0.13465537074819062
logreg_np,r1f3,1,3,237,260,0,0.026675899613103272,0.13465537074819062
logreg_np,r1f3,1,3,238,261,0,0.09725180242647521,0.13465537074819062
logreg_np,r1f3,1,3,239,262,0,0.06065028328674529,0.13465537074819062
logreg_np,r1f3,1,3,240,263,0,0.03906207935880074,0.13465537074819062
logreg_np,r1f3,1,3,246,269,0,0.10426094247742568,0.13465537074819062
logreg_np,r1f3,1,3,247,270,1,0.3139028119444109,0.13465537074819062
logreg_np,r1f3,1,3,248,271,0,0.005848844371169248,0.13465537074819062
logreg_np,r1f3,1,3,249,272,0,0.005535803977435714,0.13465537074819062
logreg_np,r1f3,1,3,250,273,0,0.14588187786072807,0.13465537074819062
logreg_np,r1f3,1,3,251,274,0,0.46216743468863053,0.13465537074819062
logreg_np,r1f4,1,4,17,29,1,0.9897179976107899,0.21885394780748743
logreg_np,r1f4,1,4,18,30,0,0.9930652134198233,0.21885394780748743
logreg_np,r1f4,1,4,19,31,1,0.9919208510679687,0.21885394780748743
logreg_np,r1f4,1,4,20,32,1,0.996484618644251,0.21885394780748743
logreg_np,r1f4,1,4,32,44,1,0.9939200062945449,0.21885394780748743
logreg_np,r1f4,1,4,33,45,0,0.988801044497027,0.21885394780748743
logreg_np,r1f4,1,4,40,52,1,0.9883908872361884,0.21885394780748743
logreg_np,r1f4,1,4,68,84,0,0.0021780442318160577,0.21885394780748743
logreg_np,r1f4,1,4,69,85,0,0.0022415057801377807,0.21885394780748743
logreg_np,r1f4,1,4,70,86,0,0.003293005990250292,0.21885394780748743
logreg_np,r1f4,1,4,71,87,0,0.0025727610105958972,0.21885394780748743
logreg_np,r1f4,1,4,81,98,0,0.46458867689489275,0.21885394780748743
logreg_np,r1f4,1,4,82,99,0,0.5563974976859323,0.21885394780748743
logreg_np,r1f4,1,4,83,100,0,0.07758544520444041,0.21885394780748743
logreg_np,r1f4,1,4,84,101,0,0.14236643569769483,0.21885394780748743
logreg_np,r1f4,1,4,89,106,1,0.3859745085727028,0.21885394780748743
logreg_np,r1f4,1,4,91,108,1,0.48037065896593284,0.21885394780748743
logreg_np,r1f4,1,4,125,144,0,0.27007844004946535,0.21885394780748743
logreg_np,r1f4,1,4,126,145,0,0.24799000516162792,0.21885394780748743
logreg_np,r1f4,1,4,127,146,0,0.3723461552275049,0.21885394780748743
logreg_np,r1f4,1,4,129,148,1,0.6930509666432927,0.21885394780748743
logreg_np,r1f4,1,4,130,149,1,0.8559300396368877,0.21885394780748743
logreg_np,r1f4,1,4,131,150,0,0.3198535549337999,0.21885394780748743
logreg_np,r1f4,1,4,149,168,1,0.2348544895775482,0.21885394780748743
logreg_np,r1f4,1,4,150,169,0,0.23692978088260572,0.21885394780748743
logreg_np,r1f4,1,4,151,170,0,0.29043783098696424,0.21885394780748743
logreg_np,r1f4,1,4,159,178,0,0.4178764085482878,0.21885394780748743
logreg_np,r1f4,1,4,160,179,1,0.9496442793827898,0.21885394780748743
logreg_np,r1f4,1,4,164,183,0,0.4760612616104164,0.21885394780748743
logreg_np,r1f4,1,4,165,184,0,0.43326727309343316,0.21885394780748743
logreg_np,r1f4,1,4,166,185,0,0.3485415296938081,0.21885394780748743
logreg_np,r1f4,1,4,167,186,0,0.3067342777865216,0.21885394780748743
logreg_np,r1f4,1,4,177,196,0,0.3915809654993019,0.21885394780748743
logreg_np,r1f4,1,4,178,197,0,0.40410830990905333,0.21885394780748743
logreg_np,r1f4,1,4,179,198,1,0.8825932069630589,0.21885394780748743
logreg_np,r1f4,1,4,180,199,0,0.25230926392303255,0.21885394780748743
logreg_np,r1f4,1,4,181,200,0,0.17553735183168614,0.21885394780748743
logreg_np,r1f4,1,4,182,201,0,0.16182030244423107,0.21885394780748743
logreg_np,r1f4,1,4,199,219,0,0.0025143414186265976,0.21885394780748743
logreg_np,r1f4,1,4,200,220,0,0.0017209138681530435,0.21885394780748743
logreg_np,r1f4,1,4,201,221,0,0.0016247979670852696,0.21885394780748743
logreg_np,r1f4,1,4,225,248,0,0.0007242043861328165,0.21885394780748743
logreg_np,r1f4,1,4,226,249,0,0.2839347604229177,0.21885394780748743
logreg_np,r1f4,1,4,228,251,0,0.4988313732047294,0.21885394780748743
logreg_np,r1f4,1,4,229,252,1,0.4945139713442683,0.21885394780748743
logreg_np,r2f0,2,0,13,25,1,0.9475858055504893,0.20638687869365088
logreg_np,r2f0,2,0,14,26,1,0.9682118774166426,0.20638687869365088
logreg_np,r2f0,2,0,15,27,1,0.9067287851633165,0.20638687869365088
logreg_np,r2f0,2,0,16,28,1,0.9707777433562553,0.20638687869365088
logreg_np,r2f0,2,0,28,40,1,0.9703230321335568,0.20638687869365088
logreg_np,r2f0,2,0,29,41,1,0.9635456513831936,0.20638687869365088
logreg_np,r2f0,2,0,30,42,1,0.9896804131283898,0.20638687869365088
logreg_np,r2f0,2,0,31,43,1,0.988374541466066,0.20638687869365088
logreg_np,r2f0,2,0,52,65,0,0.026315165029544448,0.20638687869365088
logreg_np,r2f0,2,0,53,66,0,0.01726931495677716,0.20638687869365088
logreg_np,r2f0,2,0,54,67,0,0.03532886094013786,0.20638687869365088
logreg_np,r2f0,2,0,55,68,0,0.01610636211246987,0.20638687869365088
logreg_np,r2f0,2,0,57,70,0,0.0014296677903864075,0.20638687869365088
logreg_np,r2f0,2,0,58,71,0,0.015095637506595438,0.20638687869365088
logreg_np,r2f0,2,0,59,72,1,0.8787534822259827,0.20638687869365088
logreg_np,r2f0,2,0,60,73,0,0.001536672485776027,0.20638687869365088
logreg_np,r2f0,2,0,61,74,1,0.817392818610263,0.20638687869365088
logreg_np,r2f0,2,0,85,102,0,0.08609634358223667,0.20638687869365088
logreg_np,r2f0,2,0,86,103,0,0.03234754553601125,0.20638687869365088
logreg_np,r2f0,2,0,92,109,0,0.12147607970401693,0.20638687869365088
logreg_np,r2f0,2,0,93,110,0,0.08720765329885524,0.20638687869365088
logreg_np,r2f0,2,0,94,111,1,0.11157565676618358,0.20638687869365088
logreg_np,r2f0,2,0,95,112,1,0.1466948253363243,0.20638687869365088
logreg_np,r2f0,2,0,96,113,0,0.08965960898046631,0.20638687869365088
logreg_np,r2f0,2,0,97,115,0,0.08059604150791147,0.20638687869365088
logreg_np,r2f0,2,0,98,116,0,0.0549673222338163,0.20638687869365088
logreg_np,r2f0,2,0,99,117,0,0.024693718349629006,0.20638687869365088
logreg_np,r2f0,2,0,100,118,0,0.15128943401836442,0.20638687869365088
logreg_np,r2f0,2,0,149,168,1,0.16302329966043277,0.20638687869365088
logreg_np,r2f0,2,0,150,169,0,0.16441002235563776,0.20638687869365088
logreg_np,r2f0,2,0,151,170,0,0.2005772584851878,0.20638687869365088
logreg_np,r2f0,2,0,192,212,0,0.19142400836382392,0.20638687869365088
logreg_np,r2f0,2,0,204,225,0,0.07725068718195671,0.20638687869365088
logreg_np,r2f0,2,0,210,231,1,0.473093146469723,0.20638687869365088
logreg_np,r2f0,2,0,223,246,0,0.002536228733636731,0.20638687869365088
logreg_np,r2f0,2,0,224,247,0,0.0019111525022282789,0.20638687869365088
logreg_np,r2f0,2,0,225,248,0,0.0023018184365541723,0.20638687869365088
logreg_np,r2f0,2,0,237,260,0,0.034825491633412045,0.20638687869365088
logreg_np,r2f0,2,0,238,261,0,0.13561759310612184,0.20638687869365088
logreg_np,r2f0,2,0,239,262,0,0.0764140491677513,0.20638687869365088
logreg_np,r2f0,2,0,240,263,0,0.04935936108912456,0.20638687869365088
logreg_np,r2f0,2,0,241,264,0,0.021804491076126968,0.20638687869365088
logreg_np,r2f0,2,0,242,265,0,0.01464744003822431,0.20638687869365088
logreg_np,r2f0,2,0,243,266,0,0.009525046429472935,0.20638687869365088
logreg_np,r2f0,2,0,244,267,0,0.2641292691995006,0.20638687869365088
logreg_np,r2f0,2,0,245,268,0,0.49081882995640264,0.20638687869365088
logreg_np,r2f1,2,1,45,58,0,0.17374019424493833,0.1865225305082534
logreg_np,r2f1,2,1,46,59,0,0.1188418916900744,0.1865225305082534
logreg_np,r2f1,2,1,47,60,0,0.152998362062692,0.1865225305082534
logreg_np,r2f1,2,1,48,61,0,0.1729029528157729,0.1865225305082534
logreg_np,r2f1,2,1,49,62,0,0.1252445141150744,0.1865225305082534
logreg_np,r2f1,2,1,50,63,1,0.6675741664542881,0.1865225305082534
logreg_np,r2f1,2,1,51,64,0,0.3972587268097986,0.1865225305082534
logreg_np,r2f1,2,1,107,125,0,0.01767178097429902,0.1865225305082534
logreg_np,r2f1,2,1,108,126,0,0.010954881588505353,0.1865225305082534
logreg_np,r2f1,2,1,109,127,0,0.013959544383740603,0.1865225305082534
logreg_np,r2f1,2,1,110,128,0,0.011673660356149798,0.1865225305082534
logreg_np,r2f1,2,1,111,129,0,0.015354041175966573,0.1865225305082534
logreg_np,r2f1,2,1,112,130,0,0.03576536197546665,0.1865225305082534
logreg_np,r2f1,2,1,113,131,1,0.9601190251953019,0.1865225305082534
logreg_np,r2f1,2,1,114,132,1,0.7864462449947706,0.1865225305082534
logreg_np,r2f1,2,1,115,133,1,0.5061109266682648,0.1865225305082534
logreg_np,r2f1,2,1,116,134,0,0.30545136554036395,0.1865225305082534
logreg_np,r2f1,2,1,117,135,1,0.7299076596126124,0.1865225305082534
logreg_np,r2f1,2,1,118,136,1,0.5927126624384955,0.1865225305082534
logreg_np,r2f1,2,1,119,137,1,0.5675912611153221,0.1865225305082534
logreg_np,r2f1,2,1,120,139,1,0.9576803094534059,0.1865225305082534
logreg_np,r2f1,2,1,128,147,0,0.01243900696720253,0.1865225305082534
logreg_np,r2f1,2,1,173,192,0,0.047363371045566226,0.1865225305082534
logreg_np,r2f1,2,1,174,193,0,0.03215276564631131,0.1865225305082534
logreg_np,r2f1,2,1,175,194,0,0.019224178304441893,0.1865225305082534
logreg_np,r2f1,2,1,176,195,0,0.10360332462720542,0.1865225305082534
logreg_np,r2f1,2,1,202,222,0,0.18512698205066241,0.1865225305082534
logreg_np,r2f1,2,1,203,224,1,0.7357611488682935,0.1865225305082534
logreg_np,r2f1,2,1,205,226,0,0.04855419149057745,0.1865225305082534
logreg_np,r2f1,2,1,206,227,0,0.053060192915302486,0.1865225305082534
logreg_np,r2f1,2,1,211,232,0,0.04655631944048313,0.1865225305082534
logreg_np,r2f1,2,1,212,233,1,0.37700029115096945,0.1865225305082534
logreg_np,r2f1,2,1,213,234,1,0.3916447656818434,0.1865225305082534
logreg_np,r2f1,2,1,214,235,0,0.0871721820304579,0.1865225305082534
logreg_np,r2f1,2,1,215,236,0,0.301004746092077,0.1865225305082534
logreg_np,r2f1,2,1,216,238,1,0.5522386078466491,0.1865225305082534
logreg_np,r2f1,2,1,217,239,0,0.02738398656387141,0.1865225305082534
logreg_np,r2f1,2,1,218,240,0,0.02601757123665419,0.1865225305082534
logreg_np,r2f1,2,1,232,255,0,0.08553959381356571,0.1865225305082534
logreg_np,r2f1,2,1,233,256,0,0.08692084041269155,0.1865225305082534
logreg_np,r2f1,2,1,234,257,0,0.06352202662211397,0.1865225305082534
logreg_np,r2f1,2,1,235,258,0,0.11240539077433545,0.1865225305082534
logreg_np,r2f1,2,1,236,259,0,0.21365801422211309,0.1865225305082534
logreg_np,r2f1,2,1,246,269,0,0.07362740123711928,0.1865225305082534
logreg_np,r2f1,2,1,247,270,1,0.21862444312362292,0.1865225305082534
logreg_np,r2f1,2,1,248,271,0,0.005650648579361347,0.1865225305082534
logreg_np,r2f1,2,1,249,272,0,0.005300733886369635,0.1865225305082534
logreg_np,r2f2,2,2,0,1,1,0.35309900707622077,0.2736655092904773
logreg_np,r2f2,2,2,1,2,0,0.35697853167565224,0.2736655092904773
logreg_np,r2f2,2,2,2,3,0,0.3512799886498904,0.2736655092904773
logreg_np,r2f2,2,2,3,4,0,0.3615667747749099,0.2736655092904773
logreg_np,r2f2,2,2,4,5,0,0.358352297009706,0.2736655092904773
logreg_np,r2f2,2,2,5,6,0,0.372680787567197,0.2736655092904773
logreg_np,r2f2,2,2,6,7,1,0.9732498543422634,0.2736655092904773
logreg_np,r2f2,2,2,7,8,1,0.6046656696976588,0.2736655092904773
logreg_np,r2f2,2,2,17,29,1,0.9884733962478864,0.2736655092904773
logreg_np,r2f2,2,2,18,30,0,0.9892311445080526,0.2736655092904773
logreg_np,r2f2,2,2,19,31,1,0.9837463928744486,0.2736655092904773
logreg_np,r2f2,2,2,20,32,1,0.9935810607057131,0.2736655092904773
logreg_np,r2f2,2,2,21,33,0,0.37454664219317507,0.2736655092904773
logreg_np,r2f2,2,2,22,34,0,0.40463446192719094,0.2736655092904773
logreg_np,r2f2,2,2,23,35,0,0.09832105559275706,0.2736655092904773
logreg_np,r2f2,2,2,32,44,1,0.989472610896534,0.2736655092904773
logreg_np,r2f2,2,2,33,45,0,0.988301820513293,0.2736655092904773
logreg_np,r2f2,2,2,34,46,1,0.3782895118276176,0.2736655092904773
logreg_np,r2f2,2,2,35,47,1,0.314716145359364,0.2736655092904773
logreg_np,r2f2,2,2,36,48,1,0.3991247288542218,0.2736655092904773
logreg_np,r2f2,2,2,37,49,0,0.25509845273747245,0.2736655092904773
logreg_np,r2f2,2,2,38,50,0,0.19870831890558793,0.2736655092904773
logreg_np,r2f2,2,2,39,51,1,0.8817932490891587,0.2736655092904773
logreg_np,r2f2,2,2,40,52,1,0.9756895136171571,0.2736655092904773
logreg_np,r2f2,2,2,125,144,0,0.23282407311060024,0.2736655092904773
logreg_np,r2f2,2,2,126,145,0,0.22928283322466586,0.2736655092904773
logreg_np,r2f2,2,2,127,146,0,0.24773829574547263,0.2736655092904773
logreg_np,r2f2,2,2,129,148,1,0.6770636105871541,0.2736655092904773
logreg_np,r2f2,2,2,130,149,1,0.861289252635305,0.2736655092904773
logreg_np,r2f2,2,2,131,150,0,0.2649625533529097,0.2736655092904773
logreg_np,r2f2,2,2,132,151,1,0.06295727694206478,0.2736655092904773
logreg_np,r2f2,2,2,133,152,0,0.05991222711160835,0.2736655092904773
logreg_np,r2f2,2,2,134,153,0,0.056898444861667154,0.2736655092904773
logreg_np,r2f2,2,2,135,154,0,0.01651309120275482,0.2736655092904773
logreg_np,r2f2,2,2,136,155,0,0.2243353351360098,0.2736655092904773
logreg_np,r2f2,2,2,137,156,1,0.9447078172765307,0.2736655092904773
logreg_np,r2f2,2,2,142,161,0,0.005984343596141769,0.2736655092904773
logreg_np,r2f2,2,2,143,162,0,0.0055999668568633325,0.2736655092904773
logreg_np,r2f2,2,2,144,163,0,0.0053503809719707435,0.2736655092904773
logreg_np,r2f2,2,2,145,164,0,0.0053503809719707435,0.2736655092904773
logreg_np,r2f2,2,2,146,165,0,0.7347608620722289,0.2736655092904773
logreg_np,r2f2,2,2,152,171,0,0.014711180385385441,0.2736655092904773
logreg_np,r2f2,2,2,153,172,0,0.43236099401124867,0.2736655092904773
logreg_np,r2f2,2,2,154,173,1,0.9431548785700253,0.2736655092904773
logreg_np,r2f2,2,2,170,189,0,0.062430205764920615,0.2736655092904773
logreg_np,r2f2,2,2,171,190,0,0.056684906813200604,0.2736655092904773
logreg_np,r2f2,2,2,172,191,0,0.05168300809340024,0.2736655092904773
logreg_np,r2f2,2,2,177,196,0,0.3388990271121341,0.2736655092904773
logreg_np,r2f2,2,2,178,197,0,0.3521695477954813,0.2736655092904773
logreg_np,r2f2,2,2,179,198,1,0.8899407476891729,0.2736655092904773
logreg_np,r2f2,2,2,180,199,0,0.22998804309148377,0.2736655092904773
logreg_np,r2f2,2,2,181,200,0,0.2161733602267172,0.2736655092904773
logreg_np,r2f2,2,2,182,201,0,0.21331642199320733,0.2736655092904773
logreg_np,r2f2,2,2,183,202,0,0.3905523066743217,0.2736655092904773
logreg_np,r2f2,2,2,184,203,0,0.37758660320680043,0.2736655092904773
logreg_np,r2f2,2,2,185,204,1,0.2034219107134247,0.2736655092904773
logreg_np,r2f2,2,2,186,205,1,0.194077337635275,0.2736655092904773
logreg_np,r2f2,2,2,187,206,1,0.597630015341359,0.2736655092904773
logreg_np,r2f2,2,2,188,207,1,0.7502333020045993,0.2736655092904773
logreg_np,r2f2,2,2,189,208,1,0.6255038635844521,0.2736655092904773
logreg_np,r2f2,2,2,190,209,0,0.0298818393436194,0.2736655092904773
logreg_np,r2f2,2,2,191,211,0,0.25465165419710994,0.2736655092904773
logreg_np,r2f2,2,2,207,228,0,0.3405631043681046,0.2736655092904773
logreg_np,r2f2,2,2,208,229,1,0.8877747952463484,0.2736655092904773
logreg_np,r2f2,2,2,209,230,0,0.16394829098831273,0.2736655092904773
logreg_np,r2f2,2,2,250,273,0,0.10020513903303742,0.2736655092904773
logreg_np,r2f2,2,2,251,274,0,0.4794675602887221,0.2736655092904773
logreg_np,r2f3,2,3,8,19,1,0.9943604191631134,0.15349169831493456
logreg_np,r2f3,2,3,9,20,1,0.994050669248039,0.15349169831493456
logreg_np,r2f3,2,3,10,21,1,0.9944159143023422,0.15349169831493456
logreg_np,r2f3,2,3,11,22,1,0.9944550948579509,0.15349169831493456
logreg_np,r2f3,2,3,12,23,1,0.9979140169668964,0.15349169831493456
logreg_np,r2f3,2,3,25,37,1,0.9936616864410157,0.15349169831493456
logreg_np,r2f3,2,3,26,38,1,0.9947956411520101,0.15349169831493456
logreg_np,r2f3,2,3,27,39,1,0.9983951109914881,0.15349169831493456
logreg_np,r2f3,2,3,56,69,1,0.8970996935937684,0.15349169831493456
logreg_np,r2f3,2,3,62,75,0,0.00693997874396107,0.15349169831493456
logreg_np,r2f3,2,3,63,76,0,0.011106102613579914,0.15349169831493456
logreg_np,r2f3,2,3,64,77,0,0.018834949539599355,0.15349169831493456
logreg_np,r2f3,2,3,65,78,0,0.011804186368370719,0.15349169831493456
logreg_np,r2f3,2,3,66,79,0,0.04452138966533756,0.15349169831493456
logreg_np,r2f3,2,3,67,82,0,0.008568353272952542,0.15349169831493456
logreg_np,r2f3,2,3,78,94,0,0.4313380210485058,0.15349169831493456
logreg_np,r2f3,2,3,79,95,0,0.38692379875699867,0.15349169831493456
logreg_np,r2f3,2,3,101,119,0,0.2478446890136148,0.15349169831493456
logreg_np,r2f3,2,3,102,120,0,0.3282437390390997,0.15349169831493456
logreg_np,r2f3,2,3,103,121,0,0.0667857981120716,0.15349169831493456
logreg_np,r2f3,2,3,104,122,0,0.039297209503389274,0.15349169831493456
logreg_np,r2f3,2,3,105,123,0,0.061681147581672584,0.15349169831493456
logreg_np,r2f3,2,3,106,124,0,0.026230113837725867,0.15349169831493456
logreg_np,r2f3,2,3,121,140,0,0.01135588821603536,0.15349169831493456
logreg_np,r2f3,2,3,122,141,0,0.005170381292787092,0.15349169831493456
logreg_np,r2f3,2,3,123,142,0,0.0025536239292045276,0.15349169831493456
logreg_np,r2f3,2,3,124,143,0,0.003363038970123271,0.15349169831493456
logreg_np,r2f3,2,3,155,174,1,0.9190182527760289,0.15349169831493456
logreg_np,r2f3,2,3,156,175,1,0.8070485610360368,0.15349169831493456
logreg_np,r2f3,2,3,157,176,0,0.6979737542886418,0.15349169831493456
logreg_np,r2f3,2,3,158,177,0,0.44238140737936166,0.15349169831493456
logreg_np,r2f3,2,3,193,213,0,0.0028086958697473422,0.15349169831493456
logreg_np,r2f3,2,3,194,214,0,0.5616676407294414,0.15349169831493456
logreg_np,r2f3,2,3,195,215,0,0.021193149092485205,0.15349169831493456
logreg_np,r2f3,2,3,196,216,0,0.01188706661692083,0.15349169831493456
logreg_np,r2f3,2,3,197,217,0,0.013228337739976143,0.15349169831493456
logreg_np,r2f3,2,3,198,218,0,0.008043620604845808,0.15349169831493456
logreg_np,r2f3,2,3,219,241,0,0.009884251189030436,0.15349169831493456
logreg_np,r2f3,2,3,220,243,0,0.6076836496383705,0.15349169831493456
logreg_np,r2f3,2,3,226,249,0,0.16143483177607193,0.15349169831493456
logreg_np,r2f3,2,3,227,250,1,0.5385062006970618,0.15349169831493456
logreg_np,r2f3,2,3,228,251,0,0.25206249955739485,0.15349169831493456
logreg_np,r2f3,2,3,229,252,1,0.24807897726347067,0.15349169831493456
logreg_np,r2f3,2,3,230,253,0,0.10699157933789055,0.15349169831493456
logreg_np,r2f3,2,3,231,254,1,0.11830748815639665,0.15349169831493456
logreg_np,r2f4,2,4,24,36,0,0.15159926151125075,0.165979235715239
logreg_np,r2f4,2,4,41,54,0,0.17855877441534482,0.165979235715239
logreg_np,r2f4,2,4,42,55,1,0.17389918331510623,0.165979235715239
logreg_np,r2f4,2,4,43,56,1,0.17065092325961928,0.165979235715239
logreg_np,r2f4,2,4,44,57,0,0.38470149036575985,0.165979235715239
logreg_np,r2f4,2,4,68,84,0,0.005994166531217996,0.165979235715239
logreg_np,r2f4,2,4,69,85,0,0.006044706225293505,0.165979235715239
logreg_np,r2f4,2,4,70,86,0,0.0067642287253281445,0.165979235715239
logreg_np,r2f4,2,4,71,87,0,0.006293254177447767,0.165979235715239
logreg_np,r2f4,2,4,72,88,1,0.4939758058999252,0.165979235715239
logreg_np,r2f4,2,4,73,89,1,0.5231011338604173,0.165979235715239
logreg_np,r2f4,2,4,74,90,1,0.5197285530872541,0.165979235715239
logreg_np,r2f4,2,4,75,91,1,0.5150883798157114,0.165979235715239
logreg_np,r2f4,2,4,76,92,1,0.5929918047682723,0.165979235715239
logreg_np,r2f4,2,4,77,93,1,0.9323442741522158,0.165979235715239
logreg_np,r2f4,2,4,80,97,1,0.3031573581786864,0.165979235715239
logreg_np,r2f4,2,4,81,98,0,0.24825209272653426,0.165979235715239
logreg_np,r2f4,2,4,82,99,0,0.26897386913537413,0.165979235715239
logreg_np,r2f4,2,4,83,100,0,0.0705903132893227,0.165979235715239
logreg_np,r2f4,2,4,84,101,0,0.12460955525421973,0.165979235715239
logreg_np,r2f4,2,4,87,104,0,0.2804726454214855,0.165979235715239
logreg_np,r2f4,2,4,88,105,1,0.3003098577391863,0.165979235715239
logreg_np,r2f4,2,4,89,106,1,0.23101968065954856,0.165979235715239
logreg_np,r2f4,2,4,90,107,1,0.26637889634471945,0.165979235715239
logreg_np,r2f4,2,4,91,108,1,0.25173637418753,0.165979235715239
logreg_np,r2f4,2,4,138,157,0,0.01862518430737361,0.165979235715239
logreg_np,r2f4,2,4,139,158,0,0.017028910750804614,0.165979235715239
logreg_np,r2f4,2,4,140,159,0,0.014444134962564859,0.165979235715239
logreg_np,r2f4,2,4,141,160,0,0.014589143808194038,0.165979235715239
logreg_np,r2f4,2,4,147,166,0,0.004671616373116428,0.165979235715239
logreg_np,r2f4,2,4,148,167,0,0.00401532647492017,0.165979235715239
logreg_np,r2f4,2,4,159,178,0,0.3551451000423401,0.165979235715239
logreg_np,r2f4,2,4,160,179,1,0.9186062253671932,0.165979235715239
logreg_np,r2f4,2,4,161,180,0,0.12322976176522116,0.165979235715239
logreg_np,r2f4,2,4,162,181,0,0.5647759265637168,0.165979235715239
logreg_np,r2f4,2,4,163,182,1,0.9080493571415145,0.165979235715239
logreg_np,r2f4,2,4,164,183,0,0.25078290591430663,0.165979235715239
logreg_np,r2f4,2,4,165,184,0,0.24138101160940273,0.165979235715239
logreg_np,r2f4,2,4,166,185,0,0.22272341267803977,0.165979235715239
logreg_np,r2f4,2,4,167,186,0,0.21322143468690502,0.165979235715239
logreg_np,r2f4,2,4,168,187,0,0.08913095926041144,0.165979235715239
logreg_np,r2f4,2,4,169,188,0,0.07741296722537395,0.165979235715239
logreg_np,r2f4,2,4,199,219,0,0.006251135302229966,0.165979235715239
logreg_np,r2f4,2,4,200,220,0,0.005595276374820277,0.165979235715239
logreg_np,r2f4,2,4,201,221,0,0.005502059714646915,0.165979235715239
logreg_np,r2f4,2,4,221,244,0,0.0058349186851390285,0.165979235715239
logreg_np,r2f4,2,4,222,245,0,0.004809584171945158,0.165979235715239
logreg_np,r3f0,3,0,0,1,1,0.14559428900020388,0.1984100800953144
logreg_np,r3f0,3,0,1,2,0,0.15549005450916425,0.1984100800953144
logreg_np,r3f0,3,0,2,3,0,0.14112112995192055,0.1984100800953144
logreg_np,r3f0,3,0,3,4,0,0.16782693998100992,0.1984100800953144
logreg_np,r3f0,3,0,4,5,0,0.1591114209437111,0.1984100800953144
logreg_np,r3f0,3,0,5,6,0,0.20060061391733813,0.1984100800953144
logreg_np,r3f0,3,0,6,7,1,0.9380477621149806,0.1984100800953144
logreg_np,r3f0,3,0,7,8,1,0.4732855888957817,0.1984100800953144
logreg_np,r3f0,3,0,13,25,1,0.9182683678894819,0.1984100800953144
logreg_np,r3f0,3,0,14,26,1,0.9472523829112505,0.1984100800953144
logreg_np,r3f0,3,0,15,27,1,0.7792577328226346,0.1984100800953144
logreg_np,r3f0,3,0,16,28,1,0.930544839251417,0.1984100800953144
logreg_np,r3f0,3,0,21,33,0,0.20650580782028558,0.1984100800953144
logreg_np,r3f0,3,0,22,34,0,0.31694694836715115,0.1984100800953144
logreg_np,r3f0,3,0,23,35,0,0.07866514601781018,0.1984100800953144
logreg_np,r3f0,3,0,28,40,1,0.9503482245588171,0.1984100800953144
logreg_np,r3f0,3,0,29,41,1,0.9405065428194821,0.1984100800953144
logreg_np,r3f0,3,0,30,42,1,0.9769274546461654,0.1984100800953144
logreg_np,r3f0,3,0,31,43,1,0.9737888575007246,0.1984100800953144
logreg_np,r3f0,3,0,34,46,1,0.21869909526266462,0.1984100800953144
logreg_np,r3f0,3,0,35,47,1,0.23519892046232102,0.1984100800953144
logreg_np,r3f0,3,0,36,48,1,0.2947206680151721,0.1984100800953144
logreg_np,r3f0,3,0,37,49,0,0.19143660858399975,0.1984100800953144
logreg_np,r3f0,3,0,38,50,0,0.15079588840481745,0.1984100800953144
logreg_np,r3f0,3,0,39,51,1,0.7867153472633818,0.1984100800953144
logreg_np,r3f0,3,0,56,69,1,0.8576102387841164,0.1984100800953144
logreg_np,r3f0,3,0,62,75,0,0.008684835024597704,0.1984100800953144
logreg_np,r3f0,3,0,63,76,0,0.011746574640673368,0.1984100800953144
logreg_np,r3f0,3,0,64,77,0,0.018736395247669797,0.1984100800953144
logreg_np,r3f0,3,0,65,78,0,0.013878347318651356,0.1984100800953144
logreg_np,r3f0,3,0,66,79,0,0.03281787754171027,0.1984100800953144
logreg_np,r3f0,3,0,67,82,0,0.00994340454827504,0.1984100800953144
logreg_np,r3f0,3,0,101,119,0,0.256483578322398,0.1984100800953144
logreg_np,r3f0,3,0,102,120,0,0.33803820930652245,0.1984100800953144
logreg_np,r3f0,3,0,103,121,0,0.07751520379944553,0.1984100800953144
logreg_np,r3f0,3,0,104,122,0,0.055393090604634536,0.1984100800953144
logreg_np,r3f0,3,0,105,123,0,0.07369713069749655,0.1984100800953144
logreg_np,r3f0,3,0,106,124,0,0.04290297653987049,0.1984100800953144
logreg_np,r3f0,3,0,142,161,0,0.02077320805817486,0.1984100800953144
logreg_np,r3f0,3,0,143,162,0,0.015395332830571781,0.1984100800953144
logreg_np,r3f0,3,0,144,163,0,0.012522441768282377,0.1984100800953144
logreg_np,r3f0,3,0,145,164,0,0.012522441768282377,0.1984100800953144
logreg_np,r3f0,3,0,161,180,0,0.09311620204621329,0.1984100800953144
logreg_np,r3f0,3,0,162,181,0,0.5324048592358778,0.1984100800953144
logreg_np,r3f0,3,0,163,182,1,0.9110525078654611,0.1984100800953144
logreg_np,r3f0,3,0,168,187,0,0.11999945524887211,0.1984100800953144
logreg_np,r3f0,3,0,169,188,0,0.08265615202745333,0.1984100800953144
logreg_np,r3f0,3,0,183,202,0,0.2618282658766641,0.1984100800953144
logreg_np,r3f0,3,0,184,203,0,0.21637395940953247,0.1984100800953144
logreg_np,r3f0,3,0,185,204,1,0.15417546954538833,0.1984100800953144
logreg_np,r3f0,3,0,186,205,1,0.14747747205690545,0.1984100800953144
logreg_np,r3f0,3,0,187,206,1,0.46677121963310164,0.1984100800953144
logreg_np,r3f0,3,0,188,207,1,0.6211735617745637,0.1984100800953144
logreg_np,r3f0,3,0,189,208,1,0.49287447322246636,0.1984100800953144
logreg_np,r3f0,3,0,193,213,0,0.0020114709818269947,0.1984100800953144
logreg_np,r3f0,3,0,194,214,0,0.4716551040164737,0.1984100800953144
logreg_np,r3f0,3,0,195,215,0,0.020213861662769686,0.1984100800953144
logreg_np,r3f0,3,0,196,216,0,0.013940801855061802,0.1984100800953144
logreg_np,r3f0,3,0,197,217,0,0.013144205203922213,0.1984100800953144
logreg_np,r3f0,3,0,198,218,0,0.009547968020296336,0.1984100800953144
logreg_np,r3f0,3,0,207,228,0,0.25453366594488636,0.1984100800953144
logreg_np,r3f0,3,0,208,229,1,0.7953599926857297,0.1984100800953144
logreg_np,r3f0,3,0,209,230,0,0.1259131952115246,0.1984100800953144
logreg_np,r3f0,3,0,246,269,0,0.10417595387740824,0.1984100800953144
logreg_np,r3f0,3,0,247,270,1,0.3643804633230901,0.1984100800953144
logreg_np,r3f0,3,0,248,271,0,0.005364910254305246,0.1984100800953144
logreg_np,r3f0,3,0,249,272,0,0.005104153251369904,0.1984100800953144
logreg_np,r3f1,3,1,52,65,0,0.029529186932672726,0.1388485461588415
logreg_np,r3f1,3,1,53,66,0,0.022548786500463165,0.1388485461588415
logreg_np,r3f1,3,1,54,67,0,0.035675348751752003,0.1388485461588415
logreg_np,r3f1,3,1,55,68,0,0.021565301894679933,0.1388485461588415
logreg_np,r3f1,3,1,57,70,0,0.002281694506189378,0.1388485461588415
logreg_np,r3f1,3,1,58,71,0,0.020689701713652035,0.1388485461588415
logreg_np,r3f1,3,1,59,72,1,0.8861542023215286,0.1388485461588415
logreg_np,r3f1,3,1,60,73,0,0.0024440974454356746,0.1388485461588415
logreg_np,r3f1,3,1,61,74,1,0.8309783944182642,0.1388485461588415
logreg_np,r3f1,3,1,68,84,0,0.0063739125223157824,0.1388485461588415
logreg_np,r3f1,3,1,69,85,0,0.006477891133460588,0.1388485461588415
logreg_np,r3f1,3,1,70,86,0,0.008045003184900255,0.1388485461588415
logreg_np,r3f1,3,1,71,87,0,0.0070009235125543185,0.1388485461588415
logreg_np,r3f1,3,1,72,88,1,0.4667445877070908,0.1388485461588415
logreg_np,r3f1,3,1,73,89,1,0.5228667590747142,0.1388485461588415
logreg_np,r3f1,3,1,74,90,1,0.516362407063185,0.1388485461588415
logreg_np,r3f1,3,1,75,91,1,0.5074103131963738,0.1388485461588415
logreg_np,r3f1,3,1,76,92,1,0.5721296680929229,0.1388485461588415
logreg_np,r3f1,3,1,77,93,1,0.9188687916795567,0.1388485461588415
logreg_np,r3f1,3,1,80,97,1,0.3213862623388761,0.1388485461588415
logreg_np,r3f1,3,1,87,104,0,0.2770526868265161,0.1388485461588415
logreg_np,r3f1,3,1,88,105,1,0.31572976074388875,0.1388485461588415
logreg_np,r3f1,3,1,90,107,1,0.25050279347457166,0.1388485461588415
logreg_np,r3f1,3,1,192,212,0,0.2296687151448911,0.1388485461588415
logreg_np,r3f1,3,1,199,219,0,0.006910926834971601,0.1388485461588415
logreg_np,r3f1,3,1,200,220,0,0.0055815359796681655,0.1388485461588415
logreg_np,r3f1,3,1,201,221,0,0.005403627815601699,0.1388485461588415
logreg_np,r3f1,3,1,204,225,0,0.07783883119312396,0.1388485461588415
logreg_np,r3f1,3,1,210,231,1,0.4776206881065122,0.1388485461588415
logreg_np,r3f1,3,1,214,235,0,0.1274826930758847,0.1388485461588415
logreg_np,r3f1,3,1,215,236,0,0.43872441589689903,0.1388485461588415
logreg_np,r3f1,3,1,216,238,1,0.7161218049335147,0.1388485461588415
logreg_np,r3f1,3,1,217,239,0,0.025575979805261384,0.1388485461588415
logreg_np,r3f1,3,1,218,240,0,0.024855465328415406,0.1388485461588415
logreg_np,r3f1,3,1,223,246,0,0.003421960742700777,0.1388485461588415
logreg_np,r3f1,3,1,224,247,0,0.0028530234127060175,0.1388485461588415
logreg_np,r3f1,3,1,225,248,0,0.0026578905311824145,0.1388485461588415
logreg_np,r3f1,3,1,226,249,0,0.23098668370465408,0.1388485461588415
logreg_np,r3f1,3,1,228,251,0,0.30187564209128226,0.1388485461588415
logreg_np,r3f1,3,1,229,252,1,0.2998202827675792,0.1388485461588415
logreg_np,r3f1,3,1,241,264,0,0.019718956092064255,0.1388485461588415
logreg_np,r3f1,3,1,242,265,0,0.01526458293911784,0.1388485461588415
logreg_np,r3f1,3,1,243,266,0,0.01157849323186909,0.1388485461588415
logreg_np,r3f1,3,1,244,267,0,0.2644187170015633,0.1388485461588415
logreg_np,r3f1,3,1,245,268,0,0.4797071524937759,0.1388485461588415
logreg_np,r3f2,3,2,24,36,0,0.16090441117743529,0.25548922627219056
logreg_np,r3f2,3,2,41,54,0,0.25049020740219924,0.25548922627219056
logreg_np,r3f2,3,2,42,55,1,0.23379788014691721,0.25548922627219056
logreg_np,r3f2,3,2,43,56,1,0.1748300434117497,0.25548922627219056
logreg_np,r3f2,3,2,44,57,0,0.4061538168926157,0.25548922627219056
logreg_np,r3f2,3,2,45,58,0,0.1292403862270832,0.25548922627219056
logreg_np,r3f2,3,2,46,59,0,0.09349829869332121,0.25548922627219056
logreg_np,r3f2,3,2,47,60,0,0.11586298505073445,0.25548922627219056
logreg_np,r3f2,3,2,48,61,0,0.12870241039229446,0.25548922627219056
logreg_np,r3f2,3,2,49,62,0,0.10962884276789603,0.25548922627219056
logreg_np,r3f2,3,2,50,63,1,0.7624871844557614,0.25548922627219056
logreg_np,r3f2,3,2,51,64,0,0.4478580297387526,0.25548922627219056
logreg_np,r3f2,3,2,113,131,1,0.9830864552790909,0.25548922627219056
logreg_np,r3f2,3,2,114,132,1,0.8512304937587081,0.25548922627219056
logreg_np,r3f2,3,2,115,133,1,0.5411033701423065,0.25548922627219056
logreg_np,r3f2,3,2,116,134,0,0.29323532366469246,0.25548922627219056
logreg_np,r3f2,3,2,117,135,1,0.7961085524362678,0.25548922627219056
logreg_np,r3f2,3,2,118,136,1,0.6451697387568962,0.25548922627219056
logreg_np,r3f2,3,2,119,137,1,0.6155008906354235,0.25548922627219056
logreg_np,r3f2,3,2,120,139,1,0.9817676093539149,0.25548922627219056
logreg_np,r3f2,3,2,132,151,1,0.08001858917824185,0.25548922627219056
logreg_np,r3f2,3,2,133,152,0,0.06321529521829611,0.25548922627219056
logreg_np,r3f2,3,2,134,153,0,0.04929890924469268,0.25548922627219056
logreg_np,r3f2,3,2,135,154,0,0.032351806676247784,0.25548922627219056
logreg_np,r3f2,3,2,136,155,0,0.2835243190491377,0.25548922627219056
logreg_np,r3f2,3,2,137,156,1,0.9317628622740352,0.25548922627219056
logreg_np,r3f2,3,2,146,165,0,0.7378047886916169,0.25548922627219056
logreg_np,r3f2,3,2,149,168,1,0.17819093366000158,0.25548922627219056
logreg_np,r3f2,3,2,150,169,0,0.17959782758956802,0.25548922627219056
logreg_np,r3f2,3,2,151,170,0,0.21598714905778052,0.25548922627219056
logreg_np,r3f2,3,2,152,171,0,0.029309331369297996,0.25548922627219056
logreg_np,r3f2,3,2,153,172,0,0.47842712587054714,0.25548922627219056
logreg_np,r3f2,3,2,154,173,1,0.930125164647148,0.25548922627219056
logreg_np,r3f2,3,2,170,189,0,0.07690262167051028,0.25548922627219056
logreg_np,r3f2,3,2,171,190,0,0.04840882269109345,0.25548922627219056
logreg_np,r3f2,3,2,172,191,0,0.030835507440433698,0.25548922627219056
logreg_np,r3f2,3,2,190,209,0,0.06069927460914848,0.25548922627219056
logreg_np,r3f2,3,2,191,211,0,0.34294704156056105,0.25548922627219056
logreg_np,r3f2,3,2,221,244,0,0.008195184098549392,0.25548922627219056
logreg_np,r3f2,3,2,222,245,0,0.004741233948574799,0.25548922627219056
logreg_np,r3f2,3,2,237,260,0,0.023845018593001536,0.25548922627219056
logreg_np,r3f2,3,2,238,261,0,0.10358393482035058,0.25548922627219056
logreg_np,r3f2,3,2,239,262,0,0.05860026177517893,0.25548922627219056
logreg_np,r3f2,3,2,240,263,0,0.038523220034382306,0.25548922627219056
logreg_np,r3f2,3,2,250,273,0,0.13613809027361753,0.25548922627219056
logreg_np,r3f2,3,2,251,274,0,0.49662860059056346,0.25548922627219056
logreg_np,r3f3,3,3,8,19,1,0.9955032765873869,0.1954720832455961
logreg_np,r3f3,3,3,9,20,1,0.995793930398304,0.1954720832455961
logreg_np,r3f3,3,3,10,21,1,0.9959946454538918,0.1954720832455961
logreg_np,r3f3,3,3,11,22,1,0.9960163497261938,0.1954720832455961
logreg_np,r3f3,3,3,12,23,1,0.9981849571688801,0.1954720832455961
logreg_np,r3f3,3,3,25,37,1,0.9955832017771203,0.1954720832455961
logreg_np,r3f3,3,3,26,38,1,0.9962064912907571,0.1954720832455961
logreg_np,r3f3,3,3,27,39,1,0.9985709064662046,0.1954720832455961
logreg_np,r3f3,3,3,81,98,0,0.43564170051329487,0.1954720832455961
logreg_np,r3f3,3,3,82,99,0,0.52255283243608,0.1954720832455961
logreg_np,r3f3,3,3,83,100,0,0.09510611844651937,0.1954720832455961
logreg_np,r3f3,3,3,84,101,0,0.16379740179702149,0.1954720832455961
logreg_np,r3f3,3,3,89,106,1,0.36253732576900877,0.1954720832455961
logreg_np,r3f3,3,3,91,108,1,0.4504480716579168,0.1954720832455961
logreg_np,r3f3,3,3,96,113,0,0.16352432038639436,0.1954720832455961
logreg_np,r3f3,3,3,97,115,0,0.14707755981627488,0.1954720832455961
logreg_np,r3f3,3,3,98,116,0,0.09978721084108116,0.1954720832455961
logreg_np,r3f3,3,3,99,117,0,0.038667381486980644,0.1954720832455961
logreg_np,r3f3,3,3,100,118,0,0.2186183442562785,0.1954720832455961
logreg_np,r3f3,3,3,138,157,0,0.037296747160155144,0.1954720832455961
logreg_np,r3f3,3,3,139,158,0,0.02804695317557753,0.1954720832455961
logreg_np,r3f3,3,3,140,159,0,0.016536569179431995,0.1954720832455961
logreg_np,r3f3,3,3,141,160,0,0.01707740433252185,0.1954720832455961
logreg_np,r3f3,3,3,147,166,0,0.006447487831185482,0.1954720832455961
logreg_np,r3f3,3,3,148,167,0,0.003955925215514617,0.1954720832455961
logreg_np,r3f3,3,3,159,178,0,0.42817745451035977,0.1954720832455961
logreg_np,r3f3,3,3,160,179,1,0.9372563914060368,0.1954720832455961
logreg_np,r3f3,3,3,164,183,0,0.4464001243410176,0.1954720832455961
logreg_np,r3f3,3,3,165,184,0,0.40639543757783214,0.1954720832455961
logreg_np,r3f3,3,3,166,185,0,0.3280279729201182,0.1954720832455961
logreg_np,r3f3,3,3,167,186,0,0.28963774628253,0.1954720832455961
logreg_np,r3f3,3,3,202,222,0,0.16065610458774668,0.1954720832455961
logreg_np,r3f3,3,3,203,224,1,0.7818764833174175,0.1954720832455961
logreg_np,r3f3,3,3,205,226,0,0.04326697291412959,0.1954720832455961
logreg_np,r3f3,3,3,206,227,0,0.0470276868533856,0.1954720832455961
logreg_np,r3f3,3,3,211,232,0,0.04141706096356736,0.1954720832455961
logreg_np,r3f3,3,3,212,233,1,0.44511983402267535,0.1954720832455961
logreg_np,r3f3,3,3,213,234,1,0.46292516051985155,0.1954720832455961
logreg_np,r3f3,3,3,219,241,0,0.01566287332672315,0.1954720832455961
logreg_np,r3f3,3,3,220,243,0,0.5846429835271635,0.1954720832455961
logreg_np,r3f3,3,3,232,255,0,0.11081693107914632,0.1954720832455961
logreg_np,r3f3,3,3,233,256,0,0.11243988319359159,0.1954720832455961
logreg_np,r3f3,3,3,234,257,0,0.08451946001293545,0.1954720832455961
logreg_np,r3f3,3,3,235,258,0,0.15866280823130888,0.1954720832455961
logreg_np,r3f3,3,3,236,259,0,0.31384018071884817,0.1954720832455961
logreg_np,r3f4,3,4,17,29,1,0.9898256674756657,0.25748097724174474
logreg_np,r3f4,3,4,18,30,0,0.9930537774497419,0.25748097724174474
logreg_np,r3f4,3,4,19,31,1,0.9927464474498705,0.25748097724174474
logreg_np,r3f4,3,4,20,32,1,0.9968780789447055,0.25748097724174474
logreg_np,r3f4,3,4,32,44,1,0.9938851142305641,0.25748097724174474
logreg_np,r3f4,3,4,33,45,0,0.9889474618916556,0.25748097724174474
logreg_np,r3f4,3,4,40,52,1,0.9895260584484474,0.25748097724174474
logreg_np,r3f4,3,4,78,94,0,0.4516316583746755,0.25748097724174474
logreg_np,r3f4,3,4,79,95,0,0.4062705539933749,0.25748097724174474
logreg_np,r3f4,3,4,85,102,0,0.06469505994459832,0.25748097724174474
logreg_np,r3f4,3,4,86,103,0,0.021676590515645477,0.25748097724174474
logreg_np,r3f4,3,4,92,109,0,0.1209273125327123,0.25748097724174474
logreg_np,r3f4,3,4,93,110,0,0.0838678233573469,0.25748097724174474
logreg_np,r3f4,3,4,94,111,1,0.11010469896990174,0.25748097724174474
logreg_np,r3f4,3,4,95,112,1,0.14883135658174257,0.25748097724174474
logreg_np,r3f4,3,4,107,125,0,0.005444330820121656,0.25748097724174474
logreg_np,r3f4,3,4,108,126,0,0.0034334569763481027,0.25748097724174474
logreg_np,r3f4,3,4,109,127,0,0.0043360524434562005,0.25748097724174474
logreg_np,r3f4,3,4,110,128,0,0.003649956985267976,0.25748097724174474
logreg_np,r3f4,3,4,111,129,0,0.004972317541632797,0.25748097724174474
logreg_np,r3f4,3,4,112,130,0,0.014965342972659446,0.25748097724174474
logreg_np,r3f4,3,4,121,140,0,0.0015135373645338381,0.25748097724174474
logreg_np,r3f4,3,4,122,141,0,0.0008108642791979972,0.25748097724174474
logreg_np,r3f4,3,4,123,142,0,0.0004643244288838781,0.25748097724174474
logreg_np,r3f4,3,4,124,143,0,0.0005771127177488739,0.25748097724174474
logreg_np,r3f4,3,4,125,144,0,0.25624003816587226,0.25748097724174474
logreg_np,r3f4,3,4,126,145,0,0.23556025144309942,0.25748097724174474
logreg_np,r3f4,3,4,127,146,0,0.3524801220563732,0.25748097724174474
logreg_np,r3f4,3,4,128,147,0,0.0038800554637931357,0.25748097724174474
logreg_np,r3f4,3,4,129,148,1,0.7077817923157272,0.25748097724174474
logreg_np,r3f4,3,4,130,149,1,0.8657863705406608,0.25748097724174474
logreg_np,r3f4,3,4,131,150,0,0.3309575319041011,0.25748097724174474
logreg_np,r3f4,3,4,155,174,1,0.9264116428176754,0.25748097724174474
logreg_np,r3f4,3,4,156,175,1,0.8215356684879045,0.25748097724174474
logreg_np,r3f4,3,4,157,176,0,0.7168029564539335,0.25748097724174474
logreg_np,r3f4,3,4,158,177,0,0.521557504772988,0.25748097724174474
logreg_np,r3f4,3,4,173,192,0,0.022306644606599417,0.25748097724174474
logreg_np,r3f4,3,4,174,193,0,0.015288653447304118,0.25748097724174474
logreg_np,r3f4,3,4,175,194,0,0.007281881076469902,0.25748097724174474
logreg_np,r3f4,3,4,176,195,0,0.06671889334696758,0.25748097724174474
logreg_np,r3f4,3,4,177,196,0,0.4046422909505675,0.25748097724174474
logreg_np,r3f4,3,4,178,197,0,0.4174599755702494,0.25748097724174474
logreg_np,r3f4,3,4,179,198,1,0.8911439190964,0.25748097724174474
logreg_np,r3f4,3,4,180,199,0,0.23960215294957066,0.25748097724174474
logreg_np,r3f4,3,4,181,200,0,0.16782051746028834,0.25748097724174474
logreg_np,r3f4,3,4,182,201,0,0.154989726366018,0.25748097724174474
logreg_np,r3f4,3,4,227,250,1,0.6375549191099138,0.25748097724174474
logreg_np,r3f4,3,4,230,253,0,0.19694209401057397,0.25748097724174474
logreg_np,r3f4,3,4,231,254,1,0.21144139739878348,0.25748097724174474
logreg_np,r4f0,4,0,13,25,1,0.941165453070485,0.1603372386650146
logreg_np,r4f0,4,0,14,26,1,0.9657901424746984,0.1603372386650146
logreg_np,r4f0,4,0,15,27,1,0.888574183052795,0.1603372386650146
logreg_np,r4f0,4,0,16,28,1,0.963862216951727,0.1603372386650146
logreg_np,r4f0,4,0,24,36,0,0.15575819954762357,0.1603372386650146
logreg_np,r4f0,4,0,28,40,1,0.9682513792750542,0.1603372386650146
logreg_np,r4f0,4,0,29,41,1,0.9603045261721549,0.1603372386650146
logreg_np,r4f0,4,0,30,42,1,0.9869424471108535,0.1603372386650146
logreg_np,r4f0,4,0,31,43,1,0.985325739524534,0.1603372386650146
logreg_np,r4f0,4,0,41,54,0,0.25914898816309406,0.1603372386650146
logreg_np,r4f0,4,0,42,55,1,0.23954401923385954,0.1603372386650146
logreg_np,r4f0,4,0,43,56,1,0.17623229855280212,0.1603372386650146
logreg_np,r4f0,4,0,44,57,0,0.38862327259551094,0.1603372386650146
logreg_np,r4f0,4,0,101,119,0,0.19181432629961212,0.1603372386650146
logreg_np,r4f0,4,0,102,120,0,0.25290830537308046,0.1603372386650146
logreg_np,r4f0,4,0,103,121,0,0.05526834569886848,0.1603372386650146
logreg_np,r4f0,4,0,104,122,0,0.03646049816331322,0.1603372386650146
logreg_np,r4f0,4,0,105,123,0,0.051912836288683886,0.1603372386650146
logreg_np,r4f0,4,0,106,124,0,0.02660300307345596,0.1603372386650146
logreg_np,r4f0,4,0,125,144,0,0.22631438943136498,0.1603372386650146
logreg_np,r4f0,4,0,126,145,0,0.2075857027502711,0.1603372386650146
logreg_np,r4f0,4,0,127,146,0,0.3149642121573196,0.1603372386650146
logreg_np,r4f0,4,0,129,148,1,0.6492221464222371,0.1603372386650146
logreg_np,r4f0,4,0,130,149,1,0.8163097028422415,0.1603372386650146
logreg_np,r4f0,4,0,131,150,0,0.30900175404790853,0.1603372386650146
logreg_np,r4f0,4,0,149,168,1,0.19871177345928984,0.1603372386650146
logreg_np,r4f0,4,0,150,169,0,0.200473861379256,0.1603372386650146
logreg_np,r4f0,4,0,151,170,0,0.2462680381230729,0.1603372386650146
logreg_np,r4f0,4,0,177,196,0,0.37268671758764244,0.1603372386650146
logreg_np,r4f0,4,0,178,197,0,0.3838210894254087,0.1603372386650146
logreg_np,r4f0,4,0,179,198,1,0.8461351490787541,0.1603372386650146
logreg_np,r4f0,4,0,180,199,0,0.21123783539436744,0.1603372386650146
logreg_np,r4f0,4,0,181,200,0,0.14695591309748654,0.1603372386650146
logreg_np,r4f0,4,0,182,201,0,0.13558745638941108,0.1603372386650146
logreg_np,r4f0,4,0,214,235,0,0.1139834278599473,0.1603372386650146
logreg_np,r4f0,4,0,215,236,0,0.4200630754722346,0.1603372386650146
logreg_np,r4f0,4,0,216,238,1,0.7078233274984849,0.1603372386650146
logreg_np,r4f0,4,0,217,239,0,0.027809654872917824,0.1603372386650146
logreg_np,r4f0,4,0,218,240,0,0.02649870785344586,0.1603372386650146
logreg_np,r4f0,4,0,223,246,0,0.0029412569812345512,0.1603372386650146
logreg_np,r4f0,4,0,224,247,0,0.0021614513645360094,0.1603372386650146
logreg_np,r4f0,4,0,225,248,0,0.0028305351030948537,0.1603372386650146
logreg_np,r4f0,4,0,232,255,0,0.10637558473147853,0.1603372386650146
logreg_np,r4f0,4,0,233,256,0,0.10795861727953368,0.1603372386650146
logreg_np,r4f0,4,0,234,257,0,0.08079207892228676,0.1603372386650146
logreg_np,r4f0,4,0,235,258,0,0.16093837408423028,0.1603372386650146
logreg_np,r4f0,4,0,236,259,0,0.31532470088365794,0.1603372386650146
logreg_np,r4f1,4,1,52,65,0,0.029755389963261103,0.18028884790811078
logreg_np,r4f1,4,1,53,66,0,0.023479187242583556,0.18028884790811078
logreg_np,r4f1,4,1,54,67,0,0.035135832344503896,0.18028884790811078
logreg_np,r4f1,4,1,55,68,0,0.02257757363434171,0.18028884790811078
logreg_np,r4f1,4,1,57,70,0,0.0023976061814980883,0.18028884790811078
logreg_np,r4f1,4,1,58,71,0,0.021770699098283712,0.18028884790811078
logreg_np,r4f1,4,1,59,72,1,0.8603513052212075,0.18028884790811078
logreg_np,r4f1,4,1,60,73,0,0.002562090878208386,0.18028884790811078
logreg_np,r4f1,4,1,61,74,1,0.7981479807492128,0.18028884790811078
logreg_np,r4f1,4,1,68,84,0,0.006460071937396156,0.18028884790811078
logreg_np,r4f1,4,1,69,85,0,0.006552598313381962,0.18028884790811078
logreg_np,r4f1,4,1,70,86,0,0.007927115773979174,0.18028884790811078
logreg_np,r4f1,4,1,71,87,0,0.007015377645799159,0.18028884790811078
logreg_np,r4f1,4,1,72,88,1,0.4968636630829635,0.18028884790811078
logreg_np,r4f1,4,1,73,89,1,0.5461166481864517,0.18028884790811078
logreg_np,r4f1,4,1,74,90,1,0.540433867590616,0.18028884790811078
logreg_np,r4f1,4,1,75,91,1,0.5326031427768447,0.18028884790811078
logreg_np,r4f1,4,1,76,92,1,0.5836845195596477,0.18028884790811078
logreg_np,r4f1,4,1,77,93,1,0.9168248350093274,0.18028884790811078
logreg_np,r4f1,4,1,80,97,1,0.3308739189320849,0.18028884790811078
logreg_np,r4f1,4,1,87,104,0,0.29104348230316907,0.18028884790811078
logreg_np,r4f1,4,1,88,105,1,0.3258230758584787,0.18028884790811078
logreg_np,r4f1,4,1,90,107,1,0.2668698882943723,0.18028884790811078
logreg_np,r4f1,4,1,121,140,0,0.004573620986702166,0.18028884790811078
logreg_np,r4f1,4,1,122,141,0,0.003323170997760503,0.18028884790811078
logreg_np,r4f1,4,1,123,142,0,0.002497924845782969,0.18028884790811078
logreg_np,r4f1,4,1,124,143,0,0.002792164630428435,0.18028884790811078
logreg_np,r4f1,4,1,147,166,0,0.00432198682361881,0.18028884790811078
logreg_np,r4f1,4,1,148,167,0,0.0033435706447249598,0.18028884790811078
logreg_np,r4f1,4,1,192,212,0,0.20911038893301137,0.18028884790811078
logreg_np,r4f1,4,1,199,219,0,0.006936053525023708,0.18028884790811078
logreg_np,r4f1,4,1,200,220,0,0.005748727858217575,0.18028884790811078
logreg_np,r4f1,4,1,201,221,0,0.005587389417869577,0.18028884790811078
logreg_np,r4f1,4,1,205,226,0,0.037798135653936256,0.18028884790811078
logreg_np,r4f1,4,1,206,227,0,0.0394997992150316,0.18028884790811078
logreg_np,r4f1,4,1,211,232,0,0.04447145906151462,0.18028884790811078
logreg_np,r4f1,4,1,212,233,1,0.41038797624664614,0.18028884790811078
logreg_np,r4f1,4,1,213,234,1,0.42657376852641116,0.18028884790811078
logreg_np,r4f1,4,1,241,264,0,0.011626118767688536,0.18028884790811078
logreg_np,r4f1,4,1,242,265,0,0.009268368875481941,0.18028884790811078
logreg_np,r4f1,4,1,243,266,0,0.007260331943057341,0.18028884790811078
logreg_np,r4f1,4,1,244,267,0,0.15381987531502497,0.18028884790811078
logreg_np,r4f1,4,1,245,268,0,0.31090879751684797,0.18028884790811078
logreg_np,r4f1,4,1,246,269,0,0.09148779861701033,0.18028884790811078
logreg_np,r4f1,4,1,247,270,1,0.28027961302386095,0.18028884790811078
logreg_np,r4f1,4,1,248,271,0,0.004737079553400437,0.18028884790811078
logreg_np,r4f1,4,1,249,272,0,0.00459090024528216,0.18028884790811078
logreg_np,r4f2,4,2,0,1,1,0.14228093455695476,0.19381073401867638
logreg_np,r4f2,4,2,1,2,0,0.15288954194500526,0.19381073401867638
logreg_np,r4f2,4,2,2,3,0,0.13750478913596498,0.19381073401867638
logreg_np,r4f2,4,2,3,4,0,0.16619039273745512,0.19381073401867638
logreg_np,r4f2,4,2,4,5,0,0.1567855888471577,0.19381073401867638
logreg_np,r4f2,4,2,5,6,0,0.20186404616482323,0.19381073401867638
logreg_np,r4f2,4,2,6,7,1,0.9621957824363652,0.19381073401867638
logreg_np,r4f2,4,2,7,8,1,0.5013076959712144,0.19381073401867638
logreg_np,r4f2,4,2,21,33,0,0.20833569126708604,0.19381073401867638
logreg_np,r4f2,4,2,22,34,0,0.33075218529681427,0.19381073401867638
logreg_np,r4f2,4,2,23,35,0,0.06370060275675189,0.19381073401867638
logreg_np,r4f2,4,2,34,46,1,0.22173376362656033,0.19381073401867638
logreg_np,r4f2,4,2,35,47,1,0.2276607016212222,0.19381073401867638
logreg_np,r4f2,4,2,36,48,1,0.30599380400385195,0.19381073401867638
logreg_np,r4f2,4,2,37,49,0,0.17934570191106508,0.19381073401867638
logreg_np,r4f2,4,2,38,50,0,0.13588138163342484,0.19381073401867638
logreg_np,r4f2,4,2,39,51,1,0.8349349301315316,0.19381073401867638
logreg_np,r4f2,4,2,56,69,1,0.9297149730929817,0.19381073401867638
logreg_np,r4f2,4,2,64,77,0,0.019055979393074764,0.19381073401867638
logreg_np,r4f2,4,2,65,78,0,0.013740076088576695,0.19381073401867638
logreg_np,r4f2,4,2,113,131,1,0.9879164908653474,0.19381073401867638
logreg_np,r4f2,4,2,114,132,1,0.8430187134764318,0.19381073401867638
logreg_np,r4f2,4,2,115,133,1,0.4565359820870138,0.19381073401867638
logreg_np,r4f2,4,2,116,134,0,0.19764250942185882,0.19381073401867638
logreg_np,r4f2,4,2,117,135,1,0.7741743516673499,0.19381073401867638
logreg_np,r4f2,4,2,118,136,1,0.5828238689245973,0.19381073401867638
logreg_np,r4f2,4,2,119,137,1,0.5460607762346071,0.19381073401867638
logreg_np,r4f2,4,2,120,139,1,0.9867966159823806,0.19381073401867638
logreg_np,r4f2,4,2,132,151,1,0.08317859576941763,0.19381073401867638
logreg_np,r4f2,4,2,133,152,0,0.06519712981876759,0.19381073401867638
logreg_np,r4f2,4,2,134,153,0,0.05040992794300478,0.19381073401867638
logreg_np,r4f2,4,2,135,154,0,0.019471047232205593,0.19381073401867638
logreg_np,r4f2,4,2,136,155,0,0.2656632618123838,0.19381073401867638
logreg_np,r4f2,4,2,137,156,1,0.9586085164992929,0.19381073401867638
logreg_np,r4f2,4,2,138,157,0,0.034505367496478374,0.19381073401867638
logreg_np,r4f2,4,2,139,158,0,0.026610318160990045,0.19381073401867638
logreg_np,r4f2,4,2,140,159,0,0.016451584039698593,0.19381073401867638
logreg_np,r4f2,4,2,141,160,0,0.01694034439302487,0.19381073401867638
logreg_np,r4f2,4,2,146,165,0,0.7836812052018772,0.19381073401867638
logreg_np,r4f2,4,2,152,171,0,0.01731268994996481,0.19381073401867638
logreg_np,r4f2,4,2,153,172,0,0.4926717671739265,0.19381073401867638
logreg_np,r4f2,4,2,154,173,1,0.957404840470169,0.19381073401867638
logreg_np,r4f2,4,2,170,189,0,0.0798356163066767,0.19381073401867638
logreg_np,r4f2,4,2,171,190,0,0.0494682213675721,0.19381073401867638
logreg_np,r4f2,4,2,172,191,0,0.03100867823150208,0.19381073401867638
logreg_np,r4f2,4,2,183,202,0,0.2694222309176596,0.19381073401867638
logreg_np,r4f2,4,2,184,203,0,0.2191754496110509,0.19381073401867638
logreg_np,r4f2,4,2,185,204,1,0.13943317388436724,0.19381073401867638
logreg_np,r4f2,4,2,186,205,1,0.1324061440407202,0.19381073401867638
logreg_np,r4f2,4,2,187,206,1,0.49382753457887824,0.19381073401867638
logreg_np,r4f2,4,2,188,207,1,0.6667305719199873,0.19381073401867638
logreg_np,r4f2,4,2,189,208,1,0.5237312889082416,0.19381073401867638
logreg_np,r4f2,4,2,190,209,0,0.036441913034184176,0.19381073401867638
logreg_np,r4f2,4,2,191,211,0,0.3054842889830665,0.19381073401867638
logreg_np,r4f2,4,2,193,213,0,0.0013945530957962266,0.19381073401867638
logreg_np,r4f2,4,2,194,214,0,0.5982117806319954,0.19381073401867638
logreg_np,r4f2,4,2,195,215,0,0.020698532062849818,0.19381073401867638
logreg_np,r4f2,4,2,196,216,0,0.013807483043919287,0.19381073401867638
logreg_np,r4f2,4,2,207,228,0,0.24938781564025175,0.19381073401867638
logreg_np,r4f2,4,2,208,229,1,0.8430180923066073,0.19381073401867638
logreg_np,r4f2,4,2,209,230,0,0.11014086548317518,0.19381073401867638
logreg_np,r4f2,4,2,219,241,0,0.014574791441801854,0.19381073401867638
logreg_np,r4f2,4,2,220,243,0,0.7517530446123583,0.19381073401867638
logreg_np,r4f2,4,2,226,249,0,0.1059779349530482,0.19381073401867638
logreg_np,r4f2,4,2,228,251,0,0.2911193087063732,0.19381073401867638
logreg_np,r4f2,4,2,229,252,1,0.28805674626552863,0.19381073401867638
logreg_np,r4f2,4,2,250,273,0,0.07931023158351042,0.19381073401867638
logreg_np,r4f2,4,2,251,274,0,0.42619849418035877,0.19381073401867638
logreg_np,r4f3,4,3,8,19,1,0.995694397700103,0.17819235004772987
logreg_np,r4f3,4,3,9,20,1,0.9951832313266356,0.17819235004772987
logreg_np,r4f3,4,3,10,21,1,0.9953666722871519,0.17819235004772987
logreg_np,r4f3,4,3,11,22,1,0.9953866204396331,0.17819235004772987
logreg_np,r4f3,4,3,12,23,1,0.9982739107901101,0.17819235004772987
logreg_np,r4f3,4,3,25,37,1,0.9949925641778251,0.17819235004772987
logreg_np,r4f3,4,3,26,38,1,0.9955623501050566,0.17819235004772987
logreg_np,r4f3,4,3,27,39,1,0.9986433673283656,0.17819235004772987
logreg_np,r4f3,4,3,45,58,0,0.12573703037218542,0.17819235004772987
logreg_np,r4f3,4,3,46,59,0,0.09375492703386117,0.17819235004772987
logreg_np,r4f3,4,3,47,60,0,0.11386147805236913,0.17819235004772987
logreg_np,r4f3,4,3,48,61,0,0.12526130161925056,0.17819235004772987
logreg_np,r4f3,4,3,49,62,0,0.1141854177612129,0.17819235004772987
logreg_np,r4f3,4,3,50,63,1,0.7386504232902757,0.17819235004772987
logreg_np,r4f3,4,3,51,64,0,0.4344700031302185,0.17819235004772987
logreg_np,r4f3,4,3,62,75,0,0.00858734934236923,0.17819235004772987
logreg_np,r4f3,4,3,63,76,0,0.011448115433989006,0.17819235004772987
logreg_np,r4f3,4,3,66,79,0,0.04190224075017522,0.17819235004772987
logreg_np,r4f3,4,3,67,82,0,0.009768268061517146,0.17819235004772987
logreg_np,r4f3,4,3,85,102,0,0.08933657822267825,0.17819235004772987
logreg_np,r4f3,4,3,86,103,0,0.033601039246793224,0.17819235004772987
logreg_np,r4f3,4,3,92,109,0,0.12665031145621716,0.17819235004772987
logreg_np,r4f3,4,3,93,110,0,0.09557923483113055,0.17819235004772987
logreg_np,r4f3,4,3,94,111,1,0.11781715520859792,0.17819235004772987
logreg_np,r4f3,4,3,95,112,1,0.14874045326674543,0.17819235004772987
logreg_np,r4f3,4,3,96,113,0,0.0881800401878554,0.17819235004772987
logreg_np,r4f3,4,3,97,115,0,0.08048615170202203,0.17819235004772987
logreg_np,r4f3,4,3,98,116,0,0.05803780917514498,0.17819235004772987
logreg_np,r4f3,4,3,99,117,0,0.025193821550396768,0.17819235004772987
logreg_np,r4f3,4,3,100,118,0,0.15423861789124108,0.17819235004772987
logreg_np,r4f3,4,3,142,161,0,0.008809439384343566,0.17819235004772987
logreg_np,r4f3,4,3,143,162,0,0.006603646525252153,0.17819235004772987
logreg_np,r4f3,4,3,144,163,0,0.0054163405008756885,0.17819235004772987
logreg_np,r4f3,4,3,145,164,0,0.0054163405008756885,0.17819235004772987
logreg_np,r4f3,4,3,161,180,0,0.12403386606314963,0.17819235004772987
logreg_np,r4f3,4,3,162,181,0,0.5657361745021648,0.17819235004772987
logreg_np,r4f3,4,3,163,182,1,0.9081077109844187,0.17819235004772987
logreg_np,r4f3,4,3,168,187,0,0.11384846133499309,0.17819235004772987
logreg_np,r4f3,4,3,169,188,0,0.07969654947182135,0.17819235004772987
logreg_np,r4f3,4,3,197,217,0,0.012741738495445146,0.17819235004772987
logreg_np,r4f3,4,3,198,218,0,0.009398035864174429,0.17819235004772987
logreg_np,r4f3,4,3,204,225,0,0.07996121268591981,0.17819235004772987
logreg_np,r4f3,4,3,210,231,1,0.4671369638875658,0.17819235004772987
logreg_np,r4f3,4,3,221,244,0,0.00637524729630181,0.17819235004772987
logreg_np,r4f3,4,3,222,245,0,0.0038823414378548926,0.17819235004772987
logreg_np,r4f4,4,4,17,29,1,0.9906009418042951,0.2337705760151554
logreg_np,r4f4,4,4,18,30,0,0.99370977927516,0.2337705760151554
logreg_np,r4f4,4,4,19,31,1,0.9925434271584449,0.2337705760151554
logreg_np,r4f4,4,4,20,32,1,0.9968674890573649,0.2337705760151554
logreg_np,r4f4,4,4,32,44,1,0.9944993031521794,0.2337705760151554
logreg_np,r4f4,4,4,33,45,0,0.9897453238934324,0.2337705760151554
logreg_np,r4f4,4,4,40,52,1,0.9891195362403363,0.2337705760151554
logreg_np,r4f4,4,4,78,94,0,0.542489327480643,0.2337705760151554
logreg_np,r4f4,4,4,79,95,0,0.49492615688958497,0.2337705760151554
logreg_np,r4f4,4,4,81,98,0,0.5415222767644262,0.2337705760151554
logreg_np,r4f4,4,4,82,99,0,0.6322519183999809,0.2337705760151554
logreg_np,r4f4,4,4,83,100,0,0.09359263591181087,0.2337705760151554
logreg_np,r4f4,4,4,84,101,0,0.17330889945488465,0.2337705760151554
logreg_np,r4f4,4,4,89,106,1,0.45958396623167536,0.2337705760151554
logreg_np,r4f4,4,4,91,108,1,0.5574939080845301,0.2337705760151554
logreg_np,r4f4,4,4,107,125,0,0.015084746699811113,0.2337705760151554
logreg_np,r4f4,4,4,108,126,0,0.009324508211860537,0.2337705760151554
logreg_np,r4f4,4,4,109,127,0,0.011898498487900363,0.2337705760151554
logreg_np,r4f4,4,4,110,128,0,0.009939828481012552,0.2337705760151554
logreg_np,r4f4,4,4,111,129,0,0.012083500135509328,0.2337705760151554
logreg_np,r4f4,4,4,112,130,0,0.036977339338460355,0.2337705760151554
logreg_np,r4f4,4,4,128,147,0,0.010595319199632414,0.2337705760151554
logreg_np,r4f4,4,4,155,174,1,0.9514714193067649,0.2337705760151554
logreg_np,r4f4,4,4,156,175,1,0.8744424350408162,0.2337705760151554
logreg_np,r4f4,4,4,157,176,0,0.812744007846867,0.2337705760151554
logreg_np,r4f4,4,4,158,177,0,0.6415710376289503,0.2337705760151554
logreg_np,r4f4,4,4,159,178,0,0.4907407072463222,0.2337705760151554
logreg_np,r4f4,4,4,160,179,1,0.9666789687301086,0.2337705760151554
logreg_np,r4f4,4,4,164,183,0,0.5531483723963847,0.2337705760151554
logreg_np,r4f4,4,4,165,184,0,0.5093546111410633,0.2337705760151554
logreg_np,r4f4,4,4,166,185,0,0.419150248702566,0.2337705760151554
logreg_np,r4f4,4,4,167,186,0,0.3728903005414033,0.2337705760151554
logreg_np,r4f4,4,4,173,192,0,0.031181544415165796,0.2337705760151554
logreg_np,r4f4,4,4,174,193,0,0.0210208076896485,0.2337705760151554
logreg_np,r4f4,4,4,175,194,0,0.00872638185794106,0.2337705760151554
logreg_np,r4f4,4,4,176,195,0,0.0839235905256925,0.2337705760151554
logreg_np,r4f4,4,4,202,222,0,0.1719283504025454,0.2337705760151554
logreg_np,r4f4,4,4,203,224,1,0.8273718120826271,0.2337705760151554
logreg_np,r4f4,4,4,227,250,1,0.6507986428624094,0.2337705760151554
logreg_np,r4f4,4,4,230,253,0,0.21613405866064847,0.2337705760151554
logreg_np,r4f4,4,4,231,254,1,0.23245778612294585,0.2337705760151554
logreg_np,r4f4,4,4,237,260,0,0.01373394644224009,0.2337705760151554
logreg_np,r4f4,4,4,238,261,0,0.06833491122434683,0.2337705760151554
logreg_np,r4f4,4,4,239,262,0,0.05079488764505184,0.2337705760151554
logreg_np,r4f4,4,4,240,263,0,0.03025148405324145,0.2337705760151554
logreg_np_tuned,r0f0,0,0,13,25,1,0.8821839778807978,0.21015545151897197
logreg_np_tuned,r0f0,0,0,14,26,1,0.9067848793485332,0.21015545151897197
logreg_np_tuned,r0f0,0,0,15,27,1,0.8088159892079042,0.21015545151897197
logreg_np_tuned,r0f0,0,0,16,28,1,0.9211647340358909,0.21015545151897197
logreg_np_tuned,r0f0,0,0,24,36,0,0.1857785531391335,0.21015545151897197
logreg_np_tuned,r0f0,0,0,28,40,1,0.909748563633831,0.21015545151897197
logreg_np_tuned,r0f0,0,0,29,41,1,0.900594566469546,0.21015545151897197
logreg_np_tuned,r0f0,0,0,30,42,1,0.9656028405833655,0.21015545151897197
logreg_np_tuned,r0f0,0,0,31,43,1,0.962136776424754,0.21015545151897197
logreg_np_tuned,r0f0,0,0,41,54,0,0.23452658142826924,0.21015545151897197
logreg_np_tuned,r0f0,0,0,42,55,1,0.22597080082536983,0.21015545151897197
logreg_np_tuned,r0f0,0,0,43,56,1,0.20096646741315435,0.21015545151897197
logreg_np_tuned,r0f0,0,0,44,57,0,0.3860554138403107,0.21015545151897197
logreg_np_tuned,r0f0,0,0,62,75,0,0.02083231695051115,0.21015545151897197
logreg_np_tuned,r0f0,0,0,63,76,0,0.024603554713519375,0.21015545151897197
logreg_np_tuned,r0f0,0,0,66,79,0,0.07492068974674525,0.21015545151897197
logreg_np_tuned,r0f0,0,0,67,82,0,0.022445396597459026,0.21015545151897197
logreg_np_tuned,r0f0,0,0,78,94,0,0.4591633740542987,0.21015545151897197
logreg_np_tuned,r0f0,0,0,79,95,0,0.4247865513841853,0.21015545151897197
logreg_np_tuned,r0f0,0,0,96,113,0,0.19718032967370103,0.21015545151897197
logreg_np_tuned,r0f0,0,0,97,115,0,0.18809235192997859,0.21015545151897197
logreg_np_tuned,r0f0,0,0,98,116,0,0.158654791009874,0.21015545151897197
logreg_np_tuned,r0f0,0,0,99,117,0,0.08933798677759029,0.21015545151897197
logreg_np_tuned,r0f0,0,0,100,118,0,0.3299993717092735,0.21015545151897197
logreg_np_tuned,r0f0,0,0,101,119,0,0.3556143914121695,0.21015545151897197
logreg_np_tuned,r0f0,0,0,102,120,0,0.42662281785208006,0.21015545151897197
logreg_np_tuned,r0f0,0,0,103,121,0,0.10582177619930616,0.21015545151897197
logreg_np_tuned,r0f0,0,0,104,122,0,0.08827474169191203,0.21015545151897197
logreg_np_tuned,r0f0,0,0,105,123,0,0.102971044388914,0.21015545151897197
logreg_np_tuned,r0f0,0,0,106,124,0,0.07693055390293474,0.21015545151897197
logreg_np_tuned,r0f0,0,0,138,157,0,0.0653588034382563,0.21015545151897197
logreg_np_tuned,r0f0,0,0,139,158,0,0.057460371868019666,0.21015545151897197
logreg_np_tuned,r0f0,0,0,140,159,0,0.04525904381560116,0.21015545151897197
logreg_np_tuned,r0f0,0,0,141,160,0,0.04592240955145371,0.21015545151897197
logreg_np_tuned,r0f0,0,0,155,174,1,0.8685382923756991,0.21015545151897197
logreg_np_tuned,r0f0,0,0,156,175,1,0.7560452807333894,0.21015545151897197
logreg_np_tuned,r0f0,0,0,157,176,0,0.5548631961271437,0.21015545151897197
logreg_np_tuned,r0f0,0,0,158,177,0,0.4592542758902632,0.21015545151897197
logreg_np_tuned,r0f0,0,0,161,180,0,0.18017214999034076,0.21015545151897197
logreg_np_tuned,r0f0,0,0,162,181,0,0.5787150059518499,0.21015545151897197
logreg_np_tuned,r0f0,0,0,163,182,1,0.8798297679558761,0.21015545151897197
logreg_np_tuned,r0f0,0,0,168,187,0,0.15679023471187395,0.21015545151897197
logreg_np_tuned,r0f0,0,0,169,188,0,0.12858430697832507,0.21015545151897197
logreg_np_tuned,r0f0,0,0,197,217,0,0.02617494414888433,0.21015545151897197
logreg_np_tuned,r0f0,0,0,198,218,0,0.021949063998644783,0.21015545151897197
logreg_np_tuned,r0f0,0,0,250,273,0,0.16717495586790224,0.21015545151897197
logreg_np_tuned,r0f0,0,0,251,274,0,0.4572273793687041,0.21015545151897197
logreg_np_tuned,r0f1,0,1,52,65,0,0.04888358581039412,0.1690669095670665
logreg_np_tuned,r0f1,0,1,53,66,0,0.04429165731759398,0.1690669095670665
logreg_np_tuned,r0f1,0,1,54,67,0,0.052393189848749466,0.1690669095670665
logreg_np_tuned,r0f1,0,1,55,68,0,0.04357589988107369,0.1690669095670665
logreg_np_tuned,r0f1,0,1,57,70,0,0.007100042224823562,0.1690669095670665
logreg_np_tuned,r0f1,0,1,58,71,0,0.042921163599447455,0.1690669095670665
logreg_np_tuned,r0f1,0,1,59,72,1,0.8538047976498272,0.1690669095670665
logreg_np_tuned,r0f1,0,1,60,73,0,0.007512063245787839,0.1690669095670665
logreg_np_tuned,r0f1,0,1,61,74,1,0.7999416915191416,0.1690669095670665
logreg_np_tuned,r0f1,0,1,72,88,1,0.41060943796241095,0.1690669095670665
logreg_np_tuned,r0f1,0,1,73,89,1,0.43107658856683956,0.1690669095670665
logreg_np_tuned,r0f1,0,1,74,90,1,0.4286900749880082,0.1690669095670665
logreg_np_tuned,r0f1,0,1,75,91,1,0.42541404830712026,0.1690669095670665
logreg_np_tuned,r0f1,0,1,76,92,1,0.5241478001918889,0.1690669095670665
logreg_np_tuned,r0f1,0,1,77,93,1,0.8650899687282357,0.1690669095670665
logreg_np_tuned,r0f1,0,1,80,97,1,0.27362505179499425,0.1690669095670665
logreg_np_tuned,r0f1,0,1,87,104,0,0.2581846505021944,0.1690669095670665
logreg_np_tuned,r0f1,0,1,88,105,1,0.27169393969898653,0.1690669095670665
logreg_np_tuned,r0f1,0,1,90,107,1,0.24851509076574713,0.1690669095670665
logreg_np_tuned,r0f1,0,1,107,125,0,0.025487392655560506,0.1690669095670665
logreg_np_tuned,r0f1,0,1,108,126,0,0.02309483020330042,0.1690669095670665
logreg_np_tuned,r0f1,0,1,109,127,0,0.02427678136753321,0.1690669095670665
logreg_np_tuned,r0f1,0,1,110,128,0,0.02339884578336538,0.1690669095670665
logreg_np_tuned,r0f1,0,1,111,129,0,0.042714029069513354,0.1690669095670665
logreg_np_tuned,r0f1,0,1,112,130,0,0.08996748655885933,0.1690669095670665
logreg_np_tuned,r0f1,0,1,128,147,0,0.023706766244455744,0.1690669095670665
logreg_np_tuned,r0f1,0,1,173,192,0,0.050789242502087745,0.1690669095670665
logreg_np_tuned,r0f1,0,1,174,193,0,0.04688969088440906,0.1690669095670665
logreg_np_tuned,r0f1,0,1,175,194,0,0.039636576491723814,0.1690669095670665
logreg_np_tuned,r0f1,0,1,176,195,0,0.1738489347129589,0.1690669095670665
logreg_np_tuned,r0f1,0,1,192,212,0,0.2839539603511779,0.1690669095670665
logreg_np_tuned,r0f1,0,1,204,225,0,0.08882491153190289,0.1690669095670665
logreg_np_tuned,r0f1,0,1,210,231,1,0.42830822522348005,0.1690669095670665
logreg_np_tuned,r0f1,0,1,221,244,0,0.010913134826543235,0.1690669095670665
logreg_np_tuned,r0f1,0,1,222,245,0,0.00950118073081136,0.1690669095670665
logreg_np_tuned,r0f1,0,1,226,249,0,0.17922505928154395,0.1690669095670665
logreg_np_tuned,r0f1,0,1,227,250,1,0.4409987794569774,0.1690669095670665
logreg_np_tuned,r0f1,0,1,228,251,0,0.21382676149078694,0.1690669095670665
logreg_np_tuned,r0f1,0,1,229,252,1,0.2132135532551179,0.1690669095670665
logreg_np_tuned,r0f1,0,1,230,253,0,0.12799358280989243,0.1690669095670665
logreg_np_tuned,r0f1,0,1,231,254,1,0.13018301945216856,0.1690669095670665
logreg_np_tuned,r0f1,0,1,237,260,0,0.0330639739411289,0.1690669095670665
logreg_np_tuned,r0f1,0,1,238,261,0,0.09794610553703514,0.1690669095670665
logreg_np_tuned,r0f1,0,1,239,262,0,0.03921240062474798,0.1690669095670665
logreg_np_tuned,r0f1,0,1,240,263,0,0.03520449651000945,0.1690669095670665
logreg_np_tuned,r0f2,0,2,17,29,1,0.9979284219660741,0.14758786668331744
logreg_np_tuned,r0f2,0,2,18,30,0,0.9986313360263118,0.14758786668331744
logreg_np_tuned,r0f2,0,2,19,31,1,0.9981299819583426,0.14758786668331744
logreg_np_tuned,r0f2,0,2,20,32,1,0.9993044308372107,0.14758786668331744
logreg_np_tuned,r0f2,0,2,32,44,1,0.9988080164944005,0.14758786668331744
logreg_np_tuned,r0f2,0,2,33,45,0,0.997733194752512,0.14758786668331744
logreg_np_tuned,r0f2,0,2,40,52,1,0.9971190363049587,0.14758786668331744
logreg_np_tuned,r0f2,0,2,56,69,1,0.751453894743191,0.14758786668331744
logreg_np_tuned,r0f2,0,2,64,77,0,0.0035949045374689898,0.14758786668331744
logreg_np_tuned,r0f2,0,2,65,78,0,0.002405037182649728,0.14758786668331744
logreg_np_tuned,r0f2,0,2,68,84,0,0.0004319687092583264,0.14758786668331744
logreg_np_tuned,r0f2,0,2,69,85,0,0.0004451562956012671,0.14758786668331744
logreg_np_tuned,r0f2,0,2,70,86,0,0.0006660401541874983,0.14758786668331744
logreg_np_tuned,r0f2,0,2,71,87,0,0.0005142793632027745,0.14758786668331744
logreg_np_tuned,r0f2,0,2,81,98,0,0.49511811706475944,0.14758786668331744
logreg_np_tuned,r0f2,0,2,82,99,0,0.590387153209956,0.14758786668331744
logreg_np_tuned,r0f2,0,2,83,100,0,0.053077987776991825,0.14758786668331744
logreg_np_tuned,r0f2,0,2,84,101,0,0.11135658823615019,0.14758786668331744
logreg_np_tuned,r0f2,0,2,89,106,1,0.4118105679766363,0.14758786668331744
logreg_np_tuned,r0f2,0,2,91,108,1,0.5116628636465443,0.14758786668331744
logreg_np_tuned,r0f2,0,2,159,178,0,0.4147901017916155,0.14758786668331744
logreg_np_tuned,r0f2,0,2,160,179,1,0.9713510470018579,0.14758786668331744
logreg_np_tuned,r0f2,0,2,164,183,0,0.5071516687931114,0.14758786668331744
logreg_np_tuned,r0f2,0,2,165,184,0,0.4620967831116443,0.14758786668331744
logreg_np_tuned,r0f2,0,2,166,185,0,0.3716921426113708,0.14758786668331744
logreg_np_tuned,r0f2,0,2,167,186,0,0.3266164484239293,0.14758786668331744
logreg_np_tuned,r0f2,0,2,193,213,0,0.00023354153835109648,0.14758786668331744
logreg_np_tuned,r0f2,0,2,194,214,0,0.2400517879281588,0.14758786668331744
logreg_np_tuned,r0f2,0,2,195,215,0,0.003980553879658872,0.14758786668331744
logreg_np_tuned,r0f2,0,2,196,216,0,0.002419517031415441,0.14758786668331744
logreg_np_tuned,r0f2,0,2,199,219,0,0.0005020553973496477,0.14758786668331744
logreg_np_tuned,r0f2,0,2,200,220,0,0.00033756112573093993,0.14758786668331744
logreg_np_tuned,r0f2,0,2,201,221,0,0.0003178550135479306,0.14758786668331744
logreg_np_tuned,r0f2,0,2,205,226,0,0.013608478563962923,0.14758786668331744
logreg_np_tuned,r0f2,0,2,206,227,0,0.014963175982815442,0.14758786668331744
logreg_np_tuned,r0f2,0,2,211,232,0,0.00887660462838862,0.14758786668331744
logreg_np_tuned,r0f2,0,2,212,233,1,0.2808039260905496,0.14758786668331744
logreg_np_tuned,r0f2,0,2,213,234,1,0.2999258639419136,0.14758786668331744
logreg_np_tuned,r0f2,0,2,214,235,0,0.020338100598538623,0.14758786668331744
logreg_np_tuned,r0f2,0,2,215,236,0,0.16576632843438335,0.14758786668331744
logreg_np_tuned,r0f2,0,2,216,238,1,0.4905299692066478,0.14758786668331744
logreg_np_tuned,r0f2,0,2,217,239,0,0.004516756414185666,0.14758786668331744
logreg_np_tuned,r0f2,0,2,218,240,0,0.004279680580314137,0.14758786668331744
logreg_np_tuned,r0f2,0,2,246,269,0,0.013975141230993105,0.14758786668331744
logreg_np_tuned,r0f2,0,2,247,270,1,0.08557281695321156,0.14758786668331744
logreg_np_tuned,r0f2,0,2,248,271,0,0.000390839902843445,0.14758786668331744
logreg_np_tuned,r0f2,0,2,249,272,0,0.0003658176487212279,0.14758786668331744
logreg_np_tuned,r0f3,0,3,0,1,1,0.22180342614700824,0.3066417303266031
logreg_np_tuned,r0f3,0,3,1,2,0,0.22818099742225748,0.3066417303266031
logreg_np_tuned,r0f3,0,3,2,3,0,0.21884665187347918,0.3066417303266031
logreg_np_tuned,r0f3,0,3,3,4,0,0.2358479513944835,0.3066417303266031
logreg_np_tuned,r0f3,0,3,4,5,0,0.23046250916646704,0.3066417303266031
logreg_np_tuned,r0f3,0,3,5,6,0,0.25496517530487567,0.3066417303266031
logreg_np_tuned,r0f3,0,3,6,7,1,0.8953271148458262,0.3066417303266031
logreg_np_tuned,r0f3,0,3,7,8,1,0.47068232181111025,0.3066417303266031
logreg_np_tuned,r0f3,0,3,8,19,1,0.9728727172545473,0.3066417303266031
logreg_np_tuned,r0f3,0,3,9,20,1,0.9766177975761335,0.3066417303266031
logreg_np_tuned,r0f3,0,3,10,21,1,0.9770559298053767,0.3066417303266031
logreg_np_tuned,r0f3,0,3,11,22,1,0.9771041135022134,0.3066417303266031
logreg_np_tuned,r0f3,0,3,12,23,1,0.9875833119278403,0.3066417303266031
logreg_np_tuned,r0f3,0,3,21,33,0,0.258248608505542,0.3066417303266031
logreg_np_tuned,r0f3,0,3,22,34,0,0.31392308527164825,0.3066417303266031
logreg_np_tuned,r0f3,0,3,23,35,0,0.11879746686873634,0.3066417303266031
logreg_np_tuned,r0f3,0,3,25,37,1,0.976171502962419,0.3066417303266031
logreg_np_tuned,r0f3,0,3,26,38,1,0.9775333428453643,0.3066417303266031
logreg_np_tuned,r0f3,0,3,27,39,1,0.9899075743291651,0.3066417303266031
logreg_np_tuned,r0f3,0,3,34,46,1,0.26489764166548985,0.3066417303266031
logreg_np_tuned,r0f3,0,3,35,47,1,0.2735284586647819,0.3066417303266031
logreg_np_tuned,r0f3,0,3,36,48,1,0.3033643660158181,0.3066417303266031
logreg_np_tuned,r0f3,0,3,37,49,0,0.2339033159595034,0.3066417303266031
logreg_np_tuned,r0f3,0,3,38,50,0,0.1951373282123214,0.3066417303266031
logreg_np_tuned,r0f3,0,3,39,51,1,0.7338943799828735,0.3066417303266031
logreg_np_tuned,r0f3,0,3,121,140,0,0.01977883169879724,0.3066417303266031
logreg_np_tuned,r0f3,0,3,122,141,0,0.015609513865682628,0.3066417303266031
logreg_np_tuned,r0f3,0,3,123,142,0,0.012625893097472477,0.3066417303266031
logreg_np_tuned,r0f3,0,3,124,143,0,0.013715909910804477,0.3066417303266031
logreg_np_tuned,r0f3,0,3,125,144,0,0.2115675796071823,0.3066417303266031
logreg_np_tuned,r0f3,0,3,126,145,0,0.2044787228899889,0.3066417303266031
logreg_np_tuned,r0f3,0,3,127,146,0,0.24249054530310193,0.3066417303266031
logreg_np_tuned,r0f3,0,3,129,148,1,0.5503131987359402,0.3066417303266031
logreg_np_tuned,r0f3,0,3,130,149,1,0.7266082491907869,0.3066417303266031
logreg_np_tuned,r0f3,0,3,131,150,0,0.2581310668712625,0.3066417303266031
logreg_np_tuned,r0f3,0,3,147,166,0,0.01567949853905726,0.3066417303266031
logreg_np_tuned,r0f3,0,3,148,167,0,0.012954933375421168,0.3066417303266031
logreg_np_tuned,r0f3,0,3,149,168,1,0.21934700671943796,0.3066417303266031
logreg_np_tuned,r0f3,0,3,150,169,0,0.22008474074456663,0.3066417303266031
logreg_np_tuned,r0f3,0,3,151,170,0,0.23832273483448252,0.3066417303266031
logreg_np_tuned,r0f3,0,3,177,196,0,0.3091327595578265,0.3066417303266031
logreg_np_tuned,r0f3,0,3,178,197,0,0.3181567789946245,0.3066417303266031
logreg_np_tuned,r0f3,0,3,179,198,1,0.7624444067074927,0.3066417303266031
logreg_np_tuned,r0f3,0,3,180,199,0,0.2058822445895212,0.3066417303266031
logreg_np_tuned,r0f3,0,3,181,200,0,0.17915937996821524,0.3066417303266031
logreg_np_tuned,r0f3,0,3,182,201,0,0.17384333687218617,0.3066417303266031
logreg_np_tuned,r0f3,0,3,183,202,0,0.2872486302791132,0.3066417303266031
logreg_np_tuned,r0f3,0,3,184,203,0,0.26364264363565554,0.3066417303266031
logreg_np_tuned,r0f3,0,3,185,204,1,0.1984504377748328,0.3066417303266031
logreg_np_tuned,r0f3,0,3,186,205,1,0.19186629067641559,0.3066417303266031
logreg_np_tuned,r0f3,0,3,187,206,1,0.465463563895217,0.3066417303266031
logreg_np_tuned,r0f3,0,3,188,207,1,0.5901753865958425,0.3066417303266031
logreg_np_tuned,r0f3,0,3,189,208,1,0.4863725458641618,0.3066417303266031
logreg_np_tuned,r0f3,0,3,207,228,0,0.29050124424386975,0.3066417303266031
logreg_np_tuned,r0f3,0,3,208,229,1,0.7420006784519673,0.3066417303266031
logreg_np_tuned,r0f3,0,3,209,230,0,0.170137424763826,0.3066417303266031
logreg_np_tuned,r0f3,0,3,219,241,0,0.04298325211841498,0.3066417303266031
logreg_np_tuned,r0f3,0,3,220,243,0,0.6741715662391253,0.3066417303266031
logreg_np_tuned,r0f3,0,3,225,248,0,0.012152059515976471,0.3066417303266031
logreg_np_tuned,r0f3,0,3,232,255,0,0.1895616062918409,0.3066417303266031
logreg_np_tuned,r0f3,0,3,233,256,0,0.19055521909169335,0.3066417303266031
logreg_np_tuned,r0f3,0,3,234,257,0,0.1720457126181967,0.3066417303266031
logreg_np_tuned,r0f3,0,3,235,258,0,0.2259769134539669,0.3066417303266031
logreg_np_tuned,r0f3,0,3,236,259,0,0.3880245959428447,0.3066417303266031
logreg_np_tuned,r0f3,0,3,241,264,0,0.06696632122238105,0.3066417303266031
logreg_np_tuned,r0f3,0,3,242,265,0,0.05698053239923998,0.3066417303266031
logreg_np_tuned,r0f3,0,3,243,266,0,0.04781534041200848,0.3066417303266031
logreg_np_tuned,r0f3,0,3,244,267,0,0.386848965272445,0.3066417303266031
logreg_np_tuned,r0f3,0,3,245,268,0,0.5984020304548253,0.3066417303266031
logreg_np_tuned,r0f4,0,4,45,58,0,0.13334811699081206,0.20948004941223625
logreg_np_tuned,r0f4,0,4,46,59,0,0.10284415459717626,0.20948004941223625
logreg_np_tuned,r0f4,0,4,47,60,0,0.12213458515185219,0.20948004941223625
logreg_np_tuned,r0f4,0,4,48,61,0,0.13290117486927985,0.20948004941223625
logreg_np_tuned,r0f4,0,4,49,62,0,0.12294892976942268,0.20948004941223625
logreg_np_tuned,r0f4,0,4,50,63,1,0.7679122050686937,0.20948004941223625
logreg_np_tuned,r0f4,0,4,51,64,0,0.4657693020810257,0.20948004941223625
logreg_np_tuned,r0f4,0,4,85,102,0,0.07188047717013632,0.20948004941223625
logreg_np_tuned,r0f4,0,4,86,103,0,0.026079660374596393,0.20948004941223625
logreg_np_tuned,r0f4,0,4,92,109,0,0.10251306215422387,0.20948004941223625
logreg_np_tuned,r0f4,0,4,93,110,0,0.07926831351506765,0.20948004941223625
logreg_np_tuned,r0f4,0,4,94,111,1,0.09593820056336014,0.20948004941223625
logreg_np_tuned,r0f4,0,4,95,112,1,0.11888059652507162,0.20948004941223625
logreg_np_tuned,r0f4,0,4,113,131,1,0.9787471399924409,0.20948004941223625
logreg_np_tuned,r0f4,0,4,114,132,1,0.829523704796172,0.20948004941223625
logreg_np_tuned,r0f4,0,4,115,133,1,0.51274066488656,0.20948004941223625
logreg_np_tuned,r0f4,0,4,116,134,0,0.2765483392238859,0.20948004941223625
logreg_np_tuned,r0f4,0,4,117,135,1,0.7706144625880487,0.20948004941223625
logreg_np_tuned,r0f4,0,4,118,136,1,0.6155828536159937,0.20948004941223625
logreg_np_tuned,r0f4,0,4,119,137,1,0.5859750087503286,0.20948004941223625
logreg_np_tuned,r0f4,0,4,120,139,1,0.9771499669230072,0.20948004941223625
logreg_np_tuned,r0f4,0,4,132,151,1,0.07038919381502985,0.20948004941223625
logreg_np_tuned,r0f4,0,4,133,152,0,0.0580859582319003,0.20948004941223625
logreg_np_tuned,r0f4,0,4,134,153,0,0.047471084597625925,0.20948004941223625
logreg_np_tuned,r0f4,0,4,135,154,0,0.03209182174387535,0.20948004941223625
logreg_np_tuned,r0f4,0,4,136,155,0,0.26681920514923096,0.20948004941223625
logreg_np_tuned,r0f4,0,4,137,156,1,0.9185056103703634,0.20948004941223625
logreg_np_tuned,r0f4,0,4,142,161,0,0.008039204903437158,0.20948004941223625
logreg_np_tuned,r0f4,0,4,143,162,0,0.006213254304478831,0.20948004941223625
logreg_np_tuned,r0f4,0,4,144,163,0,0.005204615016218237,0.20948004941223625
logreg_np_tuned,r0f4,0,4,145,164,0,0.005204615016218237,0.20948004941223625
logreg_np_tuned,r0f4,0,4,146,165,0,0.7090824872576014,0.20948004941223625
logreg_np_tuned,r0f4,0,4,152,171,0,0.02916100208443635,0.20948004941223625
logreg_np_tuned,r0f4,0,4,153,172,0,0.4512097567671546,0.20948004941223625
logreg_np_tuned,r0f4,0,4,154,173,1,0.9166376700937079,0.20948004941223625
logreg_np_tuned,r0f4,0,4,170,189,0,0.068142273319573,0.20948004941223625
logreg_np_tuned,r0f4,0,4,171,190,0,0.04677548190826584,0.20948004941223625
logreg_np_tuned,r0f4,0,4,172,191,0,0.03248238470880697,0.20948004941223625
logreg_np_tuned,r0f4,0,4,190,209,0,0.06845651094006928,0.20948004941223625
logreg_np_tuned,r0f4,0,4,191,211,0,0.35769085962717184,0.20948004941223625
logreg_np_tuned,r0f4,0,4,202,222,0,0.1678562693934058,0.20948004941223625
logreg_np_tuned,r0f4,0,4,203,224,1,0.8208978350356131,0.20948004941223625
logreg_np_tuned,r0f4,0,4,223,246,0,0.0021100730540834184,0.20948004941223625
logreg_np_tuned,r0f4,0,4,224,247,0,0.0016993597268975277,0.20948004941223625
logreg_np_tuned,r1f0,1,0,8,19,1,0.9956451498364999,0.1884163354017777
logreg_np_tuned,r1f0,1,0,9,20,1,0.9953547115228669,0.1884163354017777
logreg_np_tuned,r1f0,1,0,10,21,1,0.9955361561020718,0.1884163354017777
logreg_np_tuned,r1f0,1,0,11,22,1,0.9955558759463253,0.1884163354017777
logreg_np_tuned,r1f0,1,0,12,23,1,0.9983840942228378,0.1884163354017777
logreg_np_tuned,r1f0,1,0,25,37,1,0.9951659274679804,0.1884163354017777
logreg_np_tuned,r1f0,1,0,26,38,1,0.9957294967719168,0.1884163354017777
logreg_np_tuned,r1f0,1,0,27,39,1,0.9987556025262849,0.1884163354017777
logreg_np_tuned,r1f0,1,0,45,58,0,0.12245018350679664,0.1884163354017777
logreg_np_tuned,r1f0,1,0,46,59,0,0.09051009489629812,0.1884163354017777
logreg_np_tuned,r1f0,1,0,47,60,0,0.1105575457326584,0.1884163354017777
logreg_np_tuned,r1f0,1,0,48,61,0,0.12197309813062002,0.1884163354017777
logreg_np_tuned,r1f0,1,0,49,62,0,0.1054398069587654,0.1884163354017777
logreg_np_tuned,r1f0,1,0,50,63,1,0.770386676835029,0.1884163354017777
logreg_np_tuned,r1f0,1,0,51,64,0,0.4496136563903279,0.1884163354017777
logreg_np_tuned,r1f0,1,0,62,75,0,0.008050957194617262,0.1884163354017777
logreg_np_tuned,r1f0,1,0,63,76,0,0.010815365194447469,0.1884163354017777
logreg_np_tuned,r1f0,1,0,66,79,0,0.04160803382631876,0.1884163354017777
logreg_np_tuned,r1f0,1,0,67,82,0,0.009189493946850513,0.1884163354017777
logreg_np_tuned,r1f0,1,0,85,102,0,0.07506162626057568,0.1884163354017777
logreg_np_tuned,r1f0,1,0,86,103,0,0.025671490453375224,0.1884163354017777
logreg_np_tuned,r1f0,1,0,92,109,0,0.11565792747520769,0.1884163354017777
logreg_np_tuned,r1f0,1,0,93,110,0,0.08636424240758622,0.1884163354017777
logreg_np_tuned,r1f0,1,0,94,111,1,0.10729201624308841,0.1884163354017777
logreg_np_tuned,r1f0,1,0,95,112,1,0.13669993107859185,0.1884163354017777
logreg_np_tuned,r1f0,1,0,142,161,0,0.007717995470879319,0.1884163354017777
logreg_np_tuned,r1f0,1,0,143,162,0,0.00574068084140149,0.1884163354017777
logreg_np_tuned,r1f0,1,0,144,163,0,0.004683593664992321,0.1884163354017777
logreg_np_tuned,r1f0,1,0,145,164,0,0.004683593664992321,0.1884163354017777
logreg_np_tuned,r1f0,1,0,161,180,0,0.1128426420212479,0.1884163354017777
logreg_np_tuned,r1f0,1,0,162,181,0,0.5853660525278389,0.1884163354017777
logreg_np_tuned,r1f0,1,0,163,182,1,0.9270624742039658,0.1884163354017777
logreg_np_tuned,r1f0,1,0,168,187,0,0.10816570171666702,0.1884163354017777
logreg_np_tuned,r1f0,1,0,169,188,0,0.07486049359605011,0.1884163354017777
logreg_np_tuned,r1f0,1,0,197,217,0,0.012071878975895917,0.1884163354017777
logreg_np_tuned,r1f0,1,0,198,218,0,0.008832128068441442,0.1884163354017777
logreg_np_tuned,r1f0,1,0,204,225,0,0.08543473010630033,0.1884163354017777
logreg_np_tuned,r1f0,1,0,210,231,1,0.5156998265021852,0.1884163354017777
logreg_np_tuned,r1f0,1,0,219,241,0,0.014927285778097049,0.1884163354017777
logreg_np_tuned,r1f0,1,0,220,243,0,0.6997355427894962,0.1884163354017777
logreg_np_tuned,r1f0,1,0,241,264,0,0.019712418458096317,0.1884163354017777
logreg_np_tuned,r1f0,1,0,242,265,0,0.013893005673023016,0.1884163354017777
logreg_np_tuned,r1f0,1,0,243,266,0,0.009519525245120416,0.1884163354017777
logreg_np_tuned,r1f0,1,0,244,267,0,0.2776570990763244,0.1884163354017777
logreg_np_tuned,r1f0,1,0,245,268,0,0.5290954692062316,0.1884163354017777
logreg_np_tuned,r1f1,1,1,0,1,1,0.23392096735365403,0.22209749370997553
logreg_np_tuned,r1f1,1,1,1,2,0,0.23778801670508978,0.22209749370997553
logreg_np_tuned,r1f1,1,1,2,3,0,0.23211636295909407,0.22209749370997553
logreg_np_tuned,r1f1,1,1,3,4,0,0.24239349727412446,0.22209749370997553
logreg_np_tuned,r1f1,1,1,4,5,0,0.23916331337102903,0.22209749370997553
logreg_np_tuned,r1f1,1,1,5,6,0,0.2536919934881651,0.22209749370997553
logreg_np_tuned,r1f1,1,1,6,7,1,0.8691194413736558,0.22209749370997553
logreg_np_tuned,r1f1,1,1,7,8,1,0.4404531029624927,0.22209749370997553
logreg_np_tuned,r1f1,1,1,21,33,0,0.2556085023986771,0.22209749370997553
logreg_np_tuned,r1f1,1,1,22,34,0,0.2872814125750399,0.22209749370997553
logreg_np_tuned,r1f1,1,1,23,35,0,0.11748943372505691,0.22209749370997553
logreg_np_tuned,r1f1,1,1,34,46,1,0.25946993815015457,0.22209749370997553
logreg_np_tuned,r1f1,1,1,35,47,1,0.25943817657885676,0.22209749370997553
logreg_np_tuned,r1f1,1,1,36,48,1,0.2813744018955059,0.22209749370997553
logreg_np_tuned,r1f1,1,1,37,49,0,0.2233332822433313,0.22209749370997553
logreg_np_tuned,r1f1,1,1,38,50,0,0.18792540241332642,0.22209749370997553
logreg_np_tuned,r1f1,1,1,39,51,1,0.6957066793884783,0.22209749370997553
logreg_np_tuned,r1f1,1,1,52,65,0,0.0527543585497973,0.22209749370997553
logreg_np_tuned,r1f1,1,1,53,66,0,0.04764334726636424,0.22209749370997553
logreg_np_tuned,r1f1,1,1,54,67,0,0.05666943391604367,0.22209749370997553
logreg_np_tuned,r1f1,1,1,55,68,0,0.046847958804871796,0.22209749370997553
logreg_np_tuned,r1f1,1,1,57,70,0,0.0038754451822737668,0.22209749370997553
logreg_np_tuned,r1f1,1,1,58,71,0,0.046120702408125096,0.22209749370997553
logreg_np_tuned,r1f1,1,1,59,72,1,0.8085647195334229,0.22209749370997553
logreg_np_tuned,r1f1,1,1,60,73,0,0.004110976941488991,0.22209749370997553
logreg_np_tuned,r1f1,1,1,61,74,1,0.7399675777879194,0.22209749370997553
logreg_np_tuned,r1f1,1,1,80,97,1,0.32722226212663647,0.22209749370997553
logreg_np_tuned,r1f1,1,1,87,104,0,0.30942336484958427,0.22209749370997553
logreg_np_tuned,r1f1,1,1,88,105,1,0.3250032382353285,0.22209749370997553
logreg_np_tuned,r1f1,1,1,90,107,1,0.29821179812951537,0.22209749370997553
logreg_np_tuned,r1f1,1,1,107,125,0,0.03448865752219744,0.22209749370997553
logreg_np_tuned,r1f1,1,1,108,126,0,0.031165335170320226,0.22209749370997553
logreg_np_tuned,r1f1,1,1,109,127,0,0.03280635881424375,0.22209749370997553
logreg_np_tuned,r1f1,1,1,110,128,0,0.03158728569814858,0.22209749370997553
logreg_np_tuned,r1f1,1,1,111,129,0,0.032918735579581596,0.22209749370997553
logreg_np_tuned,r1f1,1,1,112,130,0,0.07236418629691248,0.22209749370997553
logreg_np_tuned,r1f1,1,1,113,131,1,0.9340560863018142,0.22209749370997553
logreg_np_tuned,r1f1,1,1,114,132,1,0.7013819691622205,0.22209749370997553
logreg_np_tuned,r1f1,1,1,115,133,1,0.40845974120085393,0.22209749370997553
logreg_np_tuned,r1f1,1,1,116,134,0,0.23506951083882163,0.22209749370997553
logreg_np_tuned,r1f1,1,1,117,135,1,0.6359211696427317,0.22209749370997553
logreg_np_tuned,r1f1,1,1,118,136,1,0.4913353343034138,0.22209749370997553
logreg_np_tuned,r1f1,1,1,119,137,1,0.46670189409439083,0.22209749370997553
logreg_np_tuned,r1f1,1,1,120,139,1,0.9303122196126233,0.22209749370997553
logreg_np_tuned,r1f1,1,1,128,147,0,0.03201476027732974,0.22209749370997553
logreg_np_tuned,r1f1,1,1,138,157,0,0.044002733434455835,0.22209749370997553
logreg_np_tuned,r1f1,1,1,139,158,0,0.041223064168104354,0.22209749370997553
logreg_np_tuned,r1f1,1,1,140,159,0,0.03655788632664742,0.22209749370997553
logreg_np_tuned,r1f1,1,1,141,160,0,0.03682555713374005,0.22209749370997553
logreg_np_tuned,r1f1,1,1,183,202,0,0.2722785987694284,0.22209749370997553
logreg_np_tuned,r1f1,1,1,184,203,0,0.25874304036517853,0.22209749370997553
logreg_np_tuned,r1f1,1,1,185,204,1,0.1909573435508408,0.22209749370997553
logreg_np_tuned,r1f1,1,1,186,205,1,0.18493059737820602,0.22209749370997553
logreg_np_tuned,r1f1,1,1,187,206,1,0.43559260410389905,0.22209749370997553
logreg_np_tuned,r1f1,1,1,188,207,1,0.5535004450355819,0.22209749370997553
logreg_np_tuned,r1f1,1,1,189,208,1,0.4550995988407483,0.22209749370997553
logreg_np_tuned,r1f1,1,1,190,209,0,0.0688742535879673,0.22209749370997553
logreg_np_tuned,r1f1,1,1,191,211,0,0.27190530205616775,0.22209749370997553
logreg_np_tuned,r1f1,1,1,192,212,0,0.20372778957158474,0.22209749370997553
logreg_np_tuned,r1f1,1,1,207,228,0,0.27489873889624,0.22209749370997553
logreg_np_tuned,r1f1,1,1,208,229,1,0.7040017116724396,0.22209749370997553
logreg_np_tuned,r1f1,1,1,209,230,0,0.16499652530735195,0.22209749370997553
logreg_np_tuned,r1f1,1,1,214,235,0,0.12037843171439244,0.22209749370997553
logreg_np_tuned,r1f1,1,1,215,236,0,0.3664616484951505,0.22209749370997553
logreg_np_tuned,r1f1,1,1,216,238,1,0.6129183549168016,0.22209749370997553
logreg_np_tuned,r1f1,1,1,217,239,0,0.04883671949000798,0.22209749370997553
logreg_np_tuned,r1f1,1,1,218,240,0,0.048311745756699075,0.22209749370997553
logreg_np_tuned,r1f2,1,2,24,36,0,0.17675531848947007,0.19683695172575844
logreg_np_tuned,r1f2,1,2,41,54,0,0.2035694346577136,0.19683695172575844
logreg_np_tuned,r1f2,1,2,42,55,1,0.19897852893429188,0.19683695172575844
logreg_np_tuned,r1f2,1,2,43,56,1,0.19674088729597014,0.19683695172575844
logreg_np_tuned,r1f2,1,2,44,57,0,0.38895912287476697,0.19683695172575844
logreg_np_tuned,r1f2,1,2,72,88,1,0.4861982316911929,0.19683695172575844
logreg_np_tuned,r1f2,1,2,73,89,1,0.5121200315030957,0.19683695172575844
logreg_np_tuned,r1f2,1,2,74,90,1,0.5091152881338178,0.19683695172575844
logreg_np_tuned,r1f2,1,2,75,91,1,0.5049827347087684,0.19683695172575844
logreg_np_tuned,r1f2,1,2,76,92,1,0.5735220223676285,0.19683695172575844
logreg_np_tuned,r1f2,1,2,77,93,1,0.9026655384672108,0.19683695172575844
logreg_np_tuned,r1f2,1,2,78,94,0,0.409367053614182,0.19683695172575844
logreg_np_tuned,r1f2,1,2,79,95,0,0.3747426298488058,0.19683695172575844
logreg_np_tuned,r1f2,1,2,96,113,0,0.13469435473789,0.19683695172575844
logreg_np_tuned,r1f2,1,2,97,115,0,0.13071577187586508,0.19683695172575844
logreg_np_tuned,r1f2,1,2,98,116,0,0.11749255707328216,0.19683695172575844
logreg_np_tuned,r1f2,1,2,99,117,0,0.07041759050012973,0.19683695172575844
logreg_np_tuned,r1f2,1,2,100,118,0,0.2893618174293042,0.19683695172575844
logreg_np_tuned,r1f2,1,2,121,140,0,0.022047374336172102,0.19683695172575844
logreg_np_tuned,r1f2,1,2,122,141,0,0.018695320133525907,0.19683695172575844
logreg_np_tuned,r1f2,1,2,123,142,0,0.016128376950638002,0.19683695172575844
logreg_np_tuned,r1f2,1,2,124,143,0,0.017085431702380343,0.19683695172575844
logreg_np_tuned,r1f2,1,2,132,151,1,0.09700491930195984,0.19683695172575844
logreg_np_tuned,r1f2,1,2,133,152,0,0.09024745175740992,0.19683695172575844
logreg_np_tuned,r1f2,1,2,134,153,0,0.08368616525529118,0.19683695172575844
logreg_np_tuned,r1f2,1,2,135,154,0,0.06853674834081262,0.19683695172575844
logreg_np_tuned,r1f2,1,2,136,155,0,0.35540342787189033,0.19683695172575844
logreg_np_tuned,r1f2,1,2,137,156,1,0.908103253731169,0.19683695172575844
logreg_np_tuned,r1f2,1,2,146,165,0,0.7317233027259141,0.19683695172575844
logreg_np_tuned,r1f2,1,2,147,166,0,0.018008912394971655,0.19683695172575844
logreg_np_tuned,r1f2,1,2,148,167,0,0.01576627352400086,0.19683695172575844
logreg_np_tuned,r1f2,1,2,152,171,0,0.06342099907698479,0.19683695172575844
logreg_np_tuned,r1f2,1,2,153,172,0,0.5224372872740712,0.19683695172575844
logreg_np_tuned,r1f2,1,2,154,173,1,0.9063557971987599,0.19683695172575844
logreg_np_tuned,r1f2,1,2,155,174,1,0.8547076175727787,0.19683695172575844
logreg_np_tuned,r1f2,1,2,156,175,1,0.7277061491046694,0.19683695172575844
logreg_np_tuned,r1f2,1,2,157,176,0,0.4401832230948002,0.19683695172575844
logreg_np_tuned,r1f2,1,2,158,177,0,0.38523663395469665,0.19683695172575844
logreg_np_tuned,r1f2,1,2,170,189,0,0.09582642219932541,0.19683695172575844
logreg_np_tuned,r1f2,1,2,171,190,0,0.08322628420496168,0.19683695172575844
logreg_np_tuned,r1f2,1,2,172,191,0,0.07265545138863733,0.19683695172575844
logreg_np_tuned,r1f2,1,2,173,192,0,0.06269428695405597,0.19683695172575844
logreg_np_tuned,r1f2,1,2,174,193,0,0.056869263744717735,0.19683695172575844
logreg_np_tuned,r1f2,1,2,175,194,0,0.041184900887075666,0.19683695172575844
logreg_np_tuned,r1f2,1,2,176,195,0,0.2039147134372018,0.19683695172575844
logreg_np_tuned,r1f2,1,2,227,250,1,0.46613664168722385,0.19683695172575844
logreg_np_tuned,r1f2,1,2,230,253,0,0.13730757813101782,0.19683695172575844
logreg_np_tuned,r1f2,1,2,231,254,1,0.1401811934084636,0.19683695172575844
logreg_np_tuned,r1f3,1,3,13,25,1,0.8877282439398735,0.19622257042135138
logreg_np_tuned,r1f3,1,3,14,26,1,0.911808512416286,0.19622257042135138
logreg_np_tuned,r1f3,1,3,15,27,1,0.8252932019877243,0.19622257042135138
logreg_np_tuned,r1f3,1,3,16,28,1,0.9235411038766362,0.19622257042135138
logreg_np_tuned,r1f3,1,3,28,40,1,0.9146960211865781,0.19622257042135138
logreg_np_tuned,r1f3,1,3,29,41,1,0.905767480098445,0.19622257042135138
logreg_np_tuned,r1f3,1,3,30,42,1,0.9644780099506689,0.19622257042135138
logreg_np_tuned,r1f3,1,3,31,43,1,0.9611862149987014,0.19622257042135138
logreg_np_tuned,r1f3,1,3,56,69,1,0.7682247683969313,0.19622257042135138
logreg_np_tuned,r1f3,1,3,64,77,0,0.03932959869061702,0.19622257042135138
logreg_np_tuned,r1f3,1,3,65,78,0,0.033243136100374326,0.19622257042135138
logreg_np_tuned,r1f3,1,3,101,119,0,0.24200130388820543,0.19622257042135138
logreg_np_tuned,r1f3,1,3,102,120,0,0.2961683050001626,0.19622257042135138
logreg_np_tuned,r1f3,1,3,103,121,0,0.07344756098736151,0.19622257042135138
logreg_np_tuned,r1f3,1,3,104,122,0,0.060620438915077686,0.19622257042135138
logreg_np_tuned,r1f3,1,3,105,123,0,0.0713494564003875,0.19622257042135138
logreg_np_tuned,r1f3,1,3,106,124,0,0.05244087418216356,0.19622257042135138
logreg_np_tuned,r1f3,1,3,193,213,0,0.011719872631968609,0.19622257042135138
logreg_np_tuned,r1f3,1,3,194,214,0,0.4636878734657475,0.19622257042135138
logreg_np_tuned,r1f3,1,3,195,215,0,0.04103646855040029,0.19622257042135138
logreg_np_tuned,r1f3,1,3,196,216,0,0.033326914131974465,0.19622257042135138
logreg_np_tuned,r1f3,1,3,202,222,0,0.1866005356048113,0.19622257042135138
logreg_np_tuned,r1f3,1,3,203,224,1,0.7138372791274155,0.19622257042135138
logreg_np_tuned,r1f3,1,3,205,226,0,0.06851250187678669,0.19622257042135138
logreg_np_tuned,r1f3,1,3,206,227,0,0.07121934712374116,0.19622257042135138
logreg_np_tuned,r1f3,1,3,211,232,0,0.07377803052610903,0.19622257042135138
logreg_np_tuned,r1f3,1,3,212,233,1,0.429419863075315,0.19622257042135138
logreg_np_tuned,r1f3,1,3,213,234,1,0.44300059750864457,0.19622257042135138
logreg_np_tuned,r1f3,1,3,221,244,0,0.01729229182740029,0.19622257042135138
logreg_np_tuned,r1f3,1,3,222,245,0,0.012875486705980245,0.19622257042135138
logreg_np_tuned,r1f3,1,3,223,246,0,0.007293616509956573,0.19622257042135138
logreg_np_tuned,r1f3,1,3,224,247,0,0.006310311289943091,0.19622257042135138
logreg_np_tuned,r1f3,1,3,232,255,0,0.10791993633168394,0.19622257042135138
logreg_np_tuned,r1f3,1,3,233,256,0,0.10867422862348311,0.19622257042135138
logreg_np_tuned,r1f3,1,3,234,257,0,0.09488750929774824,0.19622257042135138
logreg_np_tuned,r1f3,1,3,235,258,0,0.16651034901455602,0.19622257042135138
logreg_np_tuned,r1f3,1,3,236,259,0,0.2830362903517694,0.19622257042135138
logreg_np_tuned,r1f3,1,3,237,260,0,0.04695425315300015,0.19622257042135138
logreg_np_tuned,r1f3,1,3,238,261,0,0.13152156785645414,0.19622257042135138
logreg_np_tuned,r1f3,1,3,239,262,0,0.0761345618497811,0.19622257042135138
logreg_np_tuned,r1f3,1,3,240,263,0,0.06090507012755866,0.19622257042135138
logreg_np_tuned,r1f3,1,3,246,269,0,0.14785120811758126,0.19622257042135138
logreg_np_tuned,r1f3,1,3,247,270,1,0.3478195408159947,0.19622257042135138
logreg_np_tuned,r1f3,1,3,248,271,0,0.01442346188250288,0.19622257042135138
logreg_np_tuned,r1f3,1,3,249,272,0,0.01402194094841252,0.19622257042135138
logreg_np_tuned,r1f3,1,3,250,273,0,0.17590447219477878,0.19622257042135138
logreg_np_tuned,r1f3,1,3,251,274,0,0.44548386027160725,0.19622257042135138
logreg_np_tuned,r1f4,1,4,17,29,1,0.9969525890583733,0.19216958260974493
logreg_np_tuned,r1f4,1,4,18,30,0,0.9982820442936471,0.19216958260974493
logreg_np_tuned,r1f4,1,4,19,31,1,0.9976608302481692,0.19216958260974493
logreg_np_tuned,r1f4,1,4,20,32,1,0.9991352053370102,0.19216958260974493
logreg_np_tuned,r1f4,1,4,32,44,1,0.998581020661003,0.19216958260974493
logreg_np_tuned,r1f4,1,4,33,45,0,0.9965486129813885,0.19216958260974493
logreg_np_tuned,r1f4,1,4,40,52,1,0.9963871279115918,0.19216958260974493
logreg_np_tuned,r1f4,1,4,68,84,0,0.0005821916310582433,0.19216958260974493
logreg_np_tuned,r1f4,1,4,69,85,0,0.0006069246299278778,0.19216958260974493
logreg_np_tuned,r1f4,1,4,70,86,0,0.0010597512358654334,0.19216958260974493
logreg_np_tuned,r1f4,1,4,71,87,0,0.0007410684317319236,0.19216958260974493
logreg_np_tuned,r1f4,1,4,81,98,0,0.4989688123708024,0.19216958260974493
logreg_np_tuned,r1f4,1,4,82,99,0,0.6291881357356043,0.19216958260974493
logreg_np_tuned,r1f4,1,4,83,100,0,0.049012514765056844,0.19216958260974493
logreg_np_tuned,r1f4,1,4,84,101,0,0.10379608230556925,0.19216958260974493
logreg_np_tuned,r1f4,1,4,89,106,1,0.3845269059259637,0.19216958260974493
logreg_np_tuned,r1f4,1,4,91,108,1,0.5218512222123448,0.19216958260974493
logreg_np_tuned,r1f4,1,4,125,144,0,0.27191147507256147,0.19216958260974493
logreg_np_tuned,r1f4,1,4,126,145,0,0.2402216125343717,0.19216958260974493
logreg_np_tuned,r1f4,1,4,127,146,0,0.4250151438868048,0.19216958260974493
logreg_np_tuned,r1f4,1,4,129,148,1,0.7317366853967548,0.19216958260974493
logreg_np_tuned,r1f4,1,4,130,149,1,0.8961998897754277,0.19216958260974493
logreg_np_tuned,r1f4,1,4,131,150,0,0.29628465786166225,0.19216958260974493
logreg_np_tuned,r1f4,1,4,149,168,1,0.21093905759297785,0.19216958260974493
logreg_np_tuned,r1f4,1,4,150,169,0,0.21372400044581177,0.19216958260974493
logreg_np_tuned,r1f4,1,4,151,170,0,0.2884390603777742,0.19216958260974493
logreg_np_tuned,r1f4,1,4,159,178,0,0.3984801684826438,0.19216958260974493
logreg_np_tuned,r1f4,1,4,160,179,1,0.9701398933291459,0.19216958260974493
logreg_np_tuned,r1f4,1,4,164,183,0,0.5156156133861145,0.19216958260974493
logreg_np_tuned,r1f4,1,4,165,184,0,0.4533125355901943,0.19216958260974493
logreg_np_tuned,r1f4,1,4,166,185,0,0.3310358433575489,0.19216958260974493
logreg_np_tuned,r1f4,1,4,167,186,0,0.2732371967911935,0.19216958260974493
logreg_np_tuned,r1f4,1,4,177,196,0,0.3795750609642832,0.19216958260974493
logreg_np_tuned,r1f4,1,4,178,197,0,0.3943487241819307,0.19216958260974493
logreg_np_tuned,r1f4,1,4,179,198,1,0.9195295535622706,0.19216958260974493
logreg_np_tuned,r1f4,1,4,180,199,0,0.24635253111532762,0.19216958260974493
logreg_np_tuned,r1f4,1,4,181,200,0,0.14378080628547016,0.19216958260974493
logreg_np_tuned,r1f4,1,4,182,201,0,0.12721868946746612,0.19216958260974493
logreg_np_tuned,r1f4,1,4,199,219,0,0.0007168119125946856,0.19216958260974493
logreg_np_tuned,r1f4,1,4,200,220,0,0.00041389174244252716,0.19216958260974493
logreg_np_tuned,r1f4,1,4,201,221,0,0.0003808395281846493,0.19216958260974493
logreg_np_tuned,r1f4,1,4,225,248,0,0.0002142980006137454,0.19216958260974493
logreg_np_tuned,r1f4,1,4,226,249,0,0.29380624431867575,0.19216958260974493
logreg_np_tuned,r1f4,1,4,228,251,0,0.5696690921066522,0.19216958260974493
logreg_np_tuned,r1f4,1,4,229,252,1,0.5635355184217251,0.19216958260974493
logreg_np_tuned,r2f0,2,0,13,25,1,0.8828441056614764,0.22595309098155944
logreg_np_tuned,r2f0,2,0,14,26,1,0.906126240644741,0.22595309098155944
logreg_np_tuned,r2f0,2,0,15,27,1,0.8163875869012686,0.22595309098155944
logreg_np_tuned,r2f0,2,0,16,28,1,0.9236936956540046,0.22595309098155944
logreg_np_tuned,r2f0,2,0,28,40,1,0.9089498951738076,0.22595309098155944
logreg_np_tuned,r2f0,2,0,29,41,1,0.9002426134142977,0.22595309098155944
logreg_np_tuned,r2f0,2,0,30,42,1,0.9663566764522749,0.22595309098155944
logreg_np_tuned,r2f0,2,0,31,43,1,0.9630139091257851,0.22595309098155944
logreg_np_tuned,r2f0,2,0,52,65,0,0.04679291822051737,0.22595309098155944
logreg_np_tuned,r2f0,2,0,53,66,0,0.0384784853112076,0.22595309098155944
logreg_np_tuned,r2f0,2,0,54,67,0,0.05366293489607857,0.22595309098155944
logreg_np_tuned,r2f0,2,0,55,68,0,0.03725257770879774,0.22595309098155944
logreg_np_tuned,r2f0,2,0,57,70,0,0.004977449683938328,0.22595309098155944
logreg_np_tuned,r2f0,2,0,58,71,0,0.036147917824237936,0.22595309098155944
logreg_np_tuned,r2f0,2,0,59,72,1,0.8394547186818887,0.22595309098155944
logreg_np_tuned,r2f0,2,0,60,73,0,0.005277914793747782,0.22595309098155944
logreg_np_tuned,r2f0,2,0,61,74,1,0.7792681812143,0.22595309098155944
logreg_np_tuned,r2f0,2,0,85,102,0,0.1325838262039239,0.22595309098155944
logreg_np_tuned,r2f0,2,0,86,103,0,0.06164369926501652,0.22595309098155944
logreg_np_tuned,r2f0,2,0,92,109,0,0.15327803124427997,0.22595309098155944
logreg_np_tuned,r2f0,2,0,93,110,0,0.13186237555207195,0.22595309098155944
logreg_np_tuned,r2f0,2,0,94,111,1,0.14744407466868528,0.22595309098155944
logreg_np_tuned,r2f0,2,0,95,112,1,0.16717834234930712,0.22595309098155944
logreg_np_tuned,r2f0,2,0,96,113,0,0.11494062870084454,0.22595309098155944
logreg_np_tuned,r2f0,2,0,97,115,0,0.10943504316073108,0.22595309098155944
logreg_np_tuned,r2f0,2,0,98,116,0,0.09185212097779703,0.22595309098155944
logreg_np_tuned,r2f0,2,0,99,117,0,0.052426020273213324,0.22595309098155944
logreg_np_tuned,r2f0,2,0,100,118,0,0.21352877085415342,0.22595309098155944
logreg_np_tuned,r2f0,2,0,149,168,1,0.19428470101185774,0.22595309098155944
logreg_np_tuned,r2f0,2,0,150,169,0,0.19503835934713182,0.22595309098155944
logreg_np_tuned,r2f0,2,0,151,170,0,0.21379177502233868,0.22595309098155944
logreg_np_tuned,r2f0,2,0,192,212,0,0.24333369883607794,0.22595309098155944
logreg_np_tuned,r2f0,2,0,204,225,0,0.10941086328701126,0.22595309098155944
logreg_np_tuned,r2f0,2,0,210,231,1,0.4616020164239482,0.22595309098155944
logreg_np_tuned,r2f0,2,0,223,246,0,0.008582062104999212,0.22595309098155944
logreg_np_tuned,r2f0,2,0,224,247,0,0.00750933234262221,0.22595309098155944
logreg_np_tuned,r2f0,2,0,225,248,0,0.006729941317234021,0.22595309098155944
logreg_np_tuned,r2f0,2,0,237,260,0,0.05745627511102266,0.22595309098155944
logreg_np_tuned,r2f0,2,0,238,261,0,0.1680360736209009,0.22595309098155944
logreg_np_tuned,r2f0,2,0,239,262,0,0.0896271762171921,0.22595309098155944
logreg_np_tuned,r2f0,2,0,240,263,0,0.07314596389740946,0.22595309098155944
logreg_np_tuned,r2f0,2,0,241,264,0,0.03664135498727967,0.22595309098155944
logreg_np_tuned,r2f0,2,0,242,265,0,0.03042636404262748,0.22595309098155944
logreg_np_tuned,r2f0,2,0,243,266,0,0.024885537187653742,0.22595309098155944
logreg_np_tuned,r2f0,2,0,244,267,0,0.2950447159285301,0.22595309098155944
logreg_np_tuned,r2f0,2,0,245,268,0,0.4835485659486633,0.22595309098155944
logreg_np_tuned,r2f1,2,1,45,58,0,0.17374019424493833,0.1865225305082534
logreg_np_tuned,r2f1,2,1,46,59,0,0.1188418916900744,0.1865225305082534
logreg_np_tuned,r2f1,2,1,47,60,0,0.152998362062692,0.1865225305082534
logreg_np_tuned,r2f1,2,1,48,61,0,0.1729029528157729,0.1865225305082534
logreg_np_tuned,r2f1,2,1,49,62,0,0.1252445141150744,0.1865225305082534
logreg_np_tuned,r2f1,2,1,50,63,1,0.6675741664542881,0.1865225305082534
logreg_np_tuned,r2f1,2,1,51,64,0,0.3972587268097986,0.1865225305082534
logreg_np_tuned,r2f1,2,1,107,125,0,0.01767178097429902,0.1865225305082534
logreg_np_tuned,r2f1,2,1,108,126,0,0.010954881588505353,0.1865225305082534
logreg_np_tuned,r2f1,2,1,109,127,0,0.013959544383740603,0.1865225305082534
logreg_np_tuned,r2f1,2,1,110,128,0,0.011673660356149798,0.1865225305082534
logreg_np_tuned,r2f1,2,1,111,129,0,0.015354041175966573,0.1865225305082534
logreg_np_tuned,r2f1,2,1,112,130,0,0.03576536197546665,0.1865225305082534
logreg_np_tuned,r2f1,2,1,113,131,1,0.9601190251953019,0.1865225305082534
logreg_np_tuned,r2f1,2,1,114,132,1,0.7864462449947706,0.1865225305082534
logreg_np_tuned,r2f1,2,1,115,133,1,0.5061109266682648,0.1865225305082534
logreg_np_tuned,r2f1,2,1,116,134,0,0.30545136554036395,0.1865225305082534
logreg_np_tuned,r2f1,2,1,117,135,1,0.7299076596126124,0.1865225305082534
logreg_np_tuned,r2f1,2,1,118,136,1,0.5927126624384955,0.1865225305082534
logreg_np_tuned,r2f1,2,1,119,137,1,0.5675912611153221,0.1865225305082534
logreg_np_tuned,r2f1,2,1,120,139,1,0.9576803094534059,0.1865225305082534
logreg_np_tuned,r2f1,2,1,128,147,0,0.01243900696720253,0.1865225305082534
logreg_np_tuned,r2f1,2,1,173,192,0,0.047363371045566226,0.1865225305082534
logreg_np_tuned,r2f1,2,1,174,193,0,0.03215276564631131,0.1865225305082534
logreg_np_tuned,r2f1,2,1,175,194,0,0.019224178304441893,0.1865225305082534
logreg_np_tuned,r2f1,2,1,176,195,0,0.10360332462720542,0.1865225305082534
logreg_np_tuned,r2f1,2,1,202,222,0,0.18512698205066241,0.1865225305082534
logreg_np_tuned,r2f1,2,1,203,224,1,0.7357611488682935,0.1865225305082534
logreg_np_tuned,r2f1,2,1,205,226,0,0.04855419149057745,0.1865225305082534
logreg_np_tuned,r2f1,2,1,206,227,0,0.053060192915302486,0.1865225305082534
logreg_np_tuned,r2f1,2,1,211,232,0,0.04655631944048313,0.1865225305082534
logreg_np_tuned,r2f1,2,1,212,233,1,0.37700029115096945,0.1865225305082534
logreg_np_tuned,r2f1,2,1,213,234,1,0.3916447656818434,0.1865225305082534
logreg_np_tuned,r2f1,2,1,214,235,0,0.0871721820304579,0.1865225305082534
logreg_np_tuned,r2f1,2,1,215,236,0,0.301004746092077,0.1865225305082534
logreg_np_tuned,r2f1,2,1,216,238,1,0.5522386078466491,0.1865225305082534
logreg_np_tuned,r2f1,2,1,217,239,0,0.02738398656387141,0.1865225305082534
logreg_np_tuned,r2f1,2,1,218,240,0,0.02601757123665419,0.1865225305082534
logreg_np_tuned,r2f1,2,1,232,255,0,0.08553959381356571,0.1865225305082534
logreg_np_tuned,r2f1,2,1,233,256,0,0.08692084041269155,0.1865225305082534
logreg_np_tuned,r2f1,2,1,234,257,0,0.06352202662211397,0.1865225305082534
logreg_np_tuned,r2f1,2,1,235,258,0,0.11240539077433545,0.1865225305082534
logreg_np_tuned,r2f1,2,1,236,259,0,0.21365801422211309,0.1865225305082534
logreg_np_tuned,r2f1,2,1,246,269,0,0.07362740123711928,0.1865225305082534
logreg_np_tuned,r2f1,2,1,247,270,1,0.21862444312362292,0.1865225305082534
logreg_np_tuned,r2f1,2,1,248,271,0,0.005650648579361347,0.1865225305082534
logreg_np_tuned,r2f1,2,1,249,272,0,0.005300733886369635,0.1865225305082534
logreg_np_tuned,r2f2,2,2,0,1,1,0.3262300669683573,0.2728316362526515
logreg_np_tuned,r2f2,2,2,1,2,0,0.33623612979303924,0.2728316362526515
logreg_np_tuned,r2f2,2,2,2,3,0,0.3215748646340709,0.2728316362526515
logreg_np_tuned,r2f2,2,2,3,4,0,0.3481983490283684,0.2728316362526515
logreg_np_tuned,r2f2,2,2,4,5,0,0.3398036463789468,0.2728316362526515
logreg_np_tuned,r2f2,2,2,5,6,0,0.3776768506719152,0.2728316362526515
logreg_np_tuned,r2f2,2,2,6,7,1,0.9894751200962169,0.2728316362526515
logreg_np_tuned,r2f2,2,2,7,8,1,0.6598662128526641,0.2728316362526515
logreg_np_tuned,r2f2,2,2,17,29,1,0.9971933874831566,0.2728316362526515
logreg_np_tuned,r2f2,2,2,18,30,0,0.997662460094739,0.2728316362526515
logreg_np_tuned,r2f2,2,2,19,31,1,0.9957053160236318,0.2728316362526515
logreg_np_tuned,r2f2,2,2,20,32,1,0.9986359344341194,0.2728316362526515
logreg_np_tuned,r2f2,2,2,21,33,0,0.3826860841331465,0.2728316362526515
logreg_np_tuned,r2f2,2,2,22,34,0,0.46488457554184953,0.2728316362526515
logreg_np_tuned,r2f2,2,2,23,35,0,0.07101196957286586,0.2728316362526515
logreg_np_tuned,r2f2,2,2,32,44,1,0.9978007395250351,0.2728316362526515
logreg_np_tuned,r2f2,2,2,33,45,0,0.9970795938265824,0.2728316362526515
logreg_np_tuned,r2f2,2,2,34,46,1,0.3927787317033982,0.2728316362526515
logreg_np_tuned,r2f2,2,2,35,47,1,0.30777463684204015,0.2728316362526515
logreg_np_tuned,r2f2,2,2,36,48,1,0.4497180848297279,0.2728316362526515
logreg_np_tuned,r2f2,2,2,37,49,0,0.23687829682342162,0.2728316362526515
logreg_np_tuned,r2f2,2,2,38,50,0,0.1729116094773525,0.2728316362526515
logreg_np_tuned,r2f2,2,2,39,51,1,0.9310586008595599,0.2728316362526515
logreg_np_tuned,r2f2,2,2,40,52,1,0.992917461749931,0.2728316362526515
logreg_np_tuned,r2f2,2,2,125,144,0,0.22304036105132455,0.2728316362526515
logreg_np_tuned,r2f2,2,2,126,145,0,0.21396641901885577,0.2728316362526515
logreg_np_tuned,r2f2,2,2,127,146,0,0.26305656001527017,0.2728316362526515
logreg_np_tuned,r2f2,2,2,129,148,1,0.727212822205755,0.2728316362526515
logreg_np_tuned,r2f2,2,2,130,149,1,0.9097049908855585,0.2728316362526515
logreg_np_tuned,r2f2,2,2,131,150,0,0.23587373529361136,0.2728316362526515
logreg_np_tuned,r2f2,2,2,132,151,1,0.039783357235627065,0.2728316362526515
logreg_np_tuned,r2f2,2,2,133,152,0,0.03473871960426969,0.2728316362526515
logreg_np_tuned,r2f2,2,2,134,153,0,0.03015773365981316,0.2728316362526515
logreg_np_tuned,r2f2,2,2,135,154,0,0.006259960797763055,0.2728316362526515
logreg_np_tuned,r2f2,2,2,136,155,0,0.1705368692345477,0.2728316362526515
logreg_np_tuned,r2f2,2,2,137,156,1,0.9681028598229544,0.2728316362526515
logreg_np_tuned,r2f2,2,2,142,161,0,0.0016960316177850134,0.2728316362526515
logreg_np_tuned,r2f2,2,2,143,162,0,0.0014198238597533876,0.2728316362526515
logreg_np_tuned,r2f2,2,2,144,163,0,0.0012566672961053854,0.2728316362526515
logreg_np_tuned,r2f2,2,2,145,164,0,0.0012566672961053854,0.2728316362526515
logreg_np_tuned,r2f2,2,2,146,165,0,0.7658443484052749,0.2728316362526515
logreg_np_tuned,r2f2,2,2,152,171,0,0.005426429909811427,0.2728316362526515
logreg_np_tuned,r2f2,2,2,153,172,0,0.4022624272673134,0.2728316362526515
logreg_np_tuned,r2f2,2,2,154,173,1,0.9669744081398608,0.2728316362526515
logreg_np_tuned,r2f2,2,2,170,189,0,0.03887977127040047,0.2728316362526515
logreg_np_tuned,r2f2,2,2,171,190,0,0.0298484030693425,0.2728316362526515
logreg_np_tuned,r2f2,2,2,172,191,0,0.02316375164925082,0.2728316362526515
logreg_np_tuned,r2f2,2,2,177,196,0,0.3220768676872395,0.2728316362526515
logreg_np_tuned,r2f2,2,2,178,197,0,0.3379645232389204,0.2728316362526515
logreg_np_tuned,r2f2,2,2,179,198,1,0.9329825034823678,0.2728316362526515
logreg_np_tuned,r2f2,2,2,180,199,0,0.21575948205457343,0.2728316362526515
logreg_np_tuned,r2f2,2,2,181,200,0,0.18195907317266716,0.2728316362526515
logreg_np_tuned,r2f2,2,2,182,201,0,0.1753314105972954,0.2728316362526515
logreg_np_tuned,r2f2,2,2,183,202,0,0.42617597934607804,0.2728316362526515
logreg_np_tuned,r2f2,2,2,184,203,0,0.3908790824359459,0.2728316362526515
logreg_np_tuned,r2f2,2,2,185,204,1,0.17811101337723317,0.2728316362526515
logreg_np_tuned,r2f2,2,2,186,205,1,0.16783299199657153,0.2728316362526515
logreg_np_tuned,r2f2,2,2,187,206,1,0.6517556531986953,0.2728316362526515
logreg_np_tuned,r2f2,2,2,188,207,1,0.8159507794243335,0.2728316362526515
logreg_np_tuned,r2f2,2,2,189,208,1,0.6836282344310534,0.2728316362526515
logreg_np_tuned,r2f2,2,2,190,209,0,0.01372840689315998,0.2728316362526515
logreg_np_tuned,r2f2,2,2,191,211,0,0.2094935402178634,0.2728316362526515
logreg_np_tuned,r2f2,2,2,207,228,0,0.33921086503812486,0.2728316362526515
logreg_np_tuned,r2f2,2,2,208,229,1,0.9355310617650603,0.2728316362526515
logreg_np_tuned,r2f2,2,2,209,230,0,0.13556875349249556,0.2728316362526515
logreg_np_tuned,r2f2,2,2,250,273,0,0.07363423756225174,0.2728316362526515
logreg_np_tuned,r2f2,2,2,251,274,0,0.5137458699133151,0.2728316362526515
logreg_np_tuned,r2f3,2,3,8,19,1,0.9826273798927888,0.19629097573005244
logreg_np_tuned,r2f3,2,3,9,20,1,0.9794654659633569,0.19629097573005244
logreg_np_tuned,r2f3,2,3,10,21,1,0.9800838850444562,0.19629097573005244
logreg_np_tuned,r2f3,2,3,11,22,1,0.9801514617216535,0.19629097573005244
logreg_np_tuned,r2f3,2,3,12,23,1,0.9921701087159696,0.19629097573005244
logreg_np_tuned,r2f3,2,3,25,37,1,0.9788282590485202,0.19629097573005244
logreg_np_tuned,r2f3,2,3,26,38,1,0.9807496273598935,0.19629097573005244
logreg_np_tuned,r2f3,2,3,27,39,1,0.9936580831309894,0.19629097573005244
logreg_np_tuned,r2f3,2,3,56,69,1,0.8427327785385816,0.19629097573005244
logreg_np_tuned,r2f3,2,3,62,75,0,0.01778014885060204,0.19629097573005244
logreg_np_tuned,r2f3,2,3,63,76,0,0.02232672491666556,0.19629097573005244
logreg_np_tuned,r2f3,2,3,64,77,0,0.03302520190226717,0.19629097573005244
logreg_np_tuned,r2f3,2,3,65,78,0,0.02635874336578662,0.19629097573005244
logreg_np_tuned,r2f3,2,3,66,79,0,0.07273499758519628,0.19629097573005244
logreg_np_tuned,r2f3,2,3,67,82,0,0.01969113617433534,0.19629097573005244
logreg_np_tuned,r2f3,2,3,78,94,0,0.43165254337069897,0.19629097573005244
logreg_np_tuned,r2f3,2,3,79,95,0,0.3956321214115121,0.19629097573005244
logreg_np_tuned,r2f3,2,3,101,119,0,0.29508671262590225,0.19629097573005244
logreg_np_tuned,r2f3,2,3,102,120,0,0.3653063052372058,0.19629097573005244
logreg_np_tuned,r2f3,2,3,103,121,0,0.08140696942431189,0.19629097573005244
logreg_np_tuned,r2f3,2,3,104,122,0,0.06313067106380538,0.19629097573005244
logreg_np_tuned,r2f3,2,3,105,123,0,0.07834883669433622,0.19629097573005244
logreg_np_tuned,r2f3,2,3,106,124,0,0.05205793048609126,0.19629097573005244
logreg_np_tuned,r2f3,2,3,121,140,0,0.021840711536600815,0.19629097573005244
logreg_np_tuned,r2f3,2,3,122,141,0,0.014916059425356634,0.19629097573005244
logreg_np_tuned,r2f3,2,3,123,142,0,0.010591383287241402,0.19629097573005244
logreg_np_tuned,r2f3,2,3,124,143,0,0.012106610903493843,0.19629097573005244
logreg_np_tuned,r2f3,2,3,155,174,1,0.8711571982182278,0.19629097573005244
logreg_np_tuned,r2f3,2,3,156,175,1,0.7511243787173293,0.19629097573005244
logreg_np_tuned,r2f3,2,3,157,176,0,0.5605721381284523,0.19629097573005244
logreg_np_tuned,r2f3,2,3,158,177,0,0.4304168184291127,0.19629097573005244
logreg_np_tuned,r2f3,2,3,193,213,0,0.008028945685975241,0.19629097573005244
logreg_np_tuned,r2f3,2,3,194,214,0,0.5322453376389996,0.19629097573005244
logreg_np_tuned,r2f3,2,3,195,215,0,0.034960534056112456,0.19629097573005244
logreg_np_tuned,r2f3,2,3,196,216,0,0.02644788671794462,0.19629097573005244
logreg_np_tuned,r2f3,2,3,197,217,0,0.02429957835207429,0.19629097573005244
logreg_np_tuned,r2f3,2,3,198,218,0,0.01909762166088573,0.19629097573005244
logreg_np_tuned,r2f3,2,3,219,241,0,0.019626121005621246,0.19629097573005244
logreg_np_tuned,r2f3,2,3,220,243,0,0.5725884593464567,0.19629097573005244
logreg_np_tuned,r2f3,2,3,226,249,0,0.1938125308381162,0.19629097573005244
logreg_np_tuned,r2f3,2,3,227,250,1,0.509465715694735,0.19629097573005244
logreg_np_tuned,r2f3,2,3,228,251,0,0.27504916337156193,0.19629097573005244
logreg_np_tuned,r2f3,2,3,229,252,1,0.2729796278606579,0.19629097573005244
logreg_np_tuned,r2f3,2,3,230,253,0,0.15259674810300405,0.19629097573005244
logreg_np_tuned,r2f3,2,3,231,254,1,0.15991060733526422,0.19629097573005244
logreg_np_tuned,r2f4,2,4,24,36,0,0.19205775503177586,0.19679330622043734
logreg_np_tuned,r2f4,2,4,41,54,0,0.18001175580391357,0.19679330622043734
logreg_np_tuned,r2f4,2,4,42,55,1,0.1819436392085465,0.19679330622043734
logreg_np_tuned,r2f4,2,4,43,56,1,0.20361465608453144,0.19679330622043734
logreg_np_tuned,r2f4,2,4,44,57,0,0.38839620507978595,0.19679330622043734
logreg_np_tuned,r2f4,2,4,68,84,0,0.016537191320680888,0.19679330622043734
logreg_np_tuned,r2f4,2,4,69,85,0,0.016481501008983792,0.19679330622043734
logreg_np_tuned,r2f4,2,4,70,86,0,0.015752809490878747,0.19679330622043734
logreg_np_tuned,r2f4,2,4,71,87,0,0.016216744115164276,0.19679330622043734
logreg_np_tuned,r2f4,2,4,72,88,1,0.441209517345262,0.19679330622043734
logreg_np_tuned,r2f4,2,4,73,89,1,0.4295745485224282,0.19679330622043734
logreg_np_tuned,r2f4,2,4,74,90,1,0.43091980208752034,0.19679330622043734
logreg_np_tuned,r2f4,2,4,75,91,1,0.4327711878842949,0.19679330622043734
logreg_np_tuned,r2f4,2,4,76,92,1,0.5436641868435241,0.19679330622043734
logreg_np_tuned,r2f4,2,4,77,93,1,0.8823081201882776,0.19679330622043734
logreg_np_tuned,r2f4,2,4,80,97,1,0.24548961328056407,0.19679330622043734
logreg_np_tuned,r2f4,2,4,81,98,0,0.22803899917795648,0.19679330622043734
logreg_np_tuned,r2f4,2,4,82,99,0,0.2204029133273592,0.19679330622043734
logreg_np_tuned,r2f4,2,4,83,100,0,0.09897651978919543,0.19679330622043734
logreg_np_tuned,r2f4,2,4,84,101,0,0.1551958961204514,0.19679330622043734
logreg_np_tuned,r2f4,2,4,87,104,0,0.25384190257670336,0.19679330622043734
logreg_np_tuned,r2f4,2,4,88,105,1,0.24650751110152758,0.19679330622043734
logreg_np_tuned,r2f4,2,4,89,106,1,0.23487196995484785,0.19679330622043734
logreg_np_tuned,r2f4,2,4,90,107,1,0.2593374905935728,0.19679330622043734
logreg_np_tuned,r2f4,2,4,91,108,1,0.2267133923593176,0.19679330622043734
logreg_np_tuned,r2f4,2,4,138,157,0,0.027086650911261258,0.19679330622043734
logreg_np_tuned,r2f4,2,4,139,158,0,0.028080128421413515,0.19679330622043734
logreg_np_tuned,r2f4,2,4,140,159,0,0.029994159045901445,0.19679330622043734
logreg_np_tuned,r2f4,2,4,141,160,0,0.029874641327617982,0.19679330622043734
logreg_np_tuned,r2f4,2,4,147,166,0,0.011218381613868409,0.19679330622043734
logreg_np_tuned,r2f4,2,4,148,167,0,0.011924289581678535,0.19679330622043734
logreg_np_tuned,r2f4,2,4,159,178,0,0.3573602666029922,0.19679330622043734
logreg_np_tuned,r2f4,2,4,160,179,1,0.868233546989178,0.19679330622043734
logreg_np_tuned,r2f4,2,4,161,180,0,0.1603233695488591,0.19679330622043734
logreg_np_tuned,r2f4,2,4,162,181,0,0.5408503321497774,0.19679330622043734
logreg_np_tuned,r2f4,2,4,163,182,1,0.8611807263256184,0.19679330622043734
logreg_np_tuned,r2f4,2,4,164,183,0,0.22707438057288978,0.19679330622043734
logreg_np_tuned,r2f4,2,4,165,184,0,0.23070656394600308,0.19679330622043734
logreg_np_tuned,r2f4,2,4,166,185,0,0.23834123204036187,0.19679330622043734
logreg_np_tuned,r2f4,2,4,167,186,0,0.24247498887905736,0.19679330622043734
logreg_np_tuned,r2f4,2,4,168,187,0,0.10790312808896137,0.19679330622043734
logreg_np_tuned,r2f4,2,4,169,188,0,0.11406077805410214,0.19679330622043734
logreg_np_tuned,r2f4,2,4,199,219,0,0.016260577967269416,0.19679330622043734
logreg_np_tuned,r2f4,2,4,200,220,0,0.01700088403370071,0.19679330622043734
logreg_np_tuned,r2f4,2,4,201,221,0,0.017115904251061114,0.19679330622043734
logreg_np_tuned,r2f4,2,4,221,244,0,0.011632067197140238,0.19679330622043734
logreg_np_tuned,r2f4,2,4,222,245,0,0.012574850016224555,0.19679330622043734
logreg_np_tuned,r3f0,3,0,0,1,1,0.2217248980503943,0.20735777579807513
logreg_np_tuned,r3f0,3,0,1,2,0,0.22622598728140925,0.20735777579807513
logreg_np_tuned,r3f0,3,0,2,3,0,0.21962901840544233,0.20735777579807513
logreg_np_tuned,r3f0,3,0,3,4,0,0.23160366677528782,0.20735777579807513
logreg_np_tuned,r3f0,3,0,4,5,0,0.2278299616296155,0.20735777579807513
logreg_np_tuned,r3f0,3,0,5,6,0,0.24487110602399587,0.20735777579807513
logreg_np_tuned,r3f0,3,0,6,7,1,0.8908308849062055,0.20735777579807513
logreg_np_tuned,r3f0,3,0,7,8,1,0.4576198035703616,0.20735777579807513
logreg_np_tuned,r3f0,3,0,13,25,1,0.8592341658615034,0.20735777579807513
logreg_np_tuned,r3f0,3,0,14,26,1,0.8771647167119128,0.20735777579807513
logreg_np_tuned,r3f0,3,0,15,27,1,0.694877476414578,0.20735777579807513
logreg_np_tuned,r3f0,3,0,16,28,1,0.8692770476197239,0.20735777579807513
logreg_np_tuned,r3f0,3,0,21,33,0,0.24713158308284322,0.20735777579807513
logreg_np_tuned,r3f0,3,0,22,34,0,0.2848556232975083,0.20735777579807513
logreg_np_tuned,r3f0,3,0,23,35,0,0.11295402432875601,0.20735777579807513
logreg_np_tuned,r3f0,3,0,28,40,1,0.8794442241816504,0.20735777579807513
logreg_np_tuned,r3f0,3,0,29,41,1,0.8724944309556169,0.20735777579807513
logreg_np_tuned,r3f0,3,0,30,42,1,0.9436973769727944,0.20735777579807513
logreg_np_tuned,r3f0,3,0,31,43,1,0.937848272007956,0.20735777579807513
logreg_np_tuned,r3f0,3,0,34,46,1,0.25169442196086356,0.20735777579807513
logreg_np_tuned,r3f0,3,0,35,47,1,0.26281697156938016,0.20735777579807513
logreg_np_tuned,r3f0,3,0,36,48,1,0.2777721667258438,0.20735777579807513
logreg_np_tuned,r3f0,3,0,37,49,0,0.2241770745449387,0.20735777579807513
logreg_np_tuned,r3f0,3,0,38,50,0,0.18654642202787658,0.20735777579807513
logreg_np_tuned,r3f0,3,0,39,51,1,0.7240546334444062,0.20735777579807513
logreg_np_tuned,r3f0,3,0,56,69,1,0.8086643222716464,0.20735777579807513
logreg_np_tuned,r3f0,3,0,62,75,0,0.023499185514568335,0.20735777579807513
logreg_np_tuned,r3f0,3,0,63,76,0,0.02595876664086976,0.20735777579807513
logreg_np_tuned,r3f0,3,0,64,77,0,0.03620933401260243,0.20735777579807513
logreg_np_tuned,r3f0,3,0,65,78,0,0.03281123312577571,0.20735777579807513
logreg_np_tuned,r3f0,3,0,66,79,0,0.0625176545659011,0.20735777579807513
logreg_np_tuned,r3f0,3,0,67,82,0,0.024571039922467477,0.20735777579807513
logreg_np_tuned,r3f0,3,0,101,119,0,0.29868011824166807,0.20735777579807513
logreg_np_tuned,r3f0,3,0,102,120,0,0.36855372441059936,0.20735777579807513
logreg_np_tuned,r3f0,3,0,103,121,0,0.09239744705434846,0.20735777579807513
logreg_np_tuned,r3f0,3,0,104,122,0,0.08278817672293219,0.20735777579807513
logreg_np_tuned,r3f0,3,0,105,123,0,0.09087582995760948,0.20735777579807513
logreg_np_tuned,r3f0,3,0,106,124,0,0.07621424313198115,0.20735777579807513
logreg_np_tuned,r3f0,3,0,142,161,0,0.03725435613476297,0.20735777579807513
logreg_np_tuned,r3f0,3,0,143,162,0,0.033761619545016365,0.20735777579807513
logreg_np_tuned,r3f0,3,0,144,163,0,0.03154885318504515,0.20735777579807513
logreg_np_tuned,r3f0,3,0,145,164,0,0.03154885318504515,0.20735777579807513
logreg_np_tuned,r3f0,3,0,161,180,0,0.13278367339215683,0.20735777579807513
logreg_np_tuned,r3f0,3,0,162,181,0,0.5141068069639865,0.20735777579807513
logreg_np_tuned,r3f0,3,0,163,182,1,0.8607296931632014,0.20735777579807513
logreg_np_tuned,r3f0,3,0,168,187,0,0.14687319176076993,0.20735777579807513
logreg_np_tuned,r3f0,3,0,169,188,0,0.13033897059976418,0.20735777579807513
logreg_np_tuned,r3f0,3,0,183,202,0,0.26690537056034186,0.20735777579807513
logreg_np_tuned,r3f0,3,0,184,203,0,0.2508346466457747,0.20735777579807513
logreg_np_tuned,r3f0,3,0,185,204,1,0.18975578957239314,0.20735777579807513
logreg_np_tuned,r3f0,3,0,186,205,1,0.1833790499174278,0.20735777579807513
logreg_np_tuned,r3f0,3,0,187,206,1,0.4524096291752927,0.20735777579807513
logreg_np_tuned,r3f0,3,0,188,207,1,0.5776963635969447,0.20735777579807513
logreg_np_tuned,r3f0,3,0,189,208,1,0.47330151946327303,0.20735777579807513
logreg_np_tuned,r3f0,3,0,193,213,0,0.006773083320255538,0.20735777579807513
logreg_np_tuned,r3f0,3,0,194,214,0,0.4769048516546785,0.20735777579807513
logreg_np_tuned,r3f0,3,0,195,215,0,0.03712403658697055,0.20735777579807513
logreg_np_tuned,r3f0,3,0,196,216,0,0.03285961106431575,0.20735777579807513
logreg_np_tuned,r3f0,3,0,197,217,0,0.02693930493524898,0.20735777579807513
logreg_np_tuned,r3f0,3,0,198,218,0,0.024244574102715827,0.20735777579807513
logreg_np_tuned,r3f0,3,0,207,228,0,0.2794212007060914,0.20735777579807513
logreg_np_tuned,r3f0,3,0,208,229,1,0.7323710727405699,0.20735777579807513
logreg_np_tuned,r3f0,3,0,209,230,0,0.16237031028517418,0.20735777579807513
logreg_np_tuned,r3f0,3,0,246,269,0,0.1338133123695947,0.20735777579807513
logreg_np_tuned,r3f0,3,0,247,270,1,0.3575564819173689,0.20735777579807513
logreg_np_tuned,r3f0,3,0,248,271,0,0.01313050644304564,0.20735777579807513
logreg_np_tuned,r3f0,3,0,249,272,0,0.012915129383191767,0.20735777579807513
logreg_np_tuned,r3f1,3,1,52,65,0,0.04545786162817837,0.18137173824580494
logreg_np_tuned,r3f1,3,1,53,66,0,0.0424549859198321,0.18137173824580494
logreg_np_tuned,r3f1,3,1,54,67,0,0.047698221225014416,0.18137173824580494
logreg_np_tuned,r3f1,3,1,55,68,0,0.04197893032238482,0.18137173824580494
logreg_np_tuned,r3f1,3,1,57,70,0,0.006012113977949024,0.18137173824580494
logreg_np_tuned,r3f1,3,1,58,71,0,0.0415414523383116,0.18137173824580494
logreg_np_tuned,r3f1,3,1,59,72,1,0.8526575094227875,0.18137173824580494
logreg_np_tuned,r3f1,3,1,60,73,0,0.00636988920977503,0.18137173824580494
logreg_np_tuned,r3f1,3,1,61,74,1,0.7970288787845978,0.18137173824580494
logreg_np_tuned,r3f1,3,1,68,84,0,0.01615247824439846,0.18137173824580494
logreg_np_tuned,r3f1,3,1,69,85,0,0.01621943598107596,0.18137173824580494
logreg_np_tuned,r3f1,3,1,70,86,0,0.017143438703358837,0.18137173824580494
logreg_np_tuned,r3f1,3,1,71,87,0,0.016544651838145734,0.18137173824580494
logreg_np_tuned,r3f1,3,1,72,88,1,0.42639390237238417,0.18137173824580494
logreg_np_tuned,r3f1,3,1,73,89,1,0.4406430978852558,0.18137173824580494
logreg_np_tuned,r3f1,3,1,74,90,1,0.43898553163960924,0.18137173824580494
logreg_np_tuned,r3f1,3,1,75,91,1,0.43670860641385684,0.18137173824580494
logreg_np_tuned,r3f1,3,1,76,92,1,0.5282574310401994,0.18137173824580494
logreg_np_tuned,r3f1,3,1,77,93,1,0.8717236421726297,0.18137173824580494
logreg_np_tuned,r3f1,3,1,80,97,1,0.26756672091742534,0.18137173824580494
logreg_np_tuned,r3f1,3,1,87,104,0,0.2569911564621539,0.18137173824580494
logreg_np_tuned,r3f1,3,1,88,105,1,0.26625031482079636,0.18137173824580494
logreg_np_tuned,r3f1,3,1,90,107,1,0.2503048710848858,0.18137173824580494
logreg_np_tuned,r3f1,3,1,192,212,0,0.2694182892493791,0.18137173824580494
logreg_np_tuned,r3f1,3,1,199,219,0,0.016490007380949235,0.18137173824580494
logreg_np_tuned,r3f1,3,1,200,220,0,0.015613584756294263,0.18137173824580494
logreg_np_tuned,r3f1,3,1,201,221,0,0.015484854648502641,0.18137173824580494
logreg_np_tuned,r3f1,3,1,204,225,0,0.10463921167702814,0.18137173824580494
logreg_np_tuned,r3f1,3,1,210,231,1,0.468099552509302,0.18137173824580494
logreg_np_tuned,r3f1,3,1,214,235,0,0.1620751823559479,0.18137173824580494
logreg_np_tuned,r3f1,3,1,215,236,0,0.44336807918185417,0.18137173824580494
logreg_np_tuned,r3f1,3,1,216,238,1,0.6816385524234438,0.18137173824580494
logreg_np_tuned,r3f1,3,1,217,239,0,0.04148559008310154,0.18137173824580494
logreg_np_tuned,r3f1,3,1,218,240,0,0.041185665698399564,0.18137173824580494
logreg_np_tuned,r3f1,3,1,223,246,0,0.0089885249263283,0.18137173824580494
logreg_np_tuned,r3f1,3,1,224,247,0,0.008578577216652134,0.18137173824580494
logreg_np_tuned,r3f1,3,1,225,248,0,0.00597555964056899,0.18137173824580494
logreg_np_tuned,r3f1,3,1,226,249,0,0.2384371066313808,0.18137173824580494
logreg_np_tuned,r3f1,3,1,228,251,0,0.29533777411805423,0.18137173824580494
logreg_np_tuned,r3f1,3,1,229,252,1,0.2948129947004158,0.18137173824580494
logreg_np_tuned,r3f1,3,1,241,264,0,0.02967933667805437,0.18137173824580494
logreg_np_tuned,r3f1,3,1,242,265,0,0.027801958948846992,0.18137173824580494
logreg_np_tuned,r3f1,3,1,243,266,0,0.025912481856696014,0.18137173824580494
logreg_np_tuned,r3f1,3,1,244,267,0,0.28733582821798165,0.18137173824580494
logreg_np_tuned,r3f1,3,1,245,268,0,0.47167334524671783,0.18137173824580494
logreg_np_tuned,r3f2,3,2,24,36,0,0.16090441117743529,0.25548922627219056
logreg_np_tuned,r3f2,3,2,41,54,0,0.25049020740219924,0.25548922627219056
logreg_np_tuned,r3f2,3,2,42,55,1,0.23379788014691721,0.25548922627219056
logreg_np_tuned,r3f2,3,2,43,56,1,0.1748300434117497,0.25548922627219056
logreg_np_tuned,r3f2,3,2,44,57,0,0.4061538168926157,0.25548922627219056
logreg_np_tuned,r3f2,3,2,45,58,0,0.1292403862270832,0.25548922627219056
logreg_np_tuned,r3f2,3,2,46,59,0,0.09349829869332121,0.25548922627219056
logreg_np_tuned,r3f2,3,2,47,60,0,0.11586298505073445,0.25548922627219056
logreg_np_tuned,r3f2,3,2,48,61,0,0.12870241039229446,0.25548922627219056
logreg_np_tuned,r3f2,3,2,49,62,0,0.10962884276789603,0.25548922627219056
logreg_np_tuned,r3f2,3,2,50,63,1,0.7624871844557614,0.25548922627219056
logreg_np_tuned,r3f2,3,2,51,64,0,0.4478580297387526,0.25548922627219056
logreg_np_tuned,r3f2,3,2,113,131,1,0.9830864552790909,0.25548922627219056
logreg_np_tuned,r3f2,3,2,114,132,1,0.8512304937587081,0.25548922627219056
logreg_np_tuned,r3f2,3,2,115,133,1,0.5411033701423065,0.25548922627219056
logreg_np_tuned,r3f2,3,2,116,134,0,0.29323532366469246,0.25548922627219056
logreg_np_tuned,r3f2,3,2,117,135,1,0.7961085524362678,0.25548922627219056
logreg_np_tuned,r3f2,3,2,118,136,1,0.6451697387568962,0.25548922627219056
logreg_np_tuned,r3f2,3,2,119,137,1,0.6155008906354235,0.25548922627219056
logreg_np_tuned,r3f2,3,2,120,139,1,0.9817676093539149,0.25548922627219056
logreg_np_tuned,r3f2,3,2,132,151,1,0.08001858917824185,0.25548922627219056
logreg_np_tuned,r3f2,3,2,133,152,0,0.06321529521829611,0.25548922627219056
logreg_np_tuned,r3f2,3,2,134,153,0,0.04929890924469268,0.25548922627219056
logreg_np_tuned,r3f2,3,2,135,154,0,0.032351806676247784,0.25548922627219056
logreg_np_tuned,r3f2,3,2,136,155,0,0.2835243190491377,0.25548922627219056
logreg_np_tuned,r3f2,3,2,137,156,1,0.9317628622740352,0.25548922627219056
logreg_np_tuned,r3f2,3,2,146,165,0,0.7378047886916169,0.25548922627219056
logreg_np_tuned,r3f2,3,2,149,168,1,0.17819093366000158,0.25548922627219056
logreg_np_tuned,r3f2,3,2,150,169,0,0.17959782758956802,0.25548922627219056
logreg_np_tuned,r3f2,3,2,151,170,0,0.21598714905778052,0.25548922627219056
logreg_np_tuned,r3f2,3,2,152,171,0,0.029309331369297996,0.25548922627219056
logreg_np_tuned,r3f2,3,2,153,172,0,0.47842712587054714,0.25548922627219056
logreg_np_tuned,r3f2,3,2,154,173,1,0.930125164647148,0.25548922627219056
logreg_np_tuned,r3f2,3,2,170,189,0,0.07690262167051028,0.25548922627219056
logreg_np_tuned,r3f2,3,2,171,190,0,0.04840882269109345,0.25548922627219056
logreg_np_tuned,r3f2,3,2,172,191,0,0.030835507440433698,0.25548922627219056
logreg_np_tuned,r3f2,3,2,190,209,0,0.06069927460914848,0.25548922627219056
logreg_np_tuned,r3f2,3,2,191,211,0,0.34294704156056105,0.25548922627219056
logreg_np_tuned,r3f2,3,2,221,244,0,0.008195184098549392,0.25548922627219056
logreg_np_tuned,r3f2,3,2,222,245,0,0.004741233948574799,0.25548922627219056
logreg_np_tuned,r3f2,3,2,237,260,0,0.023845018593001536,0.25548922627219056
logreg_np_tuned,r3f2,3,2,238,261,0,0.10358393482035058,0.25548922627219056
logreg_np_tuned,r3f2,3,2,239,262,0,0.05860026177517893,0.25548922627219056
logreg_np_tuned,r3f2,3,2,240,263,0,0.038523220034382306,0.25548922627219056
logreg_np_tuned,r3f2,3,2,250,273,0,0.13613809027361753,0.25548922627219056
logreg_np_tuned,r3f2,3,2,251,274,0,0.49662860059056346,0.25548922627219056
logreg_np_tuned,r3f3,3,3,8,19,1,0.9849018653264626,0.21213446857012067
logreg_np_tuned,r3f3,3,3,9,20,1,0.9835658371545591,0.21213446857012067
logreg_np_tuned,r3f3,3,3,10,21,1,0.9839356208988469,0.21213446857012067
logreg_np_tuned,r3f3,3,3,11,22,1,0.9839761993339325,0.21213446857012067
logreg_np_tuned,r3f3,3,3,12,23,1,0.9927014704311905,0.21213446857012067
logreg_np_tuned,r3f3,3,3,25,37,1,0.9831876868517452,0.21213446857012067
logreg_np_tuned,r3f3,3,3,26,38,1,0.9843368965948104,0.21213446857012067
logreg_np_tuned,r3f3,3,3,27,39,1,0.9939769599118214,0.21213446857012067
logreg_np_tuned,r3f3,3,3,81,98,0,0.3948480315455968,0.21213446857012067
logreg_np_tuned,r3f3,3,3,82,99,0,0.43475625457989286,0.21213446857012067
logreg_np_tuned,r3f3,3,3,83,100,0,0.13554958577700674,0.21213446857012067
logreg_np_tuned,r3f3,3,3,84,101,0,0.20586907764612247,0.21213446857012067
logreg_np_tuned,r3f3,3,3,89,106,1,0.361024011454075,0.21213446857012067
logreg_np_tuned,r3f3,3,3,91,108,1,0.401623760609242,0.21213446857012067
logreg_np_tuned,r3f3,3,3,96,113,0,0.16935263380385385,0.21213446857012067
logreg_np_tuned,r3f3,3,3,97,115,0,0.16119790262296732,0.21213446857012067
logreg_np_tuned,r3f3,3,3,98,116,0,0.13498930257596473,0.21213446857012067
logreg_np_tuned,r3f3,3,3,99,117,0,0.07044659761049098,0.21213446857012067
logreg_np_tuned,r3f3,3,3,100,118,0,0.26627702133808695,0.21213446857012067
logreg_np_tuned,r3f3,3,3,138,157,0,0.05226248044821753,0.21213446857012067
logreg_np_tuned,r3f3,3,3,139,158,0,0.04579945080740564,0.21213446857012067
logreg_np_tuned,r3f3,3,3,140,159,0,0.035878684429951034,0.21213446857012067
logreg_np_tuned,r3f3,3,3,141,160,0,0.03641600739402384,0.21213446857012067
logreg_np_tuned,r3f3,3,3,147,166,0,0.01613687586235765,0.21213446857012067
logreg_np_tuned,r3f3,3,3,148,167,0,0.012846959913772354,0.21213446857012067
logreg_np_tuned,r3f3,3,3,159,178,0,0.43360322224148223,0.21213446857012067
logreg_np_tuned,r3f3,3,3,160,179,1,0.8956589806000927,0.21213446857012067
logreg_np_tuned,r3f3,3,3,164,183,0,0.39977198522654733,0.21213446857012067
logreg_np_tuned,r3f3,3,3,165,184,0,0.38141938967861866,0.21213446857012067
logreg_np_tuned,r3f3,3,3,166,185,0,0.34459257588021597,0.21213446857012067
logreg_np_tuned,r3f3,3,3,167,186,0,0.32569563432099,0.21213446857012067
logreg_np_tuned,r3f3,3,3,202,222,0,0.18834994165010216,0.21213446857012067
logreg_np_tuned,r3f3,3,3,203,224,1,0.7222581359566903,0.21213446857012067
logreg_np_tuned,r3f3,3,3,205,226,0,0.06947890766799505,0.21213446857012067
logreg_np_tuned,r3f3,3,3,206,227,0,0.07218535860399175,0.21213446857012067
logreg_np_tuned,r3f3,3,3,211,232,0,0.06893587612132136,0.21213446857012067
logreg_np_tuned,r3f3,3,3,212,233,1,0.43927604381364077,0.21213446857012067
logreg_np_tuned,r3f3,3,3,213,234,1,0.45361097677602047,0.21213446857012067
logreg_np_tuned,r3f3,3,3,219,241,0,0.02816695829500967,0.21213446857012067
logreg_np_tuned,r3f3,3,3,220,243,0,0.5545434591381782,0.21213446857012067
logreg_np_tuned,r3f3,3,3,232,255,0,0.13137937815184844,0.21213446857012067
logreg_np_tuned,r3f3,3,3,233,256,0,0.13226188378463996,0.21213446857012067
logreg_np_tuned,r3f3,3,3,234,257,0,0.11606936183530542,0.21213446857012067
logreg_np_tuned,r3f3,3,3,235,258,0,0.19046100319810993,0.21213446857012067
logreg_np_tuned,r3f3,3,3,236,259,0,0.32485080567614577,0.21213446857012067
logreg_np_tuned,r3f4,3,4,17,29,1,0.9994846666001131,0.2258930628598362
logreg_np_tuned,r3f4,3,4,18,30,0,0.9997454308965525,0.2258930628598362
logreg_np_tuned,r3f4,3,4,19,31,1,0.9996710805399194,0.2258930628598362
logreg_np_tuned,r3f4,3,4,20,32,1,0.9999029385004267,0.2258930628598362
logreg_np_tuned,r3f4,3,4,32,44,1,0.999798768066975,0.2258930628598362
logreg_np_tuned,r3f4,3,4,33,45,0,0.999399298111405,0.2258930628598362
logreg_np_tuned,r3f4,3,4,40,52,1,0.9994390470432813,0.2258930628598362
logreg_np_tuned,r3f4,3,4,78,94,0,0.4590691984691159,0.2258930628598362
logreg_np_tuned,r3f4,3,4,79,95,0,0.3938592670677113,0.2258930628598362
logreg_np_tuned,r3f4,3,4,85,102,0,0.015652022761452007,0.2258930628598362
logreg_np_tuned,r3f4,3,4,86,103,0,0.003074005883486467,0.2258930628598362
logreg_np_tuned,r3f4,3,4,92,109,0,0.052566370598119805,0.2258930628598362
logreg_np_tuned,r3f4,3,4,93,110,0,0.02562865008173278,0.2258930628598362
logreg_np_tuned,r3f4,3,4,94,111,1,0.043690573978109076,0.2258930628598362
logreg_np_tuned,r3f4,3,4,95,112,1,0.0792910094220179,0.2258930628598362
logreg_np_tuned,r3f4,3,4,107,125,0,0.0003045509266841966,0.2258930628598362
logreg_np_tuned,r3f4,3,4,108,126,0,0.00013036842422976987,0.2258930628598362
logreg_np_tuned,r3f4,3,4,109,127,0,0.0002002829104532908,0.2258930628598362
logreg_np_tuned,r3f4,3,4,110,128,0,0.00014588525471882766,0.2258930628598362
logreg_np_tuned,r3f4,3,4,111,129,0,0.00020299740526470998,0.2258930628598362
logreg_np_tuned,r3f4,3,4,112,130,0,0.0010068255843023845,0.2258930628598362
logreg_np_tuned,r3f4,3,4,121,140,0,4.060223872655733e-05,0.2258930628598362
logreg_np_tuned,r3f4,3,4,122,141,0,1.2918846772181095e-05,0.2258930628598362
logreg_np_tuned,r3f4,3,4,123,142,0,4.64702838357892e-06,0.2258930628598362
logreg_np_tuned,r3f4,3,4,124,143,0,6.9239611420536815e-06,0.2258930628598362
logreg_np_tuned,r3f4,3,4,125,144,0,0.23253258389024667,0.2258930628598362
logreg_np_tuned,r3f4,3,4,126,145,0,0.1980448485042196,0.2258930628598362
logreg_np_tuned,r3f4,3,4,127,146,0,0.4120148566284552,0.2258930628598362
logreg_np_tuned,r3f4,3,4,128,147,0,0.0001632486421407995,0.2258930628598362
logreg_np_tuned,r3f4,3,4,129,148,1,0.7963198555790983,0.2258930628598362
logreg_np_tuned,r3f4,3,4,130,149,1,0.9413034439247823,0.2258930628598362
logreg_np_tuned,r3f4,3,4,131,150,0,0.2838665151414889,0.2258930628598362
logreg_np_tuned,r3f4,3,4,155,174,1,0.9773578096875534,0.2258930628598362
logreg_np_tuned,r3f4,3,4,156,175,1,0.9101490782140925,0.2258930628598362
logreg_np_tuned,r3f4,3,4,157,176,0,0.8726743642163105,0.2258930628598362
logreg_np_tuned,r3f4,3,4,158,177,0,0.5940874077323196,0.2258930628598362
logreg_np_tuned,r3f4,3,4,173,192,0,0.0036104195223955336,0.2258930628598362
logreg_np_tuned,r3f4,3,4,174,193,0,0.0017863071001696558,0.2258930628598362
logreg_np_tuned,r3f4,3,4,175,194,0,0.0005569058863317208,0.2258930628598362
logreg_np_tuned,r3f4,3,4,176,195,0,0.01460144193646729,0.2258930628598362
logreg_np_tuned,r3f4,3,4,177,196,0,0.38518445836388876,0.2258930628598362
logreg_np_tuned,r3f4,3,4,178,197,0,0.403402897707769,0.2258930628598362
logreg_np_tuned,r3f4,3,4,179,198,1,0.9576375247118485,0.2258930628598362
logreg_np_tuned,r3f4,3,4,180,199,0,0.20462080017422649,0.2258930628598362
logreg_np_tuned,r3f4,3,4,181,200,0,0.10195995614692079,0.2258930628598362
logreg_np_tuned,r3f4,3,4,182,201,0,0.08710918172860316,0.2258930628598362
logreg_np_tuned,r3f4,3,4,227,250,1,0.7986742908806896,0.2258930628598362
logreg_np_tuned,r3f4,3,4,230,253,0,0.19084633667907153,0.2258930628598362
logreg_np_tuned,r3f4,3,4,231,254,1,0.21739273282330115,0.2258930628598362
logreg_np_tuned,r4f0,4,0,13,25,1,0.8813009712793846,0.20640337029472955
logreg_np_tuned,r4f0,4,0,14,26,1,0.9057962159352061,0.20640337029472955
logreg_np_tuned,r4f0,4,0,15,27,1,0.8039380951499501,0.20640337029472955
logreg_np_tuned,r4f0,4,0,16,28,1,0.9164516096668445,0.20640337029472955
logreg_np_tuned,r4f0,4,0,24,36,0,0.19790040515824533,0.20640337029472955
logreg_np_tuned,r4f0,4,0,28,40,1,0.9087524156071306,0.20640337029472955
logreg_np_tuned,r4f0,4,0,29,41,1,0.8996254365488927,0.20640337029472955
logreg_np_tuned,r4f0,4,0,30,42,1,0.9624575289129815,0.20640337029472955
logreg_np_tuned,r4f0,4,0,31,43,1,0.9588119710849448,0.20640337029472955
logreg_np_tuned,r4f0,4,0,41,54,0,0.24818964671053287,0.20640337029472955
logreg_np_tuned,r4f0,4,0,42,55,1,0.23939780039861358,0.20640337029472955
logreg_np_tuned,r4f0,4,0,43,56,1,0.20671039698205151,0.20640337029472955
logreg_np_tuned,r4f0,4,0,44,57,0,0.387615168335974,0.20640337029472955
logreg_np_tuned,r4f0,4,0,101,119,0,0.25931854810904753,0.20640337029472955
logreg_np_tuned,r4f0,4,0,102,120,0,0.3186236503078617,0.20640337029472955
logreg_np_tuned,r4f0,4,0,103,121,0,0.07642421085970662,0.20640337029472955
logreg_np_tuned,r4f0,4,0,104,122,0,0.06355080898351231,0.20640337029472955
logreg_np_tuned,r4f0,4,0,105,123,0,0.07432504505880402,0.20640337029472955
logreg_np_tuned,r4f0,4,0,106,124,0,0.05528641058010391,0.20640337029472955
logreg_np_tuned,r4f0,4,0,125,144,0,0.22678101468862777,0.20640337029472955
logreg_np_tuned,r4f0,4,0,126,145,0,0.2180987460012679,0.20640337029472955
logreg_np_tuned,r4f0,4,0,127,146,0,0.26488235549294825,0.20640337029472955
logreg_np_tuned,r4f0,4,0,129,148,1,0.6071102798050634,0.20640337029472955
logreg_np_tuned,r4f0,4,0,130,149,1,0.7593387504669815,0.20640337029472955
logreg_np_tuned,r4f0,4,0,131,150,0,0.3268524906350028,0.20640337029472955
logreg_np_tuned,r4f0,4,0,149,168,1,0.22475122440393921,0.20640337029472955
logreg_np_tuned,r4f0,4,0,150,169,0,0.2256271621765195,0.20640337029472955
logreg_np_tuned,r4f0,4,0,151,170,0,0.24737119577841915,0.20640337029472955
logreg_np_tuned,r4f0,4,0,177,196,0,0.3796749517779422,0.20640337029472955
logreg_np_tuned,r4f0,4,0,178,197,0,0.3888045032347499,0.20640337029472955
logreg_np_tuned,r4f0,4,0,179,198,1,0.7896310969423526,0.20640337029472955
logreg_np_tuned,r4f0,4,0,180,199,0,0.21981583532159216,0.20640337029472955
logreg_np_tuned,r4f0,4,0,181,200,0,0.18731493913289538,0.20640337029472955
logreg_np_tuned,r4f0,4,0,182,201,0,0.18090546273588284,0.20640337029472955
logreg_np_tuned,r4f0,4,0,214,235,0,0.15389394352114075,0.20640337029472955
logreg_np_tuned,r4f0,4,0,215,236,0,0.4265545227279264,0.20640337029472955
logreg_np_tuned,r4f0,4,0,216,238,1,0.6655371824487419,0.20640337029472955
logreg_np_tuned,r4f0,4,0,217,239,0,0.048303063325125656,0.20640337029472955
logreg_np_tuned,r4f0,4,0,218,240,0,0.04727507361495964,0.20640337029472955
logreg_np_tuned,r4f0,4,0,223,246,0,0.009309174084773473,0.20640337029472955
logreg_np_tuned,r4f0,4,0,224,247,0,0.00809829242556987,0.20640337029472955
logreg_np_tuned,r4f0,4,0,225,248,0,0.0073734988204490455,0.20640337029472955
logreg_np_tuned,r4f0,4,0,232,255,0,0.1253221059819504,0.20640337029472955
logreg_np_tuned,r4f0,4,0,233,256,0,0.12614990061009768,0.20640337029472955
logreg_np_tuned,r4f0,4,0,234,257,0,0.11095462582093293,0.20640337029472955
logreg_np_tuned,r4f0,4,0,235,258,0,0.18884976814294416,0.20640337029472955
logreg_np_tuned,r4f0,4,0,236,259,0,0.3222118991807284,0.20640337029472955
logreg_np_tuned,r4f1,4,1,52,65,0,0.046612870468924934,0.206404671904255
logreg_np_tuned,r4f1,4,1,53,66,0,0.0442724646477065,0.206404671904255
logreg_np_tuned,r4f1,4,1,54,67,0,0.048335283385559355,0.206404671904255
logreg_np_tuned,r4f1,4,1,55,68,0,0.04389789255457389,0.206404671904255
logreg_np_tuned,r4f1,4,1,57,70,0,0.006456821070001645,0.206404671904255
logreg_np_tuned,r4f1,4,1,58,71,0,0.043552784492424924,0.206404671904255
logreg_np_tuned,r4f1,4,1,59,72,1,0.8257291844232849,0.206404671904255
logreg_np_tuned,r4f1,4,1,60,73,0,0.006825249486915938,0.206404671904255
logreg_np_tuned,r4f1,4,1,61,74,1,0.765529587497291,0.206404671904255
logreg_np_tuned,r4f1,4,1,68,84,0,0.016642974796967736,0.206404671904255
logreg_np_tuned,r4f1,4,1,69,85,0,0.016695007548077494,0.206404671904255
logreg_np_tuned,r4f1,4,1,70,86,0,0.0174078645981544,0.206404671904255
logreg_np_tuned,r4f1,4,1,71,87,0,0.016946999008635496,0.206404671904255
logreg_np_tuned,r4f1,4,1,72,88,1,0.4465196750986465,0.206404671904255
logreg_np_tuned,r4f1,4,1,73,89,1,0.45736990702937463,0.206404671904255
logreg_np_tuned,r4f1,4,1,74,90,1,0.4561096342081045,0.206404671904255
logreg_np_tuned,r4f1,4,1,75,91,1,0.45437767957295044,0.206404671904255
logreg_np_tuned,r4f1,4,1,76,92,1,0.5340347766900626,0.206404671904255
logreg_np_tuned,r4f1,4,1,77,93,1,0.8662374881950934,0.206404671904255
logreg_np_tuned,r4f1,4,1,80,97,1,0.2759299267084044,0.206404671904255
logreg_np_tuned,r4f1,4,1,87,104,0,0.2677616139168576,0.206404671904255
logreg_np_tuned,r4f1,4,1,88,105,1,0.27491631280705553,0.206404671904255
logreg_np_tuned,r4f1,4,1,90,107,1,0.26256594540151695,0.206404671904255
logreg_np_tuned,r4f1,4,1,121,140,0,0.009697676948991655,0.206404671904255
logreg_np_tuned,r4f1,4,1,122,141,0,0.009038060525029664,0.206404671904255
logreg_np_tuned,r4f1,4,1,123,142,0,0.008486798195083802,0.206404671904255
logreg_np_tuned,r4f1,4,1,124,143,0,0.008697709802193,0.206404671904255
logreg_np_tuned,r4f1,4,1,147,166,0,0.010505198189291343,0.206404671904255
logreg_np_tuned,r4f1,4,1,148,167,0,0.009927550431221392,0.206404671904255
logreg_np_tuned,r4f1,4,1,192,212,0,0.2518988245934113,0.206404671904255
logreg_np_tuned,r4f1,4,1,199,219,0,0.016904742351730517,0.206404671904255
logreg_np_tuned,r4f1,4,1,200,220,0,0.016222277527259243,0.206404671904255
logreg_np_tuned,r4f1,4,1,201,221,0,0.016121265388780056,0.206404671904255
logreg_np_tuned,r4f1,4,1,205,226,0,0.05946624678464041,0.206404671904255
logreg_np_tuned,r4f1,4,1,206,227,0,0.06003694573565049,0.206404671904255
logreg_np_tuned,r4f1,4,1,211,232,0,0.06908642126880848,0.206404671904255
logreg_np_tuned,r4f1,4,1,212,233,1,0.4184695829282589,0.206404671904255
logreg_np_tuned,r4f1,4,1,213,234,1,0.432122555384505,0.206404671904255
logreg_np_tuned,r4f1,4,1,241,264,0,0.02011017199839988,0.206404671904255
logreg_np_tuned,r4f1,4,1,242,265,0,0.01913331417544493,0.206404671904255
logreg_np_tuned,r4f1,4,1,243,266,0,0.0181350716163231,0.206404671904255
logreg_np_tuned,r4f1,4,1,244,267,0,0.1910117794226282,0.206404671904255
logreg_np_tuned,r4f1,4,1,245,268,0,0.33626296105736486,0.206404671904255
logreg_np_tuned,r4f1,4,1,246,269,0,0.12826105165159155,0.206404671904255
logreg_np_tuned,r4f1,4,1,247,270,1,0.314201841253261,0.206404671904255
logreg_np_tuned,r4f1,4,1,248,271,0,0.011015567326058394,0.206404671904255
logreg_np_tuned,r4f1,4,1,249,272,0,0.010939743663520907,0.206404671904255
logreg_np_tuned,r4f2,4,2,0,1,1,0.14228093455695476,0.19381073401867638
logreg_np_tuned,r4f2,4,2,1,2,0,0.15288954194500526,0.19381073401867638
logreg_np_tuned,r4f2,4,2,2,3,0,0.13750478913596498,0.19381073401867638
logreg_np_tuned,r4f2,4,2,3,4,0,0.16619039273745512,0.19381073401867638
logreg_np_tuned,r4f2,4,2,4,5,0,0.1567855888471577,0.19381073401867638
logreg_np_tuned,r4f2,4,2,5,6,0,0.20186404616482323,0.19381073401867638
logreg_np_tuned,r4f2,4,2,6,7,1,0.9621957824363652,0.19381073401867638
logreg_np_tuned,r4f2,4,2,7,8,1,0.5013076959712144,0.19381073401867638
logreg_np_tuned,r4f2,4,2,21,33,0,0.20833569126708604,0.19381073401867638
logreg_np_tuned,r4f2,4,2,22,34,0,0.33075218529681427,0.19381073401867638
logreg_np_tuned,r4f2,4,2,23,35,0,0.06370060275675189,0.19381073401867638
logreg_np_tuned,r4f2,4,2,34,46,1,0.22173376362656033,0.19381073401867638
logreg_np_tuned,r4f2,4,2,35,47,1,0.2276607016212222,0.19381073401867638
logreg_np_tuned,r4f2,4,2,36,48,1,0.30599380400385195,0.19381073401867638
logreg_np_tuned,r4f2,4,2,37,49,0,0.17934570191106508,0.19381073401867638
logreg_np_tuned,r4f2,4,2,38,50,0,0.13588138163342484,0.19381073401867638
logreg_np_tuned,r4f2,4,2,39,51,1,0.8349349301315316,0.19381073401867638
logreg_np_tuned,r4f2,4,2,56,69,1,0.9297149730929817,0.19381073401867638
logreg_np_tuned,r4f2,4,2,64,77,0,0.019055979393074764,0.19381073401867638
logreg_np_tuned,r4f2,4,2,65,78,0,0.013740076088576695,0.19381073401867638
logreg_np_tuned,r4f2,4,2,113,131,1,0.9879164908653474,0.19381073401867638
logreg_np_tuned,r4f2,4,2,114,132,1,0.8430187134764318,0.19381073401867638
logreg_np_tuned,r4f2,4,2,115,133,1,0.4565359820870138,0.19381073401867638
logreg_np_tuned,r4f2,4,2,116,134,0,0.19764250942185882,0.19381073401867638
logreg_np_tuned,r4f2,4,2,117,135,1,0.7741743516673499,0.19381073401867638
logreg_np_tuned,r4f2,4,2,118,136,1,0.5828238689245973,0.19381073401867638
logreg_np_tuned,r4f2,4,2,119,137,1,0.5460607762346071,0.19381073401867638
logreg_np_tuned,r4f2,4,2,120,139,1,0.9867966159823806,0.19381073401867638
logreg_np_tuned,r4f2,4,2,132,151,1,0.08317859576941763,0.19381073401867638
logreg_np_tuned,r4f2,4,2,133,152,0,0.06519712981876759,0.19381073401867638
logreg_np_tuned,r4f2,4,2,134,153,0,0.05040992794300478,0.19381073401867638
logreg_np_tuned,r4f2,4,2,135,154,0,0.019471047232205593,0.19381073401867638
logreg_np_tuned,r4f2,4,2,136,155,0,0.2656632618123838,0.19381073401867638
logreg_np_tuned,r4f2,4,2,137,156,1,0.9586085164992929,0.19381073401867638
logreg_np_tuned,r4f2,4,2,138,157,0,0.034505367496478374,0.19381073401867638
logreg_np_tuned,r4f2,4,2,139,158,0,0.026610318160990045,0.19381073401867638
logreg_np_tuned,r4f2,4,2,140,159,0,0.016451584039698593,0.19381073401867638
logreg_np_tuned,r4f2,4,2,141,160,0,0.01694034439302487,0.19381073401867638
logreg_np_tuned,r4f2,4,2,146,165,0,0.7836812052018772,0.19381073401867638
logreg_np_tuned,r4f2,4,2,152,171,0,0.01731268994996481,0.19381073401867638
logreg_np_tuned,r4f2,4,2,153,172,0,0.4926717671739265,0.19381073401867638
logreg_np_tuned,r4f2,4,2,154,173,1,0.957404840470169,0.19381073401867638
logreg_np_tuned,r4f2,4,2,170,189,0,0.0798356163066767,0.19381073401867638
logreg_np_tuned,r4f2,4,2,171,190,0,0.0494682213675721,0.19381073401867638
logreg_np_tuned,r4f2,4,2,172,191,0,0.03100867823150208,0.19381073401867638
logreg_np_tuned,r4f2,4,2,183,202,0,0.2694222309176596,0.19381073401867638
logreg_np_tuned,r4f2,4,2,184,203,0,0.2191754496110509,0.19381073401867638
logreg_np_tuned,r4f2,4,2,185,204,1,0.13943317388436724,0.19381073401867638
logreg_np_tuned,r4f2,4,2,186,205,1,0.1324061440407202,0.19381073401867638
logreg_np_tuned,r4f2,4,2,187,206,1,0.49382753457887824,0.19381073401867638
logreg_np_tuned,r4f2,4,2,188,207,1,0.6667305719199873,0.19381073401867638
logreg_np_tuned,r4f2,4,2,189,208,1,0.5237312889082416,0.19381073401867638
logreg_np_tuned,r4f2,4,2,190,209,0,0.036441913034184176,0.19381073401867638
logreg_np_tuned,r4f2,4,2,191,211,0,0.3054842889830665,0.19381073401867638
logreg_np_tuned,r4f2,4,2,193,213,0,0.0013945530957962266,0.19381073401867638
logreg_np_tuned,r4f2,4,2,194,214,0,0.5982117806319954,0.19381073401867638
logreg_np_tuned,r4f2,4,2,195,215,0,0.020698532062849818,0.19381073401867638
logreg_np_tuned,r4f2,4,2,196,216,0,0.013807483043919287,0.19381073401867638
logreg_np_tuned,r4f2,4,2,207,228,0,0.24938781564025175,0.19381073401867638
logreg_np_tuned,r4f2,4,2,208,229,1,0.8430180923066073,0.19381073401867638
logreg_np_tuned,r4f2,4,2,209,230,0,0.11014086548317518,0.19381073401867638
logreg_np_tuned,r4f2,4,2,219,241,0,0.014574791441801854,0.19381073401867638
logreg_np_tuned,r4f2,4,2,220,243,0,0.7517530446123583,0.19381073401867638
logreg_np_tuned,r4f2,4,2,226,249,0,0.1059779349530482,0.19381073401867638
logreg_np_tuned,r4f2,4,2,228,251,0,0.2911193087063732,0.19381073401867638
logreg_np_tuned,r4f2,4,2,229,252,1,0.28805674626552863,0.19381073401867638
logreg_np_tuned,r4f2,4,2,250,273,0,0.07931023158351042,0.19381073401867638
logreg_np_tuned,r4f2,4,2,251,274,0,0.42619849418035877,0.19381073401867638
logreg_np_tuned,r4f3,4,3,8,19,1,0.995694397700103,0.17819235004772987
logreg_np_tuned,r4f3,4,3,9,20,1,0.9951832313266356,0.17819235004772987
logreg_np_tuned,r4f3,4,3,10,21,1,0.9953666722871519,0.17819235004772987
logreg_np_tuned,r4f3,4,3,11,22,1,0.9953866204396331,0.17819235004772987
logreg_np_tuned,r4f3,4,3,12,23,1,0.9982739107901101,0.17819235004772987
logreg_np_tuned,r4f3,4,3,25,37,1,0.9949925641778251,0.17819235004772987
logreg_np_tuned,r4f3,4,3,26,38,1,0.9955623501050566,0.17819235004772987
logreg_np_tuned,r4f3,4,3,27,39,1,0.9986433673283656,0.17819235004772987
logreg_np_tuned,r4f3,4,3,45,58,0,0.12573703037218542,0.17819235004772987
logreg_np_tuned,r4f3,4,3,46,59,0,0.09375492703386117,0.17819235004772987
logreg_np_tuned,r4f3,4,3,47,60,0,0.11386147805236913,0.17819235004772987
logreg_np_tuned,r4f3,4,3,48,61,0,0.12526130161925056,0.17819235004772987
logreg_np_tuned,r4f3,4,3,49,62,0,0.1141854177612129,0.17819235004772987
logreg_np_tuned,r4f3,4,3,50,63,1,0.7386504232902757,0.17819235004772987
logreg_np_tuned,r4f3,4,3,51,64,0,0.4344700031302185,0.17819235004772987
logreg_np_tuned,r4f3,4,3,62,75,0,0.00858734934236923,0.17819235004772987
logreg_np_tuned,r4f3,4,3,63,76,0,0.011448115433989006,0.17819235004772987
logreg_np_tuned,r4f3,4,3,66,79,0,0.04190224075017522,0.17819235004772987
logreg_np_tuned,r4f3,4,3,67,82,0,0.009768268061517146,0.17819235004772987
logreg_np_tuned,r4f3,4,3,85,102,0,0.08933657822267825,0.17819235004772987
logreg_np_tuned,r4f3,4,3,86,103,0,0.033601039246793224,0.17819235004772987
logreg_np_tuned,r4f3,4,3,92,109,0,0.12665031145621716,0.17819235004772987
logreg_np_tuned,r4f3,4,3,93,110,0,0.09557923483113055,0.17819235004772987
logreg_np_tuned,r4f3,4,3,94,111,1,0.11781715520859792,0.17819235004772987
logreg_np_tuned,r4f3,4,3,95,112,1,0.14874045326674543,0.17819235004772987
logreg_np_tuned,r4f3,4,3,96,113,0,0.0881800401878554,0.17819235004772987
logreg_np_tuned,r4f3,4,3,97,115,0,0.08048615170202203,0.17819235004772987
logreg_np_tuned,r4f3,4,3,98,116,0,0.05803780917514498,0.17819235004772987
logreg_np_tuned,r4f3,4,3,99,117,0,0.025193821550396768,0.17819235004772987
logreg_np_tuned,r4f3,4,3,100,118,0,0.15423861789124108,0.17819235004772987
logreg_np_tuned,r4f3,4,3,142,161,0,0.008809439384343566,0.17819235004772987
logreg_np_tuned,r4f3,4,3,143,162,0,0.006603646525252153,0.17819235004772987
logreg_np_tuned,r4f3,4,3,144,163,0,0.0054163405008756885,0.17819235004772987
logreg_np_tuned,r4f3,4,3,145,164,0,0.0054163405008756885,0.17819235004772987
logreg_np_tuned,r4f3,4,3,161,180,0,0.12403386606314963,0.17819235004772987
logreg_np_tuned,r4f3,4,3,162,181,0,0.5657361745021648,0.17819235004772987
logreg_np_tuned,r4f3,4,3,163,182,1,0.9081077109844187,0.17819235004772987
logreg_np_tuned,r4f3,4,3,168,187,0,0.11384846133499309,0.17819235004772987
logreg_np_tuned,r4f3,4,3,169,188,0,0.07969654947182135,0.17819235004772987
logreg_np_tuned,r4f3,4,3,197,217,0,0.012741738495445146,0.17819235004772987
logreg_np_tuned,r4f3,4,3,198,218,0,0.009398035864174429,0.17819235004772987
logreg_np_tuned,r4f3,4,3,204,225,0,0.07996121268591981,0.17819235004772987
logreg_np_tuned,r4f3,4,3,210,231,1,0.4671369638875658,0.17819235004772987
logreg_np_tuned,r4f3,4,3,221,244,0,0.00637524729630181,0.17819235004772987
logreg_np_tuned,r4f3,4,3,222,245,0,0.0038823414378548926,0.17819235004772987
logreg_np_tuned,r4f4,4,4,17,29,1,0.9979364155658734,0.1878248930177138
logreg_np_tuned,r4f4,4,4,18,30,0,0.998853040599667,0.1878248930177138
logreg_np_tuned,r4f4,4,4,19,31,1,0.9984065993532074,0.1878248930177138
logreg_np_tuned,r4f4,4,4,20,32,1,0.9994542030171787,0.1878248930177138
logreg_np_tuned,r4f4,4,4,32,44,1,0.9990570707543793,0.1878248930177138
logreg_np_tuned,r4f4,4,4,33,45,0,0.9976555682436505,0.1878248930177138
logreg_np_tuned,r4f4,4,4,40,52,1,0.9974550678256237,0.1878248930177138
logreg_np_tuned,r4f4,4,4,78,94,0,0.5870504081423181,0.1878248930177138
logreg_np_tuned,r4f4,4,4,79,95,0,0.5292644294375131,0.1878248930177138
logreg_np_tuned,r4f4,4,4,81,98,0,0.6135364107707639,0.1878248930177138
logreg_np_tuned,r4f4,4,4,82,99,0,0.7325939735038633,0.1878248930177138
logreg_np_tuned,r4f4,4,4,83,100,0,0.06271035942408401,0.1878248930177138
logreg_np_tuned,r4f4,4,4,84,101,0,0.13786720097798835,0.1878248930177138
logreg_np_tuned,r4f4,4,4,89,106,1,0.4961958659171809,0.1878248930177138
logreg_np_tuned,r4f4,4,4,91,108,1,0.6355220298294662,0.1878248930177138
logreg_np_tuned,r4f4,4,4,107,125,0,0.005676987880478625,0.1878248930177138
logreg_np_tuned,r4f4,4,4,108,126,0,0.002805835434465279,0.1878248930177138
logreg_np_tuned,r4f4,4,4,109,127,0,0.004009065119013954,0.1878248930177138
logreg_np_tuned,r4f4,4,4,110,128,0,0.0030808458925685395,0.1878248930177138
logreg_np_tuned,r4f4,4,4,111,129,0,0.0036506172781787904,0.1878248930177138
logreg_np_tuned,r4f4,4,4,112,130,0,0.014750168886835124,0.1878248930177138
logreg_np_tuned,r4f4,4,4,128,147,0,0.0033827197203640225,0.1878248930177138
logreg_np_tuned,r4f4,4,4,155,174,1,0.9781969453223248,0.1878248930177138
logreg_np_tuned,r4f4,4,4,156,175,1,0.9262288338145727,0.1878248930177138
logreg_np_tuned,r4f4,4,4,157,176,0,0.9031646600765796,0.1878248930177138
logreg_np_tuned,r4f4,4,4,158,177,0,0.7202228378525533,0.1878248930177138
logreg_np_tuned,r4f4,4,4,159,178,0,0.510905667912985,0.1878248930177138
logreg_np_tuned,r4f4,4,4,160,179,1,0.9856958654903939,0.1878248930177138
logreg_np_tuned,r4f4,4,4,164,183,0,0.6295774823966135,0.1878248930177138
logreg_np_tuned,r4f4,4,4,165,184,0,0.5682327840678408,0.1878248930177138
logreg_np_tuned,r4f4,4,4,166,185,0,0.4368573591210155,0.1878248930177138
logreg_np_tuned,r4f4,4,4,167,186,0,0.3692903806247866,0.1878248930177138
logreg_np_tuned,r4f4,4,4,173,192,0,0.015070573994424429,0.1878248930177138
logreg_np_tuned,r4f4,4,4,174,193,0,0.008425142665646044,0.1878248930177138
logreg_np_tuned,r4f4,4,4,175,194,0,0.002679264964588527,0.1878248930177138
logreg_np_tuned,r4f4,4,4,176,195,0,0.04576539959012492,0.1878248930177138
logreg_np_tuned,r4f4,4,4,202,222,0,0.1462865091097052,0.1878248930177138
logreg_np_tuned,r4f4,4,4,203,224,1,0.8834668285262923,0.1878248930177138
logreg_np_tuned,r4f4,4,4,227,250,1,0.7370587666059668,0.1878248930177138
logreg_np_tuned,r4f4,4,4,230,253,0,0.2128384526168059,0.1878248930177138
logreg_np_tuned,r4f4,4,4,231,254,1,0.23658491817322577,0.1878248930177138
logreg_np_tuned,r4f4,4,4,237,260,0,0.006281497710965229,0.1878248930177138
logreg_np_tuned,r4f4,4,4,238,261,0,0.04655129767794309,0.1878248930177138
logreg_np_tuned,r4f4,4,4,239,262,0,0.038821115000256236,0.1878248930177138
logreg_np_tuned,r4f4,4,4,240,263,0,0.01810089637532288,0.1878248930177138
xgboost_np,r0f0,0,0,13,25,1,0.8635920882225037,0.18334978818893433
xgboost_np,r0f0,0,0,14,26,1,0.8346824645996094,0.18334978818893433
xgboost_np,r0f0,0,0,15,27,1,0.7977981567382812,0.18334978818893433
xgboost_np,r0f0,0,0,16,28,1,0.9600357413291931,0.18334978818893433
xgboost_np,r0f0,0,0,24,36,0,0.022294223308563232,0.18334978818893433
xgboost_np,r0f0,0,0,28,40,1,0.9217481017112732,0.18334978818893433
xgboost_np,r0f0,0,0,29,41,1,0.8233944177627563,0.18334978818893433
xgboost_np,r0f0,0,0,30,42,1,0.9890655279159546,0.18334978818893433
xgboost_np,r0f0,0,0,31,43,1,0.9894887804985046,0.18334978818893433
xgboost_np,r0f0,0,0,41,54,0,0.07003545016050339,0.18334978818893433
xgboost_np,r0f0,0,0,42,55,1,0.08603271096944809,0.18334978818893433
xgboost_np,r0f0,0,0,43,56,1,0.10936195403337479,0.18334978818893433
xgboost_np,r0f0,0,0,44,57,0,0.20923158526420593,0.18334978818893433
xgboost_np,r0f0,0,0,62,75,0,0.0020386793185025454,0.18334978818893433
xgboost_np,r0f0,0,0,63,76,0,0.004143629688769579,0.18334978818893433
xgboost_np,r0f0,0,0,66,79,0,0.05270881950855255,0.18334978818893433
xgboost_np,r0f0,0,0,67,82,0,0.0027142250910401344,0.18334978818893433
xgboost_np,r0f0,0,0,78,94,0,0.6602997779846191,0.18334978818893433
xgboost_np,r0f0,0,0,79,95,0,0.36500781774520874,0.18334978818893433
xgboost_np,r0f0,0,0,96,113,0,0.1104334369301796,0.18334978818893433
xgboost_np,r0f0,0,0,97,115,0,0.1104334369301796,0.18334978818893433
xgboost_np,r0f0,0,0,98,116,0,0.03872775286436081,0.18334978818893433
xgboost_np,r0f0,0,0,99,117,0,0.02063966915011406,0.18334978818893433
xgboost_np,r0f0,0,0,100,118,0,0.12575657665729523,0.18334978818893433
xgboost_np,r0f0,0,0,101,119,0,0.09379517287015915,0.18334978818893433
xgboost_np,r0f0,0,0,102,120,0,0.0558498241007328,0.18334978818893433
xgboost_np,r0f0,0,0,103,121,0,0.05376177653670311,0.18334978818893433
xgboost_np,r0f0,0,0,104,122,0,0.017623869702219963,0.18334978818893433
xgboost_np,r0f0,0,0,105,123,0,0.05376177653670311,0.18334978818893433
xgboost_np,r0f0,0,0,106,124,0,0.00597927812486887,0.18334978818893433
xgboost_np,r0f0,0,0,138,157,0,0.023330025374889374,0.18334978818893433
xgboost_np,r0f0,0,0,139,158,0,0.01318330317735672,0.18334978818893433
xgboost_np,r0f0,0,0,140,159,0,0.003005101578310132,0.18334978818893433
xgboost_np,r0f0,0,0,141,160,0,0.003079552436247468,0.18334978818893433
xgboost_np,r0f0,0,0,155,174,1,0.9638921618461609,0.18334978818893433
xgboost_np,r0f0,0,0,156,175,1,0.9621809124946594,0.18334978818893433
xgboost_np,r0f0,0,0,157,176,0,0.9053931832313538,0.18334978818893433
xgboost_np,r0f0,0,0,158,177,0,0.9006929993629456,0.18334978818893433
xgboost_np,r0f0,0,0,161,180,0,0.10850264132022858,0.18334978818893433
xgboost_np,r0f0,0,0,162,181,0,0.5092819929122925,0.18334978818893433
xgboost_np,r0f0,0,0,163,182,1,0.9560272097587585,0.18334978818893433
xgboost_np,r0f0,0,0,168,187,0,0.06838648021221161,0.18334978818893433
xgboost_np,r0f0,0,0,169,188,0,0.017228836193680763,0.18334978818893433
xgboost_np,r0f0,0,0,197,217,0,0.011415067128837109,0.18334978818893433
xgboost_np,r0f0,0,0,198,218,0,0.003792212111875415,0.18334978818893433
xgboost_np,r0f0,0,0,250,273,0,0.3582686483860016,0.18334978818893433
xgboost_np,r0f0,0,0,251,274,0,0.8054722547531128,0.18334978818893433
xgboost_np,r0f1,0,1,52,65,0,0.059075236320495605,0.12890852987766266
xgboost_np,r0f1,0,1,53,66,0,0.002491812454536557,0.12890852987766266
xgboost_np,r0f1,0,1,54,67,0,0.0739373043179512,0.12890852987766266
xgboost_np,r0f1,0,1,55,68,0,0.010456536896526814,0.12890852987766266
xgboost_np,r0f1,0,1,57,70,0,0.060380969196558,0.12890852987766266
xgboost_np,r0f1,0,1,58,71,0,0.0232539065182209,0.12890852987766266
xgboost_np,r0f1,0,1,59,72,1,0.7950108647346497,0.12890852987766266
xgboost_np,r0f1,0,1,60,73,0,0.060380969196558,0.12890852987766266
xgboost_np,r0f1,0,1,61,74,1,0.7950108647346497,0.12890852987766266
xgboost_np,r0f1,0,1,72,88,1,0.5759987831115723,0.12890852987766266
xgboost_np,r0f1,0,1,73,89,1,0.6181902289390564,0.12890852987766266
xgboost_np,r0f1,0,1,74,90,1,0.566270649433136,0.12890852987766266
xgboost_np,r0f1,0,1,75,91,1,0.5553520321846008,0.12890852987766266
xgboost_np,r0f1,0,1,76,92,1,0.6730276346206665,0.12890852987766266
xgboost_np,r0f1,0,1,77,93,1,0.9333335757255554,0.12890852987766266
xgboost_np,r0f1,0,1,80,97,1,0.22670017182826996,0.12890852987766266
xgboost_np,r0f1,0,1,87,104,0,0.17437313497066498,0.12890852987766266
xgboost_np,r0f1,0,1,88,105,1,0.22670017182826996,0.12890852987766266
xgboost_np,r0f1,0,1,90,107,1,0.25253826379776,0.12890852987766266
xgboost_np,r0f1,0,1,107,125,0,0.014193634502589703,0.12890852987766266
xgboost_np,r0f1,0,1,108,126,0,0.004017157480120659,0.12890852987766266
xgboost_np,r0f1,0,1,109,127,0,0.006985761690884829,0.12890852987766266
xgboost_np,r0f1,0,1,110,128,0,0.0062131877057254314,0.12890852987766266
xgboost_np,r0f1,0,1,111,129,0,0.008317469619214535,0.12890852987766266
xgboost_np,r0f1,0,1,112,130,0,0.0327349416911602,0.12890852987766266
xgboost_np,r0f1,0,1,128,147,0,0.005966360215097666,0.12890852987766266
xgboost_np,r0f1,0,1,173,192,0,0.011012328788638115,0.12890852987766266
xgboost_np,r0f1,0,1,174,193,0,0.005072682164609432,0.12890852987766266
xgboost_np,r0f1,0,1,175,194,0,0.00948447734117508,0.12890852987766266
xgboost_np,r0f1,0,1,176,195,0,0.042273856699466705,0.12890852987766266
xgboost_np,r0f1,0,1,192,212,0,0.07046838849782944,0.12890852987766266
xgboost_np,r0f1,0,1,204,225,0,0.009798434562981129,0.12890852987766266
xgboost_np,r0f1,0,1,210,231,1,0.1851194053888321,0.12890852987766266
xgboost_np,r0f1,0,1,221,244,0,0.028935465961694717,0.12890852987766266
xgboost_np,r0f1,0,1,222,245,0,0.0010880859335884452,0.12890852987766266
xgboost_np,r0f1,0,1,226,249,0,0.31613287329673767,0.12890852987766266
xgboost_np,r0f1,0,1,227,250,1,0.30941838026046753,0.12890852987766266
xgboost_np,r0f1,0,1,228,251,0,0.1076015830039978,0.12890852987766266
xgboost_np,r0f1,0,1,229,252,1,0.1076015830039978,0.12890852987766266
xgboost_np,r0f1,0,1,230,253,0,0.032376471906900406,0.12890852987766266
xgboost_np,r0f1,0,1,231,254,1,0.06956805288791656,0.12890852987766266
xgboost_np,r0f1,0,1,237,260,0,0.0656062662601471,0.12890852987766266
xgboost_np,r0f1,0,1,238,261,0,0.04332989081740379,0.12890852987766266
xgboost_np,r0f1,0,1,239,262,0,0.10530385375022888,0.12890852987766266
xgboost_np,r0f1,0,1,240,263,0,0.010628416202962399,0.12890852987766266
xgboost_np,r0f2,0,2,17,29,1,0.9086556434631348,0.16756169497966766
xgboost_np,r0f2,0,2,18,30,0,0.957934558391571,0.16756169497966766
xgboost_np,r0f2,0,2,19,31,1,0.9804351329803467,0.16756169497966766
xgboost_np,r0f2,0,2,20,32,1,0.9782609343528748,0.16756169497966766
xgboost_np,r0f2,0,2,32,44,1,0.9643455743789673,0.16756169497966766
xgboost_np,r0f2,0,2,33,45,0,0.8449133634567261,0.16756169497966766
xgboost_np,r0f2,0,2,40,52,1,0.9367650151252747,0.16756169497966766
xgboost_np,r0f2,0,2,56,69,1,0.7665981650352478,0.16756169497966766
xgboost_np,r0f2,0,2,64,77,0,0.008046680130064487,0.16756169497966766
xgboost_np,r0f2,0,2,65,78,0,0.007785971276462078,0.16756169497966766
xgboost_np,r0f2,0,2,68,84,0,0.008518404327332973,0.16756169497966766
xgboost_np,r0f2,0,2,69,85,0,0.004017974250018597,0.16756169497966766
xgboost_np,r0f2,0,2,70,86,0,0.005643984768539667,0.16756169497966766
xgboost_np,r0f2,0,2,71,87,0,0.007785971276462078,0.16756169497966766
xgboost_np,r0f2,0,2,81,98,0,0.35265931487083435,0.16756169497966766
xgboost_np,r0f2,0,2,82,99,0,0.5556768774986267,0.16756169497966766
xgboost_np,r0f2,0,2,83,100,0,0.23684605956077576,0.16756169497966766
xgboost_np,r0f2,0,2,84,101,0,0.23684605956077576,0.16756169497966766
xgboost_np,r0f2,0,2,89,106,1,0.6744956970214844,0.16756169497966766
xgboost_np,r0f2,0,2,91,108,1,0.4910764992237091,0.16756169497966766
xgboost_np,r0f2,0,2,159,178,0,0.7324090003967285,0.16756169497966766
xgboost_np,r0f2,0,2,160,179,1,0.9413127899169922,0.16756169497966766
xgboost_np,r0f2,0,2,164,183,0,0.49331891536712646,0.16756169497966766
xgboost_np,r0f2,0,2,165,184,0,0.7008646726608276,0.16756169497966766
xgboost_np,r0f2,0,2,166,185,0,0.7456773519515991,0.16756169497966766
xgboost_np,r0f2,0,2,167,186,0,0.37862417101860046,0.16756169497966766
xgboost_np,r0f2,0,2,193,213,0,0.04013906046748161,0.16756169497966766
xgboost_np,r0f2,0,2,194,214,0,0.7275115847587585,0.16756169497966766
xgboost_np,r0f2,0,2,195,215,0,0.019357550889253616,0.16756169497966766
xgboost_np,r0f2,0,2,196,216,0,0.007785971276462078,0.16756169497966766
xgboost_np,r0f2,0,2,199,219,0,0.010349541902542114,0.16756169497966766
xgboost_np,r0f2,0,2,200,220,0,0.03211153671145439,0.16756169497966766
xgboost_np,r0f2,0,2,201,221,0,0.05330074578523636,0.16756169497966766
xgboost_np,r0f2,0,2,205,226,0,0.004197246395051479,0.16756169497966766
xgboost_np,r0f2,0,2,206,227,0,0.001613868516869843,0.16756169497966766
xgboost_np,r0f2,0,2,211,232,0,0.003360014408826828,0.16756169497966766
xgboost_np,r0f2,0,2,212,233,1,0.0489632710814476,0.16756169497966766
xgboost_np,r0f2,0,2,213,234,1,0.0489632710814476,0.16756169497966766
xgboost_np,r0f2,0,2,214,235,0,0.006360655650496483,0.16756169497966766
xgboost_np,r0f2,0,2,215,236,0,0.08926528692245483,0.16756169497966766
xgboost_np,r0f2,0,2,216,238,1,0.2332121580839157,0.16756169497966766
xgboost_np,r0f2,0,2,217,239,0,0.0014334453735500574,0.16756169497966766
xgboost_np,r0f2,0,2,218,240,0,0.0013185084098950028,0.16756169497966766
xgboost_np,r0f2,0,2,246,269,0,0.07017119973897934,0.16756169497966766
xgboost_np,r0f2,0,2,247,270,1,0.2080550193786621,0.16756169497966766
xgboost_np,r0f2,0,2,248,271,0,0.0032395103480666876,0.16756169497966766
xgboost_np,r0f2,0,2,249,272,0,0.001923904288560152,0.16756169497966766
xgboost_np,r0f3,0,3,0,1,1,0.7900948524475098,0.19465453922748566
xgboost_np,r0f3,0,3,1,2,0,0.542974054813385,0.19465453922748566
xgboost_np,r0f3,0,3,2,3,0,0.7900948524475098,0.19465453922748566
xgboost_np,r0f3,0,3,3,4,0,0.5295397043228149,0.19465453922748566
xgboost_np,r0f3,0,3,4,5,0,0.5295397043228149,0.19465453922748566
xgboost_np,r0f3,0,3,5,6,0,0.15717372298240662,0.19465453922748566
xgboost_np,r0f3,0,3,6,7,1,0.9393736124038696,0.19465453922748566
xgboost_np,r0f3,0,3,7,8,1,0.3985840976238251,0.19465453922748566
xgboost_np,r0f3,0,3,8,19,1,0.9565868973731995,0.19465453922748566
xgboost_np,r0f3,0,3,9,20,1,0.9355971217155457,0.19465453922748566
xgboost_np,r0f3,0,3,10,21,1,0.921075165271759,0.19465453922748566
xgboost_np,r0f3,0,3,11,22,1,0.9163997769355774,0.19465453922748566
xgboost_np,r0f3,0,3,12,23,1,0.9492536783218384,0.19465453922748566
xgboost_np,r0f3,0,3,21,33,0,0.2683265805244446,0.19465453922748566
xgboost_np,r0f3,0,3,22,34,0,0.5976252555847168,0.19465453922748566
xgboost_np,r0f3,0,3,23,35,0,0.45426154136657715,0.19465453922748566
xgboost_np,r0f3,0,3,25,37,1,0.7558974027633667,0.19465453922748566
xgboost_np,r0f3,0,3,26,38,1,0.8493800163269043,0.19465453922748566
xgboost_np,r0f3,0,3,27,39,1,0.9466952681541443,0.19465453922748566
xgboost_np,r0f3,0,3,34,46,1,0.2089797854423523,0.19465453922748566
xgboost_np,r0f3,0,3,35,47,1,0.6464729905128479,0.19465453922748566
xgboost_np,r0f3,0,3,36,48,1,0.2814355492591858,0.19465453922748566
xgboost_np,r0f3,0,3,37,49,0,0.35263240337371826,0.19465453922748566
xgboost_np,r0f3,0,3,38,50,0,0.25675898790359497,0.19465453922748566
xgboost_np,r0f3,0,3,39,51,1,0.6358758807182312,0.19465453922748566
xgboost_np,r0f3,0,3,121,140,0,0.012558064423501492,0.19465453922748566
xgboost_np,r0f3,0,3,122,141,0,0.001857535564340651,0.19465453922748566
xgboost_np,r0f3,0,3,123,142,0,0.03302009776234627,0.19465453922748566
xgboost_np,r0f3,0,3,124,143,0,0.026926718652248383,0.19465453922748566
xgboost_np,r0f3,0,3,125,144,0,0.21521243453025818,0.19465453922748566
xgboost_np,r0f3,0,3,126,145,0,0.08182668685913086,0.19465453922748566
xgboost_np,r0f3,0,3,127,146,0,0.42649564146995544,0.19465453922748566
xgboost_np,r0f3,0,3,129,148,1,0.7071830034255981,0.19465453922748566
xgboost_np,r0f3,0,3,130,149,1,0.8974382877349854,0.19465453922748566
xgboost_np,r0f3,0,3,131,150,0,0.2474856674671173,0.19465453922748566
xgboost_np,r0f3,0,3,147,166,0,0.004271054174751043,0.19465453922748566
xgboost_np,r0f3,0,3,148,167,0,0.013754087500274181,0.19465453922748566
xgboost_np,r0f3,0,3,149,168,1,0.2201937586069107,0.19465453922748566
xgboost_np,r0f3,0,3,150,169,0,0.23072411119937897,0.19465453922748566
xgboost_np,r0f3,0,3,151,170,0,0.5435258150100708,0.19465453922748566
xgboost_np,r0f3,0,3,177,196,0,0.24476489424705505,0.19465453922748566
xgboost_np,r0f3,0,3,178,197,0,0.24005036056041718,0.19465453922748566
xgboost_np,r0f3,0,3,179,198,1,0.9001399874687195,0.19465453922748566
xgboost_np,r0f3,0,3,180,199,0,0.4114912450313568,0.19465453922748566
xgboost_np,r0f3,0,3,181,200,0,0.12318357080221176,0.19465453922748566
xgboost_np,r0f3,0,3,182,201,0,0.04397614300251007,0.19465453922748566
xgboost_np,r0f3,0,3,183,202,0,0.13827472925186157,0.19465453922748566
xgboost_np,r0f3,0,3,184,203,0,0.2089797854423523,0.19465453922748566
xgboost_np,r0f3,0,3,185,204,1,0.3236781358718872,0.19465453922748566
xgboost_np,r0f3,0,3,186,205,1,0.25675898790359497,0.19465453922748566
xgboost_np,r0f3,0,3,187,206,1,0.3985840976238251,0.19465453922748566
xgboost_np,r0f3,0,3,188,207,1,0.7631723880767822,0.19465453922748566
xgboost_np,r0f3,0,3,189,208,1,0.3985840976238251,0.19465453922748566
xgboost_np,r0f3,0,3,207,228,0,0.31727126240730286,0.19465453922748566
xgboost_np,r0f3,0,3,208,229,1,0.6358758807182312,0.19465453922748566
xgboost_np,r0f3,0,3,209,230,0,0.23947860300540924,0.19465453922748566
xgboost_np,r0f3,0,3,219,241,0,0.008405323140323162,0.19465453922748566
xgboost_np,r0f3,0,3,220,243,0,0.7652197480201721,0.19465453922748566
xgboost_np,r0f3,0,3,225,248,0,0.007577280979603529,0.19465453922748566
xgboost_np,r0f3,0,3,232,255,0,0.09230489283800125,0.19465453922748566
xgboost_np,r0f3,0,3,233,256,0,0.09230489283800125,0.19465453922748566
xgboost_np,r0f3,0,3,234,257,0,0.1460961252450943,0.19465453922748566
xgboost_np,r0f3,0,3,235,258,0,0.19049707055091858,0.19465453922748566
xgboost_np,r0f3,0,3,236,259,0,0.19944168627262115,0.19465453922748566
xgboost_np,r0f3,0,3,241,264,0,0.02515222877264023,0.19465453922748566
xgboost_np,r0f3,0,3,242,265,0,0.011291863396763802,0.19465453922748566
xgboost_np,r0f3,0,3,243,266,0,0.17073692381381989,0.19465453922748566
xgboost_np,r0f3,0,3,244,267,0,0.6998010873794556,0.19465453922748566
xgboost_np,r0f3,0,3,245,268,0,0.7221589684486389,0.19465453922748566
xgboost_np,r0f4,0,4,45,58,0,0.04482155293226242,0.16616789996623993
xgboost_np,r0f4,0,4,46,59,0,0.011353886686265469,0.16616789996623993
xgboost_np,r0f4,0,4,47,60,0,0.02435944974422455,0.16616789996623993
xgboost_np,r0f4,0,4,48,61,0,0.04482155293226242,0.16616789996623993
xgboost_np,r0f4,0,4,49,62,0,0.05516844242811203,0.16616789996623993
xgboost_np,r0f4,0,4,50,63,1,0.6885876655578613,0.16616789996623993
xgboost_np,r0f4,0,4,51,64,0,0.404904842376709,0.16616789996623993
xgboost_np,r0f4,0,4,85,102,0,0.056755006313323975,0.16616789996623993
xgboost_np,r0f4,0,4,86,103,0,0.035541847348213196,0.16616789996623993
xgboost_np,r0f4,0,4,92,109,0,0.10708276927471161,0.16616789996623993
xgboost_np,r0f4,0,4,93,110,0,0.056530408561229706,0.16616789996623993
xgboost_np,r0f4,0,4,94,111,1,0.10687511414289474,0.16616789996623993
xgboost_np,r0f4,0,4,95,112,1,0.0702475979924202,0.16616789996623993
xgboost_np,r0f4,0,4,113,131,1,0.9774686694145203,0.16616789996623993
xgboost_np,r0f4,0,4,114,132,1,0.9499274492263794,0.16616789996623993
xgboost_np,r0f4,0,4,115,133,1,0.26480311155319214,0.16616789996623993
xgboost_np,r0f4,0,4,116,134,0,0.29883256554603577,0.16616789996623993
xgboost_np,r0f4,0,4,117,135,1,0.9537549614906311,0.16616789996623993
xgboost_np,r0f4,0,4,118,136,1,0.63495272397995,0.16616789996623993
xgboost_np,r0f4,0,4,119,137,1,0.5226058959960938,0.16616789996623993
xgboost_np,r0f4,0,4,120,139,1,0.9774686694145203,0.16616789996623993
xgboost_np,r0f4,0,4,132,151,1,0.018234292045235634,0.16616789996623993
xgboost_np,r0f4,0,4,133,152,0,0.007117835804820061,0.16616789996623993
xgboost_np,r0f4,0,4,134,153,0,0.022394541651010513,0.16616789996623993
xgboost_np,r0f4,0,4,135,154,0,0.02549946866929531,0.16616789996623993
xgboost_np,r0f4,0,4,136,155,0,0.27616989612579346,0.16616789996623993
xgboost_np,r0f4,0,4,137,156,1,0.8744000792503357,0.16616789996623993
xgboost_np,r0f4,0,4,142,161,0,0.004983047489076853,0.16616789996623993
xgboost_np,r0f4,0,4,143,162,0,0.003040140960365534,0.16616789996623993
xgboost_np,r0f4,0,4,144,163,0,0.0037584868259727955,0.16616789996623993
xgboost_np,r0f4,0,4,145,164,0,0.0037584868259727955,0.16616789996623993
xgboost_np,r0f4,0,4,146,165,0,0.5699300169944763,0.16616789996623993
xgboost_np,r0f4,0,4,152,171,0,0.02321741357445717,0.16616789996623993
xgboost_np,r0f4,0,4,153,172,0,0.2909936010837555,0.16616789996623993
xgboost_np,r0f4,0,4,154,173,1,0.8744000792503357,0.16616789996623993
xgboost_np,r0f4,0,4,170,189,0,0.020972199738025665,0.16616789996623993
xgboost_np,r0f4,0,4,171,190,0,0.016427800059318542,0.16616789996623993
xgboost_np,r0f4,0,4,172,191,0,0.1722065508365631,0.16616789996623993
xgboost_np,r0f4,0,4,190,209,0,0.014077802188694477,0.16616789996623993
xgboost_np,r0f4,0,4,191,211,0,0.12544432282447815,0.16616789996623993
xgboost_np,r0f4,0,4,202,222,0,0.05217132344841957,0.16616789996623993
xgboost_np,r0f4,0,4,203,224,1,0.8874368071556091,0.16616789996623993
xgboost_np,r0f4,0,4,223,246,0,0.0008389709400944412,0.16616789996623993
xgboost_np,r0f4,0,4,224,247,0,0.0074523393996059895,0.16616789996623993
xgboost_np,r1f0,1,0,8,19,1,0.960089921951294,0.17855502665042877
xgboost_np,r1f0,1,0,9,20,1,0.945978045463562,0.17855502665042877
xgboost_np,r1f0,1,0,10,21,1,0.9091376662254333,0.17855502665042877
xgboost_np,r1f0,1,0,11,22,1,0.9091376662254333,0.17855502665042877
xgboost_np,r1f0,1,0,12,23,1,0.9763048887252808,0.17855502665042877
xgboost_np,r1f0,1,0,25,37,1,0.733173131942749,0.17855502665042877
xgboost_np,r1f0,1,0,26,38,1,0.9271998405456543,0.17855502665042877
xgboost_np,r1f0,1,0,27,39,1,0.9816901087760925,0.17855502665042877
xgboost_np,r1f0,1,0,45,58,0,0.14030905067920685,0.17855502665042877
xgboost_np,r1f0,1,0,46,59,0,0.018043139949440956,0.17855502665042877
xgboost_np,r1f0,1,0,47,60,0,0.06435564905405045,0.17855502665042877
xgboost_np,r1f0,1,0,48,61,0,0.14030905067920685,0.17855502665042877
xgboost_np,r1f0,1,0,49,62,0,0.0981932058930397,0.17855502665042877
xgboost_np,r1f0,1,0,50,63,1,0.7100228667259216,0.17855502665042877
xgboost_np,r1f0,1,0,51,64,0,0.36790332198143005,0.17855502665042877
xgboost_np,r1f0,1,0,62,75,0,0.00201955484226346,0.17855502665042877
xgboost_np,r1f0,1,0,63,76,0,0.007137461565434933,0.17855502665042877
xgboost_np,r1f0,1,0,66,79,0,0.06730049103498459,0.17855502665042877
xgboost_np,r1f0,1,0,67,82,0,0.00446500675752759,0.17855502665042877
xgboost_np,r1f0,1,0,85,102,0,0.03552090749144554,0.17855502665042877
xgboost_np,r1f0,1,0,86,103,0,0.030778393149375916,0.17855502665042877
xgboost_np,r1f0,1,0,92,109,0,0.07859863340854645,0.17855502665042877
xgboost_np,r1f0,1,0,93,110,0,0.0470561683177948,0.17855502665042877
xgboost_np,r1f0,1,0,94,111,1,0.06878051161766052,0.17855502665042877
xgboost_np,r1f0,1,0,95,112,1,0.09267231822013855,0.17855502665042877
xgboost_np,r1f0,1,0,142,161,0,0.0069799879565835,0.17855502665042877
xgboost_np,r1f0,1,0,143,162,0,0.0034717905800789595,0.17855502665042877
xgboost_np,r1f0,1,0,144,163,0,0.00214482843875885,0.17855502665042877
xgboost_np,r1f0,1,0,145,164,0,0.00214482843875885,0.17855502665042877
xgboost_np,r1f0,1,0,161,180,0,0.08097328990697861,0.17855502665042877
xgboost_np,r1f0,1,0,162,181,0,0.1689811646938324,0.17855502665042877
xgboost_np,r1f0,1,0,163,182,1,0.8832523822784424,0.17855502665042877
xgboost_np,r1f0,1,0,168,187,0,0.05442825332283974,0.17855502665042877
xgboost_np,r1f0,1,0,169,188,0,0.003493150696158409,0.17855502665042877
xgboost_np,r1f0,1,0,197,217,0,0.02449079416692257,0.17855502665042877
xgboost_np,r1f0,1,0,198,218,0,0.0064076329581439495,0.17855502665042877
xgboost_np,r1f0,1,0,204,225,0,0.02567596733570099,0.17855502665042877
xgboost_np,r1f0,1,0,210,231,1,0.35221928358078003,0.17855502665042877
xgboost_np,r1f0,1,0,219,241,0,0.013463125564157963,0.17855502665042877
xgboost_np,r1f0,1,0,220,243,0,0.755831241607666,0.17855502665042877
xgboost_np,r1f0,1,0,241,264,0,0.019888700917363167,0.17855502665042877
xgboost_np,r1f0,1,0,242,265,0,0.007808108348399401,0.17855502665042877
xgboost_np,r1f0,1,0,243,266,0,0.025845786556601524,0.17855502665042877
xgboost_np,r1f0,1,0,244,267,0,0.5066882371902466,0.17855502665042877
xgboost_np,r1f0,1,0,245,268,0,0.528327465057373,0.17855502665042877
xgboost_np,r1f1,1,1,0,1,1,0.40343111753463745,0.03951183333992958
xgboost_np,r1f1,1,1,1,2,0,0.40343111753463745,0.03951183333992958
xgboost_np,r1f1,1,1,2,3,0,0.40343111753463745,0.03951183333992958
xgboost_np,r1f1,1,1,3,4,0,0.3912213444709778,0.03951183333992958
xgboost_np,r1f1,1,1,4,5,0,0.3791867196559906,0.03951183333992958
xgboost_np,r1f1,1,1,5,6,0,0.17060787975788116,0.03951183333992958
xgboost_np,r1f1,1,1,6,7,1,0.9533411264419556,0.03951183333992958
xgboost_np,r1f1,1,1,7,8,1,0.48097994923591614,0.03951183333992958
xgboost_np,r1f1,1,1,21,33,0,0.2638476490974426,0.03951183333992958
xgboost_np,r1f1,1,1,22,34,0,0.41736888885498047,0.03951183333992958
xgboost_np,r1f1,1,1,23,35,0,0.42340847849845886,0.03951183333992958
xgboost_np,r1f1,1,1,34,46,1,0.18495433032512665,0.03951183333992958
xgboost_np,r1f1,1,1,35,47,1,0.5230847001075745,0.03951183333992958
xgboost_np,r1f1,1,1,36,48,1,0.29703012108802795,0.03951183333992958
xgboost_np,r1f1,1,1,37,49,0,0.33325669169425964,0.03951183333992958
xgboost_np,r1f1,1,1,38,50,0,0.3272780478000641,0.03951183333992958
xgboost_np,r1f1,1,1,39,51,1,0.6485690474510193,0.03951183333992958
xgboost_np,r1f1,1,1,52,65,0,0.03735111653804779,0.03951183333992958
xgboost_np,r1f1,1,1,53,66,0,0.005358254536986351,0.03951183333992958
xgboost_np,r1f1,1,1,54,67,0,0.04602894186973572,0.03951183333992958
xgboost_np,r1f1,1,1,55,68,0,0.002041860017925501,0.03951183333992958
xgboost_np,r1f1,1,1,57,70,0,0.06783255189657211,0.03951183333992958
xgboost_np,r1f1,1,1,58,71,0,0.031036898493766785,0.03951183333992958
xgboost_np,r1f1,1,1,59,72,1,0.5631255507469177,0.03951183333992958
xgboost_np,r1f1,1,1,60,73,0,0.06783255189657211,0.03951183333992958
xgboost_np,r1f1,1,1,61,74,1,0.5631255507469177,0.03951183333992958
xgboost_np,r1f1,1,1,80,97,1,0.29313158988952637,0.03951183333992958
xgboost_np,r1f1,1,1,87,104,0,0.21243806183338165,0.03951183333992958
xgboost_np,r1f1,1,1,88,105,1,0.29313158988952637,0.03951183333992958
xgboost_np,r1f1,1,1,90,107,1,0.20992016792297363,0.03951183333992958
xgboost_np,r1f1,1,1,107,125,0,0.014406072907149792,0.03951183333992958
xgboost_np,r1f1,1,1,108,126,0,0.004394532646983862,0.03951183333992958
xgboost_np,r1f1,1,1,109,127,0,0.0046767303720116615,0.03951183333992958
xgboost_np,r1f1,1,1,110,128,0,0.005229761824011803,0.03951183333992958
xgboost_np,r1f1,1,1,111,129,0,0.004425347782671452,0.03951183333992958
xgboost_np,r1f1,1,1,112,130,0,0.011282721534371376,0.03951183333992958
xgboost_np,r1f1,1,1,113,131,1,0.9114476442337036,0.03951183333992958
xgboost_np,r1f1,1,1,114,132,1,0.8408470749855042,0.03951183333992958
xgboost_np,r1f1,1,1,115,133,1,0.1929311603307724,0.03951183333992958
xgboost_np,r1f1,1,1,116,134,0,0.09616038203239441,0.03951183333992958
xgboost_np,r1f1,1,1,117,135,1,0.7732506394386292,0.03951183333992958
xgboost_np,r1f1,1,1,118,136,1,0.37972933053970337,0.03951183333992958
xgboost_np,r1f1,1,1,119,137,1,0.1929311603307724,0.03951183333992958
xgboost_np,r1f1,1,1,120,139,1,0.9114476442337036,0.03951183333992958
xgboost_np,r1f1,1,1,128,147,0,0.005838922690600157,0.03951183333992958
xgboost_np,r1f1,1,1,138,157,0,0.022273212671279907,0.03951183333992958
xgboost_np,r1f1,1,1,139,158,0,0.01676279306411743,0.03951183333992958
xgboost_np,r1f1,1,1,140,159,0,0.005445397458970547,0.03951183333992958
xgboost_np,r1f1,1,1,141,160,0,0.005445397458970547,0.03951183333992958
xgboost_np,r1f1,1,1,183,202,0,0.06581728160381317,0.03951183333992958
xgboost_np,r1f1,1,1,184,203,0,0.18495433032512665,0.03951183333992958
xgboost_np,r1f1,1,1,185,204,1,0.3620297312736511,0.03951183333992958
xgboost_np,r1f1,1,1,186,205,1,0.3272780478000641,0.03951183333992958
xgboost_np,r1f1,1,1,187,206,1,0.48097994923591614,0.03951183333992958
xgboost_np,r1f1,1,1,188,207,1,0.786883533000946,0.03951183333992958
xgboost_np,r1f1,1,1,189,208,1,0.49454739689826965,0.03951183333992958
xgboost_np,r1f1,1,1,190,209,0,0.015575448982417583,0.03951183333992958
xgboost_np,r1f1,1,1,191,211,0,0.12017324566841125,0.03951183333992958
xgboost_np,r1f1,1,1,192,212,0,0.121930330991745,0.03951183333992958
xgboost_np,r1f1,1,1,207,228,0,0.21575888991355896,0.03951183333992958
xgboost_np,r1f1,1,1,208,229,1,0.6485690474510193,0.03951183333992958
xgboost_np,r1f1,1,1,209,230,0,0.3154451251029968,0.03951183333992958
xgboost_np,r1f1,1,1,214,235,0,0.021750327199697495,0.03951183333992958
xgboost_np,r1f1,1,1,215,236,0,0.5077807903289795,0.03951183333992958
xgboost_np,r1f1,1,1,216,238,1,0.4988660216331482,0.03951183333992958
xgboost_np,r1f1,1,1,217,239,0,0.0040844702161848545,0.03951183333992958
xgboost_np,r1f1,1,1,218,240,0,0.0037468012887984514,0.03951183333992958
xgboost_np,r1f2,1,2,24,36,0,0.049328744411468506,0.11041732132434845
xgboost_np,r1f2,1,2,41,54,0,0.056095924228429794,0.11041732132434845
xgboost_np,r1f2,1,2,42,55,1,0.06610864400863647,0.11041732132434845
xgboost_np,r1f2,1,2,43,56,1,0.11211958527565002,0.11041732132434845
xgboost_np,r1f2,1,2,44,57,0,0.22095531225204468,0.11041732132434845
xgboost_np,r1f2,1,2,72,88,1,0.8923237323760986,0.11041732132434845
xgboost_np,r1f2,1,2,73,89,1,0.7579821944236755,0.11041732132434845
xgboost_np,r1f2,1,2,74,90,1,0.754341185092926,0.11041732132434845
xgboost_np,r1f2,1,2,75,91,1,0.8243775367736816,0.11041732132434845
xgboost_np,r1f2,1,2,76,92,1,0.7918809056282043,0.11041732132434845
xgboost_np,r1f2,1,2,77,93,1,0.9432618618011475,0.11041732132434845
xgboost_np,r1f2,1,2,78,94,0,0.6749059557914734,0.11041732132434845
xgboost_np,r1f2,1,2,79,95,0,0.49983352422714233,0.11041732132434845
xgboost_np,r1f2,1,2,96,113,0,0.05046026036143303,0.11041732132434845
xgboost_np,r1f2,1,2,97,115,0,0.05046026036143303,0.11041732132434845
xgboost_np,r1f2,1,2,98,116,0,0.04985493794083595,0.11041732132434845
xgboost_np,r1f2,1,2,99,117,0,0.0186257716268301,0.11041732132434845
xgboost_np,r1f2,1,2,100,118,0,0.11679913103580475,0.11041732132434845
xgboost_np,r1f2,1,2,121,140,0,0.010537718422710896,0.11041732132434845
xgboost_np,r1f2,1,2,122,141,0,0.0034269795287400484,0.11041732132434845
xgboost_np,r1f2,1,2,123,142,0,0.02096276730298996,0.11041732132434845
xgboost_np,r1f2,1,2,124,143,0,0.024377865716814995,0.11041732132434845
xgboost_np,r1f2,1,2,132,151,1,0.022213296964764595,0.11041732132434845
xgboost_np,r1f2,1,2,133,152,0,0.005832078400999308,0.11041732132434845
xgboost_np,r1f2,1,2,134,153,0,0.019619477912783623,0.11041732132434845
xgboost_np,r1f2,1,2,135,154,0,0.006609817035496235,0.11041732132434845
xgboost_np,r1f2,1,2,136,155,0,0.14723320305347443,0.11041732132434845
xgboost_np,r1f2,1,2,137,156,1,0.8666816353797913,0.11041732132434845
xgboost_np,r1f2,1,2,146,165,0,0.5964580178260803,0.11041732132434845
xgboost_np,r1f2,1,2,147,166,0,0.004036160185933113,0.11041732132434845
xgboost_np,r1f2,1,2,148,167,0,0.019047224894165993,0.11041732132434845
xgboost_np,r1f2,1,2,152,171,0,0.006609817035496235,0.11041732132434845
xgboost_np,r1f2,1,2,153,172,0,0.3567816913127899,0.11041732132434845
xgboost_np,r1f2,1,2,154,173,1,0.8666816353797913,0.11041732132434845
xgboost_np,r1f2,1,2,155,174,1,0.9444069862365723,0.11041732132434845
xgboost_np,r1f2,1,2,156,175,1,0.936360776424408,0.11041732132434845
xgboost_np,r1f2,1,2,157,176,0,0.8884585499763489,0.11041732132434845
xgboost_np,r1f2,1,2,158,177,0,0.9108123183250427,0.11041732132434845
xgboost_np,r1f2,1,2,170,189,0,0.02389070764183998,0.11041732132434845
xgboost_np,r1f2,1,2,171,190,0,0.010399452410638332,0.11041732132434845
xgboost_np,r1f2,1,2,172,191,0,0.16628137230873108,0.11041732132434845
xgboost_np,r1f2,1,2,173,192,0,0.009414924308657646,0.11041732132434845
xgboost_np,r1f2,1,2,174,193,0,0.007640026044100523,0.11041732132434845
xgboost_np,r1f2,1,2,175,194,0,0.008997742086648941,0.11041732132434845
xgboost_np,r1f2,1,2,176,195,0,0.03321347013115883,0.11041732132434845
xgboost_np,r1f2,1,2,227,250,1,0.1392291635274887,0.11041732132434845
xgboost_np,r1f2,1,2,230,253,0,0.031652212142944336,0.11041732132434845
xgboost_np,r1f2,1,2,231,254,1,0.10491801053285599,0.11041732132434845
xgboost_np,r1f3,1,3,13,25,1,0.842257022857666,0.24987703561782837
xgboost_np,r1f3,1,3,14,26,1,0.8387359976768494,0.24987703561782837
xgboost_np,r1f3,1,3,15,27,1,0.7732322216033936,0.24987703561782837
xgboost_np,r1f3,1,3,16,28,1,0.968798816204071,0.24987703561782837
xgboost_np,r1f3,1,3,28,40,1,0.8682899475097656,0.24987703561782837
xgboost_np,r1f3,1,3,29,41,1,0.8174947500228882,0.24987703561782837
xgboost_np,r1f3,1,3,30,42,1,0.9789942502975464,0.24987703561782837
xgboost_np,r1f3,1,3,31,43,1,0.9789942502975464,0.24987703561782837
xgboost_np,r1f3,1,3,56,69,1,0.7437863349914551,0.24987703561782837
xgboost_np,r1f3,1,3,64,77,0,0.003519225399941206,0.24987703561782837
xgboost_np,r1f3,1,3,65,78,0,0.004689828492701054,0.24987703561782837
xgboost_np,r1f3,1,3,101,119,0,0.06215740367770195,0.24987703561782837
xgboost_np,r1f3,1,3,102,120,0,0.03517131879925728,0.24987703561782837
xgboost_np,r1f3,1,3,103,121,0,0.028596222400665283,0.24987703561782837
xgboost_np,r1f3,1,3,104,122,0,0.007794835604727268,0.24987703561782837
xgboost_np,r1f3,1,3,105,123,0,0.028596222400665283,0.24987703561782837
xgboost_np,r1f3,1,3,106,124,0,0.0036891093477606773,0.24987703561782837
xgboost_np,r1f3,1,3,193,213,0,0.015400341711938381,0.24987703561782837
xgboost_np,r1f3,1,3,194,214,0,0.520066499710083,0.24987703561782837
xgboost_np,r1f3,1,3,195,215,0,0.018443847075104713,0.24987703561782837
xgboost_np,r1f3,1,3,196,216,0,0.004689828492701054,0.24987703561782837
xgboost_np,r1f3,1,3,202,222,0,0.034071553498506546,0.24987703561782837
xgboost_np,r1f3,1,3,203,224,1,0.7498772144317627,0.24987703561782837
xgboost_np,r1f3,1,3,205,226,0,0.009281079284846783,0.24987703561782837
xgboost_np,r1f3,1,3,206,227,0,0.0039728605188429356,0.24987703561782837
xgboost_np,r1f3,1,3,211,232,0,0.031117504462599754,0.24987703561782837
xgboost_np,r1f3,1,3,212,233,1,0.10663033276796341,0.24987703561782837
xgboost_np,r1f3,1,3,213,234,1,0.10663033276796341,0.24987703561782837
xgboost_np,r1f3,1,3,221,244,0,0.021223194897174835,0.24987703561782837
xgboost_np,r1f3,1,3,222,245,0,0.0012425221502780914,0.24987703561782837
xgboost_np,r1f3,1,3,223,246,0,0.0011604788014665246,0.24987703561782837
xgboost_np,r1f3,1,3,224,247,0,0.008938259445130825,0.24987703561782837
xgboost_np,r1f3,1,3,232,255,0,0.171227365732193,0.24987703561782837
xgboost_np,r1f3,1,3,233,256,0,0.171227365732193,0.24987703561782837
xgboost_np,r1f3,1,3,234,257,0,0.2554745078086853,0.24987703561782837
xgboost_np,r1f3,1,3,235,258,0,0.5014516115188599,0.24987703561782837
xgboost_np,r1f3,1,3,236,259,0,0.8167847990989685,0.24987703561782837
xgboost_np,r1f3,1,3,237,260,0,0.1036558449268341,0.24987703561782837
xgboost_np,r1f3,1,3,238,261,0,0.16909556090831757,0.24987703561782837
xgboost_np,r1f3,1,3,239,262,0,0.1499870866537094,0.24987703561782837
xgboost_np,r1f3,1,3,240,263,0,0.027238085865974426,0.24987703561782837
xgboost_np,r1f3,1,3,246,269,0,0.0916210263967514,0.24987703561782837
xgboost_np,r1f3,1,3,247,270,1,0.5957487225532532,0.24987703561782837
xgboost_np,r1f3,1,3,248,271,0,0.004740364849567413,0.24987703561782837
xgboost_np,r1f3,1,3,249,272,0,0.0038078336510807276,0.24987703561782837
xgboost_np,r1f3,1,3,250,273,0,0.46967458724975586,0.24987703561782837
xgboost_np,r1f3,1,3,251,274,0,0.8626488447189331,0.24987703561782837
xgboost_np,r1f4,1,4,17,29,1,0.9026674628257751,0.1330464631319046
xgboost_np,r1f4,1,4,18,30,0,0.9382331967353821,0.1330464631319046
xgboost_np,r1f4,1,4,19,31,1,0.9767577052116394,0.1330464631319046
xgboost_np,r1f4,1,4,20,32,1,0.9855813384056091,0.1330464631319046
xgboost_np,r1f4,1,4,32,44,1,0.9666522145271301,0.1330464631319046
xgboost_np,r1f4,1,4,33,45,0,0.8923871517181396,0.1330464631319046
xgboost_np,r1f4,1,4,40,52,1,0.9158241748809814,0.1330464631319046
xgboost_np,r1f4,1,4,68,84,0,0.00926190335303545,0.1330464631319046
xgboost_np,r1f4,1,4,69,85,0,0.004671543370932341,0.1330464631319046
xgboost_np,r1f4,1,4,70,86,0,0.0031622671522200108,0.1330464631319046
xgboost_np,r1f4,1,4,71,87,0,0.004028946161270142,0.1330464631319046
xgboost_np,r1f4,1,4,81,98,0,0.4618763327598572,0.1330464631319046
xgboost_np,r1f4,1,4,82,99,0,0.5834093689918518,0.1330464631319046
xgboost_np,r1f4,1,4,83,100,0,0.2355889230966568,0.1330464631319046
xgboost_np,r1f4,1,4,84,101,0,0.2355889230966568,0.1330464631319046
xgboost_np,r1f4,1,4,89,106,1,0.5832922458648682,0.1330464631319046
xgboost_np,r1f4,1,4,91,108,1,0.5216174721717834,0.1330464631319046
xgboost_np,r1f4,1,4,125,144,0,0.21982264518737793,0.1330464631319046
xgboost_np,r1f4,1,4,126,145,0,0.08385944366455078,0.1330464631319046
xgboost_np,r1f4,1,4,127,146,0,0.32586005330085754,0.1330464631319046
xgboost_np,r1f4,1,4,129,148,1,0.6295382976531982,0.1330464631319046
xgboost_np,r1f4,1,4,130,149,1,0.8778666853904724,0.1330464631319046
xgboost_np,r1f4,1,4,131,150,0,0.3029717803001404,0.1330464631319046
xgboost_np,r1f4,1,4,149,168,1,0.14013181626796722,0.1330464631319046
xgboost_np,r1f4,1,4,150,169,0,0.14013181626796722,0.1330464631319046
xgboost_np,r1f4,1,4,151,170,0,0.42750826478004456,0.1330464631319046
xgboost_np,r1f4,1,4,159,178,0,0.7709762454032898,0.1330464631319046
xgboost_np,r1f4,1,4,160,179,1,0.8947437405586243,0.1330464631319046
xgboost_np,r1f4,1,4,164,183,0,0.5216174721717834,0.1330464631319046
xgboost_np,r1f4,1,4,165,184,0,0.6818968057632446,0.1330464631319046
xgboost_np,r1f4,1,4,166,185,0,0.6982049345970154,0.1330464631319046
xgboost_np,r1f4,1,4,167,186,0,0.46174123883247375,0.1330464631319046
xgboost_np,r1f4,1,4,177,196,0,0.3262672424316406,0.1330464631319046
xgboost_np,r1f4,1,4,178,197,0,0.3262672424316406,0.1330464631319046
xgboost_np,r1f4,1,4,179,198,1,0.8303170204162598,0.1330464631319046
xgboost_np,r1f4,1,4,180,199,0,0.41373124718666077,0.1330464631319046
xgboost_np,r1f4,1,4,181,200,0,0.044088661670684814,0.1330464631319046
xgboost_np,r1f4,1,4,182,201,0,0.049888379871845245,0.1330464631319046
xgboost_np,r1f4,1,4,199,219,0,0.004478198941797018,0.1330464631319046
xgboost_np,r1f4,1,4,200,220,0,0.012222090736031532,0.1330464631319046
xgboost_np,r1f4,1,4,201,221,0,0.015502948313951492,0.1330464631319046
xgboost_np,r1f4,1,4,225,248,0,0.006820530164986849,0.1330464631319046
xgboost_np,r1f4,1,4,226,249,0,0.37617871165275574,0.1330464631319046
xgboost_np,r1f4,1,4,228,251,0,0.4543936252593994,0.1330464631319046
xgboost_np,r1f4,1,4,229,252,1,0.6441513895988464,0.1330464631319046
xgboost_np,r2f0,2,0,13,25,1,0.8694382309913635,0.14244863390922546
xgboost_np,r2f0,2,0,14,26,1,0.8499025702476501,0.14244863390922546
xgboost_np,r2f0,2,0,15,27,1,0.7928555011749268,0.14244863390922546
xgboost_np,r2f0,2,0,16,28,1,0.9670978784561157,0.14244863390922546
xgboost_np,r2f0,2,0,28,40,1,0.8978256583213806,0.14244863390922546
xgboost_np,r2f0,2,0,29,41,1,0.8522353768348694,0.14244863390922546
xgboost_np,r2f0,2,0,30,42,1,0.9847347736358643,0.14244863390922546
xgboost_np,r2f0,2,0,31,43,1,0.9847347736358643,0.14244863390922546
xgboost_np,r2f0,2,0,52,65,0,0.02720092050731182,0.14244863390922546
xgboost_np,r2f0,2,0,53,66,0,0.0018704961985349655,0.14244863390922546
xgboost_np,r2f0,2,0,54,67,0,0.03754640743136406,0.14244863390922546
xgboost_np,r2f0,2,0,55,68,0,0.006191587541252375,0.14244863390922546
xgboost_np,r2f0,2,0,57,70,0,0.02275119349360466,0.14244863390922546
xgboost_np,r2f0,2,0,58,71,0,0.01898312382400036,0.14244863390922546
xgboost_np,r2f0,2,0,59,72,1,0.7286193370819092,0.14244863390922546
xgboost_np,r2f0,2,0,60,73,0,0.02275119349360466,0.14244863390922546
xgboost_np,r2f0,2,0,61,74,1,0.7286193370819092,0.14244863390922546
xgboost_np,r2f0,2,0,85,102,0,0.06296297162771225,0.14244863390922546
xgboost_np,r2f0,2,0,86,103,0,0.05296623706817627,0.14244863390922546
xgboost_np,r2f0,2,0,92,109,0,0.15412865579128265,0.14244863390922546
xgboost_np,r2f0,2,0,93,110,0,0.056971341371536255,0.14244863390922546
xgboost_np,r2f0,2,0,94,111,1,0.12207388877868652,0.14244863390922546
xgboost_np,r2f0,2,0,95,112,1,0.13733181357383728,0.14244863390922546
xgboost_np,r2f0,2,0,96,113,0,0.06319226324558258,0.14244863390922546
xgboost_np,r2f0,2,0,97,115,0,0.06319226324558258,0.14244863390922546
xgboost_np,r2f0,2,0,98,116,0,0.04118794575333595,0.14244863390922546
xgboost_np,r2f0,2,0,99,117,0,0.02486211247742176,0.14244863390922546
xgboost_np,r2f0,2,0,100,118,0,0.07235204428434372,0.14244863390922546
xgboost_np,r2f0,2,0,149,168,1,0.11754905432462692,0.14244863390922546
xgboost_np,r2f0,2,0,150,169,0,0.11936284601688385,0.14244863390922546
xgboost_np,r2f0,2,0,151,170,0,0.44668230414390564,0.14244863390922546
xgboost_np,r2f0,2,0,192,212,0,0.05411690101027489,0.14244863390922546
xgboost_np,r2f0,2,0,204,225,0,0.02384471707046032,0.14244863390922546
xgboost_np,r2f0,2,0,210,231,1,0.2682150900363922,0.14244863390922546
xgboost_np,r2f0,2,0,223,246,0,0.0011001098901033401,0.14244863390922546
xgboost_np,r2f0,2,0,224,247,0,0.011411053128540516,0.14244863390922546
xgboost_np,r2f0,2,0,225,248,0,0.02529478818178177,0.14244863390922546
xgboost_np,r2f0,2,0,237,260,0,0.07271598279476166,0.14244863390922546
xgboost_np,r2f0,2,0,238,261,0,0.08918939530849457,0.14244863390922546
xgboost_np,r2f0,2,0,239,262,0,0.132501021027565,0.14244863390922546
xgboost_np,r2f0,2,0,240,263,0,0.01675427518785,0.14244863390922546
xgboost_np,r2f0,2,0,241,264,0,0.02701384574174881,0.14244863390922546
xgboost_np,r2f0,2,0,242,265,0,0.006681499071419239,0.14244863390922546
xgboost_np,r2f0,2,0,243,266,0,0.0326756052672863,0.14244863390922546
xgboost_np,r2f0,2,0,244,267,0,0.5423647165298462,0.14244863390922546
xgboost_np,r2f0,2,0,245,268,0,0.46649405360221863,0.14244863390922546
xgboost_np,r2f1,2,1,45,58,0,0.05544978007674217,0.2506396770477295
xgboost_np,r2f1,2,1,46,59,0,0.005046970210969448,0.2506396770477295
xgboost_np,r2f1,2,1,47,60,0,0.02519645169377327,0.2506396770477295
xgboost_np,r2f1,2,1,48,61,0,0.053629472851753235,0.2506396770477295
xgboost_np,r2f1,2,1,49,62,0,0.03663157671689987,0.2506396770477295
xgboost_np,r2f1,2,1,50,63,1,0.23160013556480408,0.2506396770477295
xgboost_np,r2f1,2,1,51,64,0,0.1783587634563446,0.2506396770477295
xgboost_np,r2f1,2,1,107,125,0,0.009074208326637745,0.2506396770477295
xgboost_np,r2f1,2,1,108,126,0,0.002884802408516407,0.2506396770477295
xgboost_np,r2f1,2,1,109,127,0,0.003032463602721691,0.2506396770477295
xgboost_np,r2f1,2,1,110,128,0,0.003162579843774438,0.2506396770477295
xgboost_np,r2f1,2,1,111,129,0,0.0036399189848452806,0.2506396770477295
xgboost_np,r2f1,2,1,112,130,0,0.014368660748004913,0.2506396770477295
xgboost_np,r2f1,2,1,113,131,1,0.9720727801322937,0.2506396770477295
xgboost_np,r2f1,2,1,114,132,1,0.9502009749412537,0.2506396770477295
xgboost_np,r2f1,2,1,115,133,1,0.34029802680015564,0.2506396770477295
xgboost_np,r2f1,2,1,116,134,0,0.22830457985401154,0.2506396770477295
xgboost_np,r2f1,2,1,117,135,1,0.9555297493934631,0.2506396770477295
xgboost_np,r2f1,2,1,118,136,1,0.6187938451766968,0.2506396770477295
xgboost_np,r2f1,2,1,119,137,1,0.5507793426513672,0.2506396770477295
xgboost_np,r2f1,2,1,120,139,1,0.9720727801322937,0.2506396770477295
xgboost_np,r2f1,2,1,128,147,0,0.0026917706709355116,0.2506396770477295
xgboost_np,r2f1,2,1,173,192,0,0.018068209290504456,0.2506396770477295
xgboost_np,r2f1,2,1,174,193,0,0.008818245492875576,0.2506396770477295
xgboost_np,r2f1,2,1,175,194,0,0.017409369349479675,0.2506396770477295
xgboost_np,r2f1,2,1,176,195,0,0.0336281917989254,0.2506396770477295
xgboost_np,r2f1,2,1,202,222,0,0.0386534109711647,0.2506396770477295
xgboost_np,r2f1,2,1,203,224,1,0.6947187781333923,0.2506396770477295
xgboost_np,r2f1,2,1,205,226,0,0.006256141234189272,0.2506396770477295
xgboost_np,r2f1,2,1,206,227,0,0.0026297771837562323,0.2506396770477295
xgboost_np,r2f1,2,1,211,232,0,0.010556642897427082,0.2506396770477295
xgboost_np,r2f1,2,1,212,233,1,0.03499872609972954,0.2506396770477295
xgboost_np,r2f1,2,1,213,234,1,0.03499872609972954,0.2506396770477295
xgboost_np,r2f1,2,1,214,235,0,0.01049015112221241,0.2506396770477295
xgboost_np,r2f1,2,1,215,236,0,0.05154300108551979,0.2506396770477295
xgboost_np,r2f1,2,1,216,238,1,0.3850540816783905,0.2506396770477295
xgboost_np,r2f1,2,1,217,239,0,0.001994061516597867,0.2506396770477295
xgboost_np,r2f1,2,1,218,240,0,0.001893643056973815,0.2506396770477295
xgboost_np,r2f1,2,1,232,255,0,0.04747124761343002,0.2506396770477295
xgboost_np,r2f1,2,1,233,256,0,0.04747124761343002,0.2506396770477295
xgboost_np,r2f1,2,1,234,257,0,0.20067153871059418,0.2506396770477295
xgboost_np,r2f1,2,1,235,258,0,0.10961950570344925,0.2506396770477295
xgboost_np,r2f1,2,1,236,259,0,0.4776102602481842,0.2506396770477295
xgboost_np,r2f1,2,1,246,269,0,0.0415404811501503,0.2506396770477295
xgboost_np,r2f1,2,1,247,270,1,0.363053560256958,0.2506396770477295
xgboost_np,r2f1,2,1,248,271,0,0.004056269768625498,0.2506396770477295
xgboost_np,r2f1,2,1,249,272,0,0.0024930788204073906,0.2506396770477295
xgboost_np,r2f2,2,2,0,1,1,0.8529992699623108,0.136503204703331
xgboost_np,r2f2,2,2,1,2,0,0.794157087802887,0.136503204703331
xgboost_np,r2f2,2,2,2,3,0,0.8529992699623108,0.136503204703331
xgboost_np,r2f2,2,2,3,4,0,0.7878230214118958,0.136503204703331
xgboost_np,r2f2,2,2,4,5,0,0.7878230214118958,0.136503204703331
xgboost_np,r2f2,2,2,5,6,0,0.4266234338283539,0.136503204703331
xgboost_np,r2f2,2,2,6,7,1,0.9749529361724854,0.136503204703331
xgboost_np,r2f2,2,2,7,8,1,0.7166736721992493,0.136503204703331
xgboost_np,r2f2,2,2,17,29,1,0.9653571248054504,0.136503204703331
xgboost_np,r2f2,2,2,18,30,0,0.9904458522796631,0.136503204703331
xgboost_np,r2f2,2,2,19,31,1,0.9868078827857971,0.136503204703331
xgboost_np,r2f2,2,2,20,32,1,0.9929625391960144,0.136503204703331
xgboost_np,r2f2,2,2,21,33,0,0.48117536306381226,0.136503204703331
xgboost_np,r2f2,2,2,22,34,0,0.576988935470581,0.136503204703331
xgboost_np,r2f2,2,2,23,35,0,0.521840512752533,0.136503204703331
xgboost_np,r2f2,2,2,32,44,1,0.9697380065917969,0.136503204703331
xgboost_np,r2f2,2,2,33,45,0,0.953028678894043,0.136503204703331
xgboost_np,r2f2,2,2,34,46,1,0.4171389639377594,0.136503204703331
xgboost_np,r2f2,2,2,35,47,1,0.8499724864959717,0.136503204703331
xgboost_np,r2f2,2,2,36,48,1,0.3747899532318115,0.136503204703331
xgboost_np,r2f2,2,2,37,49,0,0.49758416414260864,0.136503204703331
xgboost_np,r2f2,2,2,38,50,0,0.38848158717155457,0.136503204703331
xgboost_np,r2f2,2,2,39,51,1,0.8606071472167969,0.136503204703331
xgboost_np,r2f2,2,2,40,52,1,0.9337325096130371,0.136503204703331
xgboost_np,r2f2,2,2,125,144,0,0.1682574599981308,0.136503204703331
xgboost_np,r2f2,2,2,126,145,0,0.3665078282356262,0.136503204703331
xgboost_np,r2f2,2,2,127,146,0,0.277826726436615,0.136503204703331
xgboost_np,r2f2,2,2,129,148,1,0.7317874431610107,0.136503204703331
xgboost_np,r2f2,2,2,130,149,1,0.9496376514434814,0.136503204703331
xgboost_np,r2f2,2,2,131,150,0,0.4861556589603424,0.136503204703331
xgboost_np,r2f2,2,2,132,151,1,0.022363096475601196,0.136503204703331
xgboost_np,r2f2,2,2,133,152,0,0.025074642151594162,0.136503204703331
xgboost_np,r2f2,2,2,134,153,0,0.007375636138021946,0.136503204703331
xgboost_np,r2f2,2,2,135,154,0,0.013507422059774399,0.136503204703331
xgboost_np,r2f2,2,2,136,155,0,0.06482227891683578,0.136503204703331
xgboost_np,r2f2,2,2,137,156,1,0.7981402277946472,0.136503204703331
xgboost_np,r2f2,2,2,142,161,0,0.004203625023365021,0.136503204703331
xgboost_np,r2f2,2,2,143,162,0,0.0025842413306236267,0.136503204703331
xgboost_np,r2f2,2,2,144,163,0,0.002045636298134923,0.136503204703331
xgboost_np,r2f2,2,2,145,164,0,0.002045636298134923,0.136503204703331
xgboost_np,r2f2,2,2,146,165,0,0.6991612315177917,0.136503204703331
xgboost_np,r2f2,2,2,152,171,0,0.01504653599113226,0.136503204703331
xgboost_np,r2f2,2,2,153,172,0,0.06699645519256592,0.136503204703331
xgboost_np,r2f2,2,2,154,173,1,0.7981402277946472,0.136503204703331
xgboost_np,r2f2,2,2,170,189,0,0.021714044734835625,0.136503204703331
xgboost_np,r2f2,2,2,171,190,0,0.007228040602058172,0.136503204703331
xgboost_np,r2f2,2,2,172,191,0,0.29478946328163147,0.136503204703331
xgboost_np,r2f2,2,2,177,196,0,0.4798361659049988,0.136503204703331
xgboost_np,r2f2,2,2,178,197,0,0.5046058297157288,0.136503204703331
xgboost_np,r2f2,2,2,179,198,1,0.9496376514434814,0.136503204703331
xgboost_np,r2f2,2,2,180,199,0,0.5452802181243896,0.136503204703331
xgboost_np,r2f2,2,2,181,200,0,0.1592206507921219,0.136503204703331
xgboost_np,r2f2,2,2,182,201,0,0.12996900081634521,0.136503204703331
xgboost_np,r2f2,2,2,183,202,0,0.7032043933868408,0.136503204703331
xgboost_np,r2f2,2,2,184,203,0,0.41219642758369446,0.136503204703331
xgboost_np,r2f2,2,2,185,204,1,0.4443501830101013,0.136503204703331
xgboost_np,r2f2,2,2,186,205,1,0.38848158717155457,0.136503204703331
xgboost_np,r2f2,2,2,187,206,1,0.7166736721992493,0.136503204703331
xgboost_np,r2f2,2,2,188,207,1,0.8737169504165649,0.136503204703331
xgboost_np,r2f2,2,2,189,208,1,0.7257246375083923,0.136503204703331
xgboost_np,r2f2,2,2,190,209,0,0.027044059708714485,0.136503204703331
xgboost_np,r2f2,2,2,191,211,0,0.06354551017284393,0.136503204703331
xgboost_np,r2f2,2,2,207,228,0,0.7499998211860657,0.136503204703331
xgboost_np,r2f2,2,2,208,229,1,0.8606071472167969,0.136503204703331
xgboost_np,r2f2,2,2,209,230,0,0.3201986253261566,0.136503204703331
xgboost_np,r2f2,2,2,250,273,0,0.37343600392341614,0.136503204703331
xgboost_np,r2f2,2,2,251,274,0,0.7045354247093201,0.136503204703331
xgboost_np,r2f3,2,3,8,19,1,0.9636709094047546,0.13190460205078125
xgboost_np,r2f3,2,3,9,20,1,0.9274057745933533,0.13190460205078125
xgboost_np,r2f3,2,3,10,21,1,0.8732641935348511,0.13190460205078125
xgboost_np,r2f3,2,3,11,22,1,0.86976557970047,0.13190460205078125
xgboost_np,r2f3,2,3,12,23,1,0.9746217131614685,0.13190460205078125
xgboost_np,r2f3,2,3,25,37,1,0.6448275446891785,0.13190460205078125
xgboost_np,r2f3,2,3,26,38,1,0.879620373249054,0.13190460205078125
xgboost_np,r2f3,2,3,27,39,1,0.9766320586204529,0.13190460205078125
xgboost_np,r2f3,2,3,56,69,1,0.9050448536872864,0.13190460205078125
xgboost_np,r2f3,2,3,62,75,0,0.002424076898023486,0.13190460205078125
xgboost_np,r2f3,2,3,63,76,0,0.005958653520792723,0.13190460205078125
xgboost_np,r2f3,2,3,64,77,0,0.004150991328060627,0.13190460205078125
xgboost_np,r2f3,2,3,65,78,0,0.00468383589759469,0.13190460205078125
xgboost_np,r2f3,2,3,66,79,0,0.0789094939827919,0.13190460205078125
xgboost_np,r2f3,2,3,67,82,0,0.005682799499481916,0.13190460205078125
xgboost_np,r2f3,2,3,78,94,0,0.6844192147254944,0.13190460205078125
xgboost_np,r2f3,2,3,79,95,0,0.5167382955551147,0.13190460205078125
xgboost_np,r2f3,2,3,101,119,0,0.0605865903198719,0.13190460205078125
xgboost_np,r2f3,2,3,102,120,0,0.03571605682373047,0.13190460205078125
xgboost_np,r2f3,2,3,103,121,0,0.03196685388684273,0.13190460205078125
xgboost_np,r2f3,2,3,104,122,0,0.00945878867059946,0.13190460205078125
xgboost_np,r2f3,2,3,105,123,0,0.03196685388684273,0.13190460205078125
xgboost_np,r2f3,2,3,106,124,0,0.006968366913497448,0.13190460205078125
xgboost_np,r2f3,2,3,121,140,0,0.021918844431638718,0.13190460205078125
xgboost_np,r2f3,2,3,122,141,0,0.00463469373062253,0.13190460205078125
xgboost_np,r2f3,2,3,123,142,0,0.0263375174254179,0.13190460205078125
xgboost_np,r2f3,2,3,124,143,0,0.015752693638205528,0.13190460205078125
xgboost_np,r2f3,2,3,155,174,1,0.9653227925300598,0.13190460205078125
xgboost_np,r2f3,2,3,156,175,1,0.9584158062934875,0.13190460205078125
xgboost_np,r2f3,2,3,157,176,0,0.9311007857322693,0.13190460205078125
xgboost_np,r2f3,2,3,158,177,0,0.9485655426979065,0.13190460205078125
xgboost_np,r2f3,2,3,193,213,0,0.04939163103699684,0.13190460205078125
xgboost_np,r2f3,2,3,194,214,0,0.8295835852622986,0.13190460205078125
xgboost_np,r2f3,2,3,195,215,0,0.02092774771153927,0.13190460205078125
xgboost_np,r2f3,2,3,196,216,0,0.00468383589759469,0.13190460205078125
xgboost_np,r2f3,2,3,197,217,0,0.020556215196847916,0.13190460205078125
xgboost_np,r2f3,2,3,198,218,0,0.004744451958686113,0.13190460205078125
xgboost_np,r2f3,2,3,219,241,0,0.009141401387751102,0.13190460205078125
xgboost_np,r2f3,2,3,220,243,0,0.7397440075874329,0.13190460205078125
xgboost_np,r2f3,2,3,226,249,0,0.5725686550140381,0.13190460205078125
xgboost_np,r2f3,2,3,227,250,1,0.349675714969635,0.13190460205078125
xgboost_np,r2f3,2,3,228,251,0,0.3615404963493347,0.13190460205078125
xgboost_np,r2f3,2,3,229,252,1,0.35842660069465637,0.13190460205078125
xgboost_np,r2f3,2,3,230,253,0,0.04559316113591194,0.13190460205078125
xgboost_np,r2f3,2,3,231,254,1,0.11107800155878067,0.13190460205078125
xgboost_np,r2f4,2,4,24,36,0,0.02997063472867012,0.16304375231266022
xgboost_np,r2f4,2,4,41,54,0,0.08319158107042313,0.16304375231266022
xgboost_np,r2f4,2,4,42,55,1,0.07536496967077255,0.16304375231266022
xgboost_np,r2f4,2,4,43,56,1,0.09065758436918259,0.16304375231266022
xgboost_np,r2f4,2,4,44,57,0,0.1371224820613861,0.16304375231266022
xgboost_np,r2f4,2,4,68,84,0,0.015764949843287468,0.16304375231266022
xgboost_np,r2f4,2,4,69,85,0,0.004343563690781593,0.16304375231266022
xgboost_np,r2f4,2,4,70,86,0,0.0022510611452162266,0.16304375231266022
xgboost_np,r2f4,2,4,71,87,0,0.005019499454647303,0.16304375231266022
xgboost_np,r2f4,2,4,72,88,1,0.6395128965377808,0.16304375231266022
xgboost_np,r2f4,2,4,73,89,1,0.6691626310348511,0.16304375231266022
xgboost_np,r2f4,2,4,74,90,1,0.657107412815094,0.16304375231266022
xgboost_np,r2f4,2,4,75,91,1,0.7235207557678223,0.16304375231266022
xgboost_np,r2f4,2,4,76,92,1,0.676367998123169,0.16304375231266022
xgboost_np,r2f4,2,4,77,93,1,0.9453653693199158,0.16304375231266022
xgboost_np,r2f4,2,4,80,97,1,0.43302929401397705,0.16304375231266022
xgboost_np,r2f4,2,4,81,98,0,0.42190995812416077,0.16304375231266022
xgboost_np,r2f4,2,4,82,99,0,0.43302929401397705,0.16304375231266022
xgboost_np,r2f4,2,4,83,100,0,0.17053604125976562,0.16304375231266022
xgboost_np,r2f4,2,4,84,101,0,0.17053604125976562,0.16304375231266022
xgboost_np,r2f4,2,4,87,104,0,0.4198298156261444,0.16304375231266022
xgboost_np,r2f4,2,4,88,105,1,0.43302929401397705,0.16304375231266022
xgboost_np,r2f4,2,4,89,106,1,0.40895381569862366,0.16304375231266022
xgboost_np,r2f4,2,4,90,107,1,0.340716689825058,0.16304375231266022
xgboost_np,r2f4,2,4,91,108,1,0.43302929401397705,0.16304375231266022
xgboost_np,r2f4,2,4,138,157,0,0.012904318049550056,0.16304375231266022
xgboost_np,r2f4,2,4,139,158,0,0.012904318049550056,0.16304375231266022
xgboost_np,r2f4,2,4,140,159,0,0.004853387828916311,0.16304375231266022
xgboost_np,r2f4,2,4,141,160,0,0.005050702020525932,0.16304375231266022
xgboost_np,r2f4,2,4,147,166,0,0.0023593585938215256,0.16304375231266022
xgboost_np,r2f4,2,4,148,167,0,0.012023336254060268,0.16304375231266022
xgboost_np,r2f4,2,4,159,178,0,0.538889467716217,0.16304375231266022
xgboost_np,r2f4,2,4,160,179,1,0.8851487636566162,0.16304375231266022
xgboost_np,r2f4,2,4,161,180,0,0.052149076014757156,0.16304375231266022
xgboost_np,r2f4,2,4,162,181,0,0.5272001028060913,0.16304375231266022
xgboost_np,r2f4,2,4,163,182,1,0.9647443890571594,0.16304375231266022
xgboost_np,r2f4,2,4,164,183,0,0.43302929401397705,0.16304375231266022
xgboost_np,r2f4,2,4,165,184,0,0.639032244682312,0.16304375231266022
xgboost_np,r2f4,2,4,166,185,0,0.5782796740531921,0.16304375231266022
xgboost_np,r2f4,2,4,167,186,0,0.2689577639102936,0.16304375231266022
xgboost_np,r2f4,2,4,168,187,0,0.054483938962221146,0.16304375231266022
xgboost_np,r2f4,2,4,169,188,0,0.019832761958241463,0.16304375231266022
xgboost_np,r2f4,2,4,199,219,0,0.006867660209536552,0.16304375231266022
xgboost_np,r2f4,2,4,200,220,0,0.014120773412287235,0.16304375231266022
xgboost_np,r2f4,2,4,201,221,0,0.018517417833209038,0.16304375231266022
xgboost_np,r2f4,2,4,221,244,0,0.0089328708127141,0.16304375231266022
xgboost_np,r2f4,2,4,222,245,0,0.0014694604324176908,0.16304375231266022
xgboost_np,r3f0,3,0,0,1,1,0.4745446443557739,0.12866908311843872
xgboost_np,r3f0,3,0,1,2,0,0.45257270336151123,0.12866908311843872
xgboost_np,r3f0,3,0,2,3,0,0.4745446443557739,0.12866908311843872
xgboost_np,r3f0,3,0,3,4,0,0.44987010955810547,0.12866908311843872
xgboost_np,r3f0,3,0,4,5,0,0.45406875014305115,0.12866908311843872
xgboost_np,r3f0,3,0,5,6,0,0.11905208230018616,0.12866908311843872
xgboost_np,r3f0,3,0,6,7,1,0.9691331386566162,0.12866908311843872
xgboost_np,r3f0,3,0,7,8,1,0.40544411540031433,0.12866908311843872
xgboost_np,r3f0,3,0,13,25,1,0.8990239500999451,0.12866908311843872
xgboost_np,r3f0,3,0,14,26,1,0.798606812953949,0.12866908311843872
xgboost_np,r3f0,3,0,15,27,1,0.9081706404685974,0.12866908311843872
xgboost_np,r3f0,3,0,16,28,1,0.9371041655540466,0.12866908311843872
xgboost_np,r3f0,3,0,21,33,0,0.24377134442329407,0.12866908311843872
xgboost_np,r3f0,3,0,22,34,0,0.5503979325294495,0.12866908311843872
xgboost_np,r3f0,3,0,23,35,0,0.463225394487381,0.12866908311843872
xgboost_np,r3f0,3,0,28,40,1,0.922464907169342,0.12866908311843872
xgboost_np,r3f0,3,0,29,41,1,0.9059196710586548,0.12866908311843872
xgboost_np,r3f0,3,0,30,42,1,0.9611793160438538,0.12866908311843872
xgboost_np,r3f0,3,0,31,43,1,0.9611793160438538,0.12866908311843872
xgboost_np,r3f0,3,0,34,46,1,0.18707610666751862,0.12866908311843872
xgboost_np,r3f0,3,0,35,47,1,0.3560064435005188,0.12866908311843872
xgboost_np,r3f0,3,0,36,48,1,0.22699928283691406,0.12866908311843872
xgboost_np,r3f0,3,0,37,49,0,0.45813071727752686,0.12866908311843872
xgboost_np,r3f0,3,0,38,50,0,0.292416512966156,0.12866908311843872
xgboost_np,r3f0,3,0,39,51,1,0.8069730997085571,0.12866908311843872
xgboost_np,r3f0,3,0,56,69,1,0.7098461389541626,0.12866908311843872
xgboost_np,r3f0,3,0,62,75,0,0.002821979345753789,0.12866908311843872
xgboost_np,r3f0,3,0,63,76,0,0.005308716557919979,0.12866908311843872
xgboost_np,r3f0,3,0,64,77,0,0.006173071451485157,0.12866908311843872
xgboost_np,r3f0,3,0,65,78,0,0.004670073743909597,0.12866908311843872
xgboost_np,r3f0,3,0,66,79,0,0.020545609295368195,0.12866908311843872
xgboost_np,r3f0,3,0,67,82,0,0.002336997538805008,0.12866908311843872
xgboost_np,r3f0,3,0,101,119,0,0.06341196596622467,0.12866908311843872
xgboost_np,r3f0,3,0,102,120,0,0.044478315860033035,0.12866908311843872
xgboost_np,r3f0,3,0,103,121,0,0.03272103890776634,0.12866908311843872
xgboost_np,r3f0,3,0,104,122,0,0.01222013309597969,0.12866908311843872
xgboost_np,r3f0,3,0,105,123,0,0.03272103890776634,0.12866908311843872
xgboost_np,r3f0,3,0,106,124,0,0.0042661759071052074,0.12866908311843872
xgboost_np,r3f0,3,0,142,161,0,0.006305314600467682,0.12866908311843872
xgboost_np,r3f0,3,0,143,162,0,0.0047163632698357105,0.12866908311843872
xgboost_np,r3f0,3,0,144,163,0,0.004431582987308502,0.12866908311843872
xgboost_np,r3f0,3,0,145,164,0,0.004431582987308502,0.12866908311843872
xgboost_np,r3f0,3,0,161,180,0,0.23039469122886658,0.12866908311843872
xgboost_np,r3f0,3,0,162,181,0,0.5432490110397339,0.12866908311843872
xgboost_np,r3f0,3,0,163,182,1,0.9199462532997131,0.12866908311843872
xgboost_np,r3f0,3,0,168,187,0,0.17645101249217987,0.12866908311843872
xgboost_np,r3f0,3,0,169,188,0,0.02382734790444374,0.12866908311843872
xgboost_np,r3f0,3,0,183,202,0,0.1360621601343155,0.12866908311843872
xgboost_np,r3f0,3,0,184,203,0,0.18707610666751862,0.12866908311843872
xgboost_np,r3f0,3,0,185,204,1,0.3515806198120117,0.12866908311843872
xgboost_np,r3f0,3,0,186,205,1,0.292416512966156,0.12866908311843872
xgboost_np,r3f0,3,0,187,206,1,0.40544411540031433,0.12866908311843872
xgboost_np,r3f0,3,0,188,207,1,0.8107165098190308,0.12866908311843872
xgboost_np,r3f0,3,0,189,208,1,0.40544411540031433,0.12866908311843872
xgboost_np,r3f0,3,0,193,213,0,0.06515611708164215,0.12866908311843872
xgboost_np,r3f0,3,0,194,214,0,0.7098461389541626,0.12866908311843872
xgboost_np,r3f0,3,0,195,215,0,0.02471701055765152,0.12866908311843872
xgboost_np,r3f0,3,0,196,216,0,0.004670073743909597,0.12866908311843872
xgboost_np,r3f0,3,0,197,217,0,0.02471701055765152,0.12866908311843872
xgboost_np,r3f0,3,0,198,218,0,0.004670073743909597,0.12866908311843872
xgboost_np,r3f0,3,0,207,228,0,0.30874723196029663,0.12866908311843872
xgboost_np,r3f0,3,0,208,229,1,0.8069730997085571,0.12866908311843872
xgboost_np,r3f0,3,0,209,230,0,0.19738660752773285,0.12866908311843872
xgboost_np,r3f0,3,0,246,269,0,0.200645312666893,0.12866908311843872
xgboost_np,r3f0,3,0,247,270,1,0.2475808560848236,0.12866908311843872
xgboost_np,r3f0,3,0,248,271,0,0.0021644022781401873,0.12866908311843872
xgboost_np,r3f0,3,0,249,272,0,0.002156593604013324,0.12866908311843872
xgboost_np,r3f1,3,1,52,65,0,0.047446925193071365,0.15092714130878448
xgboost_np,r3f1,3,1,53,66,0,0.0023417496122419834,0.15092714130878448
xgboost_np,r3f1,3,1,54,67,0,0.04920646920800209,0.15092714130878448
xgboost_np,r3f1,3,1,55,68,0,0.00945970043540001,0.15092714130878448
xgboost_np,r3f1,3,1,57,70,0,0.03441374748945236,0.15092714130878448
xgboost_np,r3f1,3,1,58,71,0,0.029023580253124237,0.15092714130878448
xgboost_np,r3f1,3,1,59,72,1,0.6868834495544434,0.15092714130878448
xgboost_np,r3f1,3,1,60,73,0,0.03441374748945236,0.15092714130878448
xgboost_np,r3f1,3,1,61,74,1,0.6868834495544434,0.15092714130878448
xgboost_np,r3f1,3,1,68,84,0,0.00945970043540001,0.15092714130878448
xgboost_np,r3f1,3,1,69,85,0,0.0035374858416616917,0.15092714130878448
xgboost_np,r3f1,3,1,70,86,0,0.004449207801371813,0.15092714130878448
xgboost_np,r3f1,3,1,71,87,0,0.0047352612018585205,0.15092714130878448
xgboost_np,r3f1,3,1,72,88,1,0.6670371890068054,0.15092714130878448
xgboost_np,r3f1,3,1,73,89,1,0.5386998653411865,0.15092714130878448
xgboost_np,r3f1,3,1,74,90,1,0.532501757144928,0.15092714130878448
xgboost_np,r3f1,3,1,75,91,1,0.5479496717453003,0.15092714130878448
xgboost_np,r3f1,3,1,76,92,1,0.5976375341415405,0.15092714130878448
xgboost_np,r3f1,3,1,77,93,1,0.9325134754180908,0.15092714130878448
xgboost_np,r3f1,3,1,80,97,1,0.2185826599597931,0.15092714130878448
xgboost_np,r3f1,3,1,87,104,0,0.18630042672157288,0.15092714130878448
xgboost_np,r3f1,3,1,88,105,1,0.2185826599597931,0.15092714130878448
xgboost_np,r3f1,3,1,90,107,1,0.2806948125362396,0.15092714130878448
xgboost_np,r3f1,3,1,192,212,0,0.06768175959587097,0.15092714130878448
xgboost_np,r3f1,3,1,199,219,0,0.006863423157483339,0.15092714130878448
xgboost_np,r3f1,3,1,200,220,0,0.019871456548571587,0.15092714130878448
xgboost_np,r3f1,3,1,201,221,0,0.03772413730621338,0.15092714130878448
xgboost_np,r3f1,3,1,204,225,0,0.015962844714522362,0.15092714130878448
xgboost_np,r3f1,3,1,210,231,1,0.31886857748031616,0.15092714130878448
xgboost_np,r3f1,3,1,214,235,0,0.013341482728719711,0.15092714130878448
xgboost_np,r3f1,3,1,215,236,0,0.37304380536079407,0.15092714130878448
xgboost_np,r3f1,3,1,216,238,1,0.558976411819458,0.15092714130878448
xgboost_np,r3f1,3,1,217,239,0,0.0027415910735726357,0.15092714130878448
xgboost_np,r3f1,3,1,218,240,0,0.0027382762636989355,0.15092714130878448
xgboost_np,r3f1,3,1,223,246,0,0.0012522259494289756,0.15092714130878448
xgboost_np,r3f1,3,1,224,247,0,0.018723392859101295,0.15092714130878448
xgboost_np,r3f1,3,1,225,248,0,0.020385421812534332,0.15092714130878448
xgboost_np,r3f1,3,1,226,249,0,0.49478450417518616,0.15092714130878448
xgboost_np,r3f1,3,1,228,251,0,0.43821093440055847,0.15092714130878448
xgboost_np,r3f1,3,1,229,252,1,0.510860025882721,0.15092714130878448
xgboost_np,r3f1,3,1,241,264,0,0.023594137281179428,0.15092714130878448
xgboost_np,r3f1,3,1,242,265,0,0.004833374172449112,0.15092714130878448
xgboost_np,r3f1,3,1,243,266,0,0.04834200441837311,0.15092714130878448
xgboost_np,r3f1,3,1,244,267,0,0.5257536768913269,0.15092714130878448
xgboost_np,r3f1,3,1,245,268,0,0.5211133360862732,0.15092714130878448
xgboost_np,r3f2,3,2,24,36,0,0.022700110450387,0.12847542762756348
xgboost_np,r3f2,3,2,41,54,0,0.06125948205590248,0.12847542762756348
xgboost_np,r3f2,3,2,42,55,1,0.06660736352205276,0.12847542762756348
xgboost_np,r3f2,3,2,43,56,1,0.14332391321659088,0.12847542762756348
xgboost_np,r3f2,3,2,44,57,0,0.15304800868034363,0.12847542762756348
xgboost_np,r3f2,3,2,45,58,0,0.02934148907661438,0.12847542762756348
xgboost_np,r3f2,3,2,46,59,0,0.0033466024324297905,0.12847542762756348
xgboost_np,r3f2,3,2,47,60,0,0.01744074374437332,0.12847542762756348
xgboost_np,r3f2,3,2,48,61,0,0.02934148907661438,0.12847542762756348
xgboost_np,r3f2,3,2,49,62,0,0.04789523407816887,0.12847542762756348
xgboost_np,r3f2,3,2,50,63,1,0.64430171251297,0.12847542762756348
xgboost_np,r3f2,3,2,51,64,0,0.3285650610923767,0.12847542762756348
xgboost_np,r3f2,3,2,113,131,1,0.9793013334274292,0.12847542762756348
xgboost_np,r3f2,3,2,114,132,1,0.961231529712677,0.12847542762756348
xgboost_np,r3f2,3,2,115,133,1,0.2336539924144745,0.12847542762756348
xgboost_np,r3f2,3,2,116,134,0,0.23058559000492096,0.12847542762756348
xgboost_np,r3f2,3,2,117,135,1,0.9671257734298706,0.12847542762756348
xgboost_np,r3f2,3,2,118,136,1,0.5829843878746033,0.12847542762756348
xgboost_np,r3f2,3,2,119,137,1,0.5829843878746033,0.12847542762756348
xgboost_np,r3f2,3,2,120,139,1,0.9793013334274292,0.12847542762756348
xgboost_np,r3f2,3,2,132,151,1,0.028041841462254524,0.12847542762756348
xgboost_np,r3f2,3,2,133,152,0,0.006868918426334858,0.12847542762756348
xgboost_np,r3f2,3,2,134,153,0,0.014628601260483265,0.12847542762756348
xgboost_np,r3f2,3,2,135,154,0,0.01954319141805172,0.12847542762756348
xgboost_np,r3f2,3,2,136,155,0,0.2016575038433075,0.12847542762756348
xgboost_np,r3f2,3,2,137,156,1,0.8206378817558289,0.12847542762756348
xgboost_np,r3f2,3,2,146,165,0,0.49508166313171387,0.12847542762756348
xgboost_np,r3f2,3,2,149,168,1,0.16829951107501984,0.12847542762756348
xgboost_np,r3f2,3,2,150,169,0,0.16829951107501984,0.12847542762756348
xgboost_np,r3f2,3,2,151,170,0,0.38944166898727417,0.12847542762756348
xgboost_np,r3f2,3,2,152,171,0,0.01954319141805172,0.12847542762756348
xgboost_np,r3f2,3,2,153,172,0,0.23904229700565338,0.12847542762756348
xgboost_np,r3f2,3,2,154,173,1,0.8206378817558289,0.12847542762756348
xgboost_np,r3f2,3,2,170,189,0,0.03325051814317703,0.12847542762756348
xgboost_np,r3f2,3,2,171,190,0,0.01018250547349453,0.12847542762756348
xgboost_np,r3f2,3,2,172,191,0,0.13153864443302155,0.12847542762756348
xgboost_np,r3f2,3,2,190,209,0,0.0153430150821805,0.12847542762756348
xgboost_np,r3f2,3,2,191,211,0,0.09754261374473572,0.12847542762756348
xgboost_np,r3f2,3,2,221,244,0,0.008362308144569397,0.12847542762756348
xgboost_np,r3f2,3,2,222,245,0,0.0010473531438037753,0.12847542762756348
xgboost_np,r3f2,3,2,237,260,0,0.03621973842382431,0.12847542762756348
xgboost_np,r3f2,3,2,238,261,0,0.030810203403234482,0.12847542762756348
xgboost_np,r3f2,3,2,239,262,0,0.026483258232474327,0.12847542762756348
xgboost_np,r3f2,3,2,240,263,0,0.00606839545071125,0.12847542762756348
xgboost_np,r3f2,3,2,250,273,0,0.41613081097602844,0.12847542762756348
xgboost_np,r3f2,3,2,251,274,0,0.8060557842254639,0.12847542762756348
xgboost_np,r3f3,3,3,8,19,1,0.9600844383239746,0.2810496687889099
xgboost_np,r3f3,3,3,9,20,1,0.8981702923774719,0.2810496687889099
xgboost_np,r3f3,3,3,10,21,1,0.8588743805885315,0.2810496687889099
xgboost_np,r3f3,3,3,11,22,1,0.8569499850273132,0.2810496687889099
xgboost_np,r3f3,3,3,12,23,1,0.9638347029685974,0.2810496687889099
xgboost_np,r3f3,3,3,25,37,1,0.5715347528457642,0.2810496687889099
xgboost_np,r3f3,3,3,26,38,1,0.8890224695205688,0.2810496687889099
xgboost_np,r3f3,3,3,27,39,1,0.9800088405609131,0.2810496687889099
xgboost_np,r3f3,3,3,81,98,0,0.47160446643829346,0.2810496687889099
xgboost_np,r3f3,3,3,82,99,0,0.6434293389320374,0.2810496687889099
xgboost_np,r3f3,3,3,83,100,0,0.2542438209056854,0.2810496687889099
xgboost_np,r3f3,3,3,84,101,0,0.2542438209056854,0.2810496687889099
xgboost_np,r3f3,3,3,89,106,1,0.6179166436195374,0.2810496687889099
xgboost_np,r3f3,3,3,91,108,1,0.5654212832450867,0.2810496687889099
xgboost_np,r3f3,3,3,96,113,0,0.16000275313854218,0.2810496687889099
xgboost_np,r3f3,3,3,97,115,0,0.16000275313854218,0.2810496687889099
xgboost_np,r3f3,3,3,98,116,0,0.058414727449417114,0.2810496687889099
xgboost_np,r3f3,3,3,99,117,0,0.034064821898937225,0.2810496687889099
xgboost_np,r3f3,3,3,100,118,0,0.16950954496860504,0.2810496687889099
xgboost_np,r3f3,3,3,138,157,0,0.026189427822828293,0.2810496687889099
xgboost_np,r3f3,3,3,139,158,0,0.018804941326379776,0.2810496687889099
xgboost_np,r3f3,3,3,140,159,0,0.005372356623411179,0.2810496687889099
xgboost_np,r3f3,3,3,141,160,0,0.006430645938962698,0.2810496687889099
xgboost_np,r3f3,3,3,147,166,0,0.005244620144367218,0.2810496687889099
xgboost_np,r3f3,3,3,148,167,0,0.002235319232568145,0.2810496687889099
xgboost_np,r3f3,3,3,159,178,0,0.6870163083076477,0.2810496687889099
xgboost_np,r3f3,3,3,160,179,1,0.9250421524047852,0.2810496687889099
xgboost_np,r3f3,3,3,164,183,0,0.5654212832450867,0.2810496687889099
xgboost_np,r3f3,3,3,165,184,0,0.6172962784767151,0.2810496687889099
xgboost_np,r3f3,3,3,166,185,0,0.7559657096862793,0.2810496687889099
xgboost_np,r3f3,3,3,167,186,0,0.3160697817802429,0.2810496687889099
xgboost_np,r3f3,3,3,202,222,0,0.03175204619765282,0.2810496687889099
xgboost_np,r3f3,3,3,203,224,1,0.7621145248413086,0.2810496687889099
xgboost_np,r3f3,3,3,205,226,0,0.006128967739641666,0.2810496687889099
xgboost_np,r3f3,3,3,206,227,0,0.001977203879505396,0.2810496687889099
xgboost_np,r3f3,3,3,211,232,0,0.01190449483692646,0.2810496687889099
xgboost_np,r3f3,3,3,212,233,1,0.04586365446448326,0.2810496687889099
xgboost_np,r3f3,3,3,213,234,1,0.04586365446448326,0.2810496687889099
xgboost_np,r3f3,3,3,219,241,0,0.00830334983766079,0.2810496687889099
xgboost_np,r3f3,3,3,220,243,0,0.7310311198234558,0.2810496687889099
xgboost_np,r3f3,3,3,232,255,0,0.05022893473505974,0.2810496687889099
xgboost_np,r3f3,3,3,233,256,0,0.05022893473505974,0.2810496687889099
xgboost_np,r3f3,3,3,234,257,0,0.1695052832365036,0.2810496687889099
xgboost_np,r3f3,3,3,235,258,0,0.1759018450975418,0.2810496687889099
xgboost_np,r3f3,3,3,236,259,0,0.46405890583992004,0.2810496687889099
xgboost_np,r3f4,3,4,17,29,1,0.9204737544059753,0.2127874493598938
xgboost_np,r3f4,3,4,18,30,0,0.9689958691596985,0.2127874493598938
xgboost_np,r3f4,3,4,19,31,1,0.9708032608032227,0.2127874493598938
xgboost_np,r3f4,3,4,20,32,1,0.98605877161026,0.2127874493598938
xgboost_np,r3f4,3,4,32,44,1,0.9622892141342163,0.2127874493598938
xgboost_np,r3f4,3,4,33,45,0,0.92411208152771,0.2127874493598938
xgboost_np,r3f4,3,4,40,52,1,0.942528486251831,0.2127874493598938
xgboost_np,r3f4,3,4,78,94,0,0.7028795480728149,0.2127874493598938
xgboost_np,r3f4,3,4,79,95,0,0.48211565613746643,0.2127874493598938
xgboost_np,r3f4,3,4,85,102,0,0.039340998977422714,0.2127874493598938
xgboost_np,r3f4,3,4,86,103,0,0.037882111966609955,0.2127874493598938
xgboost_np,r3f4,3,4,92,109,0,0.08506027609109879,0.2127874493598938
xgboost_np,r3f4,3,4,93,110,0,0.04158628731966019,0.2127874493598938
xgboost_np,r3f4,3,4,94,111,1,0.09194923937320709,0.2127874493598938
xgboost_np,r3f4,3,4,95,112,1,0.10147441178560257,0.2127874493598938
xgboost_np,r3f4,3,4,107,125,0,0.005311714019626379,0.2127874493598938
xgboost_np,r3f4,3,4,108,126,0,0.002119454788044095,0.2127874493598938
xgboost_np,r3f4,3,4,109,127,0,0.003962710499763489,0.2127874493598938
xgboost_np,r3f4,3,4,110,128,0,0.0023398040793836117,0.2127874493598938
xgboost_np,r3f4,3,4,111,129,0,0.003665418364107609,0.2127874493598938
xgboost_np,r3f4,3,4,112,130,0,0.008540247566998005,0.2127874493598938
xgboost_np,r3f4,3,4,121,140,0,0.008711866103112698,0.2127874493598938
xgboost_np,r3f4,3,4,122,141,0,0.0015972522087395191,0.2127874493598938
xgboost_np,r3f4,3,4,123,142,0,0.004760544281452894,0.2127874493598938
xgboost_np,r3f4,3,4,124,143,0,0.006454269867390394,0.2127874493598938
xgboost_np,r3f4,3,4,125,144,0,0.18195168673992157,0.2127874493598938
xgboost_np,r3f4,3,4,126,145,0,0.12351097911596298,0.2127874493598938
xgboost_np,r3f4,3,4,127,146,0,0.28861942887306213,0.2127874493598938
xgboost_np,r3f4,3,4,128,147,0,0.007356508634984493,0.2127874493598938
xgboost_np,r3f4,3,4,129,148,1,0.652215301990509,0.2127874493598938
xgboost_np,r3f4,3,4,130,149,1,0.9119981527328491,0.2127874493598938
xgboost_np,r3f4,3,4,131,150,0,0.3354193866252899,0.2127874493598938
xgboost_np,r3f4,3,4,155,174,1,0.9521127939224243,0.2127874493598938
xgboost_np,r3f4,3,4,156,175,1,0.9376581907272339,0.2127874493598938
xgboost_np,r3f4,3,4,157,176,0,0.884684145450592,0.2127874493598938
xgboost_np,r3f4,3,4,158,177,0,0.9596235752105713,0.2127874493598938
xgboost_np,r3f4,3,4,173,192,0,0.019100669771432877,0.2127874493598938
xgboost_np,r3f4,3,4,174,193,0,0.00731311459094286,0.2127874493598938
xgboost_np,r3f4,3,4,175,194,0,0.020191431045532227,0.2127874493598938
xgboost_np,r3f4,3,4,176,195,0,0.033060330897569656,0.2127874493598938
xgboost_np,r3f4,3,4,177,196,0,0.43970829248428345,0.2127874493598938
xgboost_np,r3f4,3,4,178,197,0,0.5478247404098511,0.2127874493598938
xgboost_np,r3f4,3,4,179,198,1,0.9027177095413208,0.2127874493598938
xgboost_np,r3f4,3,4,180,199,0,0.29535529017448425,0.2127874493598938
xgboost_np,r3f4,3,4,181,200,0,0.06204532831907272,0.2127874493598938
xgboost_np,r3f4,3,4,182,201,0,0.0640796571969986,0.2127874493598938
xgboost_np,r3f4,3,4,227,250,1,0.21697299182415009,0.2127874493598938
xgboost_np,r3f4,3,4,230,253,0,0.09628300368785858,0.2127874493598938
xgboost_np,r3f4,3,4,231,254,1,0.10770919173955917,0.2127874493598938
xgboost_np,r4f0,4,0,13,25,1,0.8260213732719421,0.14972399175167084
xgboost_np,r4f0,4,0,14,26,1,0.8615708351135254,0.14972399175167084
xgboost_np,r4f0,4,0,15,27,1,0.7602357268333435,0.14972399175167084
xgboost_np,r4f0,4,0,16,28,1,0.9558604955673218,0.14972399175167084
xgboost_np,r4f0,4,0,24,36,0,0.012266716919839382,0.14972399175167084
xgboost_np,r4f0,4,0,28,40,1,0.9063711166381836,0.14972399175167084
xgboost_np,r4f0,4,0,29,41,1,0.8420741558074951,0.14972399175167084
xgboost_np,r4f0,4,0,30,42,1,0.9860745072364807,0.14972399175167084
xgboost_np,r4f0,4,0,31,43,1,0.9860745072364807,0.14972399175167084
xgboost_np,r4f0,4,0,41,54,0,0.10072613507509232,0.14972399175167084
xgboost_np,r4f0,4,0,42,55,1,0.06852836161851883,0.14972399175167084
xgboost_np,r4f0,4,0,43,56,1,0.09403009712696075,0.14972399175167084
xgboost_np,r4f0,4,0,44,57,0,0.267238974571228,0.14972399175167084
xgboost_np,r4f0,4,0,101,119,0,0.06544606387615204,0.14972399175167084
xgboost_np,r4f0,4,0,102,120,0,0.04298732057213783,0.14972399175167084
xgboost_np,r4f0,4,0,103,121,0,0.03705399110913277,0.14972399175167084
xgboost_np,r4f0,4,0,104,122,0,0.011720212176442146,0.14972399175167084
xgboost_np,r4f0,4,0,105,123,0,0.03705399110913277,0.14972399175167084
xgboost_np,r4f0,4,0,106,124,0,0.004361338447779417,0.14972399175167084
xgboost_np,r4f0,4,0,125,144,0,0.07134637236595154,0.14972399175167084
xgboost_np,r4f0,4,0,126,145,0,0.017785588279366493,0.14972399175167084
xgboost_np,r4f0,4,0,127,146,0,0.13445228338241577,0.14972399175167084
xgboost_np,r4f0,4,0,129,148,1,0.630689799785614,0.14972399175167084
xgboost_np,r4f0,4,0,130,149,1,0.856554388999939,0.14972399175167084
xgboost_np,r4f0,4,0,131,150,0,0.2764435112476349,0.14972399175167084
xgboost_np,r4f0,4,0,149,168,1,0.29576584696769714,0.14972399175167084
xgboost_np,r4f0,4,0,150,169,0,0.3016762435436249,0.14972399175167084
xgboost_np,r4f0,4,0,151,170,0,0.54363614320755,0.14972399175167084
xgboost_np,r4f0,4,0,177,196,0,0.26873326301574707,0.14972399175167084
xgboost_np,r4f0,4,0,178,197,0,0.2632250189781189,0.14972399175167084
xgboost_np,r4f0,4,0,179,198,1,0.856554388999939,0.14972399175167084
xgboost_np,r4f0,4,0,180,199,0,0.06852836161851883,0.14972399175167084
xgboost_np,r4f0,4,0,181,200,0,0.029835784807801247,0.14972399175167084
xgboost_np,r4f0,4,0,182,201,0,0.012266716919839382,0.14972399175167084
xgboost_np,r4f0,4,0,214,235,0,0.010873842053115368,0.14972399175167084
xgboost_np,r4f0,4,0,215,236,0,0.16507768630981445,0.14972399175167084
xgboost_np,r4f0,4,0,216,238,1,0.5688055753707886,0.14972399175167084
xgboost_np,r4f0,4,0,217,239,0,0.001665296033024788,0.14972399175167084
xgboost_np,r4f0,4,0,218,240,0,0.0014850206207484007,0.14972399175167084
xgboost_np,r4f0,4,0,223,246,0,0.0013078226475045085,0.14972399175167084
xgboost_np,r4f0,4,0,224,247,0,0.006359242368489504,0.14972399175167084
xgboost_np,r4f0,4,0,225,248,0,0.00891386903822422,0.14972399175167084
xgboost_np,r4f0,4,0,232,255,0,0.12619885802268982,0.14972399175167084
xgboost_np,r4f0,4,0,233,256,0,0.12619885802268982,0.14972399175167084
xgboost_np,r4f0,4,0,234,257,0,0.1778588891029358,0.14972399175167084
xgboost_np,r4f0,4,0,235,258,0,0.38506680727005005,0.14972399175167084
xgboost_np,r4f0,4,0,236,259,0,0.4487738311290741,0.14972399175167084
xgboost_np,r4f1,4,1,52,65,0,0.0601123608648777,0.10346926748752594
xgboost_np,r4f1,4,1,53,66,0,0.0029467453714460135,0.10346926748752594
xgboost_np,r4f1,4,1,54,67,0,0.05276986211538315,0.10346926748752594
xgboost_np,r4f1,4,1,55,68,0,0.015176729299128056,0.10346926748752594
xgboost_np,r4f1,4,1,57,70,0,0.0341976135969162,0.10346926748752594
xgboost_np,r4f1,4,1,58,71,0,0.015176729299128056,0.10346926748752594
xgboost_np,r4f1,4,1,59,72,1,0.7209959626197815,0.10346926748752594
xgboost_np,r4f1,4,1,60,73,0,0.0341976135969162,0.10346926748752594
xgboost_np,r4f1,4,1,61,74,1,0.7209959626197815,0.10346926748752594
xgboost_np,r4f1,4,1,68,84,0,0.015176729299128056,0.10346926748752594
xgboost_np,r4f1,4,1,69,85,0,0.0036106277257204056,0.10346926748752594
xgboost_np,r4f1,4,1,70,86,0,0.005598357412964106,0.10346926748752594
xgboost_np,r4f1,4,1,71,87,0,0.008143520914018154,0.10346926748752594
xgboost_np,r4f1,4,1,72,88,1,0.5492970943450928,0.10346926748752594
xgboost_np,r4f1,4,1,73,89,1,0.5867684483528137,0.10346926748752594
xgboost_np,r4f1,4,1,74,90,1,0.5917028784751892,0.10346926748752594
xgboost_np,r4f1,4,1,75,91,1,0.568183183670044,0.10346926748752594
xgboost_np,r4f1,4,1,76,92,1,0.5284848213195801,0.10346926748752594
xgboost_np,r4f1,4,1,77,93,1,0.9204213619232178,0.10346926748752594
xgboost_np,r4f1,4,1,80,97,1,0.24955521523952484,0.10346926748752594
xgboost_np,r4f1,4,1,87,104,0,0.2565371096134186,0.10346926748752594
xgboost_np,r4f1,4,1,88,105,1,0.24955521523952484,0.10346926748752594
xgboost_np,r4f1,4,1,90,107,1,0.3164277672767639,0.10346926748752594
xgboost_np,r4f1,4,1,121,140,0,0.016045618802309036,0.10346926748752594
xgboost_np,r4f1,4,1,122,141,0,0.002805819036439061,0.10346926748752594
xgboost_np,r4f1,4,1,123,142,0,0.022200586274266243,0.10346926748752594
xgboost_np,r4f1,4,1,124,143,0,0.011322809383273125,0.10346926748752594
xgboost_np,r4f1,4,1,147,166,0,0.005266487132757902,0.10346926748752594
xgboost_np,r4f1,4,1,148,167,0,0.011322809383273125,0.10346926748752594
xgboost_np,r4f1,4,1,192,212,0,0.08780965209007263,0.10346926748752594
xgboost_np,r4f1,4,1,199,219,0,0.011846136301755905,0.10346926748752594
xgboost_np,r4f1,4,1,200,220,0,0.02071799710392952,0.10346926748752594
xgboost_np,r4f1,4,1,201,221,0,0.038287073373794556,0.10346926748752594
xgboost_np,r4f1,4,1,205,226,0,0.009421014226973057,0.10346926748752594
xgboost_np,r4f1,4,1,206,227,0,0.002578156068921089,0.10346926748752594
xgboost_np,r4f1,4,1,211,232,0,0.009260056540369987,0.10346926748752594
xgboost_np,r4f1,4,1,212,233,1,0.2000940442085266,0.10346926748752594
xgboost_np,r4f1,4,1,213,234,1,0.2000940442085266,0.10346926748752594
xgboost_np,r4f1,4,1,241,264,0,0.014958364889025688,0.10346926748752594
xgboost_np,r4f1,4,1,242,265,0,0.00627119792625308,0.10346926748752594
xgboost_np,r4f1,4,1,243,266,0,0.03858443349599838,0.10346926748752594
xgboost_np,r4f1,4,1,244,267,0,0.19073745608329773,0.10346926748752594
xgboost_np,r4f1,4,1,245,268,0,0.3227419853210449,0.10346926748752594
xgboost_np,r4f1,4,1,246,269,0,0.12540370225906372,0.10346926748752594
xgboost_np,r4f1,4,1,247,270,1,0.4396311044692993,0.10346926748752594
xgboost_np,r4f1,4,1,248,271,0,0.00514365267008543,0.10346926748752594
xgboost_np,r4f1,4,1,249,272,0,0.003836612915620208,0.10346926748752594
xgboost_np,r4f2,4,2,0,1,1,0.529198944568634,0.06906475126743317
xgboost_np,r4f2,4,2,1,2,0,0.529198944568634,0.06906475126743317
xgboost_np,r4f2,4,2,2,3,0,0.529198944568634,0.06906475126743317
xgboost_np,r4f2,4,2,3,4,0,0.529198944568634,0.06906475126743317
xgboost_np,r4f2,4,2,4,5,0,0.529198944568634,0.06906475126743317
xgboost_np,r4f2,4,2,5,6,0,0.15534226596355438,0.06906475126743317
xgboost_np,r4f2,4,2,6,7,1,0.9747135639190674,0.06906475126743317
xgboost_np,r4f2,4,2,7,8,1,0.6708418130874634,0.06906475126743317
xgboost_np,r4f2,4,2,21,33,0,0.2879331409931183,0.06906475126743317
xgboost_np,r4f2,4,2,22,34,0,0.5319604873657227,0.06906475126743317
xgboost_np,r4f2,4,2,23,35,0,0.6717755198478699,0.06906475126743317
xgboost_np,r4f2,4,2,34,46,1,0.15610724687576294,0.06906475126743317
xgboost_np,r4f2,4,2,35,47,1,0.7684552669525146,0.06906475126743317
xgboost_np,r4f2,4,2,36,48,1,0.3458663523197174,0.06906475126743317
xgboost_np,r4f2,4,2,37,49,0,0.6206459403038025,0.06906475126743317
xgboost_np,r4f2,4,2,38,50,0,0.550262987613678,0.06906475126743317
xgboost_np,r4f2,4,2,39,51,1,0.7602797150611877,0.06906475126743317
xgboost_np,r4f2,4,2,56,69,1,0.8171888589859009,0.06906475126743317
xgboost_np,r4f2,4,2,64,77,0,0.0057272533886134624,0.06906475126743317
xgboost_np,r4f2,4,2,65,78,0,0.003483323147520423,0.06906475126743317
xgboost_np,r4f2,4,2,113,131,1,0.9507448077201843,0.06906475126743317
xgboost_np,r4f2,4,2,114,132,1,0.9051293730735779,0.06906475126743317
xgboost_np,r4f2,4,2,115,133,1,0.35375165939331055,0.06906475126743317
xgboost_np,r4f2,4,2,116,134,0,0.1917799562215805,0.06906475126743317
xgboost_np,r4f2,4,2,117,135,1,0.8223763704299927,0.06906475126743317
xgboost_np,r4f2,4,2,118,136,1,0.5783475637435913,0.06906475126743317
xgboost_np,r4f2,4,2,119,137,1,0.5366279482841492,0.06906475126743317
xgboost_np,r4f2,4,2,120,139,1,0.9507448077201843,0.06906475126743317
xgboost_np,r4f2,4,2,132,151,1,0.018246857449412346,0.06906475126743317
xgboost_np,r4f2,4,2,133,152,0,0.008204709738492966,0.06906475126743317
xgboost_np,r4f2,4,2,134,153,0,0.0054501742124557495,0.06906475126743317
xgboost_np,r4f2,4,2,135,154,0,0.015543350018560886,0.06906475126743317
xgboost_np,r4f2,4,2,136,155,0,0.06481894105672836,0.06906475126743317
xgboost_np,r4f2,4,2,137,156,1,0.7964577078819275,0.06906475126743317
xgboost_np,r4f2,4,2,138,157,0,0.008520144037902355,0.06906475126743317
xgboost_np,r4f2,4,2,139,158,0,0.00537115428596735,0.06906475126743317
xgboost_np,r4f2,4,2,140,159,0,0.003364240750670433,0.06906475126743317
xgboost_np,r4f2,4,2,141,160,0,0.003364240750670433,0.06906475126743317
xgboost_np,r4f2,4,2,146,165,0,0.7964577078819275,0.06906475126743317
xgboost_np,r4f2,4,2,152,171,0,0.015543350018560886,0.06906475126743317
xgboost_np,r4f2,4,2,153,172,0,0.0783233642578125,0.06906475126743317
xgboost_np,r4f2,4,2,154,173,1,0.7964577078819275,0.06906475126743317
xgboost_np,r4f2,4,2,170,189,0,0.018246857449412346,0.06906475126743317
xgboost_np,r4f2,4,2,171,190,0,0.0054501742124557495,0.06906475126743317
xgboost_np,r4f2,4,2,172,191,0,0.14367209374904633,0.06906475126743317
xgboost_np,r4f2,4,2,183,202,0,0.13593719899654388,0.06906475126743317
xgboost_np,r4f2,4,2,184,203,0,0.15610724687576294,0.06906475126743317
xgboost_np,r4f2,4,2,185,204,1,0.5718205571174622,0.06906475126743317
xgboost_np,r4f2,4,2,186,205,1,0.550262987613678,0.06906475126743317
xgboost_np,r4f2,4,2,187,206,1,0.6708418130874634,0.06906475126743317
xgboost_np,r4f2,4,2,188,207,1,0.7775076627731323,0.06906475126743317
xgboost_np,r4f2,4,2,189,208,1,0.6708418130874634,0.06906475126743317
xgboost_np,r4f2,4,2,190,209,0,0.023714622482657433,0.06906475126743317
xgboost_np,r4f2,4,2,191,211,0,0.11289855092763901,0.06906475126743317
xgboost_np,r4f2,4,2,193,213,0,0.06171172484755516,0.06906475126743317
xgboost_np,r4f2,4,2,194,214,0,0.8171888589859009,0.06906475126743317
xgboost_np,r4f2,4,2,195,215,0,0.014389569871127605,0.06906475126743317
xgboost_np,r4f2,4,2,196,216,0,0.003483323147520423,0.06906475126743317
xgboost_np,r4f2,4,2,207,228,0,0.429485946893692,0.06906475126743317
xgboost_np,r4f2,4,2,208,229,1,0.7731156349182129,0.06906475126743317
xgboost_np,r4f2,4,2,209,230,0,0.49412044882774353,0.06906475126743317
xgboost_np,r4f2,4,2,219,241,0,0.012997978366911411,0.06906475126743317
xgboost_np,r4f2,4,2,220,243,0,0.625715434551239,0.06906475126743317
xgboost_np,r4f2,4,2,226,249,0,0.7148820757865906,0.06906475126743317
xgboost_np,r4f2,4,2,228,251,0,0.3537823259830475,0.06906475126743317
xgboost_np,r4f2,4,2,229,252,1,0.3537823259830475,0.06906475126743317
xgboost_np,r4f2,4,2,250,273,0,0.5383509993553162,0.06906475126743317
xgboost_np,r4f2,4,2,251,274,0,0.7662389278411865,0.06906475126743317
xgboost_np,r4f3,4,3,8,19,1,0.9681397080421448,0.20345446467399597
xgboost_np,r4f3,4,3,9,20,1,0.9253247380256653,0.20345446467399597
xgboost_np,r4f3,4,3,10,21,1,0.8928324580192566,0.20345446467399597
xgboost_np,r4f3,4,3,11,22,1,0.8847861289978027,0.20345446467399597
xgboost_np,r4f3,4,3,12,23,1,0.9760450124740601,0.20345446467399597
xgboost_np,r4f3,4,3,25,37,1,0.6797491312026978,0.20345446467399597
xgboost_np,r4f3,4,3,26,38,1,0.9222576022148132,0.20345446467399597
xgboost_np,r4f3,4,3,27,39,1,0.9841880798339844,0.20345446467399597
xgboost_np,r4f3,4,3,45,58,0,0.11018051207065582,0.20345446467399597
xgboost_np,r4f3,4,3,46,59,0,0.013896822929382324,0.20345446467399597
xgboost_np,r4f3,4,3,47,60,0,0.04691285640001297,0.20345446467399597
xgboost_np,r4f3,4,3,48,61,0,0.11018051207065582,0.20345446467399597
xgboost_np,r4f3,4,3,49,62,0,0.10452743619680405,0.20345446467399597
xgboost_np,r4f3,4,3,50,63,1,0.6420311331748962,0.20345446467399597
xgboost_np,r4f3,4,3,51,64,0,0.3108226954936981,0.20345446467399597
xgboost_np,r4f3,4,3,62,75,0,0.0023736413568258286,0.20345446467399597
xgboost_np,r4f3,4,3,63,76,0,0.007123023737221956,0.20345446467399597
xgboost_np,r4f3,4,3,66,79,0,0.06762224435806274,0.20345446467399597
xgboost_np,r4f3,4,3,67,82,0,0.0040804841555655,0.20345446467399597
xgboost_np,r4f3,4,3,85,102,0,0.0652695745229721,0.20345446467399597
xgboost_np,r4f3,4,3,86,103,0,0.04569019004702568,0.20345446467399597
xgboost_np,r4f3,4,3,92,109,0,0.09937090426683426,0.20345446467399597
xgboost_np,r4f3,4,3,93,110,0,0.06007245555520058,0.20345446467399597
xgboost_np,r4f3,4,3,94,111,1,0.0913887768983841,0.20345446467399597
xgboost_np,r4f3,4,3,95,112,1,0.11835262924432755,0.20345446467399597
xgboost_np,r4f3,4,3,96,113,0,0.05473880469799042,0.20345446467399597
xgboost_np,r4f3,4,3,97,115,0,0.05473880469799042,0.20345446467399597
xgboost_np,r4f3,4,3,98,116,0,0.03138943016529083,0.20345446467399597
xgboost_np,r4f3,4,3,99,117,0,0.021978501230478287,0.20345446467399597
xgboost_np,r4f3,4,3,100,118,0,0.07814978808164597,0.20345446467399597
xgboost_np,r4f3,4,3,142,161,0,0.009385790675878525,0.20345446467399597
xgboost_np,r4f3,4,3,143,162,0,0.003907008562237024,0.20345446467399597
xgboost_np,r4f3,4,3,144,163,0,0.0033307389821857214,0.20345446467399597
xgboost_np,r4f3,4,3,145,164,0,0.0033307389821857214,0.20345446467399597
xgboost_np,r4f3,4,3,161,180,0,0.08568542450666428,0.20345446467399597
xgboost_np,r4f3,4,3,162,181,0,0.12983986735343933,0.20345446467399597
xgboost_np,r4f3,4,3,163,182,1,0.8781524300575256,0.20345446467399597
xgboost_np,r4f3,4,3,168,187,0,0.04770442098379135,0.20345446467399597
xgboost_np,r4f3,4,3,169,188,0,0.004162471275776625,0.20345446467399597
xgboost_np,r4f3,4,3,197,217,0,0.020442163571715355,0.20345446467399597
xgboost_np,r4f3,4,3,198,218,0,0.006887716241180897,0.20345446467399597
xgboost_np,r4f3,4,3,204,225,0,0.0253988578915596,0.20345446467399597
xgboost_np,r4f3,4,3,210,231,1,0.3645879626274109,0.20345446467399597
xgboost_np,r4f3,4,3,221,244,0,0.013243487104773521,0.20345446467399597
xgboost_np,r4f3,4,3,222,245,0,0.001027930760756135,0.20345446467399597
xgboost_np,r4f4,4,4,17,29,1,0.9195927977561951,0.24686644971370697
xgboost_np,r4f4,4,4,18,30,0,0.9480739831924438,0.24686644971370697
xgboost_np,r4f4,4,4,19,31,1,0.9813318252563477,0.24686644971370697
xgboost_np,r4f4,4,4,20,32,1,0.9751405119895935,0.24686644971370697
xgboost_np,r4f4,4,4,32,44,1,0.9635084271430969,0.24686644971370697
xgboost_np,r4f4,4,4,33,45,0,0.9207074642181396,0.24686644971370697
xgboost_np,r4f4,4,4,40,52,1,0.9544681906700134,0.24686644971370697
xgboost_np,r4f4,4,4,78,94,0,0.7103809118270874,0.24686644971370697
xgboost_np,r4f4,4,4,79,95,0,0.49919578433036804,0.24686644971370697
xgboost_np,r4f4,4,4,81,98,0,0.6808284521102905,0.24686644971370697
xgboost_np,r4f4,4,4,82,99,0,0.7407623529434204,0.24686644971370697
xgboost_np,r4f4,4,4,83,100,0,0.4033297300338745,0.24686644971370697
xgboost_np,r4f4,4,4,84,101,0,0.4033297300338745,0.24686644971370697
xgboost_np,r4f4,4,4,89,106,1,0.7422153949737549,0.24686644971370697
xgboost_np,r4f4,4,4,91,108,1,0.7368243932723999,0.24686644971370697
xgboost_np,r4f4,4,4,107,125,0,0.014692384749650955,0.24686644971370697
xgboost_np,r4f4,4,4,108,126,0,0.00528005650267005,0.24686644971370697
xgboost_np,r4f4,4,4,109,127,0,0.005150914657860994,0.24686644971370697
xgboost_np,r4f4,4,4,110,128,0,0.005578504875302315,0.24686644971370697
xgboost_np,r4f4,4,4,111,129,0,0.006071519572287798,0.24686644971370697
xgboost_np,r4f4,4,4,112,130,0,0.020268287509679794,0.24686644971370697
xgboost_np,r4f4,4,4,128,147,0,0.00840640440583229,0.24686644971370697
xgboost_np,r4f4,4,4,155,174,1,0.9561935663223267,0.24686644971370697
xgboost_np,r4f4,4,4,156,175,1,0.9366653561592102,0.24686644971370697
xgboost_np,r4f4,4,4,157,176,0,0.8592873215675354,0.24686644971370697
xgboost_np,r4f4,4,4,158,177,0,0.9278711080551147,0.24686644971370697
xgboost_np,r4f4,4,4,159,178,0,0.7059951424598694,0.24686644971370697
xgboost_np,r4f4,4,4,160,179,1,0.926578938961029,0.24686644971370697
xgboost_np,r4f4,4,4,164,183,0,0.7310276627540588,0.24686644971370697
xgboost_np,r4f4,4,4,165,184,0,0.8389714360237122,0.24686644971370697
xgboost_np,r4f4,4,4,166,185,0,0.7474712133407593,0.24686644971370697
xgboost_np,r4f4,4,4,167,186,0,0.5874865055084229,0.24686644971370697
xgboost_np,r4f4,4,4,173,192,0,0.01577942818403244,0.24686644971370697
xgboost_np,r4f4,4,4,174,193,0,0.006078492850065231,0.24686644971370697
xgboost_np,r4f4,4,4,175,194,0,0.010445820167660713,0.24686644971370697
xgboost_np,r4f4,4,4,176,195,0,0.025299491360783577,0.24686644971370697
xgboost_np,r4f4,4,4,202,222,0,0.08069253712892532,0.24686644971370697
xgboost_np,r4f4,4,4,203,224,1,0.9280213713645935,0.24686644971370697
xgboost_np,r4f4,4,4,227,250,1,0.6681311130523682,0.24686644971370697
xgboost_np,r4f4,4,4,230,253,0,0.24351000785827637,0.24686644971370697
xgboost_np,r4f4,4,4,231,254,1,0.3069237470626831,0.24686644971370697
xgboost_np,r4f4,4,4,237,260,0,0.01813691481947899,0.24686644971370697
xgboost_np,r4f4,4,4,238,261,0,0.020131144672632217,0.24686644971370697
xgboost_np,r4f4,4,4,239,262,0,0.029218604788184166,0.24686644971370697
xgboost_np,r4f4,4,4,240,263,0,0.011579016223549843,0.24686644971370697
xgboost_np_tuned,r0f0,0,0,13,25,1,0.733542799949646,0.20034003257751465
xgboost_np_tuned,r0f0,0,0,14,26,1,0.8315438628196716,0.20034003257751465
xgboost_np_tuned,r0f0,0,0,15,27,1,0.744397759437561,0.20034003257751465
xgboost_np_tuned,r0f0,0,0,16,28,1,0.895783543586731,0.20034003257751465
xgboost_np_tuned,r0f0,0,0,24,36,0,0.03853590041399002,0.20034003257751465
xgboost_np_tuned,r0f0,0,0,28,40,1,0.8484309315681458,0.20034003257751465
xgboost_np_tuned,r0f0,0,0,29,41,1,0.8551971316337585,0.20034003257751465
xgboost_np_tuned,r0f0,0,0,30,42,1,0.9790449738502502,0.20034003257751465
xgboost_np_tuned,r0f0,0,0,31,43,1,0.9798270463943481,0.20034003257751465
xgboost_np_tuned,r0f0,0,0,41,54,0,0.10320884734392166,0.20034003257751465
xgboost_np_tuned,r0f0,0,0,42,55,1,0.09067308902740479,0.20034003257751465
xgboost_np_tuned,r0f0,0,0,43,56,1,0.11550015211105347,0.20034003257751465
xgboost_np_tuned,r0f0,0,0,44,57,0,0.18609438836574554,0.20034003257751465
xgboost_np_tuned,r0f0,0,0,62,75,0,0.0050488547421991825,0.20034003257751465
xgboost_np_tuned,r0f0,0,0,63,76,0,0.01160743460059166,0.20034003257751465
xgboost_np_tuned,r0f0,0,0,66,79,0,0.07640897482633591,0.20034003257751465
xgboost_np_tuned,r0f0,0,0,67,82,0,0.007742726244032383,0.20034003257751465
xgboost_np_tuned,r0f0,0,0,78,94,0,0.707144021987915,0.20034003257751465
xgboost_np_tuned,r0f0,0,0,79,95,0,0.5235555171966553,0.20034003257751465
xgboost_np_tuned,r0f0,0,0,96,113,0,0.08230799436569214,0.20034003257751465
xgboost_np_tuned,r0f0,0,0,97,115,0,0.08230799436569214,0.20034003257751465
xgboost_np_tuned,r0f0,0,0,98,116,0,0.05330648645758629,0.20034003257751465
xgboost_np_tuned,r0f0,0,0,99,117,0,0.02994677424430847,0.20034003257751465
xgboost_np_tuned,r0f0,0,0,100,118,0,0.10628609359264374,0.20034003257751465
xgboost_np_tuned,r0f0,0,0,101,119,0,0.11274774372577667,0.20034003257751465
xgboost_np_tuned,r0f0,0,0,102,120,0,0.1138993501663208,0.20034003257751465
xgboost_np_tuned,r0f0,0,0,103,121,0,0.03182250261306763,0.20034003257751465
xgboost_np_tuned,r0f0,0,0,104,122,0,0.027124904096126556,0.20034003257751465
xgboost_np_tuned,r0f0,0,0,105,123,0,0.03182250261306763,0.20034003257751465
xgboost_np_tuned,r0f0,0,0,106,124,0,0.008451235480606556,0.20034003257751465
xgboost_np_tuned,r0f0,0,0,138,157,0,0.020823439583182335,0.20034003257751465
xgboost_np_tuned,r0f0,0,0,139,158,0,0.020823439583182335,0.20034003257751465
xgboost_np_tuned,r0f0,0,0,140,159,0,0.005186547990888357,0.20034003257751465
xgboost_np_tuned,r0f0,0,0,141,160,0,0.005186547990888357,0.20034003257751465
xgboost_np_tuned,r0f0,0,0,155,174,1,0.9527165293693542,0.20034003257751465
xgboost_np_tuned,r0f0,0,0,156,175,1,0.9415856003761292,0.20034003257751465
xgboost_np_tuned,r0f0,0,0,157,176,0,0.8469793796539307,0.20034003257751465
xgboost_np_tuned,r0f0,0,0,158,177,0,0.8563141822814941,0.20034003257751465
xgboost_np_tuned,r0f0,0,0,161,180,0,0.07572513073682785,0.20034003257751465
xgboost_np_tuned,r0f0,0,0,162,181,0,0.5013272762298584,0.20034003257751465
xgboost_np_tuned,r0f0,0,0,163,182,1,0.9094910621643066,0.20034003257751465
xgboost_np_tuned,r0f0,0,0,168,187,0,0.08075189590454102,0.20034003257751465
xgboost_np_tuned,r0f0,0,0,169,188,0,0.02789544127881527,0.20034003257751465
xgboost_np_tuned,r0f0,0,0,197,217,0,0.02240869030356407,0.20034003257751465
xgboost_np_tuned,r0f0,0,0,198,218,0,0.007353946100920439,0.20034003257751465
xgboost_np_tuned,r0f0,0,0,250,273,0,0.39394181966781616,0.20034003257751465
xgboost_np_tuned,r0f0,0,0,251,274,0,0.7997032999992371,0.20034003257751465
xgboost_np_tuned,r0f1,0,1,52,65,0,0.06920257955789566,0.14981158077716827
xgboost_np_tuned,r0f1,0,1,53,66,0,0.006787706632167101,0.14981158077716827
xgboost_np_tuned,r0f1,0,1,54,67,0,0.06505366414785385,0.14981158077716827
xgboost_np_tuned,r0f1,0,1,55,68,0,0.021485302597284317,0.14981158077716827
xgboost_np_tuned,r0f1,0,1,57,70,0,0.057963818311691284,0.14981158077716827
xgboost_np_tuned,r0f1,0,1,58,71,0,0.04761958867311478,0.14981158077716827
xgboost_np_tuned,r0f1,0,1,59,72,1,0.5849805474281311,0.14981158077716827
xgboost_np_tuned,r0f1,0,1,60,73,0,0.057963818311691284,0.14981158077716827
xgboost_np_tuned,r0f1,0,1,61,74,1,0.5849805474281311,0.14981158077716827
xgboost_np_tuned,r0f1,0,1,72,88,1,0.5289936661720276,0.14981158077716827
xgboost_np_tuned,r0f1,0,1,73,89,1,0.5298786759376526,0.14981158077716827
xgboost_np_tuned,r0f1,0,1,74,90,1,0.5416892766952515,0.14981158077716827
xgboost_np_tuned,r0f1,0,1,75,91,1,0.6186398863792419,0.14981158077716827
xgboost_np_tuned,r0f1,0,1,76,92,1,0.5669037103652954,0.14981158077716827
xgboost_np_tuned,r0f1,0,1,77,93,1,0.9144731760025024,0.14981158077716827
xgboost_np_tuned,r0f1,0,1,80,97,1,0.23338912427425385,0.14981158077716827
xgboost_np_tuned,r0f1,0,1,87,104,0,0.23937241733074188,0.14981158077716827
xgboost_np_tuned,r0f1,0,1,88,105,1,0.23338912427425385,0.14981158077716827
xgboost_np_tuned,r0f1,0,1,90,107,1,0.20867308974266052,0.14981158077716827
xgboost_np_tuned,r0f1,0,1,107,125,0,0.027329688891768456,0.14981158077716827
xgboost_np_tuned,r0f1,0,1,108,126,0,0.008781416341662407,0.14981158077716827
xgboost_np_tuned,r0f1,0,1,109,127,0,0.010830666869878769,0.14981158077716827
xgboost_np_tuned,r0f1,0,1,110,128,0,0.010085415095090866,0.14981158077716827
xgboost_np_tuned,r0f1,0,1,111,129,0,0.020637929439544678,0.14981158077716827
xgboost_np_tuned,r0f1,0,1,112,130,0,0.05171835422515869,0.14981158077716827
xgboost_np_tuned,r0f1,0,1,128,147,0,0.009966467507183552,0.14981158077716827
xgboost_np_tuned,r0f1,0,1,173,192,0,0.03157004341483116,0.14981158077716827
xgboost_np_tuned,r0f1,0,1,174,193,0,0.010631595738232136,0.14981158077716827
xgboost_np_tuned,r0f1,0,1,175,194,0,0.02123543620109558,0.14981158077716827
xgboost_np_tuned,r0f1,0,1,176,195,0,0.0644703358411789,0.14981158077716827
xgboost_np_tuned,r0f1,0,1,192,212,0,0.0995679646730423,0.14981158077716827
xgboost_np_tuned,r0f1,0,1,204,225,0,0.01961066573858261,0.14981158077716827
xgboost_np_tuned,r0f1,0,1,210,231,1,0.2089122235774994,0.14981158077716827
xgboost_np_tuned,r0f1,0,1,221,244,0,0.03519979119300842,0.14981158077716827
xgboost_np_tuned,r0f1,0,1,222,245,0,0.004394484683871269,0.14981158077716827
xgboost_np_tuned,r0f1,0,1,226,249,0,0.40424999594688416,0.14981158077716827
xgboost_np_tuned,r0f1,0,1,227,250,1,0.46202707290649414,0.14981158077716827
xgboost_np_tuned,r0f1,0,1,228,251,0,0.23350200057029724,0.14981158077716827
xgboost_np_tuned,r0f1,0,1,229,252,1,0.23350200057029724,0.14981158077716827
xgboost_np_tuned,r0f1,0,1,230,253,0,0.09348490834236145,0.14981158077716827
xgboost_np_tuned,r0f1,0,1,231,254,1,0.10347192734479904,0.14981158077716827
xgboost_np_tuned,r0f1,0,1,237,260,0,0.09568407386541367,0.14981158077716827
xgboost_np_tuned,r0f1,0,1,238,261,0,0.1133246049284935,0.14981158077716827
xgboost_np_tuned,r0f1,0,1,239,262,0,0.10350833833217621,0.14981158077716827
xgboost_np_tuned,r0f1,0,1,240,263,0,0.02237147092819214,0.14981158077716827
xgboost_np_tuned,r0f2,0,2,17,29,1,0.9093652367591858,0.21693256497383118
xgboost_np_tuned,r0f2,0,2,18,30,0,0.961414098739624,0.21693256497383118
xgboost_np_tuned,r0f2,0,2,19,31,1,0.9733226895332336,0.21693256497383118
xgboost_np_tuned,r0f2,0,2,20,32,1,0.9822114109992981,0.21693256497383118
xgboost_np_tuned,r0f2,0,2,32,44,1,0.9612348675727844,0.21693256497383118
xgboost_np_tuned,r0f2,0,2,33,45,0,0.9001424908638,0.21693256497383118
xgboost_np_tuned,r0f2,0,2,40,52,1,0.9397210478782654,0.21693256497383118
xgboost_np_tuned,r0f2,0,2,56,69,1,0.8024887442588806,0.21693256497383118
xgboost_np_tuned,r0f2,0,2,64,77,0,0.011928648687899113,0.21693256497383118
xgboost_np_tuned,r0f2,0,2,65,78,0,0.011070933192968369,0.21693256497383118
xgboost_np_tuned,r0f2,0,2,68,84,0,0.009408597834408283,0.21693256497383118
xgboost_np_tuned,r0f2,0,2,69,85,0,0.00688926549628377,0.21693256497383118
xgboost_np_tuned,r0f2,0,2,70,86,0,0.0092032290995121,0.21693256497383118
xgboost_np_tuned,r0f2,0,2,71,87,0,0.011070933192968369,0.21693256497383118
xgboost_np_tuned,r0f2,0,2,81,98,0,0.2577756941318512,0.21693256497383118
xgboost_np_tuned,r0f2,0,2,82,99,0,0.5723457336425781,0.21693256497383118
xgboost_np_tuned,r0f2,0,2,83,100,0,0.2869204878807068,0.21693256497383118
xgboost_np_tuned,r0f2,0,2,84,101,0,0.20767784118652344,0.21693256497383118
xgboost_np_tuned,r0f2,0,2,89,106,1,0.553351640701294,0.21693256497383118
xgboost_np_tuned,r0f2,0,2,91,108,1,0.2946382761001587,0.21693256497383118
xgboost_np_tuned,r0f2,0,2,159,178,0,0.7365012764930725,0.21693256497383118
xgboost_np_tuned,r0f2,0,2,160,179,1,0.9169737696647644,0.21693256497383118
xgboost_np_tuned,r0f2,0,2,164,183,0,0.2946382761001587,0.21693256497383118
xgboost_np_tuned,r0f2,0,2,165,184,0,0.4469902515411377,0.21693256497383118
xgboost_np_tuned,r0f2,0,2,166,185,0,0.6183105707168579,0.21693256497383118
xgboost_np_tuned,r0f2,0,2,167,186,0,0.3846622109413147,0.21693256497383118
xgboost_np_tuned,r0f2,0,2,193,213,0,0.035095781087875366,0.21693256497383118
xgboost_np_tuned,r0f2,0,2,194,214,0,0.45284414291381836,0.21693256497383118
xgboost_np_tuned,r0f2,0,2,195,215,0,0.021734818816184998,0.21693256497383118
xgboost_np_tuned,r0f2,0,2,196,216,0,0.011070933192968369,0.21693256497383118
xgboost_np_tuned,r0f2,0,2,199,219,0,0.012540679425001144,0.21693256497383118
xgboost_np_tuned,r0f2,0,2,200,220,0,0.02267177775502205,0.21693256497383118
xgboost_np_tuned,r0f2,0,2,201,221,0,0.028634076938033104,0.21693256497383118
xgboost_np_tuned,r0f2,0,2,205,226,0,0.009725513868033886,0.21693256497383118
xgboost_np_tuned,r0f2,0,2,206,227,0,0.004015530459582806,0.21693256497383118
xgboost_np_tuned,r0f2,0,2,211,232,0,0.007940897718071938,0.21693256497383118
xgboost_np_tuned,r0f2,0,2,212,233,1,0.040432531386613846,0.21693256497383118
xgboost_np_tuned,r0f2,0,2,213,234,1,0.040432531386613846,0.21693256497383118
xgboost_np_tuned,r0f2,0,2,214,235,0,0.00732492795214057,0.21693256497383118
xgboost_np_tuned,r0f2,0,2,215,236,0,0.08750229328870773,0.21693256497383118
xgboost_np_tuned,r0f2,0,2,216,238,1,0.277813196182251,0.21693256497383118
xgboost_np_tuned,r0f2,0,2,217,239,0,0.0025393085088580847,0.21693256497383118
xgboost_np_tuned,r0f2,0,2,218,240,0,0.0025482894852757454,0.21693256497383118
xgboost_np_tuned,r0f2,0,2,246,269,0,0.0539526492357254,0.21693256497383118
xgboost_np_tuned,r0f2,0,2,247,270,1,0.2521420419216156,0.21693256497383118
xgboost_np_tuned,r0f2,0,2,248,271,0,0.00519955437630415,0.21693256497383118
xgboost_np_tuned,r0f2,0,2,249,272,0,0.004221468698233366,0.21693256497383118
xgboost_np_tuned,r0f3,0,3,0,1,1,0.7317842245101929,0.23633606731891632
xgboost_np_tuned,r0f3,0,3,1,2,0,0.3541807532310486,0.23633606731891632
xgboost_np_tuned,r0f3,0,3,2,3,0,0.735318660736084,0.23633606731891632
xgboost_np_tuned,r0f3,0,3,3,4,0,0.3541807532310486,0.23633606731891632
xgboost_np_tuned,r0f3,0,3,4,5,0,0.3541807532310486,0.23633606731891632
xgboost_np_tuned,r0f3,0,3,5,6,0,0.25778305530548096,0.23633606731891632
xgboost_np_tuned,r0f3,0,3,6,7,1,0.48343607783317566,0.23633606731891632
xgboost_np_tuned,r0f3,0,3,7,8,1,0.31714075803756714,0.23633606731891632
xgboost_np_tuned,r0f3,0,3,8,19,1,0.8121247887611389,0.23633606731891632
xgboost_np_tuned,r0f3,0,3,9,20,1,0.7880205512046814,0.23633606731891632
xgboost_np_tuned,r0f3,0,3,10,21,1,0.7863482236862183,0.23633606731891632
xgboost_np_tuned,r0f3,0,3,11,22,1,0.7793601751327515,0.23633606731891632
xgboost_np_tuned,r0f3,0,3,12,23,1,0.8236171007156372,0.23633606731891632
xgboost_np_tuned,r0f3,0,3,21,33,0,0.26650530099868774,0.23633606731891632
xgboost_np_tuned,r0f3,0,3,22,34,0,0.3128175735473633,0.23633606731891632
xgboost_np_tuned,r0f3,0,3,23,35,0,0.2895762324333191,0.23633606731891632
xgboost_np_tuned,r0f3,0,3,25,37,1,0.7799122333526611,0.23633606731891632
xgboost_np_tuned,r0f3,0,3,26,38,1,0.7476181983947754,0.23633606731891632
xgboost_np_tuned,r0f3,0,3,27,39,1,0.8200934529304504,0.23633606731891632
xgboost_np_tuned,r0f3,0,3,34,46,1,0.25538337230682373,0.23633606731891632
xgboost_np_tuned,r0f3,0,3,35,47,1,0.3164527416229248,0.23633606731891632
xgboost_np_tuned,r0f3,0,3,36,48,1,0.26485475897789,0.23633606731891632
xgboost_np_tuned,r0f3,0,3,37,49,0,0.28664630651474,0.23633606731891632
xgboost_np_tuned,r0f3,0,3,38,50,0,0.26827409863471985,0.23633606731891632
xgboost_np_tuned,r0f3,0,3,39,51,1,0.2978735864162445,0.23633606731891632
xgboost_np_tuned,r0f3,0,3,121,140,0,0.052797794342041016,0.23633606731891632
xgboost_np_tuned,r0f3,0,3,122,141,0,0.03397529199719429,0.23633606731891632
xgboost_np_tuned,r0f3,0,3,123,142,0,0.10706936568021774,0.23633606731891632
xgboost_np_tuned,r0f3,0,3,124,143,0,0.12338266521692276,0.23633606731891632
xgboost_np_tuned,r0f3,0,3,125,144,0,0.20691920816898346,0.23633606731891632
xgboost_np_tuned,r0f3,0,3,126,145,0,0.20766109228134155,0.23633606731891632
xgboost_np_tuned,r0f3,0,3,127,146,0,0.2503965198993683,0.23633606731891632
xgboost_np_tuned,r0f3,0,3,129,148,1,0.27488264441490173,0.23633606731891632
xgboost_np_tuned,r0f3,0,3,130,149,1,0.5428033471107483,0.23633606731891632
xgboost_np_tuned,r0f3,0,3,131,150,0,0.2527313530445099,0.23633606731891632
xgboost_np_tuned,r0f3,0,3,147,166,0,0.036359645426273346,0.23633606731891632
xgboost_np_tuned,r0f3,0,3,148,167,0,0.09576955437660217,0.23633606731891632
xgboost_np_tuned,r0f3,0,3,149,168,1,0.2853377163410187,0.23633606731891632
xgboost_np_tuned,r0f3,0,3,150,169,0,0.2853377163410187,0.23633606731891632
xgboost_np_tuned,r0f3,0,3,151,170,0,0.28022316098213196,0.23633606731891632
xgboost_np_tuned,r0f3,0,3,177,196,0,0.2527313530445099,0.23633606731891632
xgboost_np_tuned,r0f3,0,3,178,197,0,0.2527313530445099,0.23633606731891632
xgboost_np_tuned,r0f3,0,3,179,198,1,0.510205864906311,0.23633606731891632
xgboost_np_tuned,r0f3,0,3,180,199,0,0.22382012009620667,0.23633606731891632
xgboost_np_tuned,r0f3,0,3,181,200,0,0.1984427571296692,0.23633606731891632
xgboost_np_tuned,r0f3,0,3,182,201,0,0.16193610429763794,0.23633606731891632
xgboost_np_tuned,r0f3,0,3,183,202,0,0.2695075571537018,0.23633606731891632
xgboost_np_tuned,r0f3,0,3,184,203,0,0.25538337230682373,0.23633606731891632
xgboost_np_tuned,r0f3,0,3,185,204,1,0.2758561670780182,0.23633606731891632
xgboost_np_tuned,r0f3,0,3,186,205,1,0.26827409863471985,0.23633606731891632
xgboost_np_tuned,r0f3,0,3,187,206,1,0.31714075803756714,0.23633606731891632
xgboost_np_tuned,r0f3,0,3,188,207,1,0.3223453462123871,0.23633606731891632
xgboost_np_tuned,r0f3,0,3,189,208,1,0.31714075803756714,0.23633606731891632
xgboost_np_tuned,r0f3,0,3,207,228,0,0.30439358949661255,0.23633606731891632
xgboost_np_tuned,r0f3,0,3,208,229,1,0.2978735864162445,0.23633606731891632
xgboost_np_tuned,r0f3,0,3,209,230,0,0.26827409863471985,0.23633606731891632
xgboost_np_tuned,r0f3,0,3,219,241,0,0.053805649280548096,0.23633606731891632
xgboost_np_tuned,r0f3,0,3,220,243,0,0.7053263783454895,0.23633606731891632
xgboost_np_tuned,r0f3,0,3,225,248,0,0.04569194093346596,0.23633606731891632
xgboost_np_tuned,r0f3,0,3,232,255,0,0.2069224864244461,0.23633606731891632
xgboost_np_tuned,r0f3,0,3,233,256,0,0.2069224864244461,0.23633606731891632
xgboost_np_tuned,r0f3,0,3,234,257,0,0.19910621643066406,0.23633606731891632
xgboost_np_tuned,r0f3,0,3,235,258,0,0.24808883666992188,0.23633606731891632
xgboost_np_tuned,r0f3,0,3,236,259,0,0.24723811447620392,0.23633606731891632
xgboost_np_tuned,r0f3,0,3,241,264,0,0.07516326010227203,0.23633606731891632
xgboost_np_tuned,r0f3,0,3,242,265,0,0.06778901070356369,0.23633606731891632
xgboost_np_tuned,r0f3,0,3,243,266,0,0.21874448657035828,0.23633606731891632
xgboost_np_tuned,r0f3,0,3,244,267,0,0.4247077405452728,0.23633606731891632
xgboost_np_tuned,r0f3,0,3,245,268,0,0.35473212599754333,0.23633606731891632
xgboost_np_tuned,r0f4,0,4,45,58,0,0.01949206367135048,0.18345028162002563
xgboost_np_tuned,r0f4,0,4,46,59,0,0.005150137469172478,0.18345028162002563
xgboost_np_tuned,r0f4,0,4,47,60,0,0.016750451177358627,0.18345028162002563
xgboost_np_tuned,r0f4,0,4,48,61,0,0.01949206367135048,0.18345028162002563
xgboost_np_tuned,r0f4,0,4,49,62,0,0.0312519371509552,0.18345028162002563
xgboost_np_tuned,r0f4,0,4,50,63,1,0.7867331504821777,0.18345028162002563
xgboost_np_tuned,r0f4,0,4,51,64,0,0.42246049642562866,0.18345028162002563
xgboost_np_tuned,r0f4,0,4,85,102,0,0.04893265664577484,0.18345028162002563
xgboost_np_tuned,r0f4,0,4,86,103,0,0.022302424535155296,0.18345028162002563
xgboost_np_tuned,r0f4,0,4,92,109,0,0.13482049107551575,0.18345028162002563
xgboost_np_tuned,r0f4,0,4,93,110,0,0.018243055790662766,0.18345028162002563
xgboost_np_tuned,r0f4,0,4,94,111,1,0.13589198887348175,0.18345028162002563
xgboost_np_tuned,r0f4,0,4,95,112,1,0.047228820621967316,0.18345028162002563
xgboost_np_tuned,r0f4,0,4,113,131,1,0.967688262462616,0.18345028162002563
xgboost_np_tuned,r0f4,0,4,114,132,1,0.9671903252601624,0.18345028162002563
xgboost_np_tuned,r0f4,0,4,115,133,1,0.1297539472579956,0.18345028162002563
xgboost_np_tuned,r0f4,0,4,116,134,0,0.14262503385543823,0.18345028162002563
xgboost_np_tuned,r0f4,0,4,117,135,1,0.9747976064682007,0.18345028162002563
xgboost_np_tuned,r0f4,0,4,118,136,1,0.5931480526924133,0.18345028162002563
xgboost_np_tuned,r0f4,0,4,119,137,1,0.4495866894721985,0.18345028162002563
xgboost_np_tuned,r0f4,0,4,120,139,1,0.967688262462616,0.18345028162002563
xgboost_np_tuned,r0f4,0,4,132,151,1,0.010994769632816315,0.18345028162002563
xgboost_np_tuned,r0f4,0,4,133,152,0,0.003253038739785552,0.18345028162002563
xgboost_np_tuned,r0f4,0,4,134,153,0,0.014601420611143112,0.18345028162002563
xgboost_np_tuned,r0f4,0,4,135,154,0,0.008722187951207161,0.18345028162002563
xgboost_np_tuned,r0f4,0,4,136,155,0,0.316053181886673,0.18345028162002563
xgboost_np_tuned,r0f4,0,4,137,156,1,0.760407030582428,0.18345028162002563
xgboost_np_tuned,r0f4,0,4,142,161,0,0.0021253980230540037,0.18345028162002563
xgboost_np_tuned,r0f4,0,4,143,162,0,0.0014136038953438401,0.18345028162002563
xgboost_np_tuned,r0f4,0,4,144,163,0,0.003211014438420534,0.18345028162002563
xgboost_np_tuned,r0f4,0,4,145,164,0,0.003211014438420534,0.18345028162002563
xgboost_np_tuned,r0f4,0,4,146,165,0,0.760407030582428,0.18345028162002563
xgboost_np_tuned,r0f4,0,4,152,171,0,0.008722187951207161,0.18345028162002563
xgboost_np_tuned,r0f4,0,4,153,172,0,0.21318107843399048,0.18345028162002563
xgboost_np_tuned,r0f4,0,4,154,173,1,0.760407030582428,0.18345028162002563
xgboost_np_tuned,r0f4,0,4,170,189,0,0.010994769632816315,0.18345028162002563
xgboost_np_tuned,r0f4,0,4,171,190,0,0.007690099999308586,0.18345028162002563
xgboost_np_tuned,r0f4,0,4,172,191,0,0.032843612134456635,0.18345028162002563
xgboost_np_tuned,r0f4,0,4,190,209,0,0.007910531014204025,0.18345028162002563
xgboost_np_tuned,r0f4,0,4,191,211,0,0.10308728367090225,0.18345028162002563
xgboost_np_tuned,r0f4,0,4,202,222,0,0.028516555204987526,0.18345028162002563
xgboost_np_tuned,r0f4,0,4,203,224,1,0.9571853876113892,0.18345028162002563
xgboost_np_tuned,r0f4,0,4,223,246,0,0.0002724020159803331,0.18345028162002563
xgboost_np_tuned,r0f4,0,4,224,247,0,0.016023989766836166,0.18345028162002563
xgboost_np_tuned,r1f0,1,0,8,19,1,0.9562782645225525,0.1867840737104416
xgboost_np_tuned,r1f0,1,0,9,20,1,0.9033808708190918,0.1867840737104416
xgboost_np_tuned,r1f0,1,0,10,21,1,0.8859920501708984,0.1867840737104416
xgboost_np_tuned,r1f0,1,0,11,22,1,0.8859920501708984,0.1867840737104416
xgboost_np_tuned,r1f0,1,0,12,23,1,0.9597617983818054,0.1867840737104416
xgboost_np_tuned,r1f0,1,0,25,37,1,0.7445182800292969,0.1867840737104416
xgboost_np_tuned,r1f0,1,0,26,38,1,0.9031752943992615,0.1867840737104416
xgboost_np_tuned,r1f0,1,0,27,39,1,0.9745859503746033,0.1867840737104416
xgboost_np_tuned,r1f0,1,0,45,58,0,0.1422448605298996,0.1867840737104416
xgboost_np_tuned,r1f0,1,0,46,59,0,0.022524207830429077,0.1867840737104416
xgboost_np_tuned,r1f0,1,0,47,60,0,0.058692168444395065,0.1867840737104416
xgboost_np_tuned,r1f0,1,0,48,61,0,0.1385015845298767,0.1867840737104416
xgboost_np_tuned,r1f0,1,0,49,62,0,0.13900138437747955,0.1867840737104416
xgboost_np_tuned,r1f0,1,0,50,63,1,0.7539146542549133,0.1867840737104416
xgboost_np_tuned,r1f0,1,0,51,64,0,0.2800945043563843,0.1867840737104416
xgboost_np_tuned,r1f0,1,0,62,75,0,0.0045464979484677315,0.1867840737104416
xgboost_np_tuned,r1f0,1,0,63,76,0,0.009149762801826,0.1867840737104416
xgboost_np_tuned,r1f0,1,0,66,79,0,0.04752494767308235,0.1867840737104416
xgboost_np_tuned,r1f0,1,0,67,82,0,0.007069915067404509,0.1867840737104416
xgboost_np_tuned,r1f0,1,0,85,102,0,0.063167043030262,0.1867840737104416
xgboost_np_tuned,r1f0,1,0,86,103,0,0.040537845343351364,0.1867840737104416
xgboost_np_tuned,r1f0,1,0,92,109,0,0.06770168989896774,0.1867840737104416
xgboost_np_tuned,r1f0,1,0,93,110,0,0.10392076522111893,0.1867840737104416
xgboost_np_tuned,r1f0,1,0,94,111,1,0.06798584759235382,0.1867840737104416
xgboost_np_tuned,r1f0,1,0,95,112,1,0.08622962981462479,0.1867840737104416
xgboost_np_tuned,r1f0,1,0,142,161,0,0.010363603010773659,0.1867840737104416
xgboost_np_tuned,r1f0,1,0,143,162,0,0.006222940981388092,0.1867840737104416
xgboost_np_tuned,r1f0,1,0,144,163,0,0.00596390338614583,0.1867840737104416
xgboost_np_tuned,r1f0,1,0,145,164,0,0.00596390338614583,0.1867840737104416
xgboost_np_tuned,r1f0,1,0,161,180,0,0.08890609443187714,0.1867840737104416
xgboost_np_tuned,r1f0,1,0,162,181,0,0.20553474128246307,0.1867840737104416
xgboost_np_tuned,r1f0,1,0,163,182,1,0.934830367565155,0.1867840737104416
xgboost_np_tuned,r1f0,1,0,168,187,0,0.051181502640247345,0.1867840737104416
xgboost_np_tuned,r1f0,1,0,169,188,0,0.00995785091072321,0.1867840737104416
xgboost_np_tuned,r1f0,1,0,197,217,0,0.022541990503668785,0.1867840737104416
xgboost_np_tuned,r1f0,1,0,198,218,0,0.009414305910468102,0.1867840737104416
xgboost_np_tuned,r1f0,1,0,204,225,0,0.03439365327358246,0.1867840737104416
xgboost_np_tuned,r1f0,1,0,210,231,1,0.3005628287792206,0.1867840737104416
xgboost_np_tuned,r1f0,1,0,219,241,0,0.013276648707687855,0.1867840737104416
xgboost_np_tuned,r1f0,1,0,220,243,0,0.8408172726631165,0.1867840737104416
xgboost_np_tuned,r1f0,1,0,241,264,0,0.017000364139676094,0.1867840737104416
xgboost_np_tuned,r1f0,1,0,242,265,0,0.015264075249433517,0.1867840737104416
xgboost_np_tuned,r1f0,1,0,243,266,0,0.023113250732421875,0.1867840737104416
xgboost_np_tuned,r1f0,1,0,244,267,0,0.46194320917129517,0.1867840737104416
xgboost_np_tuned,r1f0,1,0,245,268,0,0.3550046980381012,0.1867840737104416
xgboost_np_tuned,r1f1,1,1,0,1,1,0.2966231107711792,0.11902200430631638
xgboost_np_tuned,r1f1,1,1,1,2,0,0.25093865394592285,0.11902200430631638
xgboost_np_tuned,r1f1,1,1,2,3,0,0.2980012595653534,0.11902200430631638
xgboost_np_tuned,r1f1,1,1,3,4,0,0.2587002217769623,0.11902200430631638
xgboost_np_tuned,r1f1,1,1,4,5,0,0.25093865394592285,0.11902200430631638
xgboost_np_tuned,r1f1,1,1,5,6,0,0.2451830953359604,0.11902200430631638
xgboost_np_tuned,r1f1,1,1,6,7,1,0.6166645884513855,0.11902200430631638
xgboost_np_tuned,r1f1,1,1,7,8,1,0.36070623993873596,0.11902200430631638
xgboost_np_tuned,r1f1,1,1,21,33,0,0.28715336322784424,0.11902200430631638
xgboost_np_tuned,r1f1,1,1,22,34,0,0.27909091114997864,0.11902200430631638
xgboost_np_tuned,r1f1,1,1,23,35,0,0.262583464384079,0.11902200430631638
xgboost_np_tuned,r1f1,1,1,34,46,1,0.265202134847641,0.11902200430631638
xgboost_np_tuned,r1f1,1,1,35,47,1,0.3060731589794159,0.11902200430631638
xgboost_np_tuned,r1f1,1,1,36,48,1,0.24712011218070984,0.11902200430631638
xgboost_np_tuned,r1f1,1,1,37,49,0,0.26231849193573,0.11902200430631638
xgboost_np_tuned,r1f1,1,1,38,50,0,0.24526022374629974,0.11902200430631638
xgboost_np_tuned,r1f1,1,1,39,51,1,0.5079522132873535,0.11902200430631638
xgboost_np_tuned,r1f1,1,1,52,65,0,0.07977310568094254,0.11902200430631638
xgboost_np_tuned,r1f1,1,1,53,66,0,0.04395677149295807,0.11902200430631638
xgboost_np_tuned,r1f1,1,1,54,67,0,0.13537028431892395,0.11902200430631638
xgboost_np_tuned,r1f1,1,1,55,68,0,0.040034931153059006,0.11902200430631638
xgboost_np_tuned,r1f1,1,1,57,70,0,0.15033835172653198,0.11902200430631638
xgboost_np_tuned,r1f1,1,1,58,71,0,0.09472682327032089,0.11902200430631638
xgboost_np_tuned,r1f1,1,1,59,72,1,0.43729549646377563,0.11902200430631638
xgboost_np_tuned,r1f1,1,1,60,73,0,0.15033835172653198,0.11902200430631638
xgboost_np_tuned,r1f1,1,1,61,74,1,0.43729549646377563,0.11902200430631638
xgboost_np_tuned,r1f1,1,1,80,97,1,0.21226544678211212,0.11902200430631638
xgboost_np_tuned,r1f1,1,1,87,104,0,0.217398002743721,0.11902200430631638
xgboost_np_tuned,r1f1,1,1,88,105,1,0.21226544678211212,0.11902200430631638
xgboost_np_tuned,r1f1,1,1,90,107,1,0.2515886127948761,0.11902200430631638
xgboost_np_tuned,r1f1,1,1,107,125,0,0.05054459720849991,0.11902200430631638
xgboost_np_tuned,r1f1,1,1,108,126,0,0.03939424082636833,0.11902200430631638
xgboost_np_tuned,r1f1,1,1,109,127,0,0.040592703968286514,0.11902200430631638
xgboost_np_tuned,r1f1,1,1,110,128,0,0.03992791473865509,0.11902200430631638
xgboost_np_tuned,r1f1,1,1,111,129,0,0.0450410321354866,0.11902200430631638
xgboost_np_tuned,r1f1,1,1,112,130,0,0.056040454655885696,0.11902200430631638
xgboost_np_tuned,r1f1,1,1,113,131,1,0.6367717981338501,0.11902200430631638
xgboost_np_tuned,r1f1,1,1,114,132,1,0.5808566808700562,0.11902200430631638
xgboost_np_tuned,r1f1,1,1,115,133,1,0.28037577867507935,0.11902200430631638
xgboost_np_tuned,r1f1,1,1,116,134,0,0.2065461277961731,0.11902200430631638
xgboost_np_tuned,r1f1,1,1,117,135,1,0.5413861870765686,0.11902200430631638
xgboost_np_tuned,r1f1,1,1,118,136,1,0.3737669885158539,0.11902200430631638
xgboost_np_tuned,r1f1,1,1,119,137,1,0.28037577867507935,0.11902200430631638
xgboost_np_tuned,r1f1,1,1,120,139,1,0.6367717981338501,0.11902200430631638
xgboost_np_tuned,r1f1,1,1,128,147,0,0.04061137139797211,0.11902200430631638
xgboost_np_tuned,r1f1,1,1,138,157,0,0.10481877624988556,0.11902200430631638
xgboost_np_tuned,r1f1,1,1,139,158,0,0.07724121958017349,0.11902200430631638
xgboost_np_tuned,r1f1,1,1,140,159,0,0.04831242933869362,0.11902200430631638
xgboost_np_tuned,r1f1,1,1,141,160,0,0.04831242933869362,0.11902200430631638
xgboost_np_tuned,r1f1,1,1,183,202,0,0.22664803266525269,0.11902200430631638
xgboost_np_tuned,r1f1,1,1,184,203,0,0.265202134847641,0.11902200430631638
xgboost_np_tuned,r1f1,1,1,185,204,1,0.2672666013240814,0.11902200430631638
xgboost_np_tuned,r1f1,1,1,186,205,1,0.24526022374629974,0.11902200430631638
xgboost_np_tuned,r1f1,1,1,187,206,1,0.36070623993873596,0.11902200430631638
xgboost_np_tuned,r1f1,1,1,188,207,1,0.44486919045448303,0.11902200430631638
xgboost_np_tuned,r1f1,1,1,189,208,1,0.36070623993873596,0.11902200430631638
xgboost_np_tuned,r1f1,1,1,190,209,0,0.10208523273468018,0.11902200430631638
xgboost_np_tuned,r1f1,1,1,191,211,0,0.1692977100610733,0.11902200430631638
xgboost_np_tuned,r1f1,1,1,192,212,0,0.1661119908094406,0.11902200430631638
xgboost_np_tuned,r1f1,1,1,207,228,0,0.2961679995059967,0.11902200430631638
xgboost_np_tuned,r1f1,1,1,208,229,1,0.5079522132873535,0.11902200430631638
xgboost_np_tuned,r1f1,1,1,209,230,0,0.24733386933803558,0.11902200430631638
xgboost_np_tuned,r1f1,1,1,214,235,0,0.10354486852884293,0.11902200430631638
xgboost_np_tuned,r1f1,1,1,215,236,0,0.39801958203315735,0.11902200430631638
xgboost_np_tuned,r1f1,1,1,216,238,1,0.4309720993041992,0.11902200430631638
xgboost_np_tuned,r1f1,1,1,217,239,0,0.06150933727622032,0.11902200430631638
xgboost_np_tuned,r1f1,1,1,218,240,0,0.05491345375776291,0.11902200430631638
xgboost_np_tuned,r1f2,1,2,24,36,0,0.01998608186841011,0.15176565945148468
xgboost_np_tuned,r1f2,1,2,41,54,0,0.0618743970990181,0.15176565945148468
xgboost_np_tuned,r1f2,1,2,42,55,1,0.094988614320755,0.15176565945148468
xgboost_np_tuned,r1f2,1,2,43,56,1,0.06765177845954895,0.15176565945148468
xgboost_np_tuned,r1f2,1,2,44,57,0,0.19994650781154633,0.15176565945148468
xgboost_np_tuned,r1f2,1,2,72,88,1,0.8855922818183899,0.15176565945148468
xgboost_np_tuned,r1f2,1,2,73,89,1,0.8460010290145874,0.15176565945148468
xgboost_np_tuned,r1f2,1,2,74,90,1,0.8043162822723389,0.15176565945148468
xgboost_np_tuned,r1f2,1,2,75,91,1,0.8248724341392517,0.15176565945148468
xgboost_np_tuned,r1f2,1,2,76,92,1,0.7609570622444153,0.15176565945148468
xgboost_np_tuned,r1f2,1,2,77,93,1,0.9421601891517639,0.15176565945148468
xgboost_np_tuned,r1f2,1,2,78,94,0,0.5458484888076782,0.15176565945148468
xgboost_np_tuned,r1f2,1,2,79,95,0,0.38892441987991333,0.15176565945148468
xgboost_np_tuned,r1f2,1,2,96,113,0,0.029877595603466034,0.15176565945148468
xgboost_np_tuned,r1f2,1,2,97,115,0,0.029877595603466034,0.15176565945148468
xgboost_np_tuned,r1f2,1,2,98,116,0,0.044557131826877594,0.15176565945148468
xgboost_np_tuned,r1f2,1,2,99,117,0,0.007190440781414509,0.15176565945148468
xgboost_np_tuned,r1f2,1,2,100,118,0,0.10911340266466141,0.15176565945148468
xgboost_np_tuned,r1f2,1,2,121,140,0,0.005579081363976002,0.15176565945148468
xgboost_np_tuned,r1f2,1,2,122,141,0,0.0011012465693056583,0.15176565945148468
xgboost_np_tuned,r1f2,1,2,123,142,0,0.02684580720961094,0.15176565945148468
xgboost_np_tuned,r1f2,1,2,124,143,0,0.02189786545932293,0.15176565945148468
xgboost_np_tuned,r1f2,1,2,132,151,1,0.00784987397491932,0.15176565945148468
xgboost_np_tuned,r1f2,1,2,133,152,0,0.0023712182883173227,0.15176565945148468
xgboost_np_tuned,r1f2,1,2,134,153,0,0.008961250074207783,0.15176565945148468
xgboost_np_tuned,r1f2,1,2,135,154,0,0.003157921601086855,0.15176565945148468
xgboost_np_tuned,r1f2,1,2,136,155,0,0.12592674791812897,0.15176565945148468
xgboost_np_tuned,r1f2,1,2,137,156,1,0.7472452521324158,0.15176565945148468
xgboost_np_tuned,r1f2,1,2,146,165,0,0.7387934923171997,0.15176565945148468
xgboost_np_tuned,r1f2,1,2,147,166,0,0.003583544632419944,0.15176565945148468
xgboost_np_tuned,r1f2,1,2,148,167,0,0.015779510140419006,0.15176565945148468
xgboost_np_tuned,r1f2,1,2,152,171,0,0.003157921601086855,0.15176565945148468
xgboost_np_tuned,r1f2,1,2,153,172,0,0.2733347415924072,0.15176565945148468
xgboost_np_tuned,r1f2,1,2,154,173,1,0.7472452521324158,0.15176565945148468
xgboost_np_tuned,r1f2,1,2,155,174,1,0.9418569803237915,0.15176565945148468
xgboost_np_tuned,r1f2,1,2,156,175,1,0.9248988628387451,0.15176565945148468
xgboost_np_tuned,r1f2,1,2,157,176,0,0.8856837153434753,0.15176565945148468
xgboost_np_tuned,r1f2,1,2,158,177,0,0.9175053238868713,0.15176565945148468
xgboost_np_tuned,r1f2,1,2,170,189,0,0.00784987397491932,0.15176565945148468
xgboost_np_tuned,r1f2,1,2,171,190,0,0.004082338884472847,0.15176565945148468
xgboost_np_tuned,r1f2,1,2,172,191,0,0.030576754361391068,0.15176565945148468
xgboost_np_tuned,r1f2,1,2,173,192,0,0.005206469912081957,0.15176565945148468
xgboost_np_tuned,r1f2,1,2,174,193,0,0.006280226167291403,0.15176565945148468
xgboost_np_tuned,r1f2,1,2,175,194,0,0.0028117464389652014,0.15176565945148468
xgboost_np_tuned,r1f2,1,2,176,195,0,0.019123593345284462,0.15176565945148468
xgboost_np_tuned,r1f2,1,2,227,250,1,0.1972576379776001,0.15176565945148468
xgboost_np_tuned,r1f2,1,2,230,253,0,0.04172516614198685,0.15176565945148468
xgboost_np_tuned,r1f2,1,2,231,254,1,0.2603186368942261,0.15176565945148468
xgboost_np_tuned,r1f3,1,3,13,25,1,0.8465200066566467,0.206931471824646
xgboost_np_tuned,r1f3,1,3,14,26,1,0.8650417327880859,0.206931471824646
xgboost_np_tuned,r1f3,1,3,15,27,1,0.7145096659660339,0.206931471824646
xgboost_np_tuned,r1f3,1,3,16,28,1,0.9669350385665894,0.206931471824646
xgboost_np_tuned,r1f3,1,3,28,40,1,0.8842214345932007,0.206931471824646
xgboost_np_tuned,r1f3,1,3,29,41,1,0.8476182818412781,0.206931471824646
xgboost_np_tuned,r1f3,1,3,30,42,1,0.9731281399726868,0.206931471824646
xgboost_np_tuned,r1f3,1,3,31,43,1,0.9716511964797974,0.206931471824646
xgboost_np_tuned,r1f3,1,3,56,69,1,0.8010155558586121,0.206931471824646
xgboost_np_tuned,r1f3,1,3,64,77,0,0.006156763527542353,0.206931471824646
xgboost_np_tuned,r1f3,1,3,65,78,0,0.007400246802717447,0.206931471824646
xgboost_np_tuned,r1f3,1,3,101,119,0,0.04378805309534073,0.206931471824646
xgboost_np_tuned,r1f3,1,3,102,120,0,0.03184948116540909,0.206931471824646
xgboost_np_tuned,r1f3,1,3,103,121,0,0.04797111451625824,0.206931471824646
xgboost_np_tuned,r1f3,1,3,104,122,0,0.008310114033520222,0.206931471824646
xgboost_np_tuned,r1f3,1,3,105,123,0,0.05577338486909866,0.206931471824646
xgboost_np_tuned,r1f3,1,3,106,124,0,0.007239663042128086,0.206931471824646
xgboost_np_tuned,r1f3,1,3,193,213,0,0.02414083294570446,0.206931471824646
xgboost_np_tuned,r1f3,1,3,194,214,0,0.22774645686149597,0.206931471824646
xgboost_np_tuned,r1f3,1,3,195,215,0,0.014701527543365955,0.206931471824646
xgboost_np_tuned,r1f3,1,3,196,216,0,0.007400246802717447,0.206931471824646
xgboost_np_tuned,r1f3,1,3,202,222,0,0.060295216739177704,0.206931471824646
xgboost_np_tuned,r1f3,1,3,203,224,1,0.7630392909049988,0.206931471824646
xgboost_np_tuned,r1f3,1,3,205,226,0,0.01835782267153263,0.206931471824646
xgboost_np_tuned,r1f3,1,3,206,227,0,0.009884609840810299,0.206931471824646
xgboost_np_tuned,r1f3,1,3,211,232,0,0.05045536905527115,0.206931471824646
xgboost_np_tuned,r1f3,1,3,212,233,1,0.14685523509979248,0.206931471824646
xgboost_np_tuned,r1f3,1,3,213,234,1,0.14685523509979248,0.206931471824646
xgboost_np_tuned,r1f3,1,3,221,244,0,0.02487076260149479,0.206931471824646
xgboost_np_tuned,r1f3,1,3,222,245,0,0.0032017193734645844,0.206931471824646
xgboost_np_tuned,r1f3,1,3,223,246,0,0.0031193397007882595,0.206931471824646
xgboost_np_tuned,r1f3,1,3,224,247,0,0.007891349494457245,0.206931471824646
xgboost_np_tuned,r1f3,1,3,232,255,0,0.2140033096075058,0.206931471824646
xgboost_np_tuned,r1f3,1,3,233,256,0,0.2140033096075058,0.206931471824646
xgboost_np_tuned,r1f3,1,3,234,257,0,0.31235939264297485,0.206931471824646
xgboost_np_tuned,r1f3,1,3,235,258,0,0.45206955075263977,0.206931471824646
xgboost_np_tuned,r1f3,1,3,236,259,0,0.7911931276321411,0.206931471824646
xgboost_np_tuned,r1f3,1,3,237,260,0,0.09096640348434448,0.206931471824646
xgboost_np_tuned,r1f3,1,3,238,261,0,0.16635186970233917,0.206931471824646
xgboost_np_tuned,r1f3,1,3,239,262,0,0.2182547152042389,0.206931471824646
xgboost_np_tuned,r1f3,1,3,240,263,0,0.06068006902933121,0.206931471824646
xgboost_np_tuned,r1f3,1,3,246,269,0,0.07976533472537994,0.206931471824646
xgboost_np_tuned,r1f3,1,3,247,270,1,0.6302093267440796,0.206931471824646
xgboost_np_tuned,r1f3,1,3,248,271,0,0.009843631647527218,0.206931471824646
xgboost_np_tuned,r1f3,1,3,249,272,0,0.009068298153579235,0.206931471824646
xgboost_np_tuned,r1f3,1,3,250,273,0,0.4526810944080353,0.206931471824646
xgboost_np_tuned,r1f3,1,3,251,274,0,0.8669339418411255,0.206931471824646
xgboost_np_tuned,r1f4,1,4,17,29,1,0.9344574809074402,0.2443452775478363
xgboost_np_tuned,r1f4,1,4,18,30,0,0.9524791836738586,0.2443452775478363
xgboost_np_tuned,r1f4,1,4,19,31,1,0.9765827059745789,0.2443452775478363
xgboost_np_tuned,r1f4,1,4,20,32,1,0.9790816307067871,0.2443452775478363
xgboost_np_tuned,r1f4,1,4,32,44,1,0.9586567282676697,0.2443452775478363
xgboost_np_tuned,r1f4,1,4,33,45,0,0.9185721278190613,0.2443452775478363
xgboost_np_tuned,r1f4,1,4,40,52,1,0.9402880668640137,0.2443452775478363
xgboost_np_tuned,r1f4,1,4,68,84,0,0.010005084797739983,0.2443452775478363
xgboost_np_tuned,r1f4,1,4,69,85,0,0.007540240418165922,0.2443452775478363
xgboost_np_tuned,r1f4,1,4,70,86,0,0.00540758715942502,0.2443452775478363
xgboost_np_tuned,r1f4,1,4,71,87,0,0.005458308849483728,0.2443452775478363
xgboost_np_tuned,r1f4,1,4,81,98,0,0.3723849058151245,0.2443452775478363
xgboost_np_tuned,r1f4,1,4,82,99,0,0.5451130270957947,0.2443452775478363
xgboost_np_tuned,r1f4,1,4,83,100,0,0.28870752453804016,0.2443452775478363
xgboost_np_tuned,r1f4,1,4,84,101,0,0.2554584741592407,0.2443452775478363
xgboost_np_tuned,r1f4,1,4,89,106,1,0.49659281969070435,0.2443452775478363
xgboost_np_tuned,r1f4,1,4,91,108,1,0.3803282380104065,0.2443452775478363
xgboost_np_tuned,r1f4,1,4,125,144,0,0.1969427764415741,0.2443452775478363
xgboost_np_tuned,r1f4,1,4,126,145,0,0.18240877985954285,0.2443452775478363
xgboost_np_tuned,r1f4,1,4,127,146,0,0.3999347388744354,0.2443452775478363
xgboost_np_tuned,r1f4,1,4,129,148,1,0.6120554804801941,0.2443452775478363
xgboost_np_tuned,r1f4,1,4,130,149,1,0.8347829580307007,0.2443452775478363
xgboost_np_tuned,r1f4,1,4,131,150,0,0.3703671991825104,0.2443452775478363
xgboost_np_tuned,r1f4,1,4,149,168,1,0.19112850725650787,0.2443452775478363
xgboost_np_tuned,r1f4,1,4,150,169,0,0.19112850725650787,0.2443452775478363
xgboost_np_tuned,r1f4,1,4,151,170,0,0.3334624171257019,0.2443452775478363
xgboost_np_tuned,r1f4,1,4,159,178,0,0.7030748128890991,0.2443452775478363
xgboost_np_tuned,r1f4,1,4,160,179,1,0.8433085083961487,0.2443452775478363
xgboost_np_tuned,r1f4,1,4,164,183,0,0.3803282380104065,0.2443452775478363
xgboost_np_tuned,r1f4,1,4,165,184,0,0.5519487857818604,0.2443452775478363
xgboost_np_tuned,r1f4,1,4,166,185,0,0.5951807498931885,0.2443452775478363
xgboost_np_tuned,r1f4,1,4,167,186,0,0.44157058000564575,0.2443452775478363
xgboost_np_tuned,r1f4,1,4,177,196,0,0.43003252148628235,0.2443452775478363
xgboost_np_tuned,r1f4,1,4,178,197,0,0.43003252148628235,0.2443452775478363
xgboost_np_tuned,r1f4,1,4,179,198,1,0.7358541488647461,0.2443452775478363
xgboost_np_tuned,r1f4,1,4,180,199,0,0.37224850058555603,0.2443452775478363
xgboost_np_tuned,r1f4,1,4,181,200,0,0.09318872541189194,0.2443452775478363
xgboost_np_tuned,r1f4,1,4,182,201,0,0.09761399775743484,0.2443452775478363
xgboost_np_tuned,r1f4,1,4,199,219,0,0.006171076558530331,0.2443452775478363
xgboost_np_tuned,r1f4,1,4,200,220,0,0.01000996958464384,0.2443452775478363
xgboost_np_tuned,r1f4,1,4,201,221,0,0.010793921537697315,0.2443452775478363
xgboost_np_tuned,r1f4,1,4,225,248,0,0.004549226723611355,0.2443452775478363
xgboost_np_tuned,r1f4,1,4,226,249,0,0.29821285605430603,0.2443452775478363
xgboost_np_tuned,r1f4,1,4,228,251,0,0.5585907101631165,0.2443452775478363
xgboost_np_tuned,r1f4,1,4,229,252,1,0.6748651266098022,0.2443452775478363
xgboost_np_tuned,r2f0,2,0,13,25,1,0.7814527750015259,0.16812995076179504
xgboost_np_tuned,r2f0,2,0,14,26,1,0.8434203267097473,0.16812995076179504
xgboost_np_tuned,r2f0,2,0,15,27,1,0.7134037613868713,0.16812995076179504
xgboost_np_tuned,r2f0,2,0,16,28,1,0.9174565672874451,0.16812995076179504
xgboost_np_tuned,r2f0,2,0,28,40,1,0.8474480509757996,0.16812995076179504
xgboost_np_tuned,r2f0,2,0,29,41,1,0.8825219869613647,0.16812995076179504
xgboost_np_tuned,r2f0,2,0,30,42,1,0.9745254516601562,0.16812995076179504
xgboost_np_tuned,r2f0,2,0,31,43,1,0.9745254516601562,0.16812995076179504
xgboost_np_tuned,r2f0,2,0,52,65,0,0.03835899755358696,0.16812995076179504
xgboost_np_tuned,r2f0,2,0,53,66,0,0.007169875781983137,0.16812995076179504
xgboost_np_tuned,r2f0,2,0,54,67,0,0.03568166866898537,0.16812995076179504
xgboost_np_tuned,r2f0,2,0,55,68,0,0.02622673474252224,0.16812995076179504
xgboost_np_tuned,r2f0,2,0,57,70,0,0.03189507871866226,0.16812995076179504
xgboost_np_tuned,r2f0,2,0,58,71,0,0.05680781975388527,0.16812995076179504
xgboost_np_tuned,r2f0,2,0,59,72,1,0.5578067302703857,0.16812995076179504
xgboost_np_tuned,r2f0,2,0,60,73,0,0.03189507871866226,0.16812995076179504
xgboost_np_tuned,r2f0,2,0,61,74,1,0.5578067302703857,0.16812995076179504
xgboost_np_tuned,r2f0,2,0,85,102,0,0.1248932033777237,0.16812995076179504
xgboost_np_tuned,r2f0,2,0,86,103,0,0.062239035964012146,0.16812995076179504
xgboost_np_tuned,r2f0,2,0,92,109,0,0.18762260675430298,0.16812995076179504
xgboost_np_tuned,r2f0,2,0,93,110,0,0.05696773901581764,0.16812995076179504
xgboost_np_tuned,r2f0,2,0,94,111,1,0.16077548265457153,0.16812995076179504
xgboost_np_tuned,r2f0,2,0,95,112,1,0.11262387037277222,0.16812995076179504
xgboost_np_tuned,r2f0,2,0,96,113,0,0.05241169407963753,0.16812995076179504
xgboost_np_tuned,r2f0,2,0,97,115,0,0.05241169407963753,0.16812995076179504
xgboost_np_tuned,r2f0,2,0,98,116,0,0.03606482595205307,0.16812995076179504
xgboost_np_tuned,r2f0,2,0,99,117,0,0.036752842366695404,0.16812995076179504
xgboost_np_tuned,r2f0,2,0,100,118,0,0.10977666079998016,0.16812995076179504
xgboost_np_tuned,r2f0,2,0,149,168,1,0.1266307383775711,0.16812995076179504
xgboost_np_tuned,r2f0,2,0,150,169,0,0.1266307383775711,0.16812995076179504
xgboost_np_tuned,r2f0,2,0,151,170,0,0.3393712341785431,0.16812995076179504
xgboost_np_tuned,r2f0,2,0,192,212,0,0.08334992080926895,0.16812995076179504
xgboost_np_tuned,r2f0,2,0,204,225,0,0.016352079808712006,0.16812995076179504
xgboost_np_tuned,r2f0,2,0,210,231,1,0.22721761465072632,0.16812995076179504
xgboost_np_tuned,r2f0,2,0,223,246,0,0.004954942502081394,0.16812995076179504
xgboost_np_tuned,r2f0,2,0,224,247,0,0.062235165387392044,0.16812995076179504
xgboost_np_tuned,r2f0,2,0,225,248,0,0.03143424540758133,0.16812995076179504
xgboost_np_tuned,r2f0,2,0,237,260,0,0.08964058011770248,0.16812995076179504
xgboost_np_tuned,r2f0,2,0,238,261,0,0.1153712272644043,0.16812995076179504
xgboost_np_tuned,r2f0,2,0,239,262,0,0.11250298470258713,0.16812995076179504
xgboost_np_tuned,r2f0,2,0,240,263,0,0.03249991685152054,0.16812995076179504
xgboost_np_tuned,r2f0,2,0,241,264,0,0.03725193813443184,0.16812995076179504
xgboost_np_tuned,r2f0,2,0,242,265,0,0.008146245032548904,0.16812995076179504
xgboost_np_tuned,r2f0,2,0,243,266,0,0.13494865596294403,0.16812995076179504
xgboost_np_tuned,r2f0,2,0,244,267,0,0.6048702001571655,0.16812995076179504
xgboost_np_tuned,r2f0,2,0,245,268,0,0.7187637090682983,0.16812995076179504
xgboost_np_tuned,r2f1,2,1,45,58,0,0.04201671481132507,0.2470395714044571
xgboost_np_tuned,r2f1,2,1,46,59,0,0.002261463785544038,0.2470395714044571
xgboost_np_tuned,r2f1,2,1,47,60,0,0.014787332154810429,0.2470395714044571
xgboost_np_tuned,r2f1,2,1,48,61,0,0.04201671481132507,0.2470395714044571
xgboost_np_tuned,r2f1,2,1,49,62,0,0.013981140218675137,0.2470395714044571
xgboost_np_tuned,r2f1,2,1,50,63,1,0.5159943103790283,0.2470395714044571
xgboost_np_tuned,r2f1,2,1,51,64,0,0.18755191564559937,0.2470395714044571
xgboost_np_tuned,r2f1,2,1,107,125,0,0.005524767562747002,0.2470395714044571
xgboost_np_tuned,r2f1,2,1,108,126,0,0.000630143447779119,0.2470395714044571
xgboost_np_tuned,r2f1,2,1,109,127,0,0.0012630594428628683,0.2470395714044571
xgboost_np_tuned,r2f1,2,1,110,128,0,0.0012325282441452146,0.2470395714044571
xgboost_np_tuned,r2f1,2,1,111,129,0,0.0010140901431441307,0.2470395714044571
xgboost_np_tuned,r2f1,2,1,112,130,0,0.00933937169611454,0.2470395714044571
xgboost_np_tuned,r2f1,2,1,113,131,1,0.9725186228752136,0.2470395714044571
xgboost_np_tuned,r2f1,2,1,114,132,1,0.9562987685203552,0.2470395714044571
xgboost_np_tuned,r2f1,2,1,115,133,1,0.2003096640110016,0.2470395714044571
xgboost_np_tuned,r2f1,2,1,116,134,0,0.1485063135623932,0.2470395714044571
xgboost_np_tuned,r2f1,2,1,117,135,1,0.9693666100502014,0.2470395714044571
xgboost_np_tuned,r2f1,2,1,118,136,1,0.5906491279602051,0.2470395714044571
xgboost_np_tuned,r2f1,2,1,119,137,1,0.47780486941337585,0.2470395714044571
xgboost_np_tuned,r2f1,2,1,120,139,1,0.9725186228752136,0.2470395714044571
xgboost_np_tuned,r2f1,2,1,128,147,0,0.0011509472969919443,0.2470395714044571
xgboost_np_tuned,r2f1,2,1,173,192,0,0.007503720466047525,0.2470395714044571
xgboost_np_tuned,r2f1,2,1,174,193,0,0.005347451660782099,0.2470395714044571
xgboost_np_tuned,r2f1,2,1,175,194,0,0.005287632811814547,0.2470395714044571
xgboost_np_tuned,r2f1,2,1,176,195,0,0.020144151523709297,0.2470395714044571
xgboost_np_tuned,r2f1,2,1,202,222,0,0.01830858550965786,0.2470395714044571
xgboost_np_tuned,r2f1,2,1,203,224,1,0.7554671764373779,0.2470395714044571
xgboost_np_tuned,r2f1,2,1,205,226,0,0.0038056671619415283,0.2470395714044571
xgboost_np_tuned,r2f1,2,1,206,227,0,0.00173023936804384,0.2470395714044571
xgboost_np_tuned,r2f1,2,1,211,232,0,0.007322896737605333,0.2470395714044571
xgboost_np_tuned,r2f1,2,1,212,233,1,0.0877218246459961,0.2470395714044571
xgboost_np_tuned,r2f1,2,1,213,234,1,0.0877218246459961,0.2470395714044571
xgboost_np_tuned,r2f1,2,1,214,235,0,0.014622545801103115,0.2470395714044571
xgboost_np_tuned,r2f1,2,1,215,236,0,0.25738275051116943,0.2470395714044571
xgboost_np_tuned,r2f1,2,1,216,238,1,0.3852652907371521,0.2470395714044571
xgboost_np_tuned,r2f1,2,1,217,239,0,0.0015507510397583246,0.2470395714044571
xgboost_np_tuned,r2f1,2,1,218,240,0,0.0014051614562049508,0.2470395714044571
xgboost_np_tuned,r2f1,2,1,232,255,0,0.03361465409398079,0.2470395714044571
xgboost_np_tuned,r2f1,2,1,233,256,0,0.03361465409398079,0.2470395714044571
xgboost_np_tuned,r2f1,2,1,234,257,0,0.19852188229560852,0.2470395714044571
xgboost_np_tuned,r2f1,2,1,235,258,0,0.09280499815940857,0.2470395714044571
xgboost_np_tuned,r2f1,2,1,236,259,0,0.5963118672370911,0.2470395714044571
xgboost_np_tuned,r2f1,2,1,246,269,0,0.23269684612751007,0.2470395714044571
xgboost_np_tuned,r2f1,2,1,247,270,1,0.3852652907371521,0.2470395714044571
xgboost_np_tuned,r2f1,2,1,248,271,0,0.003059291047975421,0.2470395714044571
xgboost_np_tuned,r2f1,2,1,249,272,0,0.002168163424357772,0.2470395714044571
xgboost_np_tuned,r2f2,2,2,0,1,1,0.924920380115509,0.24354857206344604
xgboost_np_tuned,r2f2,2,2,1,2,0,0.924920380115509,0.24354857206344604
xgboost_np_tuned,r2f2,2,2,2,3,0,0.924920380115509,0.24354857206344604
xgboost_np_tuned,r2f2,2,2,3,4,0,0.924920380115509,0.24354857206344604
xgboost_np_tuned,r2f2,2,2,4,5,0,0.924920380115509,0.24354857206344604
xgboost_np_tuned,r2f2,2,2,5,6,0,0.5976864099502563,0.24354857206344604
xgboost_np_tuned,r2f2,2,2,6,7,1,0.990545392036438,0.24354857206344604
xgboost_np_tuned,r2f2,2,2,7,8,1,0.6970589756965637,0.24354857206344604
xgboost_np_tuned,r2f2,2,2,17,29,1,0.9793255925178528,0.24354857206344604
xgboost_np_tuned,r2f2,2,2,18,30,0,0.983873188495636,0.24354857206344604
xgboost_np_tuned,r2f2,2,2,19,31,1,0.9880092740058899,0.24354857206344604
xgboost_np_tuned,r2f2,2,2,20,32,1,0.9937347769737244,0.24354857206344604
xgboost_np_tuned,r2f2,2,2,21,33,0,0.7390843033790588,0.24354857206344604
xgboost_np_tuned,r2f2,2,2,22,34,0,0.6135294437408447,0.24354857206344604
xgboost_np_tuned,r2f2,2,2,23,35,0,0.46537408232688904,0.24354857206344604
xgboost_np_tuned,r2f2,2,2,32,44,1,0.9726485013961792,0.24354857206344604
xgboost_np_tuned,r2f2,2,2,33,45,0,0.9682595729827881,0.24354857206344604
xgboost_np_tuned,r2f2,2,2,34,46,1,0.6411160826683044,0.24354857206344604
xgboost_np_tuned,r2f2,2,2,35,47,1,0.9193217754364014,0.24354857206344604
xgboost_np_tuned,r2f2,2,2,36,48,1,0.6135294437408447,0.24354857206344604
xgboost_np_tuned,r2f2,2,2,37,49,0,0.4687257707118988,0.24354857206344604
xgboost_np_tuned,r2f2,2,2,38,50,0,0.4689026176929474,0.24354857206344604
xgboost_np_tuned,r2f2,2,2,39,51,1,0.8908765912055969,0.24354857206344604
xgboost_np_tuned,r2f2,2,2,40,52,1,0.902209997177124,0.24354857206344604
xgboost_np_tuned,r2f2,2,2,125,144,0,0.19726744294166565,0.24354857206344604
xgboost_np_tuned,r2f2,2,2,126,145,0,0.2931768298149109,0.24354857206344604
xgboost_np_tuned,r2f2,2,2,127,146,0,0.29725924134254456,0.24354857206344604
xgboost_np_tuned,r2f2,2,2,129,148,1,0.6559026837348938,0.24354857206344604
xgboost_np_tuned,r2f2,2,2,130,149,1,0.9625685811042786,0.24354857206344604
xgboost_np_tuned,r2f2,2,2,131,150,0,0.4366036355495453,0.24354857206344604
xgboost_np_tuned,r2f2,2,2,132,151,1,0.0109155448153615,0.24354857206344604
xgboost_np_tuned,r2f2,2,2,133,152,0,0.009058067575097084,0.24354857206344604
xgboost_np_tuned,r2f2,2,2,134,153,0,0.006727056577801704,0.24354857206344604
xgboost_np_tuned,r2f2,2,2,135,154,0,0.011876057833433151,0.24354857206344604
xgboost_np_tuned,r2f2,2,2,136,155,0,0.06285829842090607,0.24354857206344604
xgboost_np_tuned,r2f2,2,2,137,156,1,0.7160162329673767,0.24354857206344604
xgboost_np_tuned,r2f2,2,2,142,161,0,0.001706205657683313,0.24354857206344604
xgboost_np_tuned,r2f2,2,2,143,162,0,0.0006932769902050495,0.24354857206344604
xgboost_np_tuned,r2f2,2,2,144,163,0,0.0017811150755733252,0.24354857206344604
xgboost_np_tuned,r2f2,2,2,145,164,0,0.0017811150755733252,0.24354857206344604
xgboost_np_tuned,r2f2,2,2,146,165,0,0.7160162329673767,0.24354857206344604
xgboost_np_tuned,r2f2,2,2,152,171,0,0.011876057833433151,0.24354857206344604
xgboost_np_tuned,r2f2,2,2,153,172,0,0.06922128796577454,0.24354857206344604
xgboost_np_tuned,r2f2,2,2,154,173,1,0.7160162329673767,0.24354857206344604
xgboost_np_tuned,r2f2,2,2,170,189,0,0.0109155448153615,0.24354857206344604
xgboost_np_tuned,r2f2,2,2,171,190,0,0.006727056577801704,0.24354857206344604
xgboost_np_tuned,r2f2,2,2,172,191,0,0.12988059222698212,0.24354857206344604
xgboost_np_tuned,r2f2,2,2,177,196,0,0.4240623414516449,0.24354857206344604
xgboost_np_tuned,r2f2,2,2,178,197,0,0.4240623414516449,0.24354857206344604
xgboost_np_tuned,r2f2,2,2,179,198,1,0.9625685811042786,0.24354857206344604
xgboost_np_tuned,r2f2,2,2,180,199,0,0.6511663794517517,0.24354857206344604
xgboost_np_tuned,r2f2,2,2,181,200,0,0.2212257981300354,0.24354857206344604
xgboost_np_tuned,r2f2,2,2,182,201,0,0.15464897453784943,0.24354857206344604
xgboost_np_tuned,r2f2,2,2,183,202,0,0.6635812520980835,0.24354857206344604
xgboost_np_tuned,r2f2,2,2,184,203,0,0.6411160826683044,0.24354857206344604
xgboost_np_tuned,r2f2,2,2,185,204,1,0.518214225769043,0.24354857206344604
xgboost_np_tuned,r2f2,2,2,186,205,1,0.4689026176929474,0.24354857206344604
xgboost_np_tuned,r2f2,2,2,187,206,1,0.6970589756965637,0.24354857206344604
xgboost_np_tuned,r2f2,2,2,188,207,1,0.8990691304206848,0.24354857206344604
xgboost_np_tuned,r2f2,2,2,189,208,1,0.6970589756965637,0.24354857206344604
xgboost_np_tuned,r2f2,2,2,190,209,0,0.028184322640299797,0.24354857206344604
xgboost_np_tuned,r2f2,2,2,191,211,0,0.07608555257320404,0.24354857206344604
xgboost_np_tuned,r2f2,2,2,207,228,0,0.7727574110031128,0.24354857206344604
xgboost_np_tuned,r2f2,2,2,208,229,1,0.8908765912055969,0.24354857206344604
xgboost_np_tuned,r2f2,2,2,209,230,0,0.46537408232688904,0.24354857206344604
xgboost_np_tuned,r2f2,2,2,250,273,0,0.29321780800819397,0.24354857206344604
xgboost_np_tuned,r2f2,2,2,251,274,0,0.6825122833251953,0.24354857206344604
xgboost_np_tuned,r2f3,2,3,8,19,1,0.9290834665298462,0.1925351917743683
xgboost_np_tuned,r2f3,2,3,9,20,1,0.89564049243927,0.1925351917743683
xgboost_np_tuned,r2f3,2,3,10,21,1,0.8564649820327759,0.1925351917743683
xgboost_np_tuned,r2f3,2,3,11,22,1,0.8564649820327759,0.1925351917743683
xgboost_np_tuned,r2f3,2,3,12,23,1,0.9463256597518921,0.1925351917743683
xgboost_np_tuned,r2f3,2,3,25,37,1,0.7367188334465027,0.1925351917743683
xgboost_np_tuned,r2f3,2,3,26,38,1,0.8652114272117615,0.1925351917743683
xgboost_np_tuned,r2f3,2,3,27,39,1,0.9576818346977234,0.1925351917743683
xgboost_np_tuned,r2f3,2,3,56,69,1,0.7548917531967163,0.1925351917743683
xgboost_np_tuned,r2f3,2,3,62,75,0,0.008113703690469265,0.1925351917743683
xgboost_np_tuned,r2f3,2,3,63,76,0,0.015151056461036205,0.1925351917743683
xgboost_np_tuned,r2f3,2,3,64,77,0,0.01564967818558216,0.1925351917743683
xgboost_np_tuned,r2f3,2,3,65,78,0,0.009681127034127712,0.1925351917743683
xgboost_np_tuned,r2f3,2,3,66,79,0,0.10768187791109085,0.1925351917743683
xgboost_np_tuned,r2f3,2,3,67,82,0,0.010670612566173077,0.1925351917743683
xgboost_np_tuned,r2f3,2,3,78,94,0,0.791851818561554,0.1925351917743683
xgboost_np_tuned,r2f3,2,3,79,95,0,0.758773148059845,0.1925351917743683
xgboost_np_tuned,r2f3,2,3,101,119,0,0.060222819447517395,0.1925351917743683
xgboost_np_tuned,r2f3,2,3,102,120,0,0.055480457842350006,0.1925351917743683
xgboost_np_tuned,r2f3,2,3,103,121,0,0.02949591539800167,0.1925351917743683
xgboost_np_tuned,r2f3,2,3,104,122,0,0.023412108421325684,0.1925351917743683
xgboost_np_tuned,r2f3,2,3,105,123,0,0.02949591539800167,0.1925351917743683
xgboost_np_tuned,r2f3,2,3,106,124,0,0.008898131549358368,0.1925351917743683
xgboost_np_tuned,r2f3,2,3,121,140,0,0.025175828486680984,0.1925351917743683
xgboost_np_tuned,r2f3,2,3,122,141,0,0.007506291847676039,0.1925351917743683
xgboost_np_tuned,r2f3,2,3,123,142,0,0.08080283552408218,0.1925351917743683
xgboost_np_tuned,r2f3,2,3,124,143,0,0.04385686293244362,0.1925351917743683
xgboost_np_tuned,r2f3,2,3,155,174,1,0.9465330839157104,0.1925351917743683
xgboost_np_tuned,r2f3,2,3,156,175,1,0.9398982524871826,0.1925351917743683
xgboost_np_tuned,r2f3,2,3,157,176,0,0.8842143416404724,0.1925351917743683
xgboost_np_tuned,r2f3,2,3,158,177,0,0.8832031488418579,0.1925351917743683
xgboost_np_tuned,r2f3,2,3,193,213,0,0.07095945626497269,0.1925351917743683
xgboost_np_tuned,r2f3,2,3,194,214,0,0.7548917531967163,0.1925351917743683
xgboost_np_tuned,r2f3,2,3,195,215,0,0.0403386726975441,0.1925351917743683
xgboost_np_tuned,r2f3,2,3,196,216,0,0.009681127034127712,0.1925351917743683
xgboost_np_tuned,r2f3,2,3,197,217,0,0.0403386726975441,0.1925351917743683
xgboost_np_tuned,r2f3,2,3,198,218,0,0.009681127034127712,0.1925351917743683
xgboost_np_tuned,r2f3,2,3,219,241,0,0.021039586514234543,0.1925351917743683
xgboost_np_tuned,r2f3,2,3,220,243,0,0.5386499166488647,0.1925351917743683
xgboost_np_tuned,r2f3,2,3,226,249,0,0.6843500733375549,0.1925351917743683
xgboost_np_tuned,r2f3,2,3,227,250,1,0.5375492572784424,0.1925351917743683
xgboost_np_tuned,r2f3,2,3,228,251,0,0.47047463059425354,0.1925351917743683
xgboost_np_tuned,r2f3,2,3,229,252,1,0.47047463059425354,0.1925351917743683
xgboost_np_tuned,r2f3,2,3,230,253,0,0.12202812731266022,0.1925351917743683
xgboost_np_tuned,r2f3,2,3,231,254,1,0.16368301212787628,0.1925351917743683
xgboost_np_tuned,r2f4,2,4,24,36,0,0.06042762100696564,0.2249610275030136
xgboost_np_tuned,r2f4,2,4,41,54,0,0.09301004558801651,0.2249610275030136
xgboost_np_tuned,r2f4,2,4,42,55,1,0.09424428641796112,0.2249610275030136
xgboost_np_tuned,r2f4,2,4,43,56,1,0.10216651111841202,0.2249610275030136
xgboost_np_tuned,r2f4,2,4,44,57,0,0.16388735175132751,0.2249610275030136
xgboost_np_tuned,r2f4,2,4,68,84,0,0.04763929173350334,0.2249610275030136
xgboost_np_tuned,r2f4,2,4,69,85,0,0.016969090327620506,0.2249610275030136
xgboost_np_tuned,r2f4,2,4,70,86,0,0.009455733001232147,0.2249610275030136
xgboost_np_tuned,r2f4,2,4,71,87,0,0.014923639595508575,0.2249610275030136
xgboost_np_tuned,r2f4,2,4,72,88,1,0.5349463224411011,0.2249610275030136
xgboost_np_tuned,r2f4,2,4,73,89,1,0.5875713229179382,0.2249610275030136
xgboost_np_tuned,r2f4,2,4,74,90,1,0.5964949727058411,0.2249610275030136
xgboost_np_tuned,r2f4,2,4,75,91,1,0.646468997001648,0.2249610275030136
xgboost_np_tuned,r2f4,2,4,76,92,1,0.6534624099731445,0.2249610275030136
xgboost_np_tuned,r2f4,2,4,77,93,1,0.9345259666442871,0.2249610275030136
xgboost_np_tuned,r2f4,2,4,80,97,1,0.42349305748939514,0.2249610275030136
xgboost_np_tuned,r2f4,2,4,81,98,0,0.4325382113456726,0.2249610275030136
xgboost_np_tuned,r2f4,2,4,82,99,0,0.42349305748939514,0.2249610275030136
xgboost_np_tuned,r2f4,2,4,83,100,0,0.3131011426448822,0.2249610275030136
xgboost_np_tuned,r2f4,2,4,84,101,0,0.3131011426448822,0.2249610275030136
xgboost_np_tuned,r2f4,2,4,87,104,0,0.4325382113456726,0.2249610275030136
xgboost_np_tuned,r2f4,2,4,88,105,1,0.42349305748939514,0.2249610275030136
xgboost_np_tuned,r2f4,2,4,89,106,1,0.3853406310081482,0.2249610275030136
xgboost_np_tuned,r2f4,2,4,90,107,1,0.33753055334091187,0.2249610275030136
xgboost_np_tuned,r2f4,2,4,91,108,1,0.42349305748939514,0.2249610275030136
xgboost_np_tuned,r2f4,2,4,138,157,0,0.01762874238193035,0.2249610275030136
xgboost_np_tuned,r2f4,2,4,139,158,0,0.01762874238193035,0.2249610275030136
xgboost_np_tuned,r2f4,2,4,140,159,0,0.009626339189708233,0.2249610275030136
xgboost_np_tuned,r2f4,2,4,141,160,0,0.009718182496726513,0.2249610275030136
xgboost_np_tuned,r2f4,2,4,147,166,0,0.006745596416294575,0.2249610275030136
xgboost_np_tuned,r2f4,2,4,148,167,0,0.037506405264139175,0.2249610275030136
xgboost_np_tuned,r2f4,2,4,159,178,0,0.587959885597229,0.2249610275030136
xgboost_np_tuned,r2f4,2,4,160,179,1,0.9203461408615112,0.2249610275030136
xgboost_np_tuned,r2f4,2,4,161,180,0,0.07797353714704514,0.2249610275030136
xgboost_np_tuned,r2f4,2,4,162,181,0,0.522318422794342,0.2249610275030136
xgboost_np_tuned,r2f4,2,4,163,182,1,0.8942831754684448,0.2249610275030136
xgboost_np_tuned,r2f4,2,4,164,183,0,0.42349305748939514,0.2249610275030136
xgboost_np_tuned,r2f4,2,4,165,184,0,0.5491423010826111,0.2249610275030136
xgboost_np_tuned,r2f4,2,4,166,185,0,0.4971768260002136,0.2249610275030136
xgboost_np_tuned,r2f4,2,4,167,186,0,0.3733358085155487,0.2249610275030136
xgboost_np_tuned,r2f4,2,4,168,187,0,0.06863183528184891,0.2249610275030136
xgboost_np_tuned,r2f4,2,4,169,188,0,0.04053027927875519,0.2249610275030136
xgboost_np_tuned,r2f4,2,4,199,219,0,0.017172830179333687,0.2249610275030136
xgboost_np_tuned,r2f4,2,4,200,220,0,0.06201116740703583,0.2249610275030136
xgboost_np_tuned,r2f4,2,4,201,221,0,0.12311852723360062,0.2249610275030136
xgboost_np_tuned,r2f4,2,4,221,244,0,0.014233903028070927,0.2249610275030136
xgboost_np_tuned,r2f4,2,4,222,245,0,0.008543756790459156,0.2249610275030136
xgboost_np_tuned,r3f0,3,0,0,1,1,0.593799352645874,0.1702137142419815
xgboost_np_tuned,r3f0,3,0,1,2,0,0.593799352645874,0.1702137142419815
xgboost_np_tuned,r3f0,3,0,2,3,0,0.593799352645874,0.1702137142419815
xgboost_np_tuned,r3f0,3,0,3,4,0,0.593799352645874,0.1702137142419815
xgboost_np_tuned,r3f0,3,0,4,5,0,0.593799352645874,0.1702137142419815
xgboost_np_tuned,r3f0,3,0,5,6,0,0.13926687836647034,0.1702137142419815
xgboost_np_tuned,r3f0,3,0,6,7,1,0.9815147519111633,0.1702137142419815
xgboost_np_tuned,r3f0,3,0,7,8,1,0.3980288803577423,0.1702137142419815
xgboost_np_tuned,r3f0,3,0,13,25,1,0.9501830339431763,0.1702137142419815
xgboost_np_tuned,r3f0,3,0,14,26,1,0.8992981314659119,0.1702137142419815
xgboost_np_tuned,r3f0,3,0,15,27,1,0.7979070544242859,0.1702137142419815
xgboost_np_tuned,r3f0,3,0,16,28,1,0.9081380367279053,0.1702137142419815
xgboost_np_tuned,r3f0,3,0,21,33,0,0.43759194016456604,0.1702137142419815
xgboost_np_tuned,r3f0,3,0,22,34,0,0.38827383518218994,0.1702137142419815
xgboost_np_tuned,r3f0,3,0,23,35,0,0.2566653788089752,0.1702137142419815
xgboost_np_tuned,r3f0,3,0,28,40,1,0.9062134623527527,0.1702137142419815
xgboost_np_tuned,r3f0,3,0,29,41,1,0.8743175864219666,0.1702137142419815
xgboost_np_tuned,r3f0,3,0,30,42,1,0.9416324496269226,0.1702137142419815
xgboost_np_tuned,r3f0,3,0,31,43,1,0.9416324496269226,0.1702137142419815
xgboost_np_tuned,r3f0,3,0,34,46,1,0.25161027908325195,0.1702137142419815
xgboost_np_tuned,r3f0,3,0,35,47,1,0.3251868486404419,0.1702137142419815
xgboost_np_tuned,r3f0,3,0,36,48,1,0.36972981691360474,0.1702137142419815
xgboost_np_tuned,r3f0,3,0,37,49,0,0.3750424087047577,0.1702137142419815
xgboost_np_tuned,r3f0,3,0,38,50,0,0.28030461072921753,0.1702137142419815
xgboost_np_tuned,r3f0,3,0,39,51,1,0.759490430355072,0.1702137142419815
xgboost_np_tuned,r3f0,3,0,56,69,1,0.6892741322517395,0.1702137142419815
xgboost_np_tuned,r3f0,3,0,62,75,0,0.0023379537742584944,0.1702137142419815
xgboost_np_tuned,r3f0,3,0,63,76,0,0.003769354894757271,0.1702137142419815
xgboost_np_tuned,r3f0,3,0,64,77,0,0.00382499978877604,0.1702137142419815
xgboost_np_tuned,r3f0,3,0,65,78,0,0.005522339139133692,0.1702137142419815
xgboost_np_tuned,r3f0,3,0,66,79,0,0.01850293017923832,0.1702137142419815
xgboost_np_tuned,r3f0,3,0,67,82,0,0.0013576154597103596,0.1702137142419815
xgboost_np_tuned,r3f0,3,0,101,119,0,0.09159336984157562,0.1702137142419815
xgboost_np_tuned,r3f0,3,0,102,120,0,0.02561570517718792,0.1702137142419815
xgboost_np_tuned,r3f0,3,0,103,121,0,0.017671287059783936,0.1702137142419815
xgboost_np_tuned,r3f0,3,0,104,122,0,0.012482590973377228,0.1702137142419815
xgboost_np_tuned,r3f0,3,0,105,123,0,0.017671287059783936,0.1702137142419815
xgboost_np_tuned,r3f0,3,0,106,124,0,0.0014251649845391512,0.1702137142419815
xgboost_np_tuned,r3f0,3,0,142,161,0,0.009883858263492584,0.1702137142419815
xgboost_np_tuned,r3f0,3,0,143,162,0,0.0015791954938322306,0.1702137142419815
xgboost_np_tuned,r3f0,3,0,144,163,0,0.00397010101005435,0.1702137142419815
xgboost_np_tuned,r3f0,3,0,145,164,0,0.00397010101005435,0.1702137142419815
xgboost_np_tuned,r3f0,3,0,161,180,0,0.25078099966049194,0.1702137142419815
xgboost_np_tuned,r3f0,3,0,162,181,0,0.41539838910102844,0.1702137142419815
xgboost_np_tuned,r3f0,3,0,163,182,1,0.9158560037612915,0.1702137142419815
xgboost_np_tuned,r3f0,3,0,168,187,0,0.2213854044675827,0.1702137142419815
xgboost_np_tuned,r3f0,3,0,169,188,0,0.016395440325140953,0.1702137142419815
xgboost_np_tuned,r3f0,3,0,183,202,0,0.1069992184638977,0.1702137142419815
xgboost_np_tuned,r3f0,3,0,184,203,0,0.25161027908325195,0.1702137142419815
xgboost_np_tuned,r3f0,3,0,185,204,1,0.2990626394748688,0.1702137142419815
xgboost_np_tuned,r3f0,3,0,186,205,1,0.28030461072921753,0.1702137142419815
xgboost_np_tuned,r3f0,3,0,187,206,1,0.3980288803577423,0.1702137142419815
xgboost_np_tuned,r3f0,3,0,188,207,1,0.8602757453918457,0.1702137142419815
xgboost_np_tuned,r3f0,3,0,189,208,1,0.3980288803577423,0.1702137142419815
xgboost_np_tuned,r3f0,3,0,193,213,0,0.028052566573023796,0.1702137142419815
xgboost_np_tuned,r3f0,3,0,194,214,0,0.6892741322517395,0.1702137142419815
xgboost_np_tuned,r3f0,3,0,195,215,0,0.025723988190293312,0.1702137142419815
xgboost_np_tuned,r3f0,3,0,196,216,0,0.005394334439188242,0.1702137142419815
xgboost_np_tuned,r3f0,3,0,197,217,0,0.025723988190293312,0.1702137142419815
xgboost_np_tuned,r3f0,3,0,198,218,0,0.005394334439188242,0.1702137142419815
xgboost_np_tuned,r3f0,3,0,207,228,0,0.26771092414855957,0.1702137142419815
xgboost_np_tuned,r3f0,3,0,208,229,1,0.759490430355072,0.1702137142419815
xgboost_np_tuned,r3f0,3,0,209,230,0,0.24192114174365997,0.1702137142419815
xgboost_np_tuned,r3f0,3,0,246,269,0,0.27278074622154236,0.1702137142419815
xgboost_np_tuned,r3f0,3,0,247,270,1,0.2808581590652466,0.1702137142419815
xgboost_np_tuned,r3f0,3,0,248,271,0,0.0013490526471287012,0.1702137142419815
xgboost_np_tuned,r3f0,3,0,249,272,0,0.0012781467521563172,0.1702137142419815
xgboost_np_tuned,r3f1,3,1,52,65,0,0.08697288483381271,0.12692499160766602
xgboost_np_tuned,r3f1,3,1,53,66,0,0.0011753931175917387,0.12692499160766602
xgboost_np_tuned,r3f1,3,1,54,67,0,0.0399329699575901,0.12692499160766602
xgboost_np_tuned,r3f1,3,1,55,68,0,0.010880736634135246,0.12692499160766602
xgboost_np_tuned,r3f1,3,1,57,70,0,0.02746001072227955,0.12692499160766602
xgboost_np_tuned,r3f1,3,1,58,71,0,0.0261552557349205,0.12692499160766602
xgboost_np_tuned,r3f1,3,1,59,72,1,0.6233933568000793,0.12692499160766602
xgboost_np_tuned,r3f1,3,1,60,73,0,0.02746001072227955,0.12692499160766602
xgboost_np_tuned,r3f1,3,1,61,74,1,0.6233933568000793,0.12692499160766602
xgboost_np_tuned,r3f1,3,1,68,84,0,0.010880736634135246,0.12692499160766602
xgboost_np_tuned,r3f1,3,1,69,85,0,0.0025144300889223814,0.12692499160766602
xgboost_np_tuned,r3f1,3,1,70,86,0,0.0028765243478119373,0.12692499160766602
xgboost_np_tuned,r3f1,3,1,71,87,0,0.0032824836671352386,0.12692499160766602
xgboost_np_tuned,r3f1,3,1,72,88,1,0.7590623497962952,0.12692499160766602
xgboost_np_tuned,r3f1,3,1,73,89,1,0.809731662273407,0.12692499160766602
xgboost_np_tuned,r3f1,3,1,74,90,1,0.823983371257782,0.12692499160766602
xgboost_np_tuned,r3f1,3,1,75,91,1,0.7378472685813904,0.12692499160766602
xgboost_np_tuned,r3f1,3,1,76,92,1,0.6335352063179016,0.12692499160766602
xgboost_np_tuned,r3f1,3,1,77,93,1,0.9491429328918457,0.12692499160766602
xgboost_np_tuned,r3f1,3,1,80,97,1,0.28129908442497253,0.12692499160766602
xgboost_np_tuned,r3f1,3,1,87,104,0,0.3009616732597351,0.12692499160766602
xgboost_np_tuned,r3f1,3,1,88,105,1,0.28129908442497253,0.12692499160766602
xgboost_np_tuned,r3f1,3,1,90,107,1,0.2832612991333008,0.12692499160766602
xgboost_np_tuned,r3f1,3,1,192,212,0,0.04617254436016083,0.12692499160766602
xgboost_np_tuned,r3f1,3,1,199,219,0,0.006803445052355528,0.12692499160766602
xgboost_np_tuned,r3f1,3,1,200,220,0,0.026317045092582703,0.12692499160766602
xgboost_np_tuned,r3f1,3,1,201,221,0,0.026317045092582703,0.12692499160766602
xgboost_np_tuned,r3f1,3,1,204,225,0,0.007556647527962923,0.12692499160766602
xgboost_np_tuned,r3f1,3,1,210,231,1,0.3417065739631653,0.12692499160766602
xgboost_np_tuned,r3f1,3,1,214,235,0,0.0044457027688622475,0.12692499160766602
xgboost_np_tuned,r3f1,3,1,215,236,0,0.4923703968524933,0.12692499160766602
xgboost_np_tuned,r3f1,3,1,216,238,1,0.4807429611682892,0.12692499160766602
xgboost_np_tuned,r3f1,3,1,217,239,0,0.0012082521570846438,0.12692499160766602
xgboost_np_tuned,r3f1,3,1,218,240,0,0.0008322649518959224,0.12692499160766602
xgboost_np_tuned,r3f1,3,1,223,246,0,0.0006358289974741638,0.12692499160766602
xgboost_np_tuned,r3f1,3,1,224,247,0,0.017416948452591896,0.12692499160766602
xgboost_np_tuned,r3f1,3,1,225,248,0,0.036266449838876724,0.12692499160766602
xgboost_np_tuned,r3f1,3,1,226,249,0,0.5138677954673767,0.12692499160766602
xgboost_np_tuned,r3f1,3,1,228,251,0,0.22434593737125397,0.12692499160766602
xgboost_np_tuned,r3f1,3,1,229,252,1,0.3659570515155792,0.12692499160766602
xgboost_np_tuned,r3f1,3,1,241,264,0,0.01659325510263443,0.12692499160766602
xgboost_np_tuned,r3f1,3,1,242,265,0,0.0026754578575491905,0.12692499160766602
xgboost_np_tuned,r3f1,3,1,243,266,0,0.026493098586797714,0.12692499160766602
xgboost_np_tuned,r3f1,3,1,244,267,0,0.6681799292564392,0.12692499160766602
xgboost_np_tuned,r3f1,3,1,245,268,0,0.6369779109954834,0.12692499160766602
xgboost_np_tuned,r3f2,3,2,24,36,0,0.026202019304037094,0.07744519412517548
xgboost_np_tuned,r3f2,3,2,41,54,0,0.047222815454006195,0.07744519412517548
xgboost_np_tuned,r3f2,3,2,42,55,1,0.048299774527549744,0.07744519412517548
xgboost_np_tuned,r3f2,3,2,43,56,1,0.1653822362422943,0.07744519412517548
xgboost_np_tuned,r3f2,3,2,44,57,0,0.15748460590839386,0.07744519412517548
xgboost_np_tuned,r3f2,3,2,45,58,0,0.030313774943351746,0.07744519412517548
xgboost_np_tuned,r3f2,3,2,46,59,0,0.008981717750430107,0.07744519412517548
xgboost_np_tuned,r3f2,3,2,47,60,0,0.017128324136137962,0.07744519412517548
xgboost_np_tuned,r3f2,3,2,48,61,0,0.030313774943351746,0.07744519412517548
xgboost_np_tuned,r3f2,3,2,49,62,0,0.07093022763729095,0.07744519412517548
xgboost_np_tuned,r3f2,3,2,50,63,1,0.6964635252952576,0.07744519412517548
xgboost_np_tuned,r3f2,3,2,51,64,0,0.2977589964866638,0.07744519412517548
xgboost_np_tuned,r3f2,3,2,113,131,1,0.9645468592643738,0.07744519412517548
xgboost_np_tuned,r3f2,3,2,114,132,1,0.9010711908340454,0.07744519412517548
xgboost_np_tuned,r3f2,3,2,115,133,1,0.1868346929550171,0.07744519412517548
xgboost_np_tuned,r3f2,3,2,116,134,0,0.17676125466823578,0.07744519412517548
xgboost_np_tuned,r3f2,3,2,117,135,1,0.911604642868042,0.07744519412517548
xgboost_np_tuned,r3f2,3,2,118,136,1,0.49452897906303406,0.07744519412517548
xgboost_np_tuned,r3f2,3,2,119,137,1,0.49452897906303406,0.07744519412517548
xgboost_np_tuned,r3f2,3,2,120,139,1,0.9645468592643738,0.07744519412517548
xgboost_np_tuned,r3f2,3,2,132,151,1,0.026664255186915398,0.07744519412517548
xgboost_np_tuned,r3f2,3,2,133,152,0,0.01052903663367033,0.07744519412517548
xgboost_np_tuned,r3f2,3,2,134,153,0,0.018464261665940285,0.07744519412517548
xgboost_np_tuned,r3f2,3,2,135,154,0,0.015886325389146805,0.07744519412517548
xgboost_np_tuned,r3f2,3,2,136,155,0,0.1327616274356842,0.07744519412517548
xgboost_np_tuned,r3f2,3,2,137,156,1,0.8809431791305542,0.07744519412517548
xgboost_np_tuned,r3f2,3,2,146,165,0,0.44496506452560425,0.07744519412517548
xgboost_np_tuned,r3f2,3,2,149,168,1,0.26335981488227844,0.07744519412517548
xgboost_np_tuned,r3f2,3,2,150,169,0,0.26335981488227844,0.07744519412517548
xgboost_np_tuned,r3f2,3,2,151,170,0,0.3041621446609497,0.07744519412517548
xgboost_np_tuned,r3f2,3,2,152,171,0,0.015267250128090382,0.07744519412517548
xgboost_np_tuned,r3f2,3,2,153,172,0,0.2964893579483032,0.07744519412517548
xgboost_np_tuned,r3f2,3,2,154,173,1,0.8809431791305542,0.07744519412517548
xgboost_np_tuned,r3f2,3,2,170,189,0,0.03240380436182022,0.07744519412517548
xgboost_np_tuned,r3f2,3,2,171,190,0,0.014694325625896454,0.07744519412517548
xgboost_np_tuned,r3f2,3,2,172,191,0,0.2677558362483978,0.07744519412517548
xgboost_np_tuned,r3f2,3,2,190,209,0,0.018934758380055428,0.07744519412517548
xgboost_np_tuned,r3f2,3,2,191,211,0,0.09658747911453247,0.07744519412517548
xgboost_np_tuned,r3f2,3,2,221,244,0,0.007254466414451599,0.07744519412517548
xgboost_np_tuned,r3f2,3,2,222,245,0,0.0022740112617611885,0.07744519412517548
xgboost_np_tuned,r3f2,3,2,237,260,0,0.03012937493622303,0.07744519412517548
xgboost_np_tuned,r3f2,3,2,238,261,0,0.03533732518553734,0.07744519412517548
xgboost_np_tuned,r3f2,3,2,239,262,0,0.02075822837650776,0.07744519412517548
xgboost_np_tuned,r3f2,3,2,240,263,0,0.01273440569639206,0.07744519412517548
xgboost_np_tuned,r3f2,3,2,250,273,0,0.4326397478580475,0.07744519412517548
xgboost_np_tuned,r3f2,3,2,251,274,0,0.8221996426582336,0.07744519412517548
xgboost_np_tuned,r3f3,3,3,8,19,1,0.9729173183441162,0.3529570698738098
xgboost_np_tuned,r3f3,3,3,9,20,1,0.9231531023979187,0.3529570698738098
xgboost_np_tuned,r3f3,3,3,10,21,1,0.8690374493598938,0.3529570698738098
xgboost_np_tuned,r3f3,3,3,11,22,1,0.864035964012146,0.3529570698738098
xgboost_np_tuned,r3f3,3,3,12,23,1,0.9768794178962708,0.3529570698738098
xgboost_np_tuned,r3f3,3,3,25,37,1,0.5115059018135071,0.3529570698738098
xgboost_np_tuned,r3f3,3,3,26,38,1,0.9141155481338501,0.3529570698738098
xgboost_np_tuned,r3f3,3,3,27,39,1,0.983525276184082,0.3529570698738098
xgboost_np_tuned,r3f3,3,3,81,98,0,0.5971288084983826,0.3529570698738098
xgboost_np_tuned,r3f3,3,3,82,99,0,0.6381822228431702,0.3529570698738098
xgboost_np_tuned,r3f3,3,3,83,100,0,0.22849781811237335,0.3529570698738098
xgboost_np_tuned,r3f3,3,3,84,101,0,0.22849781811237335,0.3529570698738098
xgboost_np_tuned,r3f3,3,3,89,106,1,0.511363685131073,0.3529570698738098
xgboost_np_tuned,r3f3,3,3,91,108,1,0.6381822228431702,0.3529570698738098
xgboost_np_tuned,r3f3,3,3,96,113,0,0.09624151885509491,0.3529570698738098
xgboost_np_tuned,r3f3,3,3,97,115,0,0.09624151885509491,0.3529570698738098
xgboost_np_tuned,r3f3,3,3,98,116,0,0.03810371831059456,0.3529570698738098
xgboost_np_tuned,r3f3,3,3,99,117,0,0.02199828252196312,0.3529570698738098
xgboost_np_tuned,r3f3,3,3,100,118,0,0.2197294533252716,0.3529570698738098
xgboost_np_tuned,r3f3,3,3,138,157,0,0.015822043642401695,0.3529570698738098
xgboost_np_tuned,r3f3,3,3,139,158,0,0.015822043642401695,0.3529570698738098
xgboost_np_tuned,r3f3,3,3,140,159,0,0.0029765195213258266,0.3529570698738098
xgboost_np_tuned,r3f3,3,3,141,160,0,0.0033888749312609434,0.3529570698738098
xgboost_np_tuned,r3f3,3,3,147,166,0,0.002548457821831107,0.3529570698738098
xgboost_np_tuned,r3f3,3,3,148,167,0,0.0018743424443528056,0.3529570698738098
xgboost_np_tuned,r3f3,3,3,159,178,0,0.6200852990150452,0.3529570698738098
xgboost_np_tuned,r3f3,3,3,160,179,1,0.9690866470336914,0.3529570698738098
xgboost_np_tuned,r3f3,3,3,164,183,0,0.6381822228431702,0.3529570698738098
xgboost_np_tuned,r3f3,3,3,165,184,0,0.7368257641792297,0.3529570698738098
xgboost_np_tuned,r3f3,3,3,166,185,0,0.7540287971496582,0.3529570698738098
xgboost_np_tuned,r3f3,3,3,167,186,0,0.3619852662086487,0.3529570698738098
xgboost_np_tuned,r3f3,3,3,202,222,0,0.02691996656358242,0.3529570698738098
xgboost_np_tuned,r3f3,3,3,203,224,1,0.783247709274292,0.3529570698738098
xgboost_np_tuned,r3f3,3,3,205,226,0,0.0022008356172591448,0.3529570698738098
xgboost_np_tuned,r3f3,3,3,206,227,0,0.0009640083299018443,0.3529570698738098
xgboost_np_tuned,r3f3,3,3,211,232,0,0.008204158395528793,0.3529570698738098
xgboost_np_tuned,r3f3,3,3,212,233,1,0.060625698417425156,0.3529570698738098
xgboost_np_tuned,r3f3,3,3,213,234,1,0.060625698417425156,0.3529570698738098
xgboost_np_tuned,r3f3,3,3,219,241,0,0.008461562916636467,0.3529570698738098
xgboost_np_tuned,r3f3,3,3,220,243,0,0.5911238789558411,0.3529570698738098
xgboost_np_tuned,r3f3,3,3,232,255,0,0.04524385556578636,0.3529570698738098
xgboost_np_tuned,r3f3,3,3,233,256,0,0.04524385556578636,0.3529570698738098
xgboost_np_tuned,r3f3,3,3,234,257,0,0.11226379871368408,0.3529570698738098
xgboost_np_tuned,r3f3,3,3,235,258,0,0.3178253173828125,0.3529570698738098
xgboost_np_tuned,r3f3,3,3,236,259,0,0.5700859427452087,0.3529570698738098
xgboost_np_tuned,r3f4,3,4,17,29,1,0.9329690933227539,0.19713270664215088
xgboost_np_tuned,r3f4,3,4,18,30,0,0.9742427468299866,0.19713270664215088
xgboost_np_tuned,r3f4,3,4,19,31,1,0.9743075966835022,0.19713270664215088
xgboost_np_tuned,r3f4,3,4,20,32,1,0.9850838780403137,0.19713270664215088
xgboost_np_tuned,r3f4,3,4,32,44,1,0.960232675075531,0.19713270664215088
xgboost_np_tuned,r3f4,3,4,33,45,0,0.9256392121315002,0.19713270664215088
xgboost_np_tuned,r3f4,3,4,40,52,1,0.9679480791091919,0.19713270664215088
xgboost_np_tuned,r3f4,3,4,78,94,0,0.8115621209144592,0.19713270664215088
xgboost_np_tuned,r3f4,3,4,79,95,0,0.5324967503547668,0.19713270664215088
xgboost_np_tuned,r3f4,3,4,85,102,0,0.07141532748937607,0.19713270664215088
xgboost_np_tuned,r3f4,3,4,86,103,0,0.05446353182196617,0.19713270664215088
xgboost_np_tuned,r3f4,3,4,92,109,0,0.0772937536239624,0.19713270664215088
xgboost_np_tuned,r3f4,3,4,93,110,0,0.12527188658714294,0.19713270664215088
xgboost_np_tuned,r3f4,3,4,94,111,1,0.10068893432617188,0.19713270664215088
xgboost_np_tuned,r3f4,3,4,95,112,1,0.14104919135570526,0.19713270664215088
xgboost_np_tuned,r3f4,3,4,107,125,0,0.006922347005456686,0.19713270664215088
xgboost_np_tuned,r3f4,3,4,108,126,0,0.006797412410378456,0.19713270664215088
xgboost_np_tuned,r3f4,3,4,109,127,0,0.0069466629065573215,0.19713270664215088
xgboost_np_tuned,r3f4,3,4,110,128,0,0.007229316979646683,0.19713270664215088
xgboost_np_tuned,r3f4,3,4,111,129,0,0.007810092531144619,0.19713270664215088
xgboost_np_tuned,r3f4,3,4,112,130,0,0.01633751392364502,0.19713270664215088
xgboost_np_tuned,r3f4,3,4,121,140,0,0.013018934056162834,0.19713270664215088
xgboost_np_tuned,r3f4,3,4,122,141,0,0.004503712523728609,0.19713270664215088
xgboost_np_tuned,r3f4,3,4,123,142,0,0.008819829672574997,0.19713270664215088
xgboost_np_tuned,r3f4,3,4,124,143,0,0.013194076716899872,0.19713270664215088
xgboost_np_tuned,r3f4,3,4,125,144,0,0.1366446614265442,0.19713270664215088
xgboost_np_tuned,r3f4,3,4,126,145,0,0.13699713349342346,0.19713270664215088
xgboost_np_tuned,r3f4,3,4,127,146,0,0.21774137020111084,0.19713270664215088
xgboost_np_tuned,r3f4,3,4,128,147,0,0.0123240165412426,0.19713270664215088
xgboost_np_tuned,r3f4,3,4,129,148,1,0.5471166372299194,0.19713270664215088
xgboost_np_tuned,r3f4,3,4,130,149,1,0.8750799894332886,0.19713270664215088
xgboost_np_tuned,r3f4,3,4,131,150,0,0.3638307750225067,0.19713270664215088
xgboost_np_tuned,r3f4,3,4,155,174,1,0.9339127540588379,0.19713270664215088
xgboost_np_tuned,r3f4,3,4,156,175,1,0.9391637444496155,0.19713270664215088
xgboost_np_tuned,r3f4,3,4,157,176,0,0.8843804597854614,0.19713270664215088
xgboost_np_tuned,r3f4,3,4,158,177,0,0.9524024128913879,0.19713270664215088
xgboost_np_tuned,r3f4,3,4,173,192,0,0.018731821328401566,0.19713270664215088
xgboost_np_tuned,r3f4,3,4,174,193,0,0.013885816559195518,0.19713270664215088
xgboost_np_tuned,r3f4,3,4,175,194,0,0.03740690276026726,0.19713270664215088
xgboost_np_tuned,r3f4,3,4,176,195,0,0.052234046161174774,0.19713270664215088
xgboost_np_tuned,r3f4,3,4,177,196,0,0.3996593952178955,0.19713270664215088
xgboost_np_tuned,r3f4,3,4,178,197,0,0.5051335692405701,0.19713270664215088
xgboost_np_tuned,r3f4,3,4,179,198,1,0.8655948042869568,0.19713270664215088
xgboost_np_tuned,r3f4,3,4,180,199,0,0.21437183022499084,0.19713270664215088
xgboost_np_tuned,r3f4,3,4,181,200,0,0.0811699852347374,0.19713270664215088
xgboost_np_tuned,r3f4,3,4,182,201,0,0.09127429127693176,0.19713270664215088
xgboost_np_tuned,r3f4,3,4,227,250,1,0.11887018382549286,0.19713270664215088
xgboost_np_tuned,r3f4,3,4,230,253,0,0.10179674625396729,0.19713270664215088
xgboost_np_tuned,r3f4,3,4,231,254,1,0.11354894191026688,0.19713270664215088
xgboost_np_tuned,r4f0,4,0,13,25,1,0.8912016153335571,0.20494863390922546
xgboost_np_tuned,r4f0,4,0,14,26,1,0.805356502532959,0.20494863390922546
xgboost_np_tuned,r4f0,4,0,15,27,1,0.7595915794372559,0.20494863390922546
xgboost_np_tuned,r4f0,4,0,16,28,1,0.9605872631072998,0.20494863390922546
xgboost_np_tuned,r4f0,4,0,24,36,0,0.0076600657775998116,0.20494863390922546
xgboost_np_tuned,r4f0,4,0,28,40,1,0.9109576344490051,0.20494863390922546
xgboost_np_tuned,r4f0,4,0,29,41,1,0.8722293972969055,0.20494863390922546
xgboost_np_tuned,r4f0,4,0,30,42,1,0.98539137840271,0.20494863390922546
xgboost_np_tuned,r4f0,4,0,31,43,1,0.98539137840271,0.20494863390922546
xgboost_np_tuned,r4f0,4,0,41,54,0,0.06112140044569969,0.20494863390922546
xgboost_np_tuned,r4f0,4,0,42,55,1,0.09353543817996979,0.20494863390922546
xgboost_np_tuned,r4f0,4,0,43,56,1,0.0539126880466938,0.20494863390922546
xgboost_np_tuned,r4f0,4,0,44,57,0,0.285844624042511,0.20494863390922546
xgboost_np_tuned,r4f0,4,0,101,119,0,0.07053031772375107,0.20494863390922546
xgboost_np_tuned,r4f0,4,0,102,120,0,0.029083672910928726,0.20494863390922546
xgboost_np_tuned,r4f0,4,0,103,121,0,0.02509082481265068,0.20494863390922546
xgboost_np_tuned,r4f0,4,0,104,122,0,0.00848638266324997,0.20494863390922546
xgboost_np_tuned,r4f0,4,0,105,123,0,0.02509082481265068,0.20494863390922546
xgboost_np_tuned,r4f0,4,0,106,124,0,0.002411896362900734,0.20494863390922546
xgboost_np_tuned,r4f0,4,0,125,144,0,0.04872392490506172,0.20494863390922546
xgboost_np_tuned,r4f0,4,0,126,145,0,0.015210219658911228,0.20494863390922546
xgboost_np_tuned,r4f0,4,0,127,146,0,0.09275683015584946,0.20494863390922546
xgboost_np_tuned,r4f0,4,0,129,148,1,0.6714624762535095,0.20494863390922546
xgboost_np_tuned,r4f0,4,0,130,149,1,0.8766708970069885,0.20494863390922546
xgboost_np_tuned,r4f0,4,0,131,150,0,0.2548251152038574,0.20494863390922546
xgboost_np_tuned,r4f0,4,0,149,168,1,0.4422609806060791,0.20494863390922546
xgboost_np_tuned,r4f0,4,0,150,169,0,0.4509216547012329,0.20494863390922546
xgboost_np_tuned,r4f0,4,0,151,170,0,0.6692348122596741,0.20494863390922546
xgboost_np_tuned,r4f0,4,0,177,196,0,0.24398231506347656,0.20494863390922546
xgboost_np_tuned,r4f0,4,0,178,197,0,0.2375764548778534,0.20494863390922546
xgboost_np_tuned,r4f0,4,0,179,198,1,0.8708649277687073,0.20494863390922546
xgboost_np_tuned,r4f0,4,0,180,199,0,0.09353543817996979,0.20494863390922546
xgboost_np_tuned,r4f0,4,0,181,200,0,0.03633846715092659,0.20494863390922546
xgboost_np_tuned,r4f0,4,0,182,201,0,0.0076600657775998116,0.20494863390922546
xgboost_np_tuned,r4f0,4,0,214,235,0,0.014566135592758656,0.20494863390922546
xgboost_np_tuned,r4f0,4,0,215,236,0,0.2991875410079956,0.20494863390922546
xgboost_np_tuned,r4f0,4,0,216,238,1,0.4288090169429779,0.20494863390922546
xgboost_np_tuned,r4f0,4,0,217,239,0,0.0009987268131226301,0.20494863390922546
xgboost_np_tuned,r4f0,4,0,218,240,0,0.0008198380237445235,0.20494863390922546
xgboost_np_tuned,r4f0,4,0,223,246,0,0.00042927288450300694,0.20494863390922546
xgboost_np_tuned,r4f0,4,0,224,247,0,0.00410684896633029,0.20494863390922546
xgboost_np_tuned,r4f0,4,0,225,248,0,0.0068004135973751545,0.20494863390922546
xgboost_np_tuned,r4f0,4,0,232,255,0,0.15554137527942657,0.20494863390922546
xgboost_np_tuned,r4f0,4,0,233,256,0,0.15554137527942657,0.20494863390922546
xgboost_np_tuned,r4f0,4,0,234,257,0,0.1503288447856903,0.20494863390922546
xgboost_np_tuned,r4f0,4,0,235,258,0,0.5939281582832336,0.20494863390922546
xgboost_np_tuned,r4f0,4,0,236,259,0,0.6427519917488098,0.20494863390922546
xgboost_np_tuned,r4f1,4,1,52,65,0,0.08144062012434006,0.1282588094472885
xgboost_np_tuned,r4f1,4,1,53,66,0,0.0017086383886635303,0.1282588094472885
xgboost_np_tuned,r4f1,4,1,54,67,0,0.052939869463443756,0.1282588094472885
xgboost_np_tuned,r4f1,4,1,55,68,0,0.020749913528561592,0.1282588094472885
xgboost_np_tuned,r4f1,4,1,57,70,0,0.025871077552437782,0.1282588094472885
xgboost_np_tuned,r4f1,4,1,58,71,0,0.020749913528561592,0.1282588094472885
xgboost_np_tuned,r4f1,4,1,59,72,1,0.5659672617912292,0.1282588094472885
xgboost_np_tuned,r4f1,4,1,60,73,0,0.025871077552437782,0.1282588094472885
xgboost_np_tuned,r4f1,4,1,61,74,1,0.5659672617912292,0.1282588094472885
xgboost_np_tuned,r4f1,4,1,68,84,0,0.020749913528561592,0.1282588094472885
xgboost_np_tuned,r4f1,4,1,69,85,0,0.003435577265918255,0.1282588094472885
xgboost_np_tuned,r4f1,4,1,70,86,0,0.0053109354339540005,0.1282588094472885
xgboost_np_tuned,r4f1,4,1,71,87,0,0.004815550986677408,0.1282588094472885
xgboost_np_tuned,r4f1,4,1,72,88,1,0.688485860824585,0.1282588094472885
xgboost_np_tuned,r4f1,4,1,73,89,1,0.7565996646881104,0.1282588094472885
xgboost_np_tuned,r4f1,4,1,74,90,1,0.7727712392807007,0.1282588094472885
xgboost_np_tuned,r4f1,4,1,75,91,1,0.7047800421714783,0.1282588094472885
xgboost_np_tuned,r4f1,4,1,76,92,1,0.6284645795822144,0.1282588094472885
xgboost_np_tuned,r4f1,4,1,77,93,1,0.9380525350570679,0.1282588094472885
xgboost_np_tuned,r4f1,4,1,80,97,1,0.33783069252967834,0.1282588094472885
xgboost_np_tuned,r4f1,4,1,87,104,0,0.3582247495651245,0.1282588094472885
xgboost_np_tuned,r4f1,4,1,88,105,1,0.33783069252967834,0.1282588094472885
xgboost_np_tuned,r4f1,4,1,90,107,1,0.24486972391605377,0.1282588094472885
xgboost_np_tuned,r4f1,4,1,121,140,0,0.012869876809418201,0.1282588094472885
xgboost_np_tuned,r4f1,4,1,122,141,0,0.0009489341173321009,0.1282588094472885
xgboost_np_tuned,r4f1,4,1,123,142,0,0.01877286657691002,0.1282588094472885
xgboost_np_tuned,r4f1,4,1,124,143,0,0.01826643757522106,0.1282588094472885
xgboost_np_tuned,r4f1,4,1,147,166,0,0.0020185757894068956,0.1282588094472885
xgboost_np_tuned,r4f1,4,1,148,167,0,0.01826643757522106,0.1282588094472885
xgboost_np_tuned,r4f1,4,1,192,212,0,0.07885393500328064,0.1282588094472885
xgboost_np_tuned,r4f1,4,1,199,219,0,0.00837238971143961,0.1282588094472885
xgboost_np_tuned,r4f1,4,1,200,220,0,0.019588826224207878,0.1282588094472885
xgboost_np_tuned,r4f1,4,1,201,221,0,0.021323688328266144,0.1282588094472885
xgboost_np_tuned,r4f1,4,1,205,226,0,0.004466360900551081,0.1282588094472885
xgboost_np_tuned,r4f1,4,1,206,227,0,0.0015460735885426402,0.1282588094472885
xgboost_np_tuned,r4f1,4,1,211,232,0,0.01031283475458622,0.1282588094472885
xgboost_np_tuned,r4f1,4,1,212,233,1,0.47980114817619324,0.1282588094472885
xgboost_np_tuned,r4f1,4,1,213,234,1,0.47980114817619324,0.1282588094472885
xgboost_np_tuned,r4f1,4,1,241,264,0,0.013845483772456646,0.1282588094472885
xgboost_np_tuned,r4f1,4,1,242,265,0,0.003045921679586172,0.1282588094472885
xgboost_np_tuned,r4f1,4,1,243,266,0,0.01559983566403389,0.1282588094472885
xgboost_np_tuned,r4f1,4,1,244,267,0,0.47980114817619324,0.1282588094472885
xgboost_np_tuned,r4f1,4,1,245,268,0,0.4867590665817261,0.1282588094472885
xgboost_np_tuned,r4f1,4,1,246,269,0,0.3561103940010071,0.1282588094472885
xgboost_np_tuned,r4f1,4,1,247,270,1,0.3625246286392212,0.1282588094472885
xgboost_np_tuned,r4f1,4,1,248,271,0,0.0026829473208636045,0.1282588094472885
xgboost_np_tuned,r4f1,4,1,249,272,0,0.0018286461709067225,0.1282588094472885
xgboost_np_tuned,r4f2,4,2,0,1,1,0.30118608474731445,0.1576746106147766
xgboost_np_tuned,r4f2,4,2,1,2,0,0.26267990469932556,0.1576746106147766
xgboost_np_tuned,r4f2,4,2,2,3,0,0.30118608474731445,0.1576746106147766
xgboost_np_tuned,r4f2,4,2,3,4,0,0.26267990469932556,0.1576746106147766
xgboost_np_tuned,r4f2,4,2,4,5,0,0.26267990469932556,0.1576746106147766
xgboost_np_tuned,r4f2,4,2,5,6,0,0.2268357127904892,0.1576746106147766
xgboost_np_tuned,r4f2,4,2,6,7,1,0.7153431177139282,0.1576746106147766
xgboost_np_tuned,r4f2,4,2,7,8,1,0.4365510642528534,0.1576746106147766
xgboost_np_tuned,r4f2,4,2,21,33,0,0.29143667221069336,0.1576746106147766
xgboost_np_tuned,r4f2,4,2,22,34,0,0.3032810091972351,0.1576746106147766
xgboost_np_tuned,r4f2,4,2,23,35,0,0.33266040682792664,0.1576746106147766
xgboost_np_tuned,r4f2,4,2,34,46,1,0.2251020073890686,0.1576746106147766
xgboost_np_tuned,r4f2,4,2,35,47,1,0.4022224247455597,0.1576746106147766
xgboost_np_tuned,r4f2,4,2,36,48,1,0.2632521986961365,0.1576746106147766
xgboost_np_tuned,r4f2,4,2,37,49,0,0.32654058933258057,0.1576746106147766
xgboost_np_tuned,r4f2,4,2,38,50,0,0.30335795879364014,0.1576746106147766
xgboost_np_tuned,r4f2,4,2,39,51,1,0.5306389927864075,0.1576746106147766
xgboost_np_tuned,r4f2,4,2,56,69,1,0.6304435133934021,0.1576746106147766
xgboost_np_tuned,r4f2,4,2,64,77,0,0.06348811835050583,0.1576746106147766
xgboost_np_tuned,r4f2,4,2,65,78,0,0.046267688274383545,0.1576746106147766
xgboost_np_tuned,r4f2,4,2,113,131,1,0.763477623462677,0.1576746106147766
xgboost_np_tuned,r4f2,4,2,114,132,1,0.6689295172691345,0.1576746106147766
xgboost_np_tuned,r4f2,4,2,115,133,1,0.3760278522968292,0.1576746106147766
xgboost_np_tuned,r4f2,4,2,116,134,0,0.26411744952201843,0.1576746106147766
xgboost_np_tuned,r4f2,4,2,117,135,1,0.6228064298629761,0.1576746106147766
xgboost_np_tuned,r4f2,4,2,118,136,1,0.4629064202308655,0.1576746106147766
xgboost_np_tuned,r4f2,4,2,119,137,1,0.45711106061935425,0.1576746106147766
xgboost_np_tuned,r4f2,4,2,120,139,1,0.763477623462677,0.1576746106147766
xgboost_np_tuned,r4f2,4,2,132,151,1,0.0779486745595932,0.1576746106147766
xgboost_np_tuned,r4f2,4,2,133,152,0,0.07629720121622086,0.1576746106147766
xgboost_np_tuned,r4f2,4,2,134,153,0,0.04730263352394104,0.1576746106147766
xgboost_np_tuned,r4f2,4,2,135,154,0,0.06825301796197891,0.1576746106147766
xgboost_np_tuned,r4f2,4,2,136,155,0,0.1415574699640274,0.1576746106147766
xgboost_np_tuned,r4f2,4,2,137,156,1,0.645401656627655,0.1576746106147766
xgboost_np_tuned,r4f2,4,2,138,157,0,0.06669487059116364,0.1576746106147766
xgboost_np_tuned,r4f2,4,2,139,158,0,0.05674530938267708,0.1576746106147766
xgboost_np_tuned,r4f2,4,2,140,159,0,0.04470871388912201,0.1576746106147766
xgboost_np_tuned,r4f2,4,2,141,160,0,0.043710071593523026,0.1576746106147766
xgboost_np_tuned,r4f2,4,2,146,165,0,0.5764079093933105,0.1576746106147766
xgboost_np_tuned,r4f2,4,2,152,171,0,0.06825301796197891,0.1576746106147766
xgboost_np_tuned,r4f2,4,2,153,172,0,0.17945784330368042,0.1576746106147766
xgboost_np_tuned,r4f2,4,2,154,173,1,0.645401656627655,0.1576746106147766
xgboost_np_tuned,r4f2,4,2,170,189,0,0.0779486745595932,0.1576746106147766
xgboost_np_tuned,r4f2,4,2,171,190,0,0.04974864795804024,0.1576746106147766
xgboost_np_tuned,r4f2,4,2,172,191,0,0.20851489901542664,0.1576746106147766
xgboost_np_tuned,r4f2,4,2,183,202,0,0.24782893061637878,0.1576746106147766
xgboost_np_tuned,r4f2,4,2,184,203,0,0.234479159116745,0.1576746106147766
xgboost_np_tuned,r4f2,4,2,185,204,1,0.3123769760131836,0.1576746106147766
xgboost_np_tuned,r4f2,4,2,186,205,1,0.30335795879364014,0.1576746106147766
xgboost_np_tuned,r4f2,4,2,187,206,1,0.4365510642528534,0.1576746106147766
xgboost_np_tuned,r4f2,4,2,188,207,1,0.49658313393592834,0.1576746106147766
xgboost_np_tuned,r4f2,4,2,189,208,1,0.4365510642528534,0.1576746106147766
xgboost_np_tuned,r4f2,4,2,190,209,0,0.11760278046131134,0.1576746106147766
xgboost_np_tuned,r4f2,4,2,191,211,0,0.19341813027858734,0.1576746106147766
xgboost_np_tuned,r4f2,4,2,193,213,0,0.10341660678386688,0.1576746106147766
xgboost_np_tuned,r4f2,4,2,194,214,0,0.6304435133934021,0.1576746106147766
xgboost_np_tuned,r4f2,4,2,195,215,0,0.06543795019388199,0.1576746106147766
xgboost_np_tuned,r4f2,4,2,196,216,0,0.04486902803182602,0.1576746106147766
xgboost_np_tuned,r4f2,4,2,207,228,0,0.37344467639923096,0.1576746106147766
xgboost_np_tuned,r4f2,4,2,208,229,1,0.5306389927864075,0.1576746106147766
xgboost_np_tuned,r4f2,4,2,209,230,0,0.30335795879364014,0.1576746106147766
xgboost_np_tuned,r4f2,4,2,219,241,0,0.06607700884342194,0.1576746106147766
xgboost_np_tuned,r4f2,4,2,220,243,0,0.4545942544937134,0.1576746106147766
xgboost_np_tuned,r4f2,4,2,226,249,0,0.4515342116355896,0.1576746106147766
xgboost_np_tuned,r4f2,4,2,228,251,0,0.3870925307273865,0.1576746106147766
xgboost_np_tuned,r4f2,4,2,229,252,1,0.3870925307273865,0.1576746106147766
xgboost_np_tuned,r4f2,4,2,250,273,0,0.29509490728378296,0.1576746106147766
xgboost_np_tuned,r4f2,4,2,251,274,0,0.46721047163009644,0.1576746106147766
xgboost_np_tuned,r4f3,4,3,8,19,1,0.9685704112052917,0.17937886714935303
xgboost_np_tuned,r4f3,4,3,9,20,1,0.9258028268814087,0.17937886714935303
xgboost_np_tuned,r4f3,4,3,10,21,1,0.8951119780540466,0.17937886714935303
xgboost_np_tuned,r4f3,4,3,11,22,1,0.8951119780540466,0.17937886714935303
xgboost_np_tuned,r4f3,4,3,12,23,1,0.9643967151641846,0.17937886714935303
xgboost_np_tuned,r4f3,4,3,25,37,1,0.6852965354919434,0.17937886714935303
xgboost_np_tuned,r4f3,4,3,26,38,1,0.8862851858139038,0.17937886714935303
xgboost_np_tuned,r4f3,4,3,27,39,1,0.9804224371910095,0.17937886714935303
xgboost_np_tuned,r4f3,4,3,45,58,0,0.15559639036655426,0.17937886714935303
xgboost_np_tuned,r4f3,4,3,46,59,0,0.014535633847117424,0.17937886714935303
xgboost_np_tuned,r4f3,4,3,47,60,0,0.047113366425037384,0.17937886714935303
xgboost_np_tuned,r4f3,4,3,48,61,0,0.19634389877319336,0.17937886714935303
xgboost_np_tuned,r4f3,4,3,49,62,0,0.14011338353157043,0.17937886714935303
xgboost_np_tuned,r4f3,4,3,50,63,1,0.6819823980331421,0.17937886714935303
xgboost_np_tuned,r4f3,4,3,51,64,0,0.2670386731624603,0.17937886714935303
xgboost_np_tuned,r4f3,4,3,62,75,0,0.0029802066273987293,0.17937886714935303
xgboost_np_tuned,r4f3,4,3,63,76,0,0.005952970124781132,0.17937886714935303
xgboost_np_tuned,r4f3,4,3,66,79,0,0.04055631160736084,0.17937886714935303
xgboost_np_tuned,r4f3,4,3,67,82,0,0.004882256034761667,0.17937886714935303
xgboost_np_tuned,r4f3,4,3,85,102,0,0.04733923077583313,0.17937886714935303
xgboost_np_tuned,r4f3,4,3,86,103,0,0.03299065679311752,0.17937886714935303
xgboost_np_tuned,r4f3,4,3,92,109,0,0.06434845924377441,0.17937886714935303
xgboost_np_tuned,r4f3,4,3,93,110,0,0.10655299574136734,0.17937886714935303
xgboost_np_tuned,r4f3,4,3,94,111,1,0.06384997069835663,0.17937886714935303
xgboost_np_tuned,r4f3,4,3,95,112,1,0.08687091618776321,0.17937886714935303
xgboost_np_tuned,r4f3,4,3,96,113,0,0.0574364997446537,0.17937886714935303
xgboost_np_tuned,r4f3,4,3,97,115,0,0.04972599819302559,0.17937886714935303
xgboost_np_tuned,r4f3,4,3,98,116,0,0.049612026661634445,0.17937886714935303
xgboost_np_tuned,r4f3,4,3,99,117,0,0.03251632675528526,0.17937886714935303
xgboost_np_tuned,r4f3,4,3,100,118,0,0.13682831823825836,0.17937886714935303
xgboost_np_tuned,r4f3,4,3,142,161,0,0.015549281612038612,0.17937886714935303
xgboost_np_tuned,r4f3,4,3,143,162,0,0.00625864090397954,0.17937886714935303
xgboost_np_tuned,r4f3,4,3,144,163,0,0.005012567155063152,0.17937886714935303
xgboost_np_tuned,r4f3,4,3,145,164,0,0.005012567155063152,0.17937886714935303
xgboost_np_tuned,r4f3,4,3,161,180,0,0.07460364699363708,0.17937886714935303
xgboost_np_tuned,r4f3,4,3,162,181,0,0.1459948718547821,0.17937886714935303
xgboost_np_tuned,r4f3,4,3,163,182,1,0.9453758001327515,0.17937886714935303
xgboost_np_tuned,r4f3,4,3,168,187,0,0.04108695313334465,0.17937886714935303
xgboost_np_tuned,r4f3,4,3,169,188,0,0.007986929267644882,0.17937886714935303
xgboost_np_tuned,r4f3,4,3,197,217,0,0.017949802801012993,0.17937886714935303
xgboost_np_tuned,r4f3,4,3,198,218,0,0.008326627314090729,0.17937886714935303
xgboost_np_tuned,r4f3,4,3,204,225,0,0.035731397569179535,0.17937886714935303
xgboost_np_tuned,r4f3,4,3,210,231,1,0.2694072127342224,0.17937886714935303
xgboost_np_tuned,r4f3,4,3,221,244,0,0.021006880328059196,0.17937886714935303
xgboost_np_tuned,r4f3,4,3,222,245,0,0.002705162623897195,0.17937886714935303
xgboost_np_tuned,r4f4,4,4,17,29,1,0.9425657391548157,0.21358923614025116
xgboost_np_tuned,r4f4,4,4,18,30,0,0.9489946961402893,0.21358923614025116
xgboost_np_tuned,r4f4,4,4,19,31,1,0.9668543338775635,0.21358923614025116
xgboost_np_tuned,r4f4,4,4,20,32,1,0.9681808948516846,0.21358923614025116
xgboost_np_tuned,r4f4,4,4,32,44,1,0.9437248706817627,0.21358923614025116
xgboost_np_tuned,r4f4,4,4,33,45,0,0.9411863088607788,0.21358923614025116
xgboost_np_tuned,r4f4,4,4,40,52,1,0.9514400362968445,0.21358923614025116
xgboost_np_tuned,r4f4,4,4,78,94,0,0.8232436776161194,0.21358923614025116
xgboost_np_tuned,r4f4,4,4,79,95,0,0.6802594065666199,0.21358923614025116
xgboost_np_tuned,r4f4,4,4,81,98,0,0.5820141434669495,0.21358923614025116
xgboost_np_tuned,r4f4,4,4,82,99,0,0.7013660073280334,0.21358923614025116
xgboost_np_tuned,r4f4,4,4,83,100,0,0.6249444484710693,0.21358923614025116
xgboost_np_tuned,r4f4,4,4,84,101,0,0.6082077622413635,0.21358923614025116
xgboost_np_tuned,r4f4,4,4,89,106,1,0.6633458733558655,0.21358923614025116
xgboost_np_tuned,r4f4,4,4,91,108,1,0.5482814908027649,0.21358923614025116
xgboost_np_tuned,r4f4,4,4,107,125,0,0.017832253128290176,0.21358923614025116
xgboost_np_tuned,r4f4,4,4,108,126,0,0.01804838702082634,0.21358923614025116
xgboost_np_tuned,r4f4,4,4,109,127,0,0.016468893736600876,0.21358923614025116
xgboost_np_tuned,r4f4,4,4,110,128,0,0.017360666766762733,0.21358923614025116
xgboost_np_tuned,r4f4,4,4,111,129,0,0.04811951518058777,0.21358923614025116
xgboost_np_tuned,r4f4,4,4,112,130,0,0.08521057665348053,0.21358923614025116
xgboost_np_tuned,r4f4,4,4,128,147,0,0.020423630252480507,0.21358923614025116
xgboost_np_tuned,r4f4,4,4,155,174,1,0.9355326890945435,0.21358923614025116
xgboost_np_tuned,r4f4,4,4,156,175,1,0.9309775829315186,0.21358923614025116
xgboost_np_tuned,r4f4,4,4,157,176,0,0.8403785228729248,0.21358923614025116
xgboost_np_tuned,r4f4,4,4,158,177,0,0.8569468259811401,0.21358923614025116
xgboost_np_tuned,r4f4,4,4,159,178,0,0.7670775055885315,0.21358923614025116
xgboost_np_tuned,r4f4,4,4,160,179,1,0.8925690054893494,0.21358923614025116
xgboost_np_tuned,r4f4,4,4,164,183,0,0.5482814908027649,0.21358923614025116
xgboost_np_tuned,r4f4,4,4,165,184,0,0.6859843134880066,0.21358923614025116
xgboost_np_tuned,r4f4,4,4,166,185,0,0.6841756701469421,0.21358923614025116
xgboost_np_tuned,r4f4,4,4,167,186,0,0.6625770330429077,0.21358923614025116
xgboost_np_tuned,r4f4,4,4,173,192,0,0.03185447305440903,0.21358923614025116
xgboost_np_tuned,r4f4,4,4,174,193,0,0.03044845163822174,0.21358923614025116
xgboost_np_tuned,r4f4,4,4,175,194,0,0.04049282148480415,0.21358923614025116
xgboost_np_tuned,r4f4,4,4,176,195,0,0.14645428955554962,0.21358923614025116
xgboost_np_tuned,r4f4,4,4,202,222,0,0.12541523575782776,0.21358923614025116
xgboost_np_tuned,r4f4,4,4,203,224,1,0.713329553604126,0.21358923614025116
xgboost_np_tuned,r4f4,4,4,227,250,1,0.5308294296264648,0.21358923614025116
xgboost_np_tuned,r4f4,4,4,230,253,0,0.24736006557941437,0.21358923614025116
xgboost_np_tuned,r4f4,4,4,231,254,1,0.24331912398338318,0.21358923614025116
xgboost_np_tuned,r4f4,4,4,237,260,0,0.02116142027080059,0.21358923614025116
xgboost_np_tuned,r4f4,4,4,238,261,0,0.043112993240356445,0.21358923614025116
xgboost_np_tuned,r4f4,4,4,239,262,0,0.029790757223963737,0.21358923614025116
xgboost_np_tuned,r4f4,4,4,240,263,0,0.015968626365065575,0.21358923614025116
random_forest_np,r0f0,0,0,13,25,1,0.6104975774295741,0.2315828189354506
random_forest_np,r0f0,0,0,14,26,1,0.7742729902270818,0.2315828189354506
random_forest_np,r0f0,0,0,15,27,1,0.6092663200106337,0.2315828189354506
random_forest_np,r0f0,0,0,16,28,1,0.8765359870292684,0.2315828189354506
random_forest_np,r0f0,0,0,24,36,0,0.0685368897192774,0.2315828189354506
random_forest_np,r0f0,0,0,28,40,1,0.7449935613226529,0.2315828189354506
random_forest_np,r0f0,0,0,29,41,1,0.7695006146557936,0.2315828189354506
random_forest_np,r0f0,0,0,30,42,1,0.9030829390051676,0.2315828189354506
random_forest_np,r0f0,0,0,31,43,1,0.9072996056718342,0.2315828189354506
random_forest_np,r0f0,0,0,41,54,0,0.06557419413394029,0.2315828189354506
random_forest_np,r0f0,0,0,42,55,1,0.04895367592665738,0.2315828189354506
random_forest_np,r0f0,0,0,43,56,1,0.2526729342652625,0.2315828189354506
random_forest_np,r0f0,0,0,44,57,0,0.3114293694583231,0.2315828189354506
random_forest_np,r0f0,0,0,62,75,0,0.002753625879913953,0.2315828189354506
random_forest_np,r0f0,0,0,63,76,0,0.012435741150264518,0.2315828189354506
random_forest_np,r0f0,0,0,66,79,0,0.14700337930914875,0.2315828189354506
random_forest_np,r0f0,0,0,67,82,0,0.0106495133258014,0.2315828189354506
random_forest_np,r0f0,0,0,78,94,0,0.7091134407346318,0.2315828189354506
random_forest_np,r0f0,0,0,79,95,0,0.6139350136062046,0.2315828189354506
random_forest_np,r0f0,0,0,96,113,0,0.22002988409440033,0.2315828189354506
random_forest_np,r0f0,0,0,97,115,0,0.2018101871247034,0.2315828189354506
random_forest_np,r0f0,0,0,98,116,0,0.09846668911944058,0.2315828189354506
random_forest_np,r0f0,0,0,99,117,0,0.0688255027790366,0.2315828189354506
random_forest_np,r0f0,0,0,100,118,0,0.1545234244094267,0.2315828189354506
random_forest_np,r0f0,0,0,101,119,0,0.1642504367248064,0.2315828189354506
random_forest_np,r0f0,0,0,102,120,0,0.1946351706183639,0.2315828189354506
random_forest_np,r0f0,0,0,103,121,0,0.1911885421030583,0.2315828189354506
random_forest_np,r0f0,0,0,104,122,0,0.04361992738444349,0.2315828189354506
random_forest_np,r0f0,0,0,105,123,0,0.18981927803379423,0.2315828189354506
random_forest_np,r0f0,0,0,106,124,0,0.018599653214169346,0.2315828189354506
random_forest_np,r0f0,0,0,138,157,0,0.16278359704811324,0.2315828189354506
random_forest_np,r0f0,0,0,139,158,0,0.05923301984753595,0.2315828189354506
random_forest_np,r0f0,0,0,140,159,0,0.018059210323726455,0.2315828189354506
random_forest_np,r0f0,0,0,141,160,0,0.022392543657059786,0.2315828189354506
random_forest_np,r0f0,0,0,155,174,1,0.9092808509192104,0.2315828189354506
random_forest_np,r0f0,0,0,156,175,1,0.9121846132815092,0.2315828189354506
random_forest_np,r0f0,0,0,157,176,0,0.7260557267148054,0.2315828189354506
random_forest_np,r0f0,0,0,158,177,0,0.7484156029496821,0.2315828189354506
random_forest_np,r0f0,0,0,161,180,0,0.15132431422150264,0.2315828189354506
random_forest_np,r0f0,0,0,162,181,0,0.5076260608267872,0.2315828189354506
random_forest_np,r0f0,0,0,163,182,1,0.78012633163441,0.2315828189354506
random_forest_np,r0f0,0,0,168,187,0,0.02451941863630049,0.2315828189354506
random_forest_np,r0f0,0,0,169,188,0,0.043363454939743015,0.2315828189354506
random_forest_np,r0f0,0,0,197,217,0,0.013564120992767556,0.2315828189354506
random_forest_np,r0f0,0,0,198,218,0,0.011901966428254501,0.2315828189354506
random_forest_np,r0f0,0,0,250,273,0,0.3923159828446383,0.2315828189354506
random_forest_np,r0f0,0,0,251,274,0,0.7012967405517972,0.2315828189354506
random_forest_np,r0f1,0,1,52,65,0,0.07552700142010375,0.22301524737994372
random_forest_np,r0f1,0,1,53,66,0,0.007981389905927323,0.22301524737994372
random_forest_np,r0f1,0,1,54,67,0,0.0955548108782606,0.22301524737994372
random_forest_np,r0f1,0,1,55,68,0,0.011819485144022559,0.22301524737994372
random_forest_np,r0f1,0,1,57,70,0,0.08472991928492905,0.22301524737994372
random_forest_np,r0f1,0,1,58,71,0,0.05127295795847096,0.22301524737994372
random_forest_np,r0f1,0,1,59,72,1,0.6228951092031279,0.22301524737994372
random_forest_np,r0f1,0,1,60,73,0,0.08472991928492905,0.22301524737994372
random_forest_np,r0f1,0,1,61,74,1,0.6228951092031279,0.22301524737994372
random_forest_np,r0f1,0,1,72,88,1,0.45617492999915105,0.22301524737994372
random_forest_np,r0f1,0,1,73,89,1,0.3497903528530208,0.22301524737994372
random_forest_np,r0f1,0,1,74,90,1,0.33722063959137194,0.22301524737994372
random_forest_np,r0f1,0,1,75,91,1,0.38620050417123664,0.22301524737994372
random_forest_np,r0f1,0,1,76,92,1,0.5109097702736223,0.22301524737994372
random_forest_np,r0f1,0,1,77,93,1,0.8702760934037638,0.22301524737994372
random_forest_np,r0f1,0,1,80,97,1,0.2553542764948327,0.22301524737994372
random_forest_np,r0f1,0,1,87,104,0,0.20655487933367905,0.22301524737994372
random_forest_np,r0f1,0,1,88,105,1,0.2553542764948327,0.22301524737994372
random_forest_np,r0f1,0,1,90,107,1,0.2897537151576753,0.22301524737994372
random_forest_np,r0f1,0,1,107,125,0,0.011713423758691487,0.22301524737994372
random_forest_np,r0f1,0,1,108,126,0,0.0051571428571428575,0.22301524737994372
random_forest_np,r0f1,0,1,109,127,0,0.012502031999240375,0.22301524737994372
random_forest_np,r0f1,0,1,110,128,0,0.0031142857142857144,0.22301524737994372
random_forest_np,r0f1,0,1,111,129,0,0.032680838995871556,0.22301524737994372
random_forest_np,r0f1,0,1,112,130,0,0.06485192674135887,0.22301524737994372
random_forest_np,r0f1,0,1,128,147,0,0.014222128851540618,0.22301524737994372
random_forest_np,r0f1,0,1,173,192,0,0.047357276863614496,0.22301524737994372
random_forest_np,r0f1,0,1,174,193,0,0.029843708804778723,0.22301524737994372
random_forest_np,r0f1,0,1,175,194,0,0.06307883098039663,0.22301524737994372
random_forest_np,r0f1,0,1,176,195,0,0.14386224209947415,0.22301524737994372
random_forest_np,r0f1,0,1,192,212,0,0.14410138922384688,0.22301524737994372
random_forest_np,r0f1,0,1,204,225,0,0.03049502626956369,0.22301524737994372
random_forest_np,r0f1,0,1,210,231,1,0.29303634131046913,0.22301524737994372
random_forest_np,r0f1,0,1,221,244,0,0.03197933382901332,0.22301524737994372
random_forest_np,r0f1,0,1,222,245,0,0.00312051282051282,0.22301524737994372
random_forest_np,r0f1,0,1,226,249,0,0.4095158250219025,0.22301524737994372
random_forest_np,r0f1,0,1,227,250,1,0.31998493070778866,0.22301524737994372
random_forest_np,r0f1,0,1,228,251,0,0.35644789236039554,0.22301524737994372
random_forest_np,r0f1,0,1,229,252,1,0.359126463788967,0.22301524737994372
random_forest_np,r0f1,0,1,230,253,0,0.0982712030036088,0.22301524737994372
random_forest_np,r0f1,0,1,231,254,1,0.10872062580303161,0.22301524737994372
random_forest_np,r0f1,0,1,237,260,0,0.14785728716633126,0.22301524737994372
random_forest_np,r0f1,0,1,238,261,0,0.11356871537731854,0.22301524737994372
random_forest_np,r0f1,0,1,239,262,0,0.14198348866502505,0.22301524737994372
random_forest_np,r0f1,0,1,240,263,0,0.04492380193653579,0.22301524737994372
random_forest_np,r0f2,0,2,17,29,1,0.8429716927516931,0.25240746733269415
random_forest_np,r0f2,0,2,18,30,0,0.9451187260451968,0.25240746733269415
random_forest_np,r0f2,0,2,19,31,1,0.9336194777623332,0.25240746733269415
random_forest_np,r0f2,0,2,20,32,1,0.9444415379633407,0.25240746733269415
random_forest_np,r0f2,0,2,32,44,1,0.9813370351870353,0.25240746733269415
random_forest_np,r0f2,0,2,33,45,0,0.8336645498945502,0.25240746733269415
random_forest_np,r0f2,0,2,40,52,1,0.8342080442182371,0.25240746733269415
random_forest_np,r0f2,0,2,56,69,1,0.6825172790562778,0.25240746733269415
random_forest_np,r0f2,0,2,64,77,0,0.03554894603039993,0.25240746733269415
random_forest_np,r0f2,0,2,65,78,0,0.01617280251160935,0.25240746733269415
random_forest_np,r0f2,0,2,68,84,0,0.018836019004636023,0.25240746733269415
random_forest_np,r0f2,0,2,69,85,0,0.009758096926713946,0.25240746733269415
random_forest_np,r0f2,0,2,70,86,0,0.022985637117091017,0.25240746733269415
random_forest_np,r0f2,0,2,71,87,0,0.015772802511609348,0.25240746733269415
random_forest_np,r0f2,0,2,81,98,0,0.4031720353981849,0.25240746733269415
random_forest_np,r0f2,0,2,82,99,0,0.45551121288736207,0.25240746733269415
random_forest_np,r0f2,0,2,83,100,0,0.3428504845451115,0.25240746733269415
random_forest_np,r0f2,0,2,84,101,0,0.3139171512117782,0.25240746733269415
random_forest_np,r0f2,0,2,89,106,1,0.5070460696972191,0.25240746733269415
random_forest_np,r0f2,0,2,91,108,1,0.4069254986016481,0.25240746733269415
random_forest_np,r0f2,0,2,159,178,0,0.6143680630887703,0.25240746733269415
random_forest_np,r0f2,0,2,160,179,1,0.7512328269347471,0.25240746733269415
random_forest_np,r0f2,0,2,164,183,0,0.40725883193498147,0.25240746733269415
random_forest_np,r0f2,0,2,165,184,0,0.46428518989075135,0.25240746733269415
random_forest_np,r0f2,0,2,166,185,0,0.5068573639585136,0.25240746733269415
random_forest_np,r0f2,0,2,167,186,0,0.4607991626880171,0.25240746733269415
random_forest_np,r0f2,0,2,193,213,0,0.09311012233978377,0.25240746733269415
random_forest_np,r0f2,0,2,194,214,0,0.41914154239333345,0.25240746733269415
random_forest_np,r0f2,0,2,195,215,0,0.03650098357478027,0.25240746733269415
random_forest_np,r0f2,0,2,196,216,0,0.01377280251160935,0.25240746733269415
random_forest_np,r0f2,0,2,199,219,0,0.01768305892186576,0.25240746733269415
random_forest_np,r0f2,0,2,200,220,0,0.08358847210708913,0.25240746733269415
random_forest_np,r0f2,0,2,201,221,0,0.10646228163089867,0.25240746733269415
random_forest_np,r0f2,0,2,205,226,0,0.04258326656143994,0.25240746733269415
random_forest_np,r0f2,0,2,206,227,0,0.03746070763888102,0.25240746733269415
random_forest_np,r0f2,0,2,211,232,0,0.08935145363580209,0.25240746733269415
random_forest_np,r0f2,0,2,212,233,1,0.2304541161003911,0.25240746733269415
random_forest_np,r0f2,0,2,213,234,1,0.24347172071799572,0.25240746733269415
random_forest_np,r0f2,0,2,214,235,0,0.08164758472760551,0.25240746733269415
random_forest_np,r0f2,0,2,215,236,0,0.2574542654370247,0.25240746733269415
random_forest_np,r0f2,0,2,216,238,1,0.39665239880682307,0.25240746733269415
random_forest_np,r0f2,0,2,217,239,0,0.032817349242891036,0.25240746733269415
random_forest_np,r0f2,0,2,218,240,0,0.027881707107248896,0.25240746733269415
random_forest_np,r0f2,0,2,246,269,0,0.16506651912252318,0.25240746733269415
random_forest_np,r0f2,0,2,247,270,1,0.3292115090127073,0.25240746733269415
random_forest_np,r0f2,0,2,248,271,0,0.010985179526355998,0.25240746733269415
random_forest_np,r0f2,0,2,249,272,0,0.006562698412698412,0.25240746733269415
random_forest_np,r0f3,0,3,0,1,1,0.6176191105340509,0.1868376683214144
random_forest_np,r0f3,0,3,1,2,0,0.3018759565431006,0.1868376683214144
random_forest_np,r0f3,0,3,2,3,0,0.6446079994229398,0.1868376683214144
random_forest_np,r0f3,0,3,3,4,0,0.31345690892405303,0.1868376683214144
random_forest_np,r0f3,0,3,4,5,0,0.3028759565431006,0.1868376683214144
random_forest_np,r0f3,0,3,5,6,0,0.23953657618489682,0.1868376683214144
random_forest_np,r0f3,0,3,6,7,1,0.5326771002138909,0.1868376683214144
random_forest_np,r0f3,0,3,7,8,1,0.2816266928036639,0.1868376683214144
random_forest_np,r0f3,0,3,8,19,1,0.9398296751001273,0.1868376683214144
random_forest_np,r0f3,0,3,9,20,1,0.8206706023699688,0.1868376683214144
random_forest_np,r0f3,0,3,10,21,1,0.8339262189755857,0.1868376683214144
random_forest_np,r0f3,0,3,11,22,1,0.8312595523089189,0.1868376683214144
random_forest_np,r0f3,0,3,12,23,1,0.9121580889568022,0.1868376683214144
random_forest_np,r0f3,0,3,21,33,0,0.2601112035183477,0.1868376683214144
random_forest_np,r0f3,0,3,22,34,0,0.37959701416011216,0.1868376683214144
random_forest_np,r0f3,0,3,23,35,0,0.2653328285863764,0.1868376683214144
random_forest_np,r0f3,0,3,25,37,1,0.7832400177784087,0.1868376683214144
random_forest_np,r0f3,0,3,26,38,1,0.8263216273254056,0.1868376683214144
random_forest_np,r0f3,0,3,27,39,1,0.8943628508615641,0.1868376683214144
random_forest_np,r0f3,0,3,34,46,1,0.2317896667218109,0.1868376683214144
random_forest_np,r0f3,0,3,35,47,1,0.3337472383209486,0.1868376683214144
random_forest_np,r0f3,0,3,36,48,1,0.2875533817691116,0.1868376683214144
random_forest_np,r0f3,0,3,37,49,0,0.2816790696818821,0.1868376683214144
random_forest_np,r0f3,0,3,38,50,0,0.26799006301861095,0.1868376683214144
random_forest_np,r0f3,0,3,39,51,1,0.3621343829148499,0.1868376683214144
random_forest_np,r0f3,0,3,121,140,0,0.047343710918710896,0.1868376683214144
random_forest_np,r0f3,0,3,122,141,0,0.0006666666666666666,0.1868376683214144
random_forest_np,r0f3,0,3,123,142,0,0.036949090909090904,0.1868376683214144
random_forest_np,r0f3,0,3,124,143,0,0.05045226551226552,0.1868376683214144
random_forest_np,r0f3,0,3,125,144,0,0.22994452529546636,0.1868376683214144
random_forest_np,r0f3,0,3,126,145,0,0.23722869261865825,0.1868376683214144
random_forest_np,r0f3,0,3,127,146,0,0.27296585674179785,0.1868376683214144
random_forest_np,r0f3,0,3,129,148,1,0.3416270904452383,0.1868376683214144
random_forest_np,r0f3,0,3,130,149,1,0.5633768782136691,0.1868376683214144
random_forest_np,r0f3,0,3,131,150,0,0.27661442174139267,0.1868376683214144
random_forest_np,r0f3,0,3,147,166,0,0.006925493025493025,0.1868376683214144
random_forest_np,r0f3,0,3,148,167,0,0.03760161616161616,0.1868376683214144
random_forest_np,r0f3,0,3,149,168,1,0.3065319330262846,0.1868376683214144
random_forest_np,r0f3,0,3,150,169,0,0.31097955207390365,0.1868376683214144
random_forest_np,r0f3,0,3,151,170,0,0.3373000768220601,0.1868376683214144
random_forest_np,r0f3,0,3,177,196,0,0.26819934237631343,0.1868376683214144
random_forest_np,r0f3,0,3,178,197,0,0.2648755328525039,0.1868376683214144
random_forest_np,r0f3,0,3,179,198,1,0.548385608372399,0.1868376683214144
random_forest_np,r0f3,0,3,180,199,0,0.2987843493602906,0.1868376683214144
random_forest_np,r0f3,0,3,181,200,0,0.1626951763773925,0.1868376683214144
random_forest_np,r0f3,0,3,182,201,0,0.1490622093444255,0.1868376683214144
random_forest_np,r0f3,0,3,183,202,0,0.3454569224090446,0.1868376683214144
random_forest_np,r0f3,0,3,184,203,0,0.23192300005514427,0.1868376683214144
random_forest_np,r0f3,0,3,185,204,1,0.29583098908600747,0.1868376683214144
random_forest_np,r0f3,0,3,186,205,1,0.26799006301861095,0.1868376683214144
random_forest_np,r0f3,0,3,187,206,1,0.2817266928036639,0.1868376683214144
random_forest_np,r0f3,0,3,188,207,1,0.30547178659875784,0.1868376683214144
random_forest_np,r0f3,0,3,189,208,1,0.2848298674068386,0.1868376683214144
random_forest_np,r0f3,0,3,207,228,0,0.3017389222408934,0.1868376683214144
random_forest_np,r0f3,0,3,208,229,1,0.3736366195670865,0.1868376683214144
random_forest_np,r0f3,0,3,209,230,0,0.24388093603448385,0.1868376683214144
random_forest_np,r0f3,0,3,219,241,0,0.035759802175338175,0.1868376683214144
random_forest_np,r0f3,0,3,220,243,0,0.834038727734254,0.1868376683214144
random_forest_np,r0f3,0,3,225,248,0,0.03151514405568005,0.1868376683214144
random_forest_np,r0f3,0,3,232,255,0,0.23787503393288406,0.1868376683214144
random_forest_np,r0f3,0,3,233,256,0,0.24090201805986816,0.1868376683214144
random_forest_np,r0f3,0,3,234,257,0,0.20698369455156615,0.1868376683214144
random_forest_np,r0f3,0,3,235,258,0,0.20904868488636577,0.1868376683214144
random_forest_np,r0f3,0,3,236,259,0,0.20807999801767887,0.1868376683214144
random_forest_np,r0f3,0,3,241,264,0,0.05242809192652267,0.1868376683214144
random_forest_np,r0f3,0,3,242,265,0,0.04481785641138571,0.1868376683214144
random_forest_np,r0f3,0,3,243,266,0,0.17576647557000485,0.1868376683214144
random_forest_np,r0f3,0,3,244,267,0,0.5199234110334112,0.1868376683214144
random_forest_np,r0f3,0,3,245,268,0,0.4775519824619826,0.1868376683214144
random_forest_np,r0f4,0,4,45,58,0,0.1071799704595371,0.21420140163747545
random_forest_np,r0f4,0,4,46,59,0,0.04473784771835652,0.21420140163747545
random_forest_np,r0f4,0,4,47,60,0,0.07739564467180568,0.21420140163747545
random_forest_np,r0f4,0,4,48,61,0,0.1061799704595371,0.21420140163747545
random_forest_np,r0f4,0,4,49,62,0,0.21806900994659534,0.21420140163747545
random_forest_np,r0f4,0,4,50,63,1,0.5920068496448215,0.21420140163747545
random_forest_np,r0f4,0,4,51,64,0,0.39345153873685834,0.21420140163747545
random_forest_np,r0f4,0,4,85,102,0,0.1137427245885741,0.21420140163747545
random_forest_np,r0f4,0,4,86,103,0,0.08220579405878639,0.21420140163747545
random_forest_np,r0f4,0,4,92,109,0,0.1036530665894218,0.21420140163747545
random_forest_np,r0f4,0,4,93,110,0,0.1598801862018357,0.21420140163747545
random_forest_np,r0f4,0,4,94,111,1,0.1131679572543125,0.21420140163747545
random_forest_np,r0f4,0,4,95,112,1,0.11789022387657913,0.21420140163747545
random_forest_np,r0f4,0,4,113,131,1,0.7549654076121468,0.21420140163747545
random_forest_np,r0f4,0,4,114,132,1,0.6921253792397467,0.21420140163747545
random_forest_np,r0f4,0,4,115,133,1,0.34705364357087465,0.21420140163747545
random_forest_np,r0f4,0,4,116,134,0,0.25860602576889075,0.21420140163747545
random_forest_np,r0f4,0,4,117,135,1,0.6767761728905403,0.21420140163747545
random_forest_np,r0f4,0,4,118,136,1,0.4310821059581607,0.21420140163747545
random_forest_np,r0f4,0,4,119,137,1,0.4003551218311764,0.21420140163747545
random_forest_np,r0f4,0,4,120,139,1,0.7438754725472119,0.21420140163747545
random_forest_np,r0f4,0,4,132,151,1,0.09511216956418198,0.21420140163747545
random_forest_np,r0f4,0,4,133,152,0,0.07165618345325572,0.21420140163747545
random_forest_np,r0f4,0,4,134,153,0,0.07474951000974016,0.21420140163747545
random_forest_np,r0f4,0,4,135,154,0,0.09253215074372984,0.21420140163747545
random_forest_np,r0f4,0,4,136,155,0,0.26960994915281355,0.21420140163747545
random_forest_np,r0f4,0,4,137,156,1,0.6794074920351515,0.21420140163747545
random_forest_np,r0f4,0,4,142,161,0,0.015577056277056278,0.21420140163747545
random_forest_np,r0f4,0,4,143,162,0,0.014761782661782663,0.21420140163747545
random_forest_np,r0f4,0,4,144,163,0,0.008634798534798534,0.21420140163747545
random_forest_np,r0f4,0,4,145,164,0,0.008634798534798534,0.21420140163747545
random_forest_np,r0f4,0,4,146,165,0,0.4743773035728205,0.21420140163747545
random_forest_np,r0f4,0,4,152,171,0,0.09325834121992031,0.21420140163747545
random_forest_np,r0f4,0,4,153,172,0,0.3685167774609579,0.21420140163747545
random_forest_np,r0f4,0,4,154,173,1,0.6794074920351515,0.21420140163747545
random_forest_np,r0f4,0,4,170,189,0,0.10602724892926135,0.21420140163747545
random_forest_np,r0f4,0,4,171,190,0,0.06692570048593066,0.21420140163747545
random_forest_np,r0f4,0,4,172,191,0,0.25364545719980497,0.21420140163747545
random_forest_np,r0f4,0,4,190,209,0,0.12717701436757928,0.21420140163747545
random_forest_np,r0f4,0,4,191,211,0,0.25805777248132744,0.21420140163747545
random_forest_np,r0f4,0,4,202,222,0,0.1554008431631834,0.21420140163747545
random_forest_np,r0f4,0,4,203,224,1,0.7744733595703369,0.21420140163747545
random_forest_np,r0f4,0,4,223,246,0,0.010914718614718615,0.21420140163747545
random_forest_np,r0f4,0,4,224,247,0,0.039348196248196236,0.21420140163747545
random_forest_np,r1f0,1,0,8,19,1,0.9295109922868422,0.2614709598952248
random_forest_np,r1f0,1,0,9,20,1,0.826048807918794,0.2614709598952248
random_forest_np,r1f0,1,0,10,21,1,0.8448751426951284,0.2614709598952248
random_forest_np,r1f0,1,0,11,22,1,0.8453751426951284,0.2614709598952248
random_forest_np,r1f0,1,0,12,23,1,0.9329910569647123,0.2614709598952248
random_forest_np,r1f0,1,0,25,37,1,0.7708664059338062,0.2614709598952248
random_forest_np,r1f0,1,0,26,38,1,0.8453243656943514,0.2614709598952248
random_forest_np,r1f0,1,0,27,39,1,0.9363934379170932,0.2614709598952248
random_forest_np,r1f0,1,0,45,58,0,0.19838219224845483,0.2614709598952248
random_forest_np,r1f0,1,0,46,59,0,0.06930693369250472,0.2614709598952248
random_forest_np,r1f0,1,0,47,60,0,0.14566685812236835,0.2614709598952248
random_forest_np,r1f0,1,0,48,61,0,0.20019965256591515,0.2614709598952248
random_forest_np,r1f0,1,0,49,62,0,0.17505791487536734,0.2614709598952248
random_forest_np,r1f0,1,0,50,63,1,0.5760574316158094,0.2614709598952248
random_forest_np,r1f0,1,0,51,64,0,0.278584575408362,0.2614709598952248
random_forest_np,r1f0,1,0,62,75,0,0.0037100236549196205,0.2614709598952248
random_forest_np,r1f0,1,0,63,76,0,0.01922549263038859,0.2614709598952248
random_forest_np,r1f0,1,0,66,79,0,0.13439096503609377,0.2614709598952248
random_forest_np,r1f0,1,0,67,82,0,0.01670905795395392,0.2614709598952248
random_forest_np,r1f0,1,0,85,102,0,0.13053350115881962,0.2614709598952248
random_forest_np,r1f0,1,0,86,103,0,0.08273939847787491,0.2614709598952248
random_forest_np,r1f0,1,0,92,109,0,0.10544758667621063,0.2614709598952248
random_forest_np,r1f0,1,0,93,110,0,0.14294604246878403,0.2614709598952248
random_forest_np,r1f0,1,0,94,111,1,0.12073748566610965,0.2614709598952248
random_forest_np,r1f0,1,0,95,112,1,0.11846119205497997,0.2614709598952248
random_forest_np,r1f0,1,0,142,161,0,0.01432074547074547,0.2614709598952248
random_forest_np,r1f0,1,0,143,162,0,0.012628083487919549,0.2614709598952248
random_forest_np,r1f0,1,0,144,163,0,0.0048218064316424974,0.2614709598952248
random_forest_np,r1f0,1,0,145,164,0,0.0048218064316424974,0.2614709598952248
random_forest_np,r1f0,1,0,161,180,0,0.1292951590197254,0.2614709598952248
random_forest_np,r1f0,1,0,162,181,0,0.30339305697542845,0.2614709598952248
random_forest_np,r1f0,1,0,163,182,1,0.8189278140117036,0.2614709598952248
random_forest_np,r1f0,1,0,168,187,0,0.09332122771409491,0.2614709598952248
random_forest_np,r1f0,1,0,169,188,0,0.04071572950128906,0.2614709598952248
random_forest_np,r1f0,1,0,197,217,0,0.04672963284446795,0.2614709598952248
random_forest_np,r1f0,1,0,198,218,0,0.008145710190606156,0.2614709598952248
random_forest_np,r1f0,1,0,204,225,0,0.05780997787054887,0.2614709598952248
random_forest_np,r1f0,1,0,210,231,1,0.33119294220496404,0.2614709598952248
random_forest_np,r1f0,1,0,219,241,0,0.04086081325258334,0.2614709598952248
random_forest_np,r1f0,1,0,220,243,0,0.7403164751588284,0.2614709598952248
random_forest_np,r1f0,1,0,241,264,0,0.0658074767894108,0.2614709598952248
random_forest_np,r1f0,1,0,242,265,0,0.019460791865139687,0.2614709598952248
random_forest_np,r1f0,1,0,243,266,0,0.08988590009024798,0.2614709598952248
random_forest_np,r1f0,1,0,244,267,0,0.42399753052652345,0.2614709598952248
random_forest_np,r1f0,1,0,245,268,0,0.410519675048668,0.2614709598952248
random_forest_np,r1f1,1,1,0,1,1,0.42549211398523573,0.13723911835732971
random_forest_np,r1f1,1,1,1,2,0,0.3162921861353077,0.13723911835732971
random_forest_np,r1f1,1,1,2,3,0,0.4441587806519024,0.13723911835732971
random_forest_np,r1f1,1,1,3,4,0,0.3736310750241966,0.13723911835732971
random_forest_np,r1f1,1,1,4,5,0,0.3164588528019744,0.13723911835732971
random_forest_np,r1f1,1,1,5,6,0,0.23630062769374927,0.13723911835732971
random_forest_np,r1f1,1,1,6,7,1,0.6891106572124167,0.13723911835732971
random_forest_np,r1f1,1,1,7,8,1,0.268133960981231,0.13723911835732971
random_forest_np,r1f1,1,1,21,33,0,0.26441120970433135,0.13723911835732971
random_forest_np,r1f1,1,1,22,34,0,0.2882518940801552,0.13723911835732971
random_forest_np,r1f1,1,1,23,35,0,0.22788163039128415,0.13723911835732971
random_forest_np,r1f1,1,1,34,46,1,0.21880004697645034,0.13723911835732971
random_forest_np,r1f1,1,1,35,47,1,0.2375253616600154,0.13723911835732971
random_forest_np,r1f1,1,1,36,48,1,0.21379096334422426,0.13723911835732971
random_forest_np,r1f1,1,1,37,49,0,0.20165111923577295,0.13723911835732971
random_forest_np,r1f1,1,1,38,50,0,0.22209400412865785,0.13723911835732971
random_forest_np,r1f1,1,1,39,51,1,0.5267109990618292,0.13723911835732971
random_forest_np,r1f1,1,1,52,65,0,0.06915549744673262,0.13723911835732971
random_forest_np,r1f1,1,1,53,66,0,0.015770838429565857,0.13723911835732971
random_forest_np,r1f1,1,1,54,67,0,0.12427829686953203,0.13723911835732971
random_forest_np,r1f1,1,1,55,68,0,0.0107154271741546,0.13723911835732971
random_forest_np,r1f1,1,1,57,70,0,0.104090462168382,0.13723911835732971
random_forest_np,r1f1,1,1,58,71,0,0.09803930884803631,0.13723911835732971
random_forest_np,r1f1,1,1,59,72,1,0.59395295102971,0.13723911835732971
random_forest_np,r1f1,1,1,60,73,0,0.104090462168382,0.13723911835732971
random_forest_np,r1f1,1,1,61,74,1,0.59395295102971,0.13723911835732971
random_forest_np,r1f1,1,1,80,97,1,0.2237126833883128,0.13723911835732971
random_forest_np,r1f1,1,1,87,104,0,0.17917380494649315,0.13723911835732971
random_forest_np,r1f1,1,1,88,105,1,0.22491268338831277,0.13723911835732971
random_forest_np,r1f1,1,1,90,107,1,0.28256568528837345,0.13723911835732971
random_forest_np,r1f1,1,1,107,125,0,0.011875356125356127,0.13723911835732971
random_forest_np,r1f1,1,1,108,126,0,0.004157407407407407,0.13723911835732971
random_forest_np,r1f1,1,1,109,127,0,0.007606613756613756,0.13723911835732971
random_forest_np,r1f1,1,1,110,128,0,0.0034907407407407413,0.13723911835732971
random_forest_np,r1f1,1,1,111,129,0,0.013047083075654504,0.13723911835732971
random_forest_np,r1f1,1,1,112,130,0,0.015838136466707897,0.13723911835732971
random_forest_np,r1f1,1,1,113,131,1,0.6940992662840292,0.13723911835732971
random_forest_np,r1f1,1,1,114,132,1,0.5674898431907833,0.13723911835732971
random_forest_np,r1f1,1,1,115,133,1,0.2941599210661245,0.13723911835732971
random_forest_np,r1f1,1,1,116,134,0,0.21200863901484224,0.13723911835732971
random_forest_np,r1f1,1,1,117,135,1,0.5165165054174452,0.13723911835732971
random_forest_np,r1f1,1,1,118,136,1,0.34657669318289647,0.13723911835732971
random_forest_np,r1f1,1,1,119,137,1,0.31711442212062535,0.13723911835732971
random_forest_np,r1f1,1,1,120,139,1,0.664668313903077,0.13723911835732971
random_forest_np,r1f1,1,1,128,147,0,0.011001851851851853,0.13723911835732971
random_forest_np,r1f1,1,1,138,157,0,0.12591267915391435,0.13723911835732971
random_forest_np,r1f1,1,1,139,158,0,0.057915753856989015,0.13723911835732971
random_forest_np,r1f1,1,1,140,159,0,0.032286312245968465,0.13723911835732971
random_forest_np,r1f1,1,1,141,160,0,0.032286312245968465,0.13723911835732971
random_forest_np,r1f1,1,1,183,202,0,0.24711931440492824,0.13723911835732971
random_forest_np,r1f1,1,1,184,203,0,0.21913338030978366,0.13723911835732971
random_forest_np,r1f1,1,1,185,204,1,0.22881332924798298,0.13723911835732971
random_forest_np,r1f1,1,1,186,205,1,0.22148686127151498,0.13723911835732971
random_forest_np,r1f1,1,1,187,206,1,0.26407255747245906,0.13723911835732971
random_forest_np,r1f1,1,1,188,207,1,0.37572874406192736,0.13723911835732971
random_forest_np,r1f1,1,1,189,208,1,0.2670127191511656,0.13723911835732971
random_forest_np,r1f1,1,1,190,209,0,0.07803895668212421,0.13723911835732971
random_forest_np,r1f1,1,1,191,211,0,0.23156908509344468,0.13723911835732971
random_forest_np,r1f1,1,1,192,212,0,0.23234051366487324,0.13723911835732971
random_forest_np,r1f1,1,1,207,228,0,0.21535480022970158,0.13723911835732971
random_forest_np,r1f1,1,1,208,229,1,0.5267109990618292,0.13723911835732971
random_forest_np,r1f1,1,1,209,230,0,0.2130833980680517,0.13723911835732971
random_forest_np,r1f1,1,1,214,235,0,0.12662614003663403,0.13723911835732971
random_forest_np,r1f1,1,1,215,236,0,0.5047085740714673,0.13723911835732971
random_forest_np,r1f1,1,1,216,238,1,0.5991809294938231,0.13723911835732971
random_forest_np,r1f1,1,1,217,239,0,0.04543593146732681,0.13723911835732971
random_forest_np,r1f1,1,1,218,240,0,0.04000388018527554,0.13723911835732971
random_forest_np,r1f2,1,2,24,36,0,0.06862838623948463,0.1977877220818397
random_forest_np,r1f2,1,2,41,54,0,0.05291564795564793,0.1977877220818397
random_forest_np,r1f2,1,2,42,55,1,0.04372993366993365,0.1977877220818397
random_forest_np,r1f2,1,2,43,56,1,0.24236562601973016,0.1977877220818397
random_forest_np,r1f2,1,2,44,57,0,0.2889214235859231,0.1977877220818397
random_forest_np,r1f2,1,2,72,88,1,0.664555694595132,0.1977877220818397
random_forest_np,r1f2,1,2,73,89,1,0.6316418405707388,0.1977877220818397
random_forest_np,r1f2,1,2,74,90,1,0.6468626475415455,0.1977877220818397
random_forest_np,r1f2,1,2,75,91,1,0.6776612406151384,0.1977877220818397
random_forest_np,r1f2,1,2,76,92,1,0.7379094301989292,0.1977877220818397
random_forest_np,r1f2,1,2,77,93,1,0.8840221904876426,0.1977877220818397
random_forest_np,r1f2,1,2,78,94,0,0.7124316003490407,0.1977877220818397
random_forest_np,r1f2,1,2,79,95,0,0.6636810311593212,0.1977877220818397
random_forest_np,r1f2,1,2,96,113,0,0.12337097902097904,0.1977877220818397
random_forest_np,r1f2,1,2,97,115,0,0.1119755577755578,0.1977877220818397
random_forest_np,r1f2,1,2,98,116,0,0.08910804473304473,0.1977877220818397
random_forest_np,r1f2,1,2,99,117,0,0.07742777579588386,0.1977877220818397
random_forest_np,r1f2,1,2,100,118,0,0.13972368088584022,0.1977877220818397
random_forest_np,r1f2,1,2,121,140,0,0.040412515262515256,0.1977877220818397
random_forest_np,r1f2,1,2,122,141,0,0.002433333333333333,0.1977877220818397
random_forest_np,r1f2,1,2,123,142,0,0.07600543345543347,0.1977877220818397
random_forest_np,r1f2,1,2,124,143,0,0.07556309523809525,0.1977877220818397
random_forest_np,r1f2,1,2,132,151,1,0.07080868464868464,0.1977877220818397
random_forest_np,r1f2,1,2,133,152,0,0.05169696303696304,0.1977877220818397
random_forest_np,r1f2,1,2,134,153,0,0.04340706299120932,0.1977877220818397
random_forest_np,r1f2,1,2,135,154,0,0.07686082082005366,0.1977877220818397
random_forest_np,r1f2,1,2,136,155,0,0.19041525912561474,0.1977877220818397
random_forest_np,r1f2,1,2,137,156,1,0.7723243877599208,0.1977877220818397
random_forest_np,r1f2,1,2,146,165,0,0.5893644699000027,0.1977877220818397
random_forest_np,r1f2,1,2,147,166,0,0.013042857142857142,0.1977877220818397
random_forest_np,r1f2,1,2,148,167,0,0.062177236652236664,0.1977877220818397
random_forest_np,r1f2,1,2,152,171,0,0.07776082082005366,0.1977877220818397
random_forest_np,r1f2,1,2,153,172,0,0.4158204842365434,0.1977877220818397
random_forest_np,r1f2,1,2,154,173,1,0.7723243877599208,0.1977877220818397
random_forest_np,r1f2,1,2,155,174,1,0.8940536109505648,0.1977877220818397
random_forest_np,r1f2,1,2,156,175,1,0.8926400106619642,0.1977877220818397
random_forest_np,r1f2,1,2,157,176,0,0.6962119115128691,0.1977877220818397
random_forest_np,r1f2,1,2,158,177,0,0.6803388663253626,0.1977877220818397
random_forest_np,r1f2,1,2,170,189,0,0.07027751581751582,0.1977877220818397
random_forest_np,r1f2,1,2,171,190,0,0.03187372965787599,0.1977877220818397
random_forest_np,r1f2,1,2,172,191,0,0.3194237003334829,0.1977877220818397
random_forest_np,r1f2,1,2,173,192,0,0.056929976755270874,0.1977877220818397
random_forest_np,r1f2,1,2,174,193,0,0.04798288716703349,0.1977877220818397
random_forest_np,r1f2,1,2,175,194,0,0.07716221387144673,0.1977877220818397
random_forest_np,r1f2,1,2,176,195,0,0.14504291059292143,0.1977877220818397
random_forest_np,r1f2,1,2,227,250,1,0.261025328112325,0.1977877220818397
random_forest_np,r1f2,1,2,230,253,0,0.18589316668192796,0.1977877220818397
random_forest_np,r1f2,1,2,231,254,1,0.19523758121048884,0.1977877220818397
random_forest_np,r1f3,1,3,13,25,1,0.6066334502655679,0.24900485163576508
random_forest_np,r1f3,1,3,14,26,1,0.7523945057765057,0.24900485163576508
random_forest_np,r1f3,1,3,15,27,1,0.5283317718366847,0.24900485163576508
random_forest_np,r1f3,1,3,16,28,1,0.8779175350457954,0.24900485163576508
random_forest_np,r1f3,1,3,28,40,1,0.7120966369786368,0.24900485163576508
random_forest_np,r1f3,1,3,29,41,1,0.7682085864933903,0.24900485163576508
random_forest_np,r1f3,1,3,30,42,1,0.9141898728931328,0.24900485163576508
random_forest_np,r1f3,1,3,31,43,1,0.9207565395597996,0.24900485163576508
random_forest_np,r1f3,1,3,56,69,1,0.6961342890112783,0.24900485163576508
random_forest_np,r1f3,1,3,64,77,0,0.01788789152813933,0.24900485163576508
random_forest_np,r1f3,1,3,65,78,0,0.004746149226079883,0.24900485163576508
random_forest_np,r1f3,1,3,101,119,0,0.06463368736095948,0.24900485163576508
random_forest_np,r1f3,1,3,102,120,0,0.07692689611299178,0.24900485163576508
random_forest_np,r1f3,1,3,103,121,0,0.07969595850189856,0.24900485163576508
random_forest_np,r1f3,1,3,104,122,0,0.025973022287785884,0.24900485163576508
random_forest_np,r1f3,1,3,105,123,0,0.08254595850189858,0.24900485163576508
random_forest_np,r1f3,1,3,106,124,0,0.009085666185666186,0.24900485163576508
random_forest_np,r1f3,1,3,193,213,0,0.06670054774574984,0.24900485163576508
random_forest_np,r1f3,1,3,194,214,0,0.361788847160664,0.24900485163576508
random_forest_np,r1f3,1,3,195,215,0,0.026906095546343343,0.24900485163576508
random_forest_np,r1f3,1,3,196,216,0,0.004746149226079883,0.24900485163576508
random_forest_np,r1f3,1,3,202,222,0,0.13923402613293842,0.24900485163576508
random_forest_np,r1f3,1,3,203,224,1,0.6803585780327807,0.24900485163576508
random_forest_np,r1f3,1,3,205,226,0,0.039363601696980645,0.24900485163576508
random_forest_np,r1f3,1,3,206,227,0,0.027805929739308673,0.24900485163576508
random_forest_np,r1f3,1,3,211,232,0,0.13926441116202715,0.24900485163576508
random_forest_np,r1f3,1,3,212,233,1,0.21018005694926523,0.24900485163576508
random_forest_np,r1f3,1,3,213,234,1,0.22680545377466207,0.24900485163576508
random_forest_np,r1f3,1,3,221,244,0,0.040166746006993805,0.24900485163576508
random_forest_np,r1f3,1,3,222,245,0,0.01687257605595499,0.24900485163576508
random_forest_np,r1f3,1,3,223,246,0,0.014327172439963136,0.24900485163576508
random_forest_np,r1f3,1,3,224,247,0,0.0467801278179185,0.24900485163576508
random_forest_np,r1f3,1,3,232,255,0,0.38463152808990203,0.24900485163576508
random_forest_np,r1f3,1,3,233,256,0,0.36378715579552956,0.24900485163576508
random_forest_np,r1f3,1,3,234,257,0,0.3011307498348864,0.24900485163576508
random_forest_np,r1f3,1,3,235,258,0,0.5358389522672184,0.24900485163576508
random_forest_np,r1f3,1,3,236,259,0,0.7427309192281335,0.24900485163576508
random_forest_np,r1f3,1,3,237,260,0,0.23245420619162085,0.24900485163576508
random_forest_np,r1f3,1,3,238,261,0,0.2999034422556923,0.24900485163576508
random_forest_np,r1f3,1,3,239,262,0,0.1940334758962339,0.24900485163576508
random_forest_np,r1f3,1,3,240,263,0,0.1347013991081715,0.24900485163576508
random_forest_np,r1f3,1,3,246,269,0,0.18502830667527362,0.24900485163576508
random_forest_np,r1f3,1,3,247,270,1,0.5142636290157679,0.24900485163576508
random_forest_np,r1f3,1,3,248,271,0,0.02398399894678965,0.24900485163576508
random_forest_np,r1f3,1,3,249,272,0,0.021491458154248858,0.24900485163576508
random_forest_np,r1f3,1,3,250,273,0,0.45019087057923796,0.24900485163576508
random_forest_np,r1f3,1,3,251,274,0,0.7739281586426138,0.24900485163576508
random_forest_np,r1f4,1,4,17,29,1,0.8513626378189187,0.22325873017235595
random_forest_np,r1f4,1,4,18,30,0,0.9227258774516631,0.22325873017235595
random_forest_np,r1f4,1,4,19,31,1,0.9389954163347353,0.22325873017235595
random_forest_np,r1f4,1,4,20,32,1,0.9645027560538397,0.22325873017235595
random_forest_np,r1f4,1,4,32,44,1,0.9675272836707163,0.22325873017235595
random_forest_np,r1f4,1,4,33,45,0,0.8379753362316172,0.22325873017235595
random_forest_np,r1f4,1,4,40,52,1,0.8362306111315048,0.22325873017235595
random_forest_np,r1f4,1,4,68,84,0,0.026219452917863532,0.22325873017235595
random_forest_np,r1f4,1,4,69,85,0,0.015249516713716797,0.22325873017235595
random_forest_np,r1f4,1,4,70,86,0,0.019126532388100893,0.22325873017235595
random_forest_np,r1f4,1,4,71,87,0,0.007051636815836903,0.22325873017235595
random_forest_np,r1f4,1,4,81,98,0,0.4338099897354844,0.22325873017235595
random_forest_np,r1f4,1,4,82,99,0,0.47298586418782923,0.22325873017235595
random_forest_np,r1f4,1,4,83,100,0,0.35603054462684836,0.22325873017235595
random_forest_np,r1f4,1,4,84,101,0,0.3472305446268485,0.22325873017235595
random_forest_np,r1f4,1,4,89,106,1,0.5041287799389393,0.22325873017235595
random_forest_np,r1f4,1,4,91,108,1,0.4457808688563634,0.22325873017235595
random_forest_np,r1f4,1,4,125,144,0,0.23609880271321015,0.22325873017235595
random_forest_np,r1f4,1,4,126,145,0,0.20109080869742196,0.22325873017235595
random_forest_np,r1f4,1,4,127,146,0,0.25368333713473623,0.22325873017235595
random_forest_np,r1f4,1,4,129,148,1,0.5648956861811991,0.22325873017235595
random_forest_np,r1f4,1,4,130,149,1,0.7127618996168577,0.22325873017235595
random_forest_np,r1f4,1,4,131,150,0,0.34906548673493754,0.22325873017235595
random_forest_np,r1f4,1,4,149,168,1,0.29125590928257983,0.22325873017235595
random_forest_np,r1f4,1,4,150,169,0,0.2905892426159132,0.22325873017235595
random_forest_np,r1f4,1,4,151,170,0,0.37502645208553625,0.22325873017235595
random_forest_np,r1f4,1,4,159,178,0,0.6369128305024069,0.22325873017235595
random_forest_np,r1f4,1,4,160,179,1,0.7624004759924518,0.22325873017235595
random_forest_np,r1f4,1,4,164,183,0,0.44524515457064917,0.22325873017235595
random_forest_np,r1f4,1,4,165,184,0,0.49964036459611216,0.22325873017235595
random_forest_np,r1f4,1,4,166,185,0,0.5140891666454562,0.22325873017235595
random_forest_np,r1f4,1,4,167,186,0,0.4805971614284509,0.22325873017235595
random_forest_np,r1f4,1,4,177,196,0,0.3848420268614775,0.22325873017235595
random_forest_np,r1f4,1,4,178,197,0,0.39587938949884016,0.22325873017235595
random_forest_np,r1f4,1,4,179,198,1,0.692699201204159,0.22325873017235595
random_forest_np,r1f4,1,4,180,199,0,0.27667181017960013,0.22325873017235595
random_forest_np,r1f4,1,4,181,200,0,0.11375327121832449,0.22325873017235595
random_forest_np,r1f4,1,4,182,201,0,0.12328956270461602,0.22325873017235595
random_forest_np,r1f4,1,4,199,219,0,0.012266977031177118,0.22325873017235595
random_forest_np,r1f4,1,4,200,220,0,0.04719058733899796,0.22325873017235595
random_forest_np,r1f4,1,4,201,221,0,0.07089963801054862,0.22325873017235595
random_forest_np,r1f4,1,4,225,248,0,0.015664007845190918,0.22325873017235595
random_forest_np,r1f4,1,4,226,249,0,0.48039818264713413,0.22325873017235595
random_forest_np,r1f4,1,4,228,251,0,0.5628973824747356,0.22325873017235595
random_forest_np,r1f4,1,4,229,252,1,0.5675640491414022,0.22325873017235595
random_forest_np,r2f0,2,0,13,25,1,0.6139152371817259,0.17413314351605194
random_forest_np,r2f0,2,0,14,26,1,0.7776911999455068,0.17413314351605194
random_forest_np,r2f0,2,0,15,27,1,0.5831528051315581,0.17413314351605194
random_forest_np,r2f0,2,0,16,28,1,0.8940805663459048,0.17413314351605194
random_forest_np,r2f0,2,0,28,40,1,0.7444238006781073,0.17413314351605194
random_forest_np,r2f0,2,0,29,41,1,0.7686511460125113,0.17413314351605194
random_forest_np,r2f0,2,0,30,42,1,0.9163164106907589,0.17413314351605194
random_forest_np,r2f0,2,0,31,43,1,0.9210552995796478,0.17413314351605194
random_forest_np,r2f0,2,0,52,65,0,0.031209857268335525,0.17413314351605194
random_forest_np,r2f0,2,0,53,66,0,0.0036567689315515402,0.17413314351605194
random_forest_np,r2f0,2,0,54,67,0,0.08903980248651606,0.17413314351605194
random_forest_np,r2f0,2,0,55,68,0,0.016517086391869,0.17413314351605194
random_forest_np,r2f0,2,0,57,70,0,0.06269422799422798,0.17413314351605194
random_forest_np,r2f0,2,0,58,71,0,0.050438925663708264,0.17413314351605194
random_forest_np,r2f0,2,0,59,72,1,0.5558363414363414,0.17413314351605194
random_forest_np,r2f0,2,0,60,73,0,0.06269422799422798,0.17413314351605194
random_forest_np,r2f0,2,0,61,74,1,0.5558363414363414,0.17413314351605194
random_forest_np,r2f0,2,0,85,102,0,0.186481716101606,0.17413314351605194
random_forest_np,r2f0,2,0,86,103,0,0.11620688380119813,0.17413314351605194
random_forest_np,r2f0,2,0,92,109,0,0.1392375521262364,0.17413314351605194
random_forest_np,r2f0,2,0,93,110,0,0.14831928814630727,0.17413314351605194
random_forest_np,r2f0,2,0,94,111,1,0.12908075891944318,0.17413314351605194
random_forest_np,r2f0,2,0,95,112,1,0.17550203375571802,0.17413314351605194
random_forest_np,r2f0,2,0,96,113,0,0.10997686954869386,0.17413314351605194
random_forest_np,r2f0,2,0,97,115,0,0.10409678296860728,0.17413314351605194
random_forest_np,r2f0,2,0,98,116,0,0.05939237654771472,0.17413314351605194
random_forest_np,r2f0,2,0,99,117,0,0.08274131913710406,0.17413314351605194
random_forest_np,r2f0,2,0,100,118,0,0.1573783005543796,0.17413314351605194
random_forest_np,r2f0,2,0,149,168,1,0.3027973811964676,0.17413314351605194
random_forest_np,r2f0,2,0,150,169,0,0.303380714529801,0.17413314351605194
random_forest_np,r2f0,2,0,151,170,0,0.31625931981759714,0.17413314351605194
random_forest_np,r2f0,2,0,192,212,0,0.10389876833692628,0.17413314351605194
random_forest_np,r2f0,2,0,204,225,0,0.05512290289443302,0.17413314351605194
random_forest_np,r2f0,2,0,210,231,1,0.31779469169965696,0.17413314351605194
random_forest_np,r2f0,2,0,223,246,0,0.017621581196581197,0.17413314351605194
random_forest_np,r2f0,2,0,224,247,0,0.07013189865689864,0.17413314351605194
random_forest_np,r2f0,2,0,225,248,0,0.03793886287057643,0.17413314351605194
random_forest_np,r2f0,2,0,237,260,0,0.15716119161356798,0.17413314351605194
random_forest_np,r2f0,2,0,238,261,0,0.19402267501320922,0.17413314351605194
random_forest_np,r2f0,2,0,239,262,0,0.15804499778353553,0.17413314351605194
random_forest_np,r2f0,2,0,240,263,0,0.07038714813352212,0.17413314351605194
random_forest_np,r2f0,2,0,241,264,0,0.05184259356466077,0.17413314351605194
random_forest_np,r2f0,2,0,242,265,0,0.03039186451366979,0.17413314351605194
random_forest_np,r2f0,2,0,243,266,0,0.16183816645734012,0.17413314351605194
random_forest_np,r2f0,2,0,244,267,0,0.5318343070328364,0.17413314351605194
random_forest_np,r2f0,2,0,245,268,0,0.5155537154022448,0.17413314351605194
random_forest_np,r2f1,2,1,45,58,0,0.11328973060181526,0.23111787354945254
random_forest_np,r2f1,2,1,46,59,0,0.06281581148270111,0.23111787354945254
random_forest_np,r2f1,2,1,47,60,0,0.09891342070481565,0.23111787354945254
random_forest_np,r2f1,2,1,48,61,0,0.11258338139546603,0.23111787354945254
random_forest_np,r2f1,2,1,49,62,0,0.15959190784320545,0.23111787354945254
random_forest_np,r2f1,2,1,50,63,1,0.2685262213775793,0.23111787354945254
random_forest_np,r2f1,2,1,51,64,0,0.19138235866967637,0.23111787354945254
random_forest_np,r2f1,2,1,107,125,0,0.005949747474747474,0.23111787354945254
random_forest_np,r2f1,2,1,108,126,0,0.0,0.23111787354945254
random_forest_np,r2f1,2,1,109,127,0,0.008833333333333334,0.23111787354945254
random_forest_np,r2f1,2,1,110,128,0,0.003083333333333333,0.23111787354945254
random_forest_np,r2f1,2,1,111,129,0,0.018068790577030466,0.23111787354945254
random_forest_np,r2f1,2,1,112,130,0,0.047432241116206954,0.23111787354945254
random_forest_np,r2f1,2,1,113,131,1,0.7443951914577989,0.23111787354945254
random_forest_np,r2f1,2,1,114,132,1,0.6838931598573804,0.23111787354945254
random_forest_np,r2f1,2,1,115,133,1,0.4049884051253205,0.23111787354945254
random_forest_np,r2f1,2,1,116,134,0,0.24526371503661448,0.23111787354945254
random_forest_np,r2f1,2,1,117,135,1,0.6794334528976734,0.23111787354945254
random_forest_np,r2f1,2,1,118,136,1,0.4894561917246859,0.23111787354945254
random_forest_np,r2f1,2,1,119,137,1,0.4830800012484955,0.23111787354945254
random_forest_np,r2f1,2,1,120,139,1,0.7251444699570773,0.23111787354945254
random_forest_np,r2f1,2,1,128,147,0,0.0052833333333333335,0.23111787354945254
random_forest_np,r2f1,2,1,173,192,0,0.07404410034410033,0.23111787354945254
random_forest_np,r2f1,2,1,174,193,0,0.036967551892551895,0.23111787354945254
random_forest_np,r2f1,2,1,175,194,0,0.05503333188536601,0.23111787354945254
random_forest_np,r2f1,2,1,176,195,0,0.11454507058233832,0.23111787354945254
random_forest_np,r2f1,2,1,202,222,0,0.17762030054579916,0.23111787354945254
random_forest_np,r2f1,2,1,203,224,1,0.6508878889100538,0.23111787354945254
random_forest_np,r2f1,2,1,205,226,0,0.05672744974868737,0.23111787354945254
random_forest_np,r2f1,2,1,206,227,0,0.0549949058220258,0.23111787354945254
random_forest_np,r2f1,2,1,211,232,0,0.10649054523140396,0.23111787354945254
random_forest_np,r2f1,2,1,212,233,1,0.1397548276447994,0.23111787354945254
random_forest_np,r2f1,2,1,213,234,1,0.1414714943114661,0.23111787354945254
random_forest_np,r2f1,2,1,214,235,0,0.08021932622865278,0.23111787354945254
random_forest_np,r2f1,2,1,215,236,0,0.1311036225142774,0.23111787354945254
random_forest_np,r2f1,2,1,216,238,1,0.32870167446232934,0.23111787354945254
random_forest_np,r2f1,2,1,217,239,0,0.030089091375034883,0.23111787354945254
random_forest_np,r2f1,2,1,218,240,0,0.030379847677555895,0.23111787354945254
random_forest_np,r2f1,2,1,232,255,0,0.2566195193568191,0.23111787354945254
random_forest_np,r2f1,2,1,233,256,0,0.2380470637078929,0.23111787354945254
random_forest_np,r2f1,2,1,234,257,0,0.2286659007446091,0.23111787354945254
random_forest_np,r2f1,2,1,235,258,0,0.2784330262571775,0.23111787354945254
random_forest_np,r2f1,2,1,236,259,0,0.4419622037594494,0.23111787354945254
random_forest_np,r2f1,2,1,246,269,0,0.0858995321848263,0.23111787354945254
random_forest_np,r2f1,2,1,247,270,1,0.2748190127043069,0.23111787354945254
random_forest_np,r2f1,2,1,248,271,0,0.019538095238095236,0.23111787354945254
random_forest_np,r2f1,2,1,249,272,0,0.007803846153846153,0.23111787354945254
random_forest_np,r2f2,2,2,0,1,1,0.5679320868911694,0.2155063161384588
random_forest_np,r2f2,2,2,1,2,0,0.3111483428574248,0.2155063161384588
random_forest_np,r2f2,2,2,2,3,0,0.565198753557836,0.2155063161384588
random_forest_np,r2f2,2,2,3,4,0,0.3193983428574248,0.2155063161384588
random_forest_np,r2f2,2,2,4,5,0,0.3111483428574248,0.2155063161384588
random_forest_np,r2f2,2,2,5,6,0,0.2635679621270442,0.2155063161384588
random_forest_np,r2f2,2,2,6,7,1,0.6220577144695518,0.2155063161384588
random_forest_np,r2f2,2,2,7,8,1,0.3624758230231566,0.2155063161384588
random_forest_np,r2f2,2,2,17,29,1,0.8781692496599108,0.2155063161384588
random_forest_np,r2f2,2,2,18,30,0,0.9630012842919456,0.2155063161384588
random_forest_np,r2f2,2,2,19,31,1,0.9614260226834008,0.2155063161384588
random_forest_np,r2f2,2,2,20,32,1,0.9756289086862867,0.2155063161384588
random_forest_np,r2f2,2,2,21,33,0,0.2733384822501959,0.2155063161384588
random_forest_np,r2f2,2,2,22,34,0,0.3145992383294168,0.2155063161384588
random_forest_np,r2f2,2,2,23,35,0,0.25798513593246974,0.2155063161384588
random_forest_np,r2f2,2,2,32,44,1,0.9711810323216936,0.2155063161384588
random_forest_np,r2f2,2,2,33,45,0,0.8660105195011808,0.2155063161384588
random_forest_np,r2f2,2,2,34,46,1,0.2461400695517833,0.2155063161384588
random_forest_np,r2f2,2,2,35,47,1,0.3717269635492971,0.2155063161384588
random_forest_np,r2f2,2,2,36,48,1,0.26024472296174367,0.2155063161384588
random_forest_np,r2f2,2,2,37,49,0,0.28471109747093115,0.2155063161384588
random_forest_np,r2f2,2,2,38,50,0,0.27035578195311577,0.2155063161384588
random_forest_np,r2f2,2,2,39,51,1,0.49505861357045006,0.2155063161384588
random_forest_np,r2f2,2,2,40,52,1,0.8732580517654299,0.2155063161384588
random_forest_np,r2f2,2,2,125,144,0,0.19698584546527037,0.2155063161384588
random_forest_np,r2f2,2,2,126,145,0,0.27914167879079665,0.2155063161384588
random_forest_np,r2f2,2,2,127,146,0,0.2224749096174925,0.2155063161384588
random_forest_np,r2f2,2,2,129,148,1,0.4467895924949074,0.2155063161384588
random_forest_np,r2f2,2,2,130,149,1,0.6190754177807334,0.2155063161384588
random_forest_np,r2f2,2,2,131,150,0,0.33149299630880813,0.2155063161384588
random_forest_np,r2f2,2,2,132,151,1,0.09225986820668482,0.2155063161384588
random_forest_np,r2f2,2,2,133,152,0,0.10386544274910152,0.2155063161384588
random_forest_np,r2f2,2,2,134,153,0,0.05514210220076093,0.2155063161384588
random_forest_np,r2f2,2,2,135,154,0,0.07742072507264254,0.2155063161384588
random_forest_np,r2f2,2,2,136,155,0,0.1762719209074591,0.2155063161384588
random_forest_np,r2f2,2,2,137,156,1,0.7602355503894326,0.2155063161384588
random_forest_np,r2f2,2,2,142,161,0,0.04477660322605144,0.2155063161384588
random_forest_np,r2f2,2,2,143,162,0,0.07473827211272036,0.2155063161384588
random_forest_np,r2f2,2,2,144,163,0,0.04308841874970907,0.2155063161384588
random_forest_np,r2f2,2,2,145,164,0,0.04308841874970907,0.2155063161384588
random_forest_np,r2f2,2,2,146,165,0,0.4534828126301154,0.2155063161384588
random_forest_np,r2f2,2,2,152,171,0,0.07837786792978538,0.2155063161384588
random_forest_np,r2f2,2,2,153,172,0,0.27388461083191373,0.2155063161384588
random_forest_np,r2f2,2,2,154,173,1,0.7602355503894326,0.2155063161384588
random_forest_np,r2f2,2,2,170,189,0,0.09005034439716103,0.2155063161384588
random_forest_np,r2f2,2,2,171,190,0,0.054342102200760925,0.2155063161384588
random_forest_np,r2f2,2,2,172,191,0,0.361487107195766,0.2155063161384588
random_forest_np,r2f2,2,2,177,196,0,0.32355106601687794,0.2155063161384588
random_forest_np,r2f2,2,2,178,197,0,0.3289224945883065,0.2155063161384588
random_forest_np,r2f2,2,2,179,198,1,0.6139325606378762,0.2155063161384588
random_forest_np,r2f2,2,2,180,199,0,0.30284554518583934,0.2155063161384588
random_forest_np,r2f2,2,2,181,200,0,0.1853297750512613,0.2155063161384588
random_forest_np,r2f2,2,2,182,201,0,0.17486628298776927,0.2155063161384588
random_forest_np,r2f2,2,2,183,202,0,0.36558514669686043,0.2155063161384588
random_forest_np,r2f2,2,2,184,203,0,0.2461400695517833,0.2155063161384588
random_forest_np,r2f2,2,2,185,204,1,0.29100799501782876,0.2155063161384588
random_forest_np,r2f2,2,2,186,205,1,0.27035578195311577,0.2155063161384588
random_forest_np,r2f2,2,2,187,206,1,0.3620191130664467,0.2155063161384588
random_forest_np,r2f2,2,2,188,207,1,0.4059207390266932,0.2155063161384588
random_forest_np,r2f2,2,2,189,208,1,0.3628782039755376,0.2155063161384588
random_forest_np,r2f2,2,2,190,209,0,0.07864856409250673,0.2155063161384588
random_forest_np,r2f2,2,2,191,211,0,0.1330169925313206,0.2155063161384588
random_forest_np,r2f2,2,2,207,228,0,0.3725302103025438,0.2155063161384588
random_forest_np,r2f2,2,2,208,229,1,0.49689194690378335,0.2155063161384588
random_forest_np,r2f2,2,2,209,230,0,0.25295907865641243,0.2155063161384588
random_forest_np,r2f2,2,2,250,273,0,0.2936668363075662,0.2155063161384588
random_forest_np,r2f2,2,2,251,274,0,0.4260664545533051,0.2155063161384588
random_forest_np,r2f3,2,3,8,19,1,0.932515502532068,0.20287869763377944
random_forest_np,r2f3,2,3,9,20,1,0.8388811262294414,0.20287869763377944
random_forest_np,r2f3,2,3,10,21,1,0.8594423094906245,0.20287869763377944
random_forest_np,r2f3,2,3,11,22,1,0.8571089761572912,0.20287869763377944
random_forest_np,r2f3,2,3,12,23,1,0.933281761711485,0.20287869763377944
random_forest_np,r2f3,2,3,25,37,1,0.790532713531029,0.20287869763377944
random_forest_np,r2f3,2,3,26,38,1,0.8530395844378996,0.20287869763377944
random_forest_np,r2f3,2,3,27,39,1,0.9332180531977763,0.20287869763377944
random_forest_np,r2f3,2,3,56,69,1,0.8074926448691286,0.20287869763377944
random_forest_np,r2f3,2,3,62,75,0,0.0031562674075113566,0.20287869763377944
random_forest_np,r2f3,2,3,63,76,0,0.03297544066581505,0.20287869763377944
random_forest_np,r2f3,2,3,64,77,0,0.030446869237243622,0.20287869763377944
random_forest_np,r2f3,2,3,65,78,0,0.004994606845850796,0.20287869763377944
random_forest_np,r2f3,2,3,66,79,0,0.14237939573479838,0.20287869763377944
random_forest_np,r2f3,2,3,67,82,0,0.01328187312224751,0.20287869763377944
random_forest_np,r2f3,2,3,78,94,0,0.7786038019706363,0.20287869763377944
random_forest_np,r2f3,2,3,79,95,0,0.7275371353039697,0.20287869763377944
random_forest_np,r2f3,2,3,101,119,0,0.10657321650084807,0.20287869763377944
random_forest_np,r2f3,2,3,102,120,0,0.11999385142148299,0.20287869763377944
random_forest_np,r2f3,2,3,103,121,0,0.10868219852705105,0.20287869763377944
random_forest_np,r2f3,2,3,104,122,0,0.023266033113517177,0.20287869763377944
random_forest_np,r2f3,2,3,105,123,0,0.11040254484739737,0.20287869763377944
random_forest_np,r2f3,2,3,106,124,0,0.013452045467176588,0.20287869763377944
random_forest_np,r2f3,2,3,121,140,0,0.06397002214134516,0.20287869763377944
random_forest_np,r2f3,2,3,122,141,0,0.0016532295771842275,0.20287869763377944
random_forest_np,r2f3,2,3,123,142,0,0.0454882736181106,0.20287869763377944
random_forest_np,r2f3,2,3,124,143,0,0.04303387670783136,0.20287869763377944
random_forest_np,r2f3,2,3,155,174,1,0.9180492718224217,0.20287869763377944
random_forest_np,r2f3,2,3,156,175,1,0.9221205416636916,0.20287869763377944
random_forest_np,r2f3,2,3,157,176,0,0.754312608386775,0.20287869763377944
random_forest_np,r2f3,2,3,158,177,0,0.7429288863898175,0.20287869763377944
random_forest_np,r2f3,2,3,193,213,0,0.09228863115270243,0.20287869763377944
random_forest_np,r2f3,2,3,194,214,0,0.48650450789430444,0.20287869763377944
random_forest_np,r2f3,2,3,195,215,0,0.03793166777204216,0.20287869763377944
random_forest_np,r2f3,2,3,196,216,0,0.004994606845850796,0.20287869763377944
random_forest_np,r2f3,2,3,197,217,0,0.0389618265022009,0.20287869763377944
random_forest_np,r2f3,2,3,198,218,0,0.005494606845850796,0.20287869763377944
random_forest_np,r2f3,2,3,219,241,0,0.014927923767054197,0.20287869763377944
random_forest_np,r2f3,2,3,220,243,0,0.6806752641149699,0.20287869763377944
random_forest_np,r2f3,2,3,226,249,0,0.5598092440325412,0.20287869763377944
random_forest_np,r2f3,2,3,227,250,1,0.29451444719882797,0.20287869763377944
random_forest_np,r2f3,2,3,228,251,0,0.4852235803412274,0.20287869763377944
random_forest_np,r2f3,2,3,229,252,1,0.4868902470078941,0.20287869763377944
random_forest_np,r2f3,2,3,230,253,0,0.1509509808492162,0.20287869763377944
random_forest_np,r2f3,2,3,231,254,1,0.1648413848896203,0.20287869763377944
random_forest_np,r2f4,2,4,24,36,0,0.0941899708782003,0.178644943219999
random_forest_np,r2f4,2,4,41,54,0,0.06052592679534814,0.178644943219999
random_forest_np,r2f4,2,4,42,55,1,0.059042702709492516,0.178644943219999
random_forest_np,r2f4,2,4,43,56,1,0.20908704639032985,0.178644943219999
random_forest_np,r2f4,2,4,44,57,0,0.25155754651237966,0.178644943219999
random_forest_np,r2f4,2,4,68,84,0,0.034255730506637945,0.178644943219999
random_forest_np,r2f4,2,4,69,85,0,0.01739757754848499,0.178644943219999
random_forest_np,r2f4,2,4,70,86,0,0.010559144249757575,0.178644943219999
random_forest_np,r2f4,2,4,71,87,0,0.010324803590416915,0.178644943219999
random_forest_np,r2f4,2,4,72,88,1,0.48053323218150473,0.178644943219999
random_forest_np,r2f4,2,4,73,89,1,0.37971235956426963,0.178644943219999
random_forest_np,r2f4,2,4,74,90,1,0.3930626037645139,0.178644943219999
random_forest_np,r2f4,2,4,75,91,1,0.43008338853529865,0.178644943219999
random_forest_np,r2f4,2,4,76,92,1,0.5727340833518803,0.178644943219999
random_forest_np,r2f4,2,4,77,93,1,0.8697891768274391,0.178644943219999
random_forest_np,r2f4,2,4,80,97,1,0.3423862080468625,0.178644943219999
random_forest_np,r2f4,2,4,81,98,0,0.36611945813011243,0.178644943219999
random_forest_np,r2f4,2,4,82,99,0,0.34522271598337034,0.178644943219999
random_forest_np,r2f4,2,4,83,100,0,0.27992402575272646,0.178644943219999
random_forest_np,r2f4,2,4,84,101,0,0.2817872441435311,0.178644943219999
random_forest_np,r2f4,2,4,87,104,0,0.35004932825998264,0.178644943219999
random_forest_np,r2f4,2,4,88,105,1,0.3430528747135291,0.178644943219999
random_forest_np,r2f4,2,4,89,106,1,0.42224159204120526,0.178644943219999
random_forest_np,r2f4,2,4,90,107,1,0.4136808416804551,0.178644943219999
random_forest_np,r2f4,2,4,91,108,1,0.3556249526356069,0.178644943219999
random_forest_np,r2f4,2,4,138,157,0,0.1170603297086056,0.178644943219999
random_forest_np,r2f4,2,4,139,158,0,0.05879135978963565,0.178644943219999
random_forest_np,r2f4,2,4,140,159,0,0.020068682466958334,0.178644943219999
random_forest_np,r2f4,2,4,141,160,0,0.022252015800291666,0.178644943219999
random_forest_np,r2f4,2,4,147,166,0,0.0028515567765567767,0.178644943219999
random_forest_np,r2f4,2,4,148,167,0,0.027884565434565436,0.178644943219999
random_forest_np,r2f4,2,4,159,178,0,0.6523397155730901,0.178644943219999
random_forest_np,r2f4,2,4,160,179,1,0.8573600500799257,0.178644943219999
random_forest_np,r2f4,2,4,161,180,0,0.14160505169421775,0.178644943219999
random_forest_np,r2f4,2,4,162,181,0,0.4991066756157623,0.178644943219999
random_forest_np,r2f4,2,4,163,182,1,0.7824325108001469,0.178644943219999
random_forest_np,r2f4,2,4,164,183,0,0.35386170477235906,0.178644943219999
random_forest_np,r2f4,2,4,165,184,0,0.41237994739929756,0.178644943219999
random_forest_np,r2f4,2,4,166,185,0,0.4814961844517188,0.178644943219999
random_forest_np,r2f4,2,4,167,186,0,0.41030317256164806,0.178644943219999
random_forest_np,r2f4,2,4,168,187,0,0.03360349975558367,0.178644943219999
random_forest_np,r2f4,2,4,169,188,0,0.06614794060884804,0.178644943219999
random_forest_np,r2f4,2,4,199,219,0,0.026462898828512157,0.178644943219999
random_forest_np,r2f4,2,4,200,220,0,0.05235082809910397,0.178644943219999
random_forest_np,r2f4,2,4,201,221,0,0.07215046179873767,0.178644943219999
random_forest_np,r2f4,2,4,221,244,0,0.027235945341208496,0.178644943219999
random_forest_np,r2f4,2,4,222,245,0,0.010026691729323309,0.178644943219999
random_forest_np,r3f0,3,0,0,1,1,0.4160062167851643,0.2470326780565366
random_forest_np,r3f0,3,0,1,2,0,0.2858023441871739,0.2470326780565366
random_forest_np,r3f0,3,0,2,3,0,0.43393680841575594,0.2470326780565366
random_forest_np,r3f0,3,0,3,4,0,0.31259339757822724,0.2470326780565366
random_forest_np,r3f0,3,0,4,5,0,0.28380234418717387,0.2470326780565366
random_forest_np,r3f0,3,0,5,6,0,0.20967954597926466,0.2470326780565366
random_forest_np,r3f0,3,0,6,7,1,0.7122528105881046,0.2470326780565366
random_forest_np,r3f0,3,0,7,8,1,0.2620936208150488,0.2470326780565366
random_forest_np,r3f0,3,0,13,25,1,0.6174793572411995,0.2470326780565366
random_forest_np,r3f0,3,0,14,26,1,0.7444950705727019,0.2470326780565366
random_forest_np,r3f0,3,0,15,27,1,0.6721060321472293,0.2470326780565366
random_forest_np,r3f0,3,0,16,28,1,0.8996378902014558,0.2470326780565366
random_forest_np,r3f0,3,0,21,33,0,0.2292372526516772,0.2470326780565366
random_forest_np,r3f0,3,0,22,34,0,0.30356789223340025,0.2470326780565366
random_forest_np,r3f0,3,0,23,35,0,0.24302759046858374,0.2470326780565366
random_forest_np,r3f0,3,0,28,40,1,0.7373925092451407,0.2470326780565366
random_forest_np,r3f0,3,0,29,41,1,0.7937232318850742,0.2470326780565366
random_forest_np,r3f0,3,0,30,42,1,0.8737356943296947,0.2470326780565366
random_forest_np,r3f0,3,0,31,43,1,0.8818356943296948,0.2470326780565366
random_forest_np,r3f0,3,0,34,46,1,0.19564747021189471,0.2470326780565366
random_forest_np,r3f0,3,0,35,47,1,0.27892974942074267,0.2470326780565366
random_forest_np,r3f0,3,0,36,48,1,0.2329548085850227,0.2470326780565366
random_forest_np,r3f0,3,0,37,49,0,0.25255936425035763,0.2470326780565366
random_forest_np,r3f0,3,0,38,50,0,0.2447201923111857,0.2470326780565366
random_forest_np,r3f0,3,0,39,51,1,0.522108081043558,0.2470326780565366
random_forest_np,r3f0,3,0,56,69,1,0.7281817965316417,0.2470326780565366
random_forest_np,r3f0,3,0,62,75,0,0.014816958697265601,0.2470326780565366
random_forest_np,r3f0,3,0,63,76,0,0.02512964753348385,0.2470326780565366
random_forest_np,r3f0,3,0,64,77,0,0.02747483567867199,0.2470326780565366
random_forest_np,r3f0,3,0,65,78,0,0.008812573866410184,0.2470326780565366
random_forest_np,r3f0,3,0,66,79,0,0.06392558696723162,0.2470326780565366
random_forest_np,r3f0,3,0,67,82,0,0.0072900870939234105,0.2470326780565366
random_forest_np,r3f0,3,0,101,119,0,0.14559142524142524,0.2470326780565366
random_forest_np,r3f0,3,0,102,120,0,0.15380680985680986,0.2470326780565366
random_forest_np,r3f0,3,0,103,121,0,0.11883151959151962,0.2470326780565366
random_forest_np,r3f0,3,0,104,122,0,0.041096293706293696,0.2470326780565366
random_forest_np,r3f0,3,0,105,123,0,0.11881247197247202,0.2470326780565366
random_forest_np,r3f0,3,0,106,124,0,0.01850998445998446,0.2470326780565366
random_forest_np,r3f0,3,0,142,161,0,0.050844509869215744,0.2470326780565366
random_forest_np,r3f0,3,0,143,162,0,0.05233601725072313,0.2470326780565366
random_forest_np,r3f0,3,0,144,163,0,0.04177095486213134,0.2470326780565366
random_forest_np,r3f0,3,0,145,164,0,0.04177095486213134,0.2470326780565366
random_forest_np,r3f0,3,0,161,180,0,0.11621121495719539,0.2470326780565366
random_forest_np,r3f0,3,0,162,181,0,0.44839396993443453,0.2470326780565366
random_forest_np,r3f0,3,0,163,182,1,0.7983415760709874,0.2470326780565366
random_forest_np,r3f0,3,0,168,187,0,0.09845575307045897,0.2470326780565366
random_forest_np,r3f0,3,0,169,188,0,0.08809809338809341,0.2470326780565366
random_forest_np,r3f0,3,0,183,202,0,0.2743510518154763,0.2470326780565366
random_forest_np,r3f0,3,0,184,203,0,0.19114747021189474,0.2470326780565366
random_forest_np,r3f0,3,0,185,204,1,0.26581982601081927,0.2470326780565366
random_forest_np,r3f0,3,0,186,205,1,0.2447201923111857,0.2470326780565366
random_forest_np,r3f0,3,0,187,206,1,0.26319362081504877,0.2470326780565366
random_forest_np,r3f0,3,0,188,207,1,0.35286411609038276,0.2470326780565366
random_forest_np,r3f0,3,0,189,208,1,0.26267053279196073,0.2470326780565366
random_forest_np,r3f0,3,0,193,213,0,0.08508998175119165,0.2470326780565366
random_forest_np,r3f0,3,0,194,214,0,0.42853136363120914,0.2470326780565366
random_forest_np,r3f0,3,0,195,215,0,0.02991394709357288,0.2470326780565366
random_forest_np,r3f0,3,0,196,216,0,0.007345907199743517,0.2470326780565366
random_forest_np,r3f0,3,0,197,217,0,0.027559978839604624,0.2470326780565366
random_forest_np,r3f0,3,0,198,218,0,0.00542924053307685,0.2470326780565366
random_forest_np,r3f0,3,0,207,228,0,0.24994684898784236,0.2470326780565366
random_forest_np,r3f0,3,0,208,229,1,0.5375542348897117,0.2470326780565366
random_forest_np,r3f0,3,0,209,230,0,0.22478699217798553,0.2470326780565366
random_forest_np,r3f0,3,0,246,269,0,0.19546253412909753,0.2470326780565366
random_forest_np,r3f0,3,0,247,270,1,0.3747402397568034,0.2470326780565366
random_forest_np,r3f0,3,0,248,271,0,0.012581216931216933,0.2470326780565366
random_forest_np,r3f0,3,0,249,272,0,0.010707407407407409,0.2470326780565366
random_forest_np,r3f1,3,1,52,65,0,0.0794134268970702,0.20160390416346938
random_forest_np,r3f1,3,1,53,66,0,0.011568105600100315,0.20160390416346938
random_forest_np,r3f1,3,1,54,67,0,0.09835034257856791,0.20160390416346938
random_forest_np,r3f1,3,1,55,68,0,0.05966572464771936,0.20160390416346938
random_forest_np,r3f1,3,1,57,70,0,0.09318812513547126,0.20160390416346938
random_forest_np,r3f1,3,1,58,71,0,0.13218462796662275,0.20160390416346938
random_forest_np,r3f1,3,1,59,72,1,0.546050296880444,0.20160390416346938
random_forest_np,r3f1,3,1,60,73,0,0.09318812513547126,0.20160390416346938
random_forest_np,r3f1,3,1,61,74,1,0.546050296880444,0.20160390416346938
random_forest_np,r3f1,3,1,68,84,0,0.08404537832737308,0.20160390416346938
random_forest_np,r3f1,3,1,69,85,0,0.021303819885814597,0.20160390416346938
random_forest_np,r3f1,3,1,70,86,0,0.024914219208713916,0.20160390416346938
random_forest_np,r3f1,3,1,71,87,0,0.016350154107148816,0.20160390416346938
random_forest_np,r3f1,3,1,72,88,1,0.4725969677816743,0.20160390416346938
random_forest_np,r3f1,3,1,73,89,1,0.358673390777083,0.20160390416346938
random_forest_np,r3f1,3,1,74,90,1,0.3546972003008926,0.20160390416346938
random_forest_np,r3f1,3,1,75,91,1,0.39388544522590213,0.20160390416346938
random_forest_np,r3f1,3,1,76,92,1,0.5188882056377637,0.20160390416346938
random_forest_np,r3f1,3,1,77,93,1,0.8576771935495743,0.20160390416346938
random_forest_np,r3f1,3,1,80,97,1,0.2637144729028943,0.20160390416346938
random_forest_np,r3f1,3,1,87,104,0,0.22762417637078192,0.20160390416346938
random_forest_np,r3f1,3,1,88,105,1,0.2637144729028943,0.20160390416346938
random_forest_np,r3f1,3,1,90,107,1,0.33112252485861954,0.20160390416346938
random_forest_np,r3f1,3,1,192,212,0,0.14521313175798464,0.20160390416346938
random_forest_np,r3f1,3,1,199,219,0,0.025679491436486155,0.20160390416346938
random_forest_np,r3f1,3,1,200,220,0,0.11444039997239476,0.20160390416346938
random_forest_np,r3f1,3,1,201,221,0,0.11835093388292867,0.20160390416346938
random_forest_np,r3f1,3,1,204,225,0,0.027554305511300226,0.20160390416346938
random_forest_np,r3f1,3,1,210,231,1,0.3019004920223909,0.20160390416346938
random_forest_np,r3f1,3,1,214,235,0,0.15584317415893714,0.20160390416346938
random_forest_np,r3f1,3,1,215,236,0,0.527342867433884,0.20160390416346938
random_forest_np,r3f1,3,1,216,238,1,0.5728999381409551,0.20160390416346938
random_forest_np,r3f1,3,1,217,239,0,0.016252937762720375,0.20160390416346938
random_forest_np,r3f1,3,1,218,240,0,0.01356202867181128,0.20160390416346938
random_forest_np,r3f1,3,1,223,246,0,0.0176023532023532,0.20160390416346938
random_forest_np,r3f1,3,1,224,247,0,0.11582702852702857,0.20160390416346938
random_forest_np,r3f1,3,1,225,248,0,0.04965191353514105,0.20160390416346938
random_forest_np,r3f1,3,1,226,249,0,0.48587535909934526,0.20160390416346938
random_forest_np,r3f1,3,1,228,251,0,0.4708221645349468,0.20160390416346938
random_forest_np,r3f1,3,1,229,252,1,0.4775396248524071,0.20160390416346938
random_forest_np,r3f1,3,1,241,264,0,0.059743229967246944,0.20160390416346938
random_forest_np,r3f1,3,1,242,265,0,0.01555006105006105,0.20160390416346938
random_forest_np,r3f1,3,1,243,266,0,0.17641423021423022,0.20160390416346938
random_forest_np,r3f1,3,1,244,267,0,0.5634697835909473,0.20160390416346938
random_forest_np,r3f1,3,1,245,268,0,0.52366047623164,0.20160390416346938
random_forest_np,r3f2,3,2,24,36,0,0.06102745147572733,0.1862282783264208
random_forest_np,r3f2,3,2,41,54,0,0.0807902802596617,0.1862282783264208
random_forest_np,r3f2,3,2,42,55,1,0.06134195113780313,0.1862282783264208
random_forest_np,r3f2,3,2,43,56,1,0.27643280869035397,0.1862282783264208
random_forest_np,r3f2,3,2,44,57,0,0.3139787731265998,0.1862282783264208
random_forest_np,r3f2,3,2,45,58,0,0.08065159032459344,0.1862282783264208
random_forest_np,r3f2,3,2,46,59,0,0.02604743145743146,0.1862282783264208
random_forest_np,r3f2,3,2,47,60,0,0.034016951216424895,0.1862282783264208
random_forest_np,r3f2,3,2,48,61,0,0.08065159032459344,0.1862282783264208
random_forest_np,r3f2,3,2,49,62,0,0.1820954900885424,0.1862282783264208
random_forest_np,r3f2,3,2,50,63,1,0.5609468555458916,0.1862282783264208
random_forest_np,r3f2,3,2,51,64,0,0.3726314768902821,0.1862282783264208
random_forest_np,r3f2,3,2,113,131,1,0.7697226813665816,0.1862282783264208
random_forest_np,r3f2,3,2,114,132,1,0.7004611760764184,0.1862282783264208
random_forest_np,r3f2,3,2,115,133,1,0.3766880757066092,0.1862282783264208
random_forest_np,r3f2,3,2,116,134,0,0.2490127554091082,0.1862282783264208
random_forest_np,r3f2,3,2,117,135,1,0.696135995701238,0.1862282783264208
random_forest_np,r3f2,3,2,118,136,1,0.45468745965599316,0.1862282783264208
random_forest_np,r3f2,3,2,119,137,1,0.4325290902476238,0.1862282783264208
random_forest_np,r3f2,3,2,120,139,1,0.7560477672484418,0.1862282783264208
random_forest_np,r3f2,3,2,132,151,1,0.11825368822669133,0.1862282783264208
random_forest_np,r3f2,3,2,133,152,0,0.07120374775322144,0.1862282783264208
random_forest_np,r3f2,3,2,134,153,0,0.06743935064935064,0.1862282783264208
random_forest_np,r3f2,3,2,135,154,0,0.08776924777911768,0.1862282783264208
random_forest_np,r3f2,3,2,136,155,0,0.2612654725709072,0.1862282783264208
random_forest_np,r3f2,3,2,137,156,1,0.6556716907275735,0.1862282783264208
random_forest_np,r3f2,3,2,146,165,0,0.4555854795531267,0.1862282783264208
random_forest_np,r3f2,3,2,149,168,1,0.3188162880279235,0.1862282783264208
random_forest_np,r3f2,3,2,150,169,0,0.3214067642183997,0.1862282783264208
random_forest_np,r3f2,3,2,151,170,0,0.34855968374755747,0.1862282783264208
random_forest_np,r3f2,3,2,152,171,0,0.08860258111245102,0.1862282783264208
random_forest_np,r3f2,3,2,153,172,0,0.36063995922378295,0.1862282783264208
random_forest_np,r3f2,3,2,154,173,1,0.6556716907275735,0.1862282783264208
random_forest_np,r3f2,3,2,170,189,0,0.12157663194963506,0.1862282783264208
random_forest_np,r3f2,3,2,171,190,0,0.05229271284271284,0.1862282783264208
random_forest_np,r3f2,3,2,172,191,0,0.21780001110001113,0.1862282783264208
random_forest_np,r3f2,3,2,190,209,0,0.11889440888246051,0.1862282783264208
random_forest_np,r3f2,3,2,191,211,0,0.2653631456423974,0.1862282783264208
random_forest_np,r3f2,3,2,221,244,0,0.03737155258455567,0.1862282783264208
random_forest_np,r3f2,3,2,222,245,0,0.011055921855921856,0.1862282783264208
random_forest_np,r3f2,3,2,237,260,0,0.138877649836344,0.1862282783264208
random_forest_np,r3f2,3,2,238,261,0,0.1745344084372203,0.1862282783264208
random_forest_np,r3f2,3,2,239,262,0,0.07072681488497926,0.1862282783264208
random_forest_np,r3f2,3,2,240,263,0,0.037635858585858585,0.1862282783264208
random_forest_np,r3f2,3,2,250,273,0,0.3653810282051553,0.1862282783264208
random_forest_np,r3f2,3,2,251,274,0,0.6981926594552502,0.1862282783264208
random_forest_np,r3f3,3,3,8,19,1,0.9333037033750873,0.27611022262647533
random_forest_np,r3f3,3,3,9,20,1,0.822301098186253,0.27611022262647533
random_forest_np,r3f3,3,3,10,21,1,0.8424441717793268,0.27611022262647533
random_forest_np,r3f3,3,3,11,22,1,0.8419997273348825,0.27611022262647533
random_forest_np,r3f3,3,3,12,23,1,0.922339445583652,0.27611022262647533
random_forest_np,r3f3,3,3,25,37,1,0.743878062235276,0.27611022262647533
random_forest_np,r3f3,3,3,26,38,1,0.8289323049911443,0.27611022262647533
random_forest_np,r3f3,3,3,27,39,1,0.9346369669511734,0.27611022262647533
random_forest_np,r3f3,3,3,81,98,0,0.5026382798353961,0.27611022262647533
random_forest_np,r3f3,3,3,82,99,0,0.5625184277068483,0.27611022262647533
random_forest_np,r3f3,3,3,83,100,0,0.369815380616505,0.27611022262647533
random_forest_np,r3f3,3,3,84,101,0,0.3596606187117429,0.27611022262647533
random_forest_np,r3f3,3,3,89,106,1,0.5680042053804393,0.27611022262647533
random_forest_np,r3f3,3,3,91,108,1,0.5293229509613716,0.27611022262647533
random_forest_np,r3f3,3,3,96,113,0,0.13238280352258686,0.27611022262647533
random_forest_np,r3f3,3,3,97,115,0,0.12806851780830117,0.27611022262647533
random_forest_np,r3f3,3,3,98,116,0,0.07090410017287122,0.27611022262647533
random_forest_np,r3f3,3,3,99,117,0,0.09898569636862792,0.27611022262647533
random_forest_np,r3f3,3,3,100,118,0,0.14569866980639387,0.27611022262647533
random_forest_np,r3f3,3,3,138,157,0,0.1414889018446294,0.27611022262647533
random_forest_np,r3f3,3,3,139,158,0,0.07814084989657745,0.27611022262647533
random_forest_np,r3f3,3,3,140,159,0,0.028315971961213583,0.27611022262647533
random_forest_np,r3f3,3,3,141,160,0,0.028315971961213583,0.27611022262647533
random_forest_np,r3f3,3,3,147,166,0,0.002232065671424939,0.27611022262647533
random_forest_np,r3f3,3,3,148,167,0,0.00016857360793287568,0.27611022262647533
random_forest_np,r3f3,3,3,159,178,0,0.7004009242492323,0.27611022262647533
random_forest_np,r3f3,3,3,160,179,1,0.8501515799167969,0.27611022262647533
random_forest_np,r3f3,3,3,164,183,0,0.527811356758473,0.27611022262647533
random_forest_np,r3f3,3,3,165,184,0,0.5358296177458516,0.27611022262647533
random_forest_np,r3f3,3,3,166,185,0,0.5744217466626866,0.27611022262647533
random_forest_np,r3f3,3,3,167,186,0,0.5007193740353136,0.27611022262647533
random_forest_np,r3f3,3,3,202,222,0,0.13198316247697608,0.27611022262647533
random_forest_np,r3f3,3,3,203,224,1,0.6420887762826366,0.27611022262647533
random_forest_np,r3f3,3,3,205,226,0,0.03616040803270447,0.27611022262647533
random_forest_np,r3f3,3,3,206,227,0,0.022750090572387017,0.27611022262647533
random_forest_np,r3f3,3,3,211,232,0,0.07874057826999638,0.27611022262647533
random_forest_np,r3f3,3,3,212,233,1,0.16412889876780698,0.27611022262647533
random_forest_np,r3f3,3,3,213,234,1,0.16617889876780698,0.27611022262647533
random_forest_np,r3f3,3,3,219,241,0,0.019840775618335225,0.27611022262647533
random_forest_np,r3f3,3,3,220,243,0,0.7707335858585858,0.27611022262647533
random_forest_np,r3f3,3,3,232,255,0,0.2436046785157266,0.27611022262647533
random_forest_np,r3f3,3,3,233,256,0,0.23700284701389512,0.27611022262647533
random_forest_np,r3f3,3,3,234,257,0,0.20253541538647354,0.27611022262647533
random_forest_np,r3f3,3,3,235,258,0,0.33581268196959047,0.27611022262647533
random_forest_np,r3f3,3,3,236,259,0,0.4347198403193186,0.27611022262647533
random_forest_np,r3f4,3,4,17,29,1,0.8288854753467663,0.2510675572463603
random_forest_np,r3f4,3,4,18,30,0,0.9418141372988894,0.2510675572463603
random_forest_np,r3f4,3,4,19,31,1,0.9399093247634702,0.2510675572463603
random_forest_np,r3f4,3,4,20,32,1,0.9726839321821953,0.2510675572463603
random_forest_np,r3f4,3,4,32,44,1,0.9812335584006634,0.2510675572463603
random_forest_np,r3f4,3,4,33,45,0,0.8272902372515281,0.2510675572463603
random_forest_np,r3f4,3,4,40,52,1,0.8910051894251242,0.2510675572463603
random_forest_np,r3f4,3,4,78,94,0,0.749735891476951,0.2510675572463603
random_forest_np,r3f4,3,4,79,95,0,0.7033597731508325,0.2510675572463603
random_forest_np,r3f4,3,4,85,102,0,0.18020830551351572,0.2510675572463603
random_forest_np,r3f4,3,4,86,103,0,0.10977243904080707,0.2510675572463603
random_forest_np,r3f4,3,4,92,109,0,0.1173123549862142,0.2510675572463603
random_forest_np,r3f4,3,4,93,110,0,0.18122293431841505,0.2510675572463603
random_forest_np,r3f4,3,4,94,111,1,0.1439287118319828,0.2510675572463603
random_forest_np,r3f4,3,4,95,112,1,0.1418707226419503,0.2510675572463603
random_forest_np,r3f4,3,4,107,125,0,0.009269393018329186,0.2510675572463603
random_forest_np,r3f4,3,4,108,126,0,0.00889096588990206,0.2510675572463603
random_forest_np,r3f4,3,4,109,127,0,0.007385410334346506,0.2510675572463603
random_forest_np,r3f4,3,4,110,128,0,0.009307632556568727,0.2510675572463603
random_forest_np,r3f4,3,4,111,129,0,0.04088139095063736,0.2510675572463603
random_forest_np,r3f4,3,4,112,130,0,0.057179009998256404,0.2510675572463603
random_forest_np,r3f4,3,4,121,140,0,0.04122801495195111,0.2510675572463603
random_forest_np,r3f4,3,4,122,141,0,0.006707632556568727,0.2510675572463603
random_forest_np,r3f4,3,4,123,142,0,0.039000744999681175,0.2510675572463603
random_forest_np,r3f4,3,4,124,143,0,0.03631661801555419,0.2510675572463603
random_forest_np,r3f4,3,4,125,144,0,0.24539675113273668,0.2510675572463603
random_forest_np,r3f4,3,4,126,145,0,0.24505108862530955,0.2510675572463603
random_forest_np,r3f4,3,4,127,146,0,0.26446012930756,0.2510675572463603
random_forest_np,r3f4,3,4,128,147,0,0.018214775413711585,0.2510675572463603
random_forest_np,r3f4,3,4,129,148,1,0.5416743143346134,0.2510675572463603
random_forest_np,r3f4,3,4,130,149,1,0.736496466461812,0.2510675572463603
random_forest_np,r3f4,3,4,131,150,0,0.3567611290640076,0.2510675572463603
random_forest_np,r3f4,3,4,155,174,1,0.8958573515070019,0.2510675572463603
random_forest_np,r3f4,3,4,156,175,1,0.8879841191837698,0.2510675572463603
random_forest_np,r3f4,3,4,157,176,0,0.7092529128169417,0.2510675572463603
random_forest_np,r3f4,3,4,158,177,0,0.7891621030867458,0.2510675572463603
random_forest_np,r3f4,3,4,173,192,0,0.08039614320361292,0.2510675572463603
random_forest_np,r3f4,3,4,174,193,0,0.06119341414212874,0.2510675572463603
random_forest_np,r3f4,3,4,175,194,0,0.08240525223893799,0.2510675572463603
random_forest_np,r3f4,3,4,176,195,0,0.12346361232403516,0.2510675572463603
random_forest_np,r3f4,3,4,177,196,0,0.39184940190228057,0.2510675572463603
random_forest_np,r3f4,3,4,178,197,0,0.41539223229842914,0.2510675572463603
random_forest_np,r3f4,3,4,179,198,1,0.7213718632872089,0.2510675572463603
random_forest_np,r3f4,3,4,180,199,0,0.28562008139724343,0.2510675572463603
random_forest_np,r3f4,3,4,181,200,0,0.10826075929597867,0.2510675572463603
random_forest_np,r3f4,3,4,182,201,0,0.10955718879240814,0.2510675572463603
random_forest_np,r3f4,3,4,227,250,1,0.26842275880993094,0.2510675572463603
random_forest_np,r3f4,3,4,230,253,0,0.20291206822025007,0.2510675572463603
random_forest_np,r3f4,3,4,231,254,1,0.21484352565170753,0.2510675572463603
random_forest_np,r4f0,4,0,13,25,1,0.6010364822664805,0.18920252666177798
random_forest_np,r4f0,4,0,14,26,1,0.7710196265031075,0.18920252666177798
random_forest_np,r4f0,4,0,15,27,1,0.5186129560280004,0.18920252666177798
random_forest_np,r4f0,4,0,16,28,1,0.8847704943717853,0.18920252666177798
random_forest_np,r4f0,4,0,24,36,0,0.07070869022356772,0.18920252666177798
random_forest_np,r4f0,4,0,28,40,1,0.7306675021298965,0.18920252666177798
random_forest_np,r4f0,4,0,29,41,1,0.7756103280532899,0.18920252666177798
random_forest_np,r4f0,4,0,30,42,1,0.9073739558366118,0.18920252666177798
random_forest_np,r4f0,4,0,31,43,1,0.9141462470719465,0.18920252666177798
random_forest_np,r4f0,4,0,41,54,0,0.10980890201282646,0.18920252666177798
random_forest_np,r4f0,4,0,42,55,1,0.07909257641564978,0.18920252666177798
random_forest_np,r4f0,4,0,43,56,1,0.21753695772110235,0.18920252666177798
random_forest_np,r4f0,4,0,44,57,0,0.36433988623112556,0.18920252666177798
random_forest_np,r4f0,4,0,101,119,0,0.09504687596634738,0.18920252666177798
random_forest_np,r4f0,4,0,102,120,0,0.11477133669080818,0.18920252666177798
random_forest_np,r4f0,4,0,103,121,0,0.10719844560770334,0.18920252666177798
random_forest_np,r4f0,4,0,104,122,0,0.01587849920299275,0.18920252666177798
random_forest_np,r4f0,4,0,105,123,0,0.10403336624262395,0.18920252666177798
random_forest_np,r4f0,4,0,106,124,0,0.009415021569515113,0.18920252666177798
random_forest_np,r4f0,4,0,125,144,0,0.09999379859772305,0.18920252666177798
random_forest_np,r4f0,4,0,126,145,0,0.06919899777207113,0.18920252666177798
random_forest_np,r4f0,4,0,127,146,0,0.18845499423783177,0.18920252666177798
random_forest_np,r4f0,4,0,129,148,1,0.4948176117806538,0.18920252666177798
random_forest_np,r4f0,4,0,130,149,1,0.6668662036280832,0.18920252666177798
random_forest_np,r4f0,4,0,131,150,0,0.3260600938013331,0.18920252666177798
random_forest_np,r4f0,4,0,149,168,1,0.4207727310290491,0.18920252666177798
random_forest_np,r4f0,4,0,150,169,0,0.4212727310290491,0.18920252666177798
random_forest_np,r4f0,4,0,151,170,0,0.41083283236657525,0.18920252666177798
random_forest_np,r4f0,4,0,177,196,0,0.3650065528977922,0.18920252666177798
random_forest_np,r4f0,4,0,178,197,0,0.3655065528977922,0.18920252666177798
random_forest_np,r4f0,4,0,179,198,1,0.6679519179137976,0.18920252666177798
random_forest_np,r4f0,4,0,180,199,0,0.07909257641564978,0.18920252666177798
random_forest_np,r4f0,4,0,181,200,0,0.0748361431627854,0.18920252666177798
random_forest_np,r4f0,4,0,182,201,0,0.07070869022356772,0.18920252666177798
random_forest_np,r4f0,4,0,214,235,0,0.16492087442396877,0.18920252666177798
random_forest_np,r4f0,4,0,215,236,0,0.398020964257882,0.18920252666177798
random_forest_np,r4f0,4,0,216,238,1,0.6478376947496122,0.18920252666177798
random_forest_np,r4f0,4,0,217,239,0,0.0328224169519105,0.18920252666177798
random_forest_np,r4f0,4,0,218,240,0,0.029173210602704152,0.18920252666177798
random_forest_np,r4f0,4,0,223,246,0,0.01609908424908425,0.18920252666177798
random_forest_np,r4f0,4,0,224,247,0,0.0353605561105561,0.18920252666177798
random_forest_np,r4f0,4,0,225,248,0,0.020248383831793032,0.18920252666177798
random_forest_np,r4f0,4,0,232,255,0,0.29577120127248174,0.18920252666177798
random_forest_np,r4f0,4,0,233,256,0,0.2846544347057153,0.18920252666177798
random_forest_np,r4f0,4,0,234,257,0,0.2488419053190372,0.18920252666177798
random_forest_np,r4f0,4,0,235,258,0,0.4140922255317049,0.18920252666177798
random_forest_np,r4f0,4,0,236,259,0,0.48963914972893824,0.18920252666177798
random_forest_np,r4f1,4,1,52,65,0,0.07326721033501618,0.240931137797396
random_forest_np,r4f1,4,1,53,66,0,0.021023886806593572,0.240931137797396
random_forest_np,r4f1,4,1,54,67,0,0.09802477102829124,0.240931137797396
random_forest_np,r4f1,4,1,55,68,0,0.08112985744414318,0.240931137797396
random_forest_np,r4f1,4,1,57,70,0,0.08088094663563306,0.240931137797396
random_forest_np,r4f1,4,1,58,71,0,0.12852747649176222,0.240931137797396
random_forest_np,r4f1,4,1,59,72,1,0.581474979216666,0.240931137797396
random_forest_np,r4f1,4,1,60,73,0,0.08088094663563306,0.240931137797396
random_forest_np,r4f1,4,1,61,74,1,0.581474979216666,0.240931137797396
random_forest_np,r4f1,4,1,68,84,0,0.08196319077747652,0.240931137797396
random_forest_np,r4f1,4,1,69,85,0,0.02939537642808319,0.240931137797396
random_forest_np,r4f1,4,1,70,86,0,0.01995579612534499,0.240931137797396
random_forest_np,r4f1,4,1,71,87,0,0.018870085637002935,0.240931137797396
random_forest_np,r4f1,4,1,72,88,1,0.4596795288303027,0.240931137797396
random_forest_np,r4f1,4,1,73,89,1,0.3358398314957847,0.240931137797396
random_forest_np,r4f1,4,1,74,90,1,0.3392772659911139,0.240931137797396
random_forest_np,r4f1,4,1,75,91,1,0.37483015199399977,0.240931137797396
random_forest_np,r4f1,4,1,76,92,1,0.4891984660751496,0.240931137797396
random_forest_np,r4f1,4,1,77,93,1,0.8551523925357083,0.240931137797396
random_forest_np,r4f1,4,1,80,97,1,0.235534581184807,0.240931137797396
random_forest_np,r4f1,4,1,87,104,0,0.2140781209783467,0.240931137797396
random_forest_np,r4f1,4,1,88,105,1,0.23603458118480702,0.240931137797396
random_forest_np,r4f1,4,1,90,107,1,0.3301184283961817,0.240931137797396
random_forest_np,r4f1,4,1,121,140,0,0.05537884648499817,0.240931137797396
random_forest_np,r4f1,4,1,122,141,0,0.00024489795918367346,0.240931137797396
random_forest_np,r4f1,4,1,123,142,0,0.10698396999825575,0.240931137797396
random_forest_np,r4f1,4,1,124,143,0,0.11577920809349379,0.240931137797396
random_forest_np,r4f1,4,1,147,166,0,0.006804421768707482,0.240931137797396
random_forest_np,r4f1,4,1,148,167,0,0.09256650968079537,0.240931137797396
random_forest_np,r4f1,4,1,192,212,0,0.1626109459488144,0.240931137797396
random_forest_np,r4f1,4,1,199,219,0,0.04328420426691103,0.240931137797396
random_forest_np,r4f1,4,1,200,220,0,0.10767047793476371,0.240931137797396
random_forest_np,r4f1,4,1,201,221,0,0.13291239712668285,0.240931137797396
random_forest_np,r4f1,4,1,205,226,0,0.045106162425711284,0.240931137797396
random_forest_np,r4f1,4,1,206,227,0,0.027540072959621832,0.240931137797396
random_forest_np,r4f1,4,1,211,232,0,0.09998477293713869,0.240931137797396
random_forest_np,r4f1,4,1,212,233,1,0.4134499436553785,0.240931137797396
random_forest_np,r4f1,4,1,213,234,1,0.4429503044057391,0.240931137797396
random_forest_np,r4f1,4,1,241,264,0,0.035086207544990825,0.240931137797396
random_forest_np,r4f1,4,1,242,265,0,0.01509560790087106,0.240931137797396
random_forest_np,r4f1,4,1,243,266,0,0.1286444423997056,0.240931137797396
random_forest_np,r4f1,4,1,244,267,0,0.3856280100334448,0.240931137797396
random_forest_np,r4f1,4,1,245,268,0,0.3716859465413813,0.240931137797396
random_forest_np,r4f1,4,1,246,269,0,0.298206426061861,0.240931137797396
random_forest_np,r4f1,4,1,247,270,1,0.4546789142230317,0.240931137797396
random_forest_np,r4f1,4,1,248,271,0,0.017009373959373957,0.240931137797396
random_forest_np,r4f1,4,1,249,272,0,0.01210302475302475,0.240931137797396
random_forest_np,r4f2,4,2,0,1,1,0.5124485204693899,0.24054478692961678
random_forest_np,r4f2,4,2,1,2,0,0.3283720635929329,0.24054478692961678
random_forest_np,r4f2,4,2,2,3,0,0.5124485204693899,0.24054478692961678
random_forest_np,r4f2,4,2,3,4,0,0.3481506350215044,0.24054478692961678
random_forest_np,r4f2,4,2,4,5,0,0.3278720635929329,0.24054478692961678
random_forest_np,r4f2,4,2,5,6,0,0.1963629366088062,0.24054478692961678
random_forest_np,r4f2,4,2,6,7,1,0.7989321857442736,0.24054478692961678
random_forest_np,r4f2,4,2,7,8,1,0.3116626267837434,0.24054478692961678
random_forest_np,r4f2,4,2,21,33,0,0.23509651610120916,0.24054478692961678
random_forest_np,r4f2,4,2,22,34,0,0.27515771073919404,0.24054478692961678
random_forest_np,r4f2,4,2,23,35,0,0.2663971685484204,0.24054478692961678
random_forest_np,r4f2,4,2,34,46,1,0.20442891148360454,0.24054478692961678
random_forest_np,r4f2,4,2,35,47,1,0.28552733323312474,0.24054478692961678
random_forest_np,r4f2,4,2,36,48,1,0.22483701476849813,0.24054478692961678
random_forest_np,r4f2,4,2,37,49,0,0.2520152867047738,0.24054478692961678
random_forest_np,r4f2,4,2,38,50,0,0.26367819307944496,0.24054478692961678
random_forest_np,r4f2,4,2,39,51,1,0.5519978894849769,0.24054478692961678
random_forest_np,r4f2,4,2,56,69,1,0.7659523580556229,0.24054478692961678
random_forest_np,r4f2,4,2,64,77,0,0.04135904771756292,0.24054478692961678
random_forest_np,r4f2,4,2,65,78,0,0.012016620458831314,0.24054478692961678
random_forest_np,r4f2,4,2,113,131,1,0.8241620537958774,0.24054478692961678
random_forest_np,r4f2,4,2,114,132,1,0.6317167888756123,0.24054478692961678
random_forest_np,r4f2,4,2,115,133,1,0.43206261192081585,0.24054478692961678
random_forest_np,r4f2,4,2,116,134,0,0.28639734728349286,0.24054478692961678
random_forest_np,r4f2,4,2,117,135,1,0.6039191267338325,0.24054478692961678
random_forest_np,r4f2,4,2,118,136,1,0.461434076404045,0.24054478692961678
random_forest_np,r4f2,4,2,119,137,1,0.4585809824391864,0.24054478692961678
random_forest_np,r4f2,4,2,120,139,1,0.7651957478795716,0.24054478692961678
random_forest_np,r4f2,4,2,132,151,1,0.1060527195027195,0.24054478692961678
random_forest_np,r4f2,4,2,133,152,0,0.10361124431124435,0.24054478692961678
random_forest_np,r4f2,4,2,134,153,0,0.06275150405150404,0.24054478692961678
random_forest_np,r4f2,4,2,135,154,0,0.07261545287071602,0.24054478692961678
random_forest_np,r4f2,4,2,136,155,0,0.17098508046534364,0.24054478692961678
random_forest_np,r4f2,4,2,137,156,1,0.752825093044211,0.24054478692961678
random_forest_np,r4f2,4,2,138,157,0,0.11986786677374908,0.24054478692961678
random_forest_np,r4f2,4,2,139,158,0,0.06150686111274345,0.24054478692961678
random_forest_np,r4f2,4,2,140,159,0,0.05104214674214674,0.24054478692961678
random_forest_np,r4f2,4,2,141,160,0,0.05104214674214674,0.24054478692961678
random_forest_np,r4f2,4,2,146,165,0,0.571094390413508,0.24054478692961678
random_forest_np,r4f2,4,2,152,171,0,0.07581148461674779,0.24054478692961678
random_forest_np,r4f2,4,2,153,172,0,0.26399770931682703,0.24054478692961678
random_forest_np,r4f2,4,2,154,173,1,0.752825093044211,0.24054478692961678
random_forest_np,r4f2,4,2,170,189,0,0.10435430680430678,0.24054478692961678
random_forest_np,r4f2,4,2,171,190,0,0.06308483738483736,0.24054478692961678
random_forest_np,r4f2,4,2,172,191,0,0.22899385614385606,0.24054478692961678
random_forest_np,r4f2,4,2,183,202,0,0.28081734714569756,0.24054478692961678
random_forest_np,r4f2,4,2,184,203,0,0.20757891148360458,0.24054478692961678
random_forest_np,r4f2,4,2,185,204,1,0.2724453732848604,0.24054478692961678
random_forest_np,r4f2,4,2,186,205,1,0.26367819307944496,0.24054478692961678
random_forest_np,r4f2,4,2,187,206,1,0.30796262678374337,0.24054478692961678
random_forest_np,r4f2,4,2,188,207,1,0.4321880356362685,0.24054478692961678
random_forest_np,r4f2,4,2,189,208,1,0.317397547418664,0.24054478692961678
random_forest_np,r4f2,4,2,190,209,0,0.08105917843470654,0.24054478692961678
random_forest_np,r4f2,4,2,191,211,0,0.22450809121135523,0.24054478692961678
random_forest_np,r4f2,4,2,193,213,0,0.09441885279984127,0.24054478692961678
random_forest_np,r4f2,4,2,194,214,0,0.5371030074062716,0.24054478692961678
random_forest_np,r4f2,4,2,195,215,0,0.031122788228259955,0.24054478692961678
random_forest_np,r4f2,4,2,196,216,0,0.011016620458831314,0.24054478692961678
random_forest_np,r4f2,4,2,207,228,0,0.26712852370931517,0.24054478692961678
random_forest_np,r4f2,4,2,208,229,1,0.5595312228183101,0.24054478692961678
random_forest_np,r4f2,4,2,209,230,0,0.2533297082309601,0.24054478692961678
random_forest_np,r4f2,4,2,219,241,0,0.040733179919339065,0.24054478692961678
random_forest_np,r4f2,4,2,220,243,0,0.6992635154061632,0.24054478692961678
random_forest_np,r4f2,4,2,226,249,0,0.42580248212285354,0.24054478692961678
random_forest_np,r4f2,4,2,228,251,0,0.3983492306241464,0.24054478692961678
random_forest_np,r4f2,4,2,229,252,1,0.39990478617970193,0.24054478692961678
random_forest_np,r4f2,4,2,250,273,0,0.2877646142184842,0.24054478692961678
random_forest_np,r4f2,4,2,251,274,0,0.4400256609632771,0.24054478692961678
random_forest_np,r4f3,4,3,8,19,1,0.9320038051650442,0.24421567397378569
random_forest_np,r4f3,4,3,9,20,1,0.8293156409408731,0.24421567397378569
random_forest_np,r4f3,4,3,10,21,1,0.86006722824246,0.24421567397378569
random_forest_np,r4f3,4,3,11,22,1,0.8554831012583332,0.24421567397378569
random_forest_np,r4f3,4,3,12,23,1,0.9265677375289768,0.24421567397378569
random_forest_np,r4f3,4,3,25,37,1,0.764130379484512,0.24421567397378569
random_forest_np,r4f3,4,3,26,38,1,0.8421036279538601,0.24421567397378569
random_forest_np,r4f3,4,3,27,39,1,0.935335028571268,0.24421567397378569
random_forest_np,r4f3,4,3,45,58,0,0.1469902688913164,0.24421567397378569
random_forest_np,r4f3,4,3,46,59,0,0.0507563713702973,0.24421567397378569
random_forest_np,r4f3,4,3,47,60,0,0.11057336824809987,0.24421567397378569
random_forest_np,r4f3,4,3,48,61,0,0.14975217365322113,0.24421567397378569
random_forest_np,r4f3,4,3,49,62,0,0.17278807095694837,0.24421567397378569
random_forest_np,r4f3,4,3,50,63,1,0.4909500468397525,0.24421567397378569
random_forest_np,r4f3,4,3,51,64,0,0.254833561330954,0.24421567397378569
random_forest_np,r4f3,4,3,62,75,0,0.003601684699649547,0.24421567397378569
random_forest_np,r4f3,4,3,63,76,0,0.017305919044844992,0.24421567397378569
random_forest_np,r4f3,4,3,66,79,0,0.13732323194182264,0.24421567397378569
random_forest_np,r4f3,4,3,67,82,0,0.012703264681664312,0.24421567397378569
random_forest_np,r4f3,4,3,85,102,0,0.2277197325982414,0.24421567397378569
random_forest_np,r4f3,4,3,86,103,0,0.15850987165178634,0.24421567397378569
random_forest_np,r4f3,4,3,92,109,0,0.1725268636334857,0.24421567397378569
random_forest_np,r4f3,4,3,93,110,0,0.22292398943061817,0.24421567397378569
random_forest_np,r4f3,4,3,94,111,1,0.19129064984727187,0.24421567397378569
random_forest_np,r4f3,4,3,95,112,1,0.2371871537303858,0.24421567397378569
random_forest_np,r4f3,4,3,96,113,0,0.11576409689771268,0.24421567397378569
random_forest_np,r4f3,4,3,97,115,0,0.11252340425702004,0.24421567397378569
random_forest_np,r4f3,4,3,98,116,0,0.08328748831537647,0.24421567397378569
random_forest_np,r4f3,4,3,99,117,0,0.09751619428100627,0.24421567397378569
random_forest_np,r4f3,4,3,100,118,0,0.14150248825252731,0.24421567397378569
random_forest_np,r4f3,4,3,142,161,0,0.026591083962934935,0.24421567397378569
random_forest_np,r4f3,4,3,143,162,0,0.01471484295845998,0.24421567397378569
random_forest_np,r4f3,4,3,144,163,0,0.005802288845905866,0.24421567397378569
random_forest_np,r4f3,4,3,145,164,0,0.005802288845905866,0.24421567397378569
random_forest_np,r4f3,4,3,161,180,0,0.12175495314223152,0.24421567397378569
random_forest_np,r4f3,4,3,162,181,0,0.23742801045058146,0.24421567397378569
random_forest_np,r4f3,4,3,163,182,1,0.7209209502053936,0.24421567397378569
random_forest_np,r4f3,4,3,168,187,0,0.07917006825376562,0.24421567397378569
random_forest_np,r4f3,4,3,169,188,0,0.021878980374210304,0.24421567397378569
random_forest_np,r4f3,4,3,197,217,0,0.039341121083499714,0.24421567397378569
random_forest_np,r4f3,4,3,198,218,0,0.006486260269007724,0.24421567397378569
random_forest_np,r4f3,4,3,204,225,0,0.040984009564022095,0.24421567397378569
random_forest_np,r4f3,4,3,210,231,1,0.3116468157236202,0.24421567397378569
random_forest_np,r4f3,4,3,221,244,0,0.04295318951774059,0.24421567397378569
random_forest_np,r4f3,4,3,222,245,0,0.007925274725274725,0.24421567397378569
random_forest_np,r4f4,4,4,17,29,1,0.8008493115091043,0.21591223541176768
random_forest_np,r4f4,4,4,18,30,0,0.9408442611514922,0.21591223541176768
random_forest_np,r4f4,4,4,19,31,1,0.9397969945458876,0.21591223541176768
random_forest_np,r4f4,4,4,20,32,1,0.9465897249955145,0.21591223541176768
random_forest_np,r4f4,4,4,32,44,1,0.9712816765580635,0.21591223541176768
random_forest_np,r4f4,4,4,33,45,0,0.8016493115091042,0.21591223541176768
random_forest_np,r4f4,4,4,40,52,1,0.9069342514918401,0.21591223541176768
random_forest_np,r4f4,4,4,78,94,0,0.7240625794848332,0.21591223541176768
random_forest_np,r4f4,4,4,79,95,0,0.6542997995111834,0.21591223541176768
random_forest_np,r4f4,4,4,81,98,0,0.5705519541890202,0.21591223541176768
random_forest_np,r4f4,4,4,82,99,0,0.5929134982005644,0.21591223541176768
random_forest_np,r4f4,4,4,83,100,0,0.47524918895403623,0.21591223541176768
random_forest_np,r4f4,4,4,84,101,0,0.47434442704927426,0.21591223541176768
random_forest_np,r4f4,4,4,89,106,1,0.6238064614658685,0.21591223541176768
random_forest_np,r4f4,4,4,91,108,1,0.5687392557763219,0.21591223541176768
random_forest_np,r4f4,4,4,107,125,0,0.01734936305025689,0.21591223541176768
random_forest_np,r4f4,4,4,108,126,0,0.009188745820909007,0.21591223541176768
random_forest_np,r4f4,4,4,109,127,0,0.005264936297099485,0.21591223541176768
random_forest_np,r4f4,4,4,110,128,0,0.014884999567162755,0.21591223541176768
random_forest_np,r4f4,4,4,111,129,0,0.032977102853937686,0.21591223541176768
random_forest_np,r4f4,4,4,112,130,0,0.05263103503286988,0.21591223541176768
random_forest_np,r4f4,4,4,128,147,0,0.01839069942286261,0.21591223541176768
random_forest_np,r4f4,4,4,155,174,1,0.8792629773623793,0.21591223541176768
random_forest_np,r4f4,4,4,156,175,1,0.8744225873430422,0.21591223541176768
random_forest_np,r4f4,4,4,157,176,0,0.7280033610259118,0.21591223541176768
random_forest_np,r4f4,4,4,158,177,0,0.798293327346141,0.21591223541176768
random_forest_np,r4f4,4,4,159,178,0,0.6552891142461357,0.21591223541176768
random_forest_np,r4f4,4,4,160,179,1,0.740677158042364,0.21591223541176768
random_forest_np,r4f4,4,4,164,183,0,0.5671297319667981,0.21591223541176768
random_forest_np,r4f4,4,4,165,184,0,0.6172547374588815,0.21591223541176768
random_forest_np,r4f4,4,4,166,185,0,0.5836157296486663,0.21591223541176768
random_forest_np,r4f4,4,4,167,186,0,0.5396438681768043,0.21591223541176768
random_forest_np,r4f4,4,4,173,192,0,0.09432254460365917,0.21591223541176768
random_forest_np,r4f4,4,4,174,193,0,0.0730432162608633,0.21591223541176768
random_forest_np,r4f4,4,4,175,194,0,0.09988436166956015,0.21591223541176768
random_forest_np,r4f4,4,4,176,195,0,0.1534182151266145,0.21591223541176768
random_forest_np,r4f4,4,4,202,222,0,0.17109629749936342,0.21591223541176768
random_forest_np,r4f4,4,4,203,224,1,0.7789669839486342,0.21591223541176768
random_forest_np,r4f4,4,4,227,250,1,0.5095768778658949,0.21591223541176768
random_forest_np,r4f4,4,4,230,253,0,0.4257329098012431,0.21591223541176768
random_forest_np,r4f4,4,4,231,254,1,0.4329921894105227,0.21591223541176768
random_forest_np,r4f4,4,4,237,260,0,0.1291390709656209,0.21591223541176768
random_forest_np,r4f4,4,4,238,261,0,0.11068874106553792,0.21591223541176768
random_forest_np,r4f4,4,4,239,262,0,0.11504897179443173,0.21591223541176768
random_forest_np,r4f4,4,4,240,263,0,0.06728842120951342,0.21591223541176768
random_forest_np_tuned,r0f0,0,0,13,25,1,0.7333333333333333,0.22666666666666666
random_forest_np_tuned,r0f0,0,0,14,26,1,0.89,0.22666666666666666
random_forest_np_tuned,r0f0,0,0,15,27,1,0.6233333333333333,0.22666666666666666
random_forest_np_tuned,r0f0,0,0,16,28,1,0.9666666666666667,0.22666666666666666
random_forest_np_tuned,r0f0,0,0,24,36,0,0.02,0.22666666666666666
random_forest_np_tuned,r0f0,0,0,28,40,1,0.82,0.22666666666666666
random_forest_np_tuned,r0f0,0,0,29,41,1,0.6566666666666666,0.22666666666666666
random_forest_np_tuned,r0f0,0,0,30,42,1,0.9566666666666667,0.22666666666666666
random_forest_np_tuned,r0f0,0,0,31,43,1,0.9566666666666667,0.22666666666666666
random_forest_np_tuned,r0f0,0,0,41,54,0,0.06666666666666667,0.22666666666666666
random_forest_np_tuned,r0f0,0,0,42,55,1,0.023333333333333334,0.22666666666666666
random_forest_np_tuned,r0f0,0,0,43,56,1,0.30666666666666664,0.22666666666666666
random_forest_np_tuned,r0f0,0,0,44,57,0,0.25,0.22666666666666666
random_forest_np_tuned,r0f0,0,0,62,75,0,0.0033333333333333335,0.22666666666666666
random_forest_np_tuned,r0f0,0,0,63,76,0,0.0033333333333333335,0.22666666666666666
random_forest_np_tuned,r0f0,0,0,66,79,0,0.07666666666666666,0.22666666666666666
random_forest_np_tuned,r0f0,0,0,67,82,0,0.03,0.22666666666666666
random_forest_np_tuned,r0f0,0,0,78,94,0,0.6,0.22666666666666666
random_forest_np_tuned,r0f0,0,0,79,95,0,0.44666666666666666,0.22666666666666666
random_forest_np_tuned,r0f0,0,0,96,113,0,0.3333333333333333,0.22666666666666666
random_forest_np_tuned,r0f0,0,0,97,115,0,0.33,0.22666666666666666
random_forest_np_tuned,r0f0,0,0,98,116,0,0.15333333333333332,0.22666666666666666
random_forest_np_tuned,r0f0,0,0,99,117,0,0.056666666666666664,0.22666666666666666
random_forest_np_tuned,r0f0,0,0,100,118,0,0.08666666666666667,0.22666666666666666
random_forest_np_tuned,r0f0,0,0,101,119,0,0.09,0.22666666666666666
random_forest_np_tuned,r0f0,0,0,102,120,0,0.1,0.22666666666666666
random_forest_np_tuned,r0f0,0,0,103,121,0,0.37,0.22666666666666666
random_forest_np_tuned,r0f0,0,0,104,122,0,0.04,0.22666666666666666
random_forest_np_tuned,r0f0,0,0,105,123,0,0.39,0.22666666666666666
random_forest_np_tuned,r0f0,0,0,106,124,0,0.0,0.22666666666666666
random_forest_np_tuned,r0f0,0,0,138,157,0,0.21333333333333335,0.22666666666666666
random_forest_np_tuned,r0f0,0,0,139,158,0,0.023333333333333334,0.22666666666666666
random_forest_np_tuned,r0f0,0,0,140,159,0,0.0033333333333333335,0.22666666666666666
random_forest_np_tuned,r0f0,0,0,141,160,0,0.006666666666666667,0.22666666666666666
random_forest_np_tuned,r0f0,0,0,155,174,1,0.98,0.22666666666666666
random_forest_np_tuned,r0f0,0,0,156,175,1,0.9833333333333333,0.22666666666666666
random_forest_np_tuned,r0f0,0,0,157,176,0,0.6566666666666666,0.22666666666666666
random_forest_np_tuned,r0f0,0,0,158,177,0,0.85,0.22666666666666666
random_forest_np_tuned,r0f0,0,0,161,180,0,0.09666666666666666,0.22666666666666666
random_forest_np_tuned,r0f0,0,0,162,181,0,0.6166666666666667,0.22666666666666666
random_forest_np_tuned,r0f0,0,0,163,182,1,0.8866666666666667,0.22666666666666666
random_forest_np_tuned,r0f0,0,0,168,187,0,0.01,0.22666666666666666
random_forest_np_tuned,r0f0,0,0,169,188,0,0.023333333333333334,0.22666666666666666
random_forest_np_tuned,r0f0,0,0,197,217,0,0.0033333333333333335,0.22666666666666666
random_forest_np_tuned,r0f0,0,0,198,218,0,0.0,0.22666666666666666
random_forest_np_tuned,r0f0,0,0,250,273,0,0.5933333333333334,0.22666666666666666
random_forest_np_tuned,r0f0,0,0,251,274,0,0.8766666666666667,0.22666666666666666
random_forest_np_tuned,r0f1,0,1,52,65,0,0.11333333333333333,0.16666666666666666
random_forest_np_tuned,r0f1,0,1,53,66,0,0.0033333333333333335,0.16666666666666666
random_forest_np_tuned,r0f1,0,1,54,67,0,0.11333333333333333,0.16666666666666666
random_forest_np_tuned,r0f1,0,1,55,68,0,0.013333333333333334,0.16666666666666666
random_forest_np_tuned,r0f1,0,1,57,70,0,0.03,0.16666666666666666
random_forest_np_tuned,r0f1,0,1,58,71,0,0.05,0.16666666666666666
random_forest_np_tuned,r0f1,0,1,59,72,1,0.7466666666666667,0.16666666666666666
random_forest_np_tuned,r0f1,0,1,60,73,0,0.03,0.16666666666666666
random_forest_np_tuned,r0f1,0,1,61,74,1,0.6933333333333334,0.16666666666666666
random_forest_np_tuned,r0f1,0,1,72,88,1,0.2733333333333333,0.16666666666666666
random_forest_np_tuned,r0f1,0,1,73,89,1,0.16666666666666666,0.16666666666666666
random_forest_np_tuned,r0f1,0,1,74,90,1,0.14,0.16666666666666666
random_forest_np_tuned,r0f1,0,1,75,91,1,0.15,0.16666666666666666
random_forest_np_tuned,r0f1,0,1,76,92,1,0.4,0.16666666666666666
random_forest_np_tuned,r0f1,0,1,77,93,1,0.9233333333333333,0.16666666666666666
random_forest_np_tuned,r0f1,0,1,80,97,1,0.16333333333333333,0.16666666666666666
random_forest_np_tuned,r0f1,0,1,87,104,0,0.09,0.16666666666666666
random_forest_np_tuned,r0f1,0,1,88,105,1,0.16333333333333333,0.16666666666666666
random_forest_np_tuned,r0f1,0,1,90,107,1,0.4,0.16666666666666666
random_forest_np_tuned,r0f1,0,1,107,125,0,0.0,0.16666666666666666
random_forest_np_tuned,r0f1,0,1,108,126,0,0.0,0.16666666666666666
random_forest_np_tuned,r0f1,0,1,109,127,0,0.006666666666666667,0.16666666666666666
random_forest_np_tuned,r0f1,0,1,110,128,0,0.0,0.16666666666666666
random_forest_np_tuned,r0f1,0,1,111,129,0,0.01,0.16666666666666666
random_forest_np_tuned,r0f1,0,1,112,130,0,0.016666666666666666,0.16666666666666666
random_forest_np_tuned,r0f1,0,1,128,147,0,0.02,0.16666666666666666
random_forest_np_tuned,r0f1,0,1,173,192,0,0.02,0.16666666666666666
random_forest_np_tuned,r0f1,0,1,174,193,0,0.013333333333333334,0.16666666666666666
random_forest_np_tuned,r0f1,0,1,175,194,0,0.03,0.16666666666666666
random_forest_np_tuned,r0f1,0,1,176,195,0,0.11333333333333333,0.16666666666666666
random_forest_np_tuned,r0f1,0,1,192,212,0,0.03,0.16666666666666666
random_forest_np_tuned,r0f1,0,1,204,225,0,0.03666666666666667,0.16666666666666666
random_forest_np_tuned,r0f1,0,1,210,231,1,0.3466666666666667,0.16666666666666666
random_forest_np_tuned,r0f1,0,1,221,244,0,0.03,0.16666666666666666
random_forest_np_tuned,r0f1,0,1,222,245,0,0.0,0.16666666666666666
random_forest_np_tuned,r0f1,0,1,226,249,0,0.2866666666666667,0.16666666666666666
random_forest_np_tuned,r0f1,0,1,227,250,1,0.18,0.16666666666666666
random_forest_np_tuned,r0f1,0,1,228,251,0,0.31333333333333335,0.16666666666666666
random_forest_np_tuned,r0f1,0,1,229,252,1,0.34,0.16666666666666666
random_forest_np_tuned,r0f1,0,1,230,253,0,0.03333333333333333,0.16666666666666666
random_forest_np_tuned,r0f1,0,1,231,254,1,0.06,0.16666666666666666
random_forest_np_tuned,r0f1,0,1,237,260,0,0.15666666666666668,0.16666666666666666
random_forest_np_tuned,r0f1,0,1,238,261,0,0.06,0.16666666666666666
random_forest_np_tuned,r0f1,0,1,239,262,0,0.12666666666666668,0.16666666666666666
random_forest_np_tuned,r0f1,0,1,240,263,0,0.04666666666666667,0.16666666666666666
random_forest_np_tuned,r0f2,0,2,17,29,1,0.8398996466496468,0.25689216433057027
random_forest_np_tuned,r0f2,0,2,18,30,0,0.9350024147965326,0.25689216433057027
random_forest_np_tuned,r0f2,0,2,19,31,1,0.9273752709914036,0.25689216433057027
random_forest_np_tuned,r0f2,0,2,20,32,1,0.933218675799721,0.25689216433057027
random_forest_np_tuned,r0f2,0,2,32,44,1,0.9767409981086455,0.25689216433057027
random_forest_np_tuned,r0f2,0,2,33,45,0,0.827637741887742,0.25689216433057027
random_forest_np_tuned,r0f2,0,2,40,52,1,0.8352769412166029,0.25689216433057027
random_forest_np_tuned,r0f2,0,2,56,69,1,0.6939389650353659,0.25689216433057027
random_forest_np_tuned,r0f2,0,2,64,77,0,0.03654563633820599,0.25689216433057027
random_forest_np_tuned,r0f2,0,2,65,78,0,0.02008197309513099,0.25689216433057027
random_forest_np_tuned,r0f2,0,2,68,84,0,0.01699230399230399,0.25689216433057027
random_forest_np_tuned,r0f2,0,2,69,85,0,0.01083068783068783,0.25689216433057027
random_forest_np_tuned,r0f2,0,2,70,86,0,0.027001985544555206,0.25689216433057027
random_forest_np_tuned,r0f2,0,2,71,87,0,0.019415306428464323,0.25689216433057027
random_forest_np_tuned,r0f2,0,2,81,98,0,0.415161059812221,0.25689216433057027
random_forest_np_tuned,r0f2,0,2,82,99,0,0.46833349848465927,0.25689216433057027
random_forest_np_tuned,r0f2,0,2,83,100,0,0.36174119561403506,0.25689216433057027
random_forest_np_tuned,r0f2,0,2,84,101,0,0.32566050778334726,0.25689216433057027
random_forest_np_tuned,r0f2,0,2,89,106,1,0.5112726889238501,0.25689216433057027
random_forest_np_tuned,r0f2,0,2,91,108,1,0.41344857784973904,0.25689216433057027
random_forest_np_tuned,r0f2,0,2,159,178,0,0.618815019937859,0.25689216433057027
random_forest_np_tuned,r0f2,0,2,160,179,1,0.7515991237482784,0.25689216433057027
random_forest_np_tuned,r0f2,0,2,164,183,0,0.4140041334052945,0.25689216433057027
random_forest_np_tuned,r0f2,0,2,165,184,0,0.47356477646593786,0.25689216433057027
random_forest_np_tuned,r0f2,0,2,166,185,0,0.5166777560789172,0.25689216433057027
random_forest_np_tuned,r0f2,0,2,167,186,0,0.4687931314442928,0.25689216433057027
random_forest_np_tuned,r0f2,0,2,193,213,0,0.07596204366318425,0.25689216433057027
random_forest_np_tuned,r0f2,0,2,194,214,0,0.4307903195369397,0.25689216433057027
random_forest_np_tuned,r0f2,0,2,195,215,0,0.03774008078265044,0.25689216433057027
random_forest_np_tuned,r0f2,0,2,196,216,0,0.016748639761797655,0.25689216433057027
random_forest_np_tuned,r0f2,0,2,199,219,0,0.02343240044555834,0.25689216433057027
random_forest_np_tuned,r0f2,0,2,200,220,0,0.08862518037518037,0.25689216433057027
random_forest_np_tuned,r0f2,0,2,201,221,0,0.11359740259740261,0.25689216433057027
random_forest_np_tuned,r0f2,0,2,205,226,0,0.04272870327127292,0.25689216433057027
random_forest_np_tuned,r0f2,0,2,206,227,0,0.03939921794178759,0.25689216433057027
random_forest_np_tuned,r0f2,0,2,211,232,0,0.08521577183893436,0.25689216433057027
random_forest_np_tuned,r0f2,0,2,212,233,1,0.24060872400910588,0.25689216433057027
random_forest_np_tuned,r0f2,0,2,213,234,1,0.25555052295090475,0.25689216433057027
random_forest_np_tuned,r0f2,0,2,214,235,0,0.0813907861807444,0.25689216433057027
random_forest_np_tuned,r0f2,0,2,215,236,0,0.26336919416371635,0.25689216433057027
random_forest_np_tuned,r0f2,0,2,216,238,1,0.3837675089743118,0.25689216433057027
random_forest_np_tuned,r0f2,0,2,217,239,0,0.03747858302115267,0.25689216433057027
random_forest_np_tuned,r0f2,0,2,218,240,0,0.028808068350638004,0.25689216433057027
random_forest_np_tuned,r0f2,0,2,246,269,0,0.18016356645808865,0.25689216433057027
random_forest_np_tuned,r0f2,0,2,247,270,1,0.3252629394697423,0.25689216433057027
random_forest_np_tuned,r0f2,0,2,248,271,0,0.01192768016297428,0.25689216433057027
random_forest_np_tuned,r0f2,0,2,249,272,0,0.007456349206349205,0.25689216433057027
random_forest_np_tuned,r0f3,0,3,0,1,1,0.5980079481044175,0.186180939351992
random_forest_np_tuned,r0f3,0,3,1,2,0,0.30442465116953005,0.186180939351992
random_forest_np_tuned,r0f3,0,3,2,3,0,0.6148412814377507,0.186180939351992
random_forest_np_tuned,r0f3,0,3,3,4,0,0.3181706829155618,0.186180939351992
random_forest_np_tuned,r0f3,0,3,4,5,0,0.30609131783619675,0.186180939351992
random_forest_np_tuned,r0f3,0,3,5,6,0,0.247380399125278,0.186180939351992
random_forest_np_tuned,r0f3,0,3,6,7,1,0.5455451425922443,0.186180939351992
random_forest_np_tuned,r0f3,0,3,7,8,1,0.2865928094049972,0.186180939351992
random_forest_np_tuned,r0f3,0,3,8,19,1,0.9365467451495387,0.186180939351992
random_forest_np_tuned,r0f3,0,3,9,20,1,0.8190065898136334,0.186180939351992
random_forest_np_tuned,r0f3,0,3,10,21,1,0.8292342047912483,0.186180939351992
random_forest_np_tuned,r0f3,0,3,11,22,1,0.8247897603468038,0.186180939351992
random_forest_np_tuned,r0f3,0,3,12,23,1,0.927862009595238,0.186180939351992
random_forest_np_tuned,r0f3,0,3,21,33,0,0.25964169338657217,0.186180939351992
random_forest_np_tuned,r0f3,0,3,22,34,0,0.38809050315689975,0.186180939351992
random_forest_np_tuned,r0f3,0,3,23,35,0,0.2672032960156606,0.186180939351992
random_forest_np_tuned,r0f3,0,3,25,37,1,0.7719212239599749,0.186180939351992
random_forest_np_tuned,r0f3,0,3,26,38,1,0.8232845125989091,0.186180939351992
random_forest_np_tuned,r0f3,0,3,27,39,1,0.9134810572142856,0.186180939351992
random_forest_np_tuned,r0f3,0,3,34,46,1,0.23747863422351312,0.186180939351992
random_forest_np_tuned,r0f3,0,3,35,47,1,0.32150331456006764,0.186180939351992
random_forest_np_tuned,r0f3,0,3,36,48,1,0.28537925436670375,0.186180939351992
random_forest_np_tuned,r0f3,0,3,37,49,0,0.27639111486892065,0.186180939351992
random_forest_np_tuned,r0f3,0,3,38,50,0,0.2656452475826123,0.186180939351992
random_forest_np_tuned,r0f3,0,3,39,51,1,0.36801625250085407,0.186180939351992
random_forest_np_tuned,r0f3,0,3,121,140,0,0.05244009539842872,0.186180939351992
random_forest_np_tuned,r0f3,0,3,122,141,0,0.0011111111111111111,0.186180939351992
random_forest_np_tuned,r0f3,0,3,123,142,0,0.034161976911976914,0.186180939351992
random_forest_np_tuned,r0f3,0,3,124,143,0,0.04605615680615682,0.186180939351992
random_forest_np_tuned,r0f3,0,3,125,144,0,0.2141787771322905,0.186180939351992
random_forest_np_tuned,r0f3,0,3,126,145,0,0.23743239174261258,0.186180939351992
random_forest_np_tuned,r0f3,0,3,127,146,0,0.2765953466738601,0.186180939351992
random_forest_np_tuned,r0f3,0,3,129,148,1,0.3334041277163155,0.186180939351992
random_forest_np_tuned,r0f3,0,3,130,149,1,0.5634717807688822,0.186180939351992
random_forest_np_tuned,r0f3,0,3,131,150,0,0.27606574387793165,0.186180939351992
random_forest_np_tuned,r0f3,0,3,147,166,0,0.009928731762065095,0.186180939351992
random_forest_np_tuned,r0f3,0,3,148,167,0,0.03211063011063011,0.186180939351992
random_forest_np_tuned,r0f3,0,3,149,168,1,0.30952455762330666,0.186180939351992
random_forest_np_tuned,r0f3,0,3,150,169,0,0.31285789095664,0.186180939351992
random_forest_np_tuned,r0f3,0,3,151,170,0,0.3259390472921825,0.186180939351992
random_forest_np_tuned,r0f3,0,3,177,196,0,0.2672919343541221,0.186180939351992
random_forest_np_tuned,r0f3,0,3,178,197,0,0.2648474899096777,0.186180939351992
random_forest_np_tuned,r0f3,0,3,179,198,1,0.555776013573115,0.186180939351992
random_forest_np_tuned,r0f3,0,3,180,199,0,0.29669632902484266,0.186180939351992
random_forest_np_tuned,r0f3,0,3,181,200,0,0.15993448530990212,0.186180939351992
random_forest_np_tuned,r0f3,0,3,182,201,0,0.15176842914384595,0.186180939351992
random_forest_np_tuned,r0f3,0,3,183,202,0,0.35482412849723244,0.186180939351992
random_forest_np_tuned,r0f3,0,3,184,203,0,0.236367523112402,0.186180939351992
random_forest_np_tuned,r0f3,0,3,185,204,1,0.2931641551456375,0.186180939351992
random_forest_np_tuned,r0f3,0,3,186,205,1,0.2656452475826123,0.186180939351992
random_forest_np_tuned,r0f3,0,3,187,206,1,0.2854631797753676,0.186180939351992
random_forest_np_tuned,r0f3,0,3,188,207,1,0.298628283190471,0.186180939351992
random_forest_np_tuned,r0f3,0,3,189,208,1,0.2897092115213994,0.186180939351992
random_forest_np_tuned,r0f3,0,3,207,228,0,0.2942077083948962,0.186180939351992
random_forest_np_tuned,r0f3,0,3,208,229,1,0.37612604086064244,0.186180939351992
random_forest_np_tuned,r0f3,0,3,209,230,0,0.24068955975192433,0.186180939351992
random_forest_np_tuned,r0f3,0,3,219,241,0,0.037223283394104266,0.186180939351992
random_forest_np_tuned,r0f3,0,3,220,243,0,0.8110755010097115,0.186180939351992
random_forest_np_tuned,r0f3,0,3,225,248,0,0.02623615478197565,0.186180939351992
random_forest_np_tuned,r0f3,0,3,232,255,0,0.257851715847962,0.186180939351992
random_forest_np_tuned,r0f3,0,3,233,256,0,0.25535171584796196,0.186180939351992
random_forest_np_tuned,r0f3,0,3,234,257,0,0.19474121435923555,0.186180939351992
random_forest_np_tuned,r0f3,0,3,235,258,0,0.2083266262792126,0.186180939351992
random_forest_np_tuned,r0f3,0,3,236,259,0,0.20999593844852474,0.186180939351992
random_forest_np_tuned,r0f3,0,3,241,264,0,0.04434577031264381,0.186180939351992
random_forest_np_tuned,r0f3,0,3,242,265,0,0.03614250783128473,0.186180939351992
random_forest_np_tuned,r0f3,0,3,243,266,0,0.1643646653034422,0.186180939351992
random_forest_np_tuned,r0f3,0,3,244,267,0,0.5153745282495281,0.186180939351992
random_forest_np_tuned,r0f3,0,3,245,268,0,0.48563643301143294,0.186180939351992
random_forest_np_tuned,r0f4,0,4,45,58,0,0.11689889542288924,0.21801986149443786
random_forest_np_tuned,r0f4,0,4,46,59,0,0.05339002201439945,0.21801986149443786
random_forest_np_tuned,r0f4,0,4,47,60,0,0.08150591095637537,0.21801986149443786
random_forest_np_tuned,r0f4,0,4,48,61,0,0.11523222875622258,0.21801986149443786
random_forest_np_tuned,r0f4,0,4,49,62,0,0.23118061947508173,0.21801986149443786
random_forest_np_tuned,r0f4,0,4,50,63,1,0.6123751871667342,0.21801986149443786
random_forest_np_tuned,r0f4,0,4,51,64,0,0.4196224195000093,0.21801986149443786
random_forest_np_tuned,r0f4,0,4,85,102,0,0.10039056310372663,0.21801986149443786
random_forest_np_tuned,r0f4,0,4,86,103,0,0.07301251390424886,0.21801986149443786
random_forest_np_tuned,r0f4,0,4,92,109,0,0.09706254320156657,0.21801986149443786
random_forest_np_tuned,r0f4,0,4,93,110,0,0.15081357376142082,0.21801986149443786
random_forest_np_tuned,r0f4,0,4,94,111,1,0.10439683853586187,0.21801986149443786
random_forest_np_tuned,r0f4,0,4,95,112,1,0.10709681448583784,0.21801986149443786
random_forest_np_tuned,r0f4,0,4,113,131,1,0.7622866800920128,0.21801986149443786
random_forest_np_tuned,r0f4,0,4,114,132,1,0.6921467350213032,0.21801986149443786
random_forest_np_tuned,r0f4,0,4,115,133,1,0.36884097434273555,0.21801986149443786
random_forest_np_tuned,r0f4,0,4,116,134,0,0.2577270476283948,0.21801986149443786
random_forest_np_tuned,r0f4,0,4,117,135,1,0.6770435604181285,0.21801986149443786
random_forest_np_tuned,r0f4,0,4,118,136,1,0.43567491817667936,0.21801986149443786
random_forest_np_tuned,r0f4,0,4,119,137,1,0.4072013732031344,0.21801986149443786
random_forest_np_tuned,r0f4,0,4,120,139,1,0.7481788758592088,0.21801986149443786
random_forest_np_tuned,r0f4,0,4,132,151,1,0.09316788766788765,0.21801986149443786
random_forest_np_tuned,r0f4,0,4,133,152,0,0.07399349241740545,0.21801986149443786
random_forest_np_tuned,r0f4,0,4,134,153,0,0.06760517702909007,0.21801986149443786
random_forest_np_tuned,r0f4,0,4,135,154,0,0.10290041794259497,0.21801986149443786
random_forest_np_tuned,r0f4,0,4,136,155,0,0.2839329869282239,0.21801986149443786
random_forest_np_tuned,r0f4,0,4,137,156,1,0.701993228205994,0.21801986149443786
random_forest_np_tuned,r0f4,0,4,142,161,0,0.019072871572871575,0.21801986149443786
random_forest_np_tuned,r0f4,0,4,143,162,0,0.013870370370370371,0.21801986149443786
random_forest_np_tuned,r0f4,0,4,144,163,0,0.008468253968253969,0.21801986149443786
random_forest_np_tuned,r0f4,0,4,145,164,0,0.008468253968253969,0.21801986149443786
random_forest_np_tuned,r0f4,0,4,146,165,0,0.48571292187211623,0.21801986149443786
random_forest_np_tuned,r0f4,0,4,152,171,0,0.10290041794259497,0.21801986149443786
random_forest_np_tuned,r0f4,0,4,153,172,0,0.3913782298756598,0.21801986149443786
random_forest_np_tuned,r0f4,0,4,154,173,1,0.701993228205994,0.21801986149443786
random_forest_np_tuned,r0f4,0,4,170,189,0,0.10596153846153844,0.21801986149443786
random_forest_np_tuned,r0f4,0,4,171,190,0,0.061160732584645626,0.21801986149443786
random_forest_np_tuned,r0f4,0,4,172,191,0,0.2611619813358944,0.21801986149443786
random_forest_np_tuned,r0f4,0,4,190,209,0,0.1180639404143489,0.21801986149443786
random_forest_np_tuned,r0f4,0,4,191,211,0,0.26370842191444305,0.21801986149443786
random_forest_np_tuned,r0f4,0,4,202,222,0,0.17215052095295066,0.21801986149443786
random_forest_np_tuned,r0f4,0,4,203,224,1,0.7856893032397853,0.21801986149443786
random_forest_np_tuned,r0f4,0,4,223,246,0,0.009832611832611832,0.21801986149443786
random_forest_np_tuned,r0f4,0,4,224,247,0,0.04184872534872535,0.21801986149443786
random_forest_np_tuned,r1f0,1,0,8,19,1,0.9966666666666667,0.18666666666666668
random_forest_np_tuned,r1f0,1,0,9,20,1,0.92,0.18666666666666668
random_forest_np_tuned,r1f0,1,0,10,21,1,0.9733333333333334,0.18666666666666668
random_forest_np_tuned,r1f0,1,0,11,22,1,0.9733333333333334,0.18666666666666668
random_forest_np_tuned,r1f0,1,0,12,23,1,0.98,0.18666666666666668
random_forest_np_tuned,r1f0,1,0,25,37,1,0.73,0.18666666666666668
random_forest_np_tuned,r1f0,1,0,26,38,1,0.9666666666666667,0.18666666666666668
random_forest_np_tuned,r1f0,1,0,27,39,1,0.9966666666666667,0.18666666666666668
random_forest_np_tuned,r1f0,1,0,45,58,0,0.16666666666666666,0.18666666666666668
random_forest_np_tuned,r1f0,1,0,46,59,0,0.11,0.18666666666666668
random_forest_np_tuned,r1f0,1,0,47,60,0,0.2966666666666667,0.18666666666666668
random_forest_np_tuned,r1f0,1,0,48,61,0,0.17333333333333334,0.18666666666666668
random_forest_np_tuned,r1f0,1,0,49,62,0,0.30333333333333334,0.18666666666666668
random_forest_np_tuned,r1f0,1,0,50,63,1,0.5833333333333334,0.18666666666666668
random_forest_np_tuned,r1f0,1,0,51,64,0,0.2733333333333333,0.18666666666666668
random_forest_np_tuned,r1f0,1,0,62,75,0,0.0,0.18666666666666668
random_forest_np_tuned,r1f0,1,0,63,76,0,0.006666666666666667,0.18666666666666668
random_forest_np_tuned,r1f0,1,0,66,79,0,0.09666666666666666,0.18666666666666668
random_forest_np_tuned,r1f0,1,0,67,82,0,0.023333333333333334,0.18666666666666668
random_forest_np_tuned,r1f0,1,0,85,102,0,0.06333333333333334,0.18666666666666668
random_forest_np_tuned,r1f0,1,0,86,103,0,0.01,0.18666666666666668
random_forest_np_tuned,r1f0,1,0,92,109,0,0.016666666666666666,0.18666666666666668
random_forest_np_tuned,r1f0,1,0,93,110,0,0.18333333333333332,0.18666666666666668
random_forest_np_tuned,r1f0,1,0,94,111,1,0.06666666666666667,0.18666666666666668
random_forest_np_tuned,r1f0,1,0,95,112,1,0.13,0.18666666666666668
random_forest_np_tuned,r1f0,1,0,142,161,0,0.0033333333333333335,0.18666666666666668
random_forest_np_tuned,r1f0,1,0,143,162,0,0.016666666666666666,0.18666666666666668
random_forest_np_tuned,r1f0,1,0,144,163,0,0.0,0.18666666666666668
random_forest_np_tuned,r1f0,1,0,145,164,0,0.0,0.18666666666666668
random_forest_np_tuned,r1f0,1,0,161,180,0,0.10666666666666667,0.18666666666666668
random_forest_np_tuned,r1f0,1,0,162,181,0,0.3233333333333333,0.18666666666666668
random_forest_np_tuned,r1f0,1,0,163,182,1,0.8933333333333333,0.18666666666666668
random_forest_np_tuned,r1f0,1,0,168,187,0,0.07333333333333333,0.18666666666666668
random_forest_np_tuned,r1f0,1,0,169,188,0,0.006666666666666667,0.18666666666666668
random_forest_np_tuned,r1f0,1,0,197,217,0,0.0033333333333333335,0.18666666666666668
random_forest_np_tuned,r1f0,1,0,198,218,0,0.016666666666666666,0.18666666666666668
random_forest_np_tuned,r1f0,1,0,204,225,0,0.06,0.18666666666666668
random_forest_np_tuned,r1f0,1,0,210,231,1,0.45666666666666667,0.18666666666666668
random_forest_np_tuned,r1f0,1,0,219,241,0,0.03333333333333333,0.18666666666666668
random_forest_np_tuned,r1f0,1,0,220,243,0,0.86,0.18666666666666668
random_forest_np_tuned,r1f0,1,0,241,264,0,0.02666666666666667,0.18666666666666668
random_forest_np_tuned,r1f0,1,0,242,265,0,0.01,0.18666666666666668
random_forest_np_tuned,r1f0,1,0,243,266,0,0.11,0.18666666666666668
random_forest_np_tuned,r1f0,1,0,244,267,0,0.44333333333333336,0.18666666666666668
random_forest_np_tuned,r1f0,1,0,245,268,0,0.5133333333333333,0.18666666666666668
random_forest_np_tuned,r1f1,1,1,0,1,1,0.37201992287374497,0.13213776183640588
random_forest_np_tuned,r1f1,1,1,1,2,0,0.31540202225584435,0.13213776183640588
random_forest_np_tuned,r1f1,1,1,2,3,0,0.38375404985787187,0.13213776183640588
random_forest_np_tuned,r1f1,1,1,3,4,0,0.3678576684614905,0.13213776183640588
random_forest_np_tuned,r1f1,1,1,4,5,0,0.31540202225584435,0.13213776183640588
random_forest_np_tuned,r1f1,1,1,5,6,0,0.23483101056051842,0.13213776183640588
random_forest_np_tuned,r1f1,1,1,6,7,1,0.6227938429988884,0.13213776183640588
random_forest_np_tuned,r1f1,1,1,7,8,1,0.2829228170172731,0.13213776183640588
random_forest_np_tuned,r1f1,1,1,21,33,0,0.2541532039616592,0.13213776183640588
random_forest_np_tuned,r1f1,1,1,22,34,0,0.2459798968664606,0.13213776183640588
random_forest_np_tuned,r1f1,1,1,23,35,0,0.2351533140457578,0.13213776183640588
random_forest_np_tuned,r1f1,1,1,34,46,1,0.20747831496177024,0.13213776183640588
random_forest_np_tuned,r1f1,1,1,35,47,1,0.2533140841751812,0.13213776183640588
random_forest_np_tuned,r1f1,1,1,36,48,1,0.21460200623856993,0.13213776183640588
random_forest_np_tuned,r1f1,1,1,37,49,0,0.22987347814092185,0.13213776183640588
random_forest_np_tuned,r1f1,1,1,38,50,0,0.23275485139729515,0.13213776183640588
random_forest_np_tuned,r1f1,1,1,39,51,1,0.506243642564312,0.13213776183640588
random_forest_np_tuned,r1f1,1,1,52,65,0,0.05486688392438892,0.13213776183640588
random_forest_np_tuned,r1f1,1,1,53,66,0,0.028215129894651893,0.13213776183640588
random_forest_np_tuned,r1f1,1,1,54,67,0,0.10254203976556645,0.13213776183640588
random_forest_np_tuned,r1f1,1,1,55,68,0,0.020485452164974164,0.13213776183640588
random_forest_np_tuned,r1f1,1,1,57,70,0,0.12551364681634086,0.13213776183640588
random_forest_np_tuned,r1f1,1,1,58,71,0,0.16587651470244263,0.13213776183640588
random_forest_np_tuned,r1f1,1,1,59,72,1,0.5146721395389497,0.13213776183640588
random_forest_np_tuned,r1f1,1,1,60,73,0,0.12551364681634086,0.13213776183640588
random_forest_np_tuned,r1f1,1,1,61,74,1,0.5146721395389497,0.13213776183640588
random_forest_np_tuned,r1f1,1,1,80,97,1,0.2584387956146285,0.13213776183640588
random_forest_np_tuned,r1f1,1,1,87,104,0,0.25688246768330064,0.13213776183640588
random_forest_np_tuned,r1f1,1,1,88,105,1,0.2584387956146285,0.13213776183640588
random_forest_np_tuned,r1f1,1,1,90,107,1,0.303583774019063,0.13213776183640588
random_forest_np_tuned,r1f1,1,1,107,125,0,0.027355554776607404,0.13213776183640588
random_forest_np_tuned,r1f1,1,1,108,126,0,0.007340985811574048,0.13213776183640588
random_forest_np_tuned,r1f1,1,1,109,127,0,0.011967051467051465,0.13213776183640588
random_forest_np_tuned,r1f1,1,1,110,128,0,0.011257652478240714,0.13213776183640588
random_forest_np_tuned,r1f1,1,1,111,129,0,0.029763558866887033,0.13213776183640588
random_forest_np_tuned,r1f1,1,1,112,130,0,0.033942466016382414,0.13213776183640588
random_forest_np_tuned,r1f1,1,1,113,131,1,0.6086939473375659,0.13213776183640588
random_forest_np_tuned,r1f1,1,1,114,132,1,0.4995247182798926,0.13213776183640588
random_forest_np_tuned,r1f1,1,1,115,133,1,0.3123197487951495,0.13213776183640588
random_forest_np_tuned,r1f1,1,1,116,134,0,0.24890699453874188,0.13213776183640588
random_forest_np_tuned,r1f1,1,1,117,135,1,0.4674603440576238,0.13213776183640588
random_forest_np_tuned,r1f1,1,1,118,136,1,0.3489164086712211,0.13213776183640588
random_forest_np_tuned,r1f1,1,1,119,137,1,0.33711323689746114,0.13213776183640588
random_forest_np_tuned,r1f1,1,1,120,139,1,0.5923788920225107,0.13213776183640588
random_forest_np_tuned,r1f1,1,1,128,147,0,0.016743786714374948,0.13213776183640588
random_forest_np_tuned,r1f1,1,1,138,157,0,0.13330109313975474,0.13213776183640588
random_forest_np_tuned,r1f1,1,1,139,158,0,0.09378129641601059,0.13213776183640588
random_forest_np_tuned,r1f1,1,1,140,159,0,0.03543626715237968,0.13213776183640588
random_forest_np_tuned,r1f1,1,1,141,160,0,0.03418626715237968,0.13213776183640588
random_forest_np_tuned,r1f1,1,1,183,202,0,0.22837485709734756,0.13213776183640588
random_forest_np_tuned,r1f1,1,1,184,203,0,0.2071449816284369,0.13213776183640588
random_forest_np_tuned,r1f1,1,1,185,204,1,0.23813574365318738,0.13213776183640588
random_forest_np_tuned,r1f1,1,1,186,205,1,0.2337588196512635,0.13213776183640588
random_forest_np_tuned,r1f1,1,1,187,206,1,0.2751613192557753,0.13213776183640588
random_forest_np_tuned,r1f1,1,1,188,207,1,0.3714501766734777,0.13213776183640588
random_forest_np_tuned,r1f1,1,1,189,208,1,0.28467851502297115,0.13213776183640588
random_forest_np_tuned,r1f1,1,1,190,209,0,0.12023852161474508,0.13213776183640588
random_forest_np_tuned,r1f1,1,1,191,211,0,0.2666251427066817,0.13213776183640588
random_forest_np_tuned,r1f1,1,1,192,212,0,0.2646806982622373,0.13213776183640588
random_forest_np_tuned,r1f1,1,1,207,228,0,0.24226935820398451,0.13213776183640588
random_forest_np_tuned,r1f1,1,1,208,229,1,0.506243642564312,0.13213776183640588
random_forest_np_tuned,r1f1,1,1,209,230,0,0.22390869755114143,0.13213776183640588
random_forest_np_tuned,r1f1,1,1,214,235,0,0.14269956794031746,0.13213776183640588
random_forest_np_tuned,r1f1,1,1,215,236,0,0.500662270895954,0.13213776183640588
random_forest_np_tuned,r1f1,1,1,216,238,1,0.5053995011149958,0.13213776183640588
random_forest_np_tuned,r1f1,1,1,217,239,0,0.0500705514260112,0.13213776183640588
random_forest_np_tuned,r1f1,1,1,218,240,0,0.04283827290206601,0.13213776183640588
random_forest_np_tuned,r1f2,1,2,24,36,0,0.023333333333333334,0.17
random_forest_np_tuned,r1f2,1,2,41,54,0,0.05333333333333334,0.17
random_forest_np_tuned,r1f2,1,2,42,55,1,0.03,0.17
random_forest_np_tuned,r1f2,1,2,43,56,1,0.27,0.17
random_forest_np_tuned,r1f2,1,2,44,57,0,0.24,0.17
random_forest_np_tuned,r1f2,1,2,72,88,1,0.6766666666666666,0.17
random_forest_np_tuned,r1f2,1,2,73,89,1,0.49666666666666665,0.17
random_forest_np_tuned,r1f2,1,2,74,90,1,0.49666666666666665,0.17
random_forest_np_tuned,r1f2,1,2,75,91,1,0.51,0.17
random_forest_np_tuned,r1f2,1,2,76,92,1,0.7366666666666667,0.17
random_forest_np_tuned,r1f2,1,2,77,93,1,0.9066666666666666,0.17
random_forest_np_tuned,r1f2,1,2,78,94,0,0.5433333333333333,0.17
random_forest_np_tuned,r1f2,1,2,79,95,0,0.45,0.17
random_forest_np_tuned,r1f2,1,2,96,113,0,0.18666666666666668,0.17
random_forest_np_tuned,r1f2,1,2,97,115,0,0.20333333333333334,0.17
random_forest_np_tuned,r1f2,1,2,98,116,0,0.17,0.17
random_forest_np_tuned,r1f2,1,2,99,117,0,0.023333333333333334,0.17
random_forest_np_tuned,r1f2,1,2,100,118,0,0.056666666666666664,0.17
random_forest_np_tuned,r1f2,1,2,121,140,0,0.03333333333333333,0.17
random_forest_np_tuned,r1f2,1,2,122,141,0,0.0,0.17
random_forest_np_tuned,r1f2,1,2,123,142,0,0.056666666666666664,0.17
random_forest_np_tuned,r1f2,1,2,124,143,0,0.05333333333333334,0.17
random_forest_np_tuned,r1f2,1,2,132,151,1,0.04,0.17
random_forest_np_tuned,r1f2,1,2,133,152,0,0.023333333333333334,0.17
random_forest_np_tuned,r1f2,1,2,134,153,0,0.05,0.17
random_forest_np_tuned,r1f2,1,2,135,154,0,0.02,0.17
random_forest_np_tuned,r1f2,1,2,136,155,0,0.13666666666666666,0.17
random_forest_np_tuned,r1f2,1,2,137,156,1,0.8733333333333333,0.17
random_forest_np_tuned,r1f2,1,2,146,165,0,0.64,0.17
random_forest_np_tuned,r1f2,1,2,147,166,0,0.01,0.17
random_forest_np_tuned,r1f2,1,2,148,167,0,0.03333333333333333,0.17
random_forest_np_tuned,r1f2,1,2,152,171,0,0.023333333333333334,0.17
random_forest_np_tuned,r1f2,1,2,153,172,0,0.3566666666666667,0.17
random_forest_np_tuned,r1f2,1,2,154,173,1,0.8733333333333333,0.17
random_forest_np_tuned,r1f2,1,2,155,174,1,0.9433333333333334,0.17
random_forest_np_tuned,r1f2,1,2,156,175,1,0.97,0.17
random_forest_np_tuned,r1f2,1,2,157,176,0,0.6533333333333333,0.17
random_forest_np_tuned,r1f2,1,2,158,177,0,0.71,0.17
random_forest_np_tuned,r1f2,1,2,170,189,0,0.05,0.17
random_forest_np_tuned,r1f2,1,2,171,190,0,0.03333333333333333,0.17
random_forest_np_tuned,r1f2,1,2,172,191,0,0.37333333333333335,0.17
random_forest_np_tuned,r1f2,1,2,173,192,0,0.02666666666666667,0.17
random_forest_np_tuned,r1f2,1,2,174,193,0,0.07333333333333333,0.17
random_forest_np_tuned,r1f2,1,2,175,194,0,0.03666666666666667,0.17
random_forest_np_tuned,r1f2,1,2,176,195,0,0.10333333333333333,0.17
random_forest_np_tuned,r1f2,1,2,227,250,1,0.15333333333333332,0.17
random_forest_np_tuned,r1f2,1,2,230,253,0,0.24333333333333335,0.17
random_forest_np_tuned,r1f2,1,2,231,254,1,0.26666666666666666,0.17
random_forest_np_tuned,r1f3,1,3,13,25,1,0.6037973371550414,0.24635732740016075
random_forest_np_tuned,r1f3,1,3,14,26,1,0.7402534754292832,0.24635732740016075
random_forest_np_tuned,r1f3,1,3,15,27,1,0.515026514703934,0.24635732740016075
random_forest_np_tuned,r1f3,1,3,16,28,1,0.873926205657066,0.24635732740016075
random_forest_np_tuned,r1f3,1,3,28,40,1,0.7106363518121597,0.24635732740016075
random_forest_np_tuned,r1f3,1,3,29,41,1,0.7609946221497405,0.24635732740016075
random_forest_np_tuned,r1f3,1,3,30,42,1,0.9144552861444799,0.24635732740016075
random_forest_np_tuned,r1f3,1,3,31,43,1,0.9222489369381305,0.24635732740016075
random_forest_np_tuned,r1f3,1,3,56,69,1,0.6913860426610425,0.24635732740016075
random_forest_np_tuned,r1f3,1,3,64,77,0,0.014810635099334793,0.24635732740016075
random_forest_np_tuned,r1f3,1,3,65,78,0,0.00610958705482032,0.24635732740016075
random_forest_np_tuned,r1f3,1,3,101,119,0,0.07081245061814702,0.24635732740016075
random_forest_np_tuned,r1f3,1,3,102,120,0,0.08161859218899448,0.24635732740016075
random_forest_np_tuned,r1f3,1,3,103,121,0,0.0757874685227626,0.24635732740016075
random_forest_np_tuned,r1f3,1,3,104,122,0,0.02192628667628667,0.24635732740016075
random_forest_np_tuned,r1f3,1,3,105,123,0,0.07887080185609593,0.24635732740016075
random_forest_np_tuned,r1f3,1,3,106,124,0,0.006382635882635882,0.24635732740016075
random_forest_np_tuned,r1f3,1,3,193,213,0,0.06746261765742834,0.24635732740016075
random_forest_np_tuned,r1f3,1,3,194,214,0,0.37042389173193785,0.24635732740016075
random_forest_np_tuned,r1f3,1,3,195,215,0,0.019094943383643075,0.24635732740016075
random_forest_np_tuned,r1f3,1,3,196,216,0,0.00610958705482032,0.24635732740016075
random_forest_np_tuned,r1f3,1,3,202,222,0,0.12276038055551237,0.24635732740016075
random_forest_np_tuned,r1f3,1,3,203,224,1,0.687160327921952,0.24635732740016075
random_forest_np_tuned,r1f3,1,3,205,226,0,0.030538145405792468,0.24635732740016075
random_forest_np_tuned,r1f3,1,3,206,227,0,0.01923655810420516,0.24635732740016075
random_forest_np_tuned,r1f3,1,3,211,232,0,0.14303785177835215,0.24635732740016075
random_forest_np_tuned,r1f3,1,3,212,233,1,0.2151813589560716,0.24635732740016075
random_forest_np_tuned,r1f3,1,3,213,234,1,0.23383479810951083,0.24635732740016075
random_forest_np_tuned,r1f3,1,3,221,244,0,0.035873276161975845,0.24635732740016075
random_forest_np_tuned,r1f3,1,3,222,245,0,0.0164736173412644,0.24635732740016075
random_forest_np_tuned,r1f3,1,3,223,246,0,0.012897944647944647,0.24635732740016075
random_forest_np_tuned,r1f3,1,3,224,247,0,0.041956501831501826,0.24635732740016075
random_forest_np_tuned,r1f3,1,3,232,255,0,0.4108459169966875,0.24635732740016075
random_forest_np_tuned,r1f3,1,3,233,256,0,0.38526655191732234,0.24635732740016075
random_forest_np_tuned,r1f3,1,3,234,257,0,0.3094075313083017,0.24635732740016075
random_forest_np_tuned,r1f3,1,3,235,258,0,0.5406750165866487,0.24635732740016075
random_forest_np_tuned,r1f3,1,3,236,259,0,0.7618573537588981,0.24635732740016075
random_forest_np_tuned,r1f3,1,3,237,260,0,0.23260011177321152,0.24635732740016075
random_forest_np_tuned,r1f3,1,3,238,261,0,0.2965852793933991,0.24635732740016075
random_forest_np_tuned,r1f3,1,3,239,262,0,0.2022288892308245,0.24635732740016075
random_forest_np_tuned,r1f3,1,3,240,263,0,0.12156705316695171,0.24635732740016075
random_forest_np_tuned,r1f3,1,3,246,269,0,0.18008010434648367,0.24635732740016075
random_forest_np_tuned,r1f3,1,3,247,270,1,0.4814345635845635,0.24635732740016075
random_forest_np_tuned,r1f3,1,3,248,271,0,0.02289753764753765,0.24635732740016075
random_forest_np_tuned,r1f3,1,3,249,272,0,0.018495828245828246,0.24635732740016075
random_forest_np_tuned,r1f3,1,3,250,273,0,0.46393290679274685,0.24635732740016075
random_forest_np_tuned,r1f3,1,3,251,274,0,0.7953273713955822,0.24635732740016075
random_forest_np_tuned,r1f4,1,4,17,29,1,0.849553313197175,0.20530076188211907
random_forest_np_tuned,r1f4,1,4,18,30,0,0.9087457356984212,0.20530076188211907
random_forest_np_tuned,r1f4,1,4,19,31,1,0.9288415250809702,0.20530076188211907
random_forest_np_tuned,r1f4,1,4,20,32,1,0.9557864363788223,0.20530076188211907
random_forest_np_tuned,r1f4,1,4,32,44,1,0.9673142169629809,0.20530076188211907
random_forest_np_tuned,r1f4,1,4,33,45,0,0.8400056941495558,0.20530076188211907
random_forest_np_tuned,r1f4,1,4,40,52,1,0.8247869640506024,0.20530076188211907
random_forest_np_tuned,r1f4,1,4,68,84,0,0.030062862680182743,0.20530076188211907
random_forest_np_tuned,r1f4,1,4,69,85,0,0.021896196013516073,0.20530076188211907
random_forest_np_tuned,r1f4,1,4,70,86,0,0.02584549671281678,0.20530076188211907
random_forest_np_tuned,r1f4,1,4,71,87,0,0.005714544331864395,0.20530076188211907
random_forest_np_tuned,r1f4,1,4,81,98,0,0.41962727565455393,0.20530076188211907
random_forest_np_tuned,r1f4,1,4,82,99,0,0.4588939447153403,0.20530076188211907
random_forest_np_tuned,r1f4,1,4,83,100,0,0.3541717656116837,0.20530076188211907
random_forest_np_tuned,r1f4,1,4,84,101,0,0.3437643582042763,0.20530076188211907
random_forest_np_tuned,r1f4,1,4,89,106,1,0.49106919322532444,0.20530076188211907
random_forest_np_tuned,r1f4,1,4,91,108,1,0.43471762974490796,0.20530076188211907
random_forest_np_tuned,r1f4,1,4,125,144,0,0.24175873916771257,0.20530076188211907
random_forest_np_tuned,r1f4,1,4,126,145,0,0.2032127785107224,0.20530076188211907
random_forest_np_tuned,r1f4,1,4,127,146,0,0.2598238075444337,0.20530076188211907
random_forest_np_tuned,r1f4,1,4,129,148,1,0.569640917792689,0.20530076188211907
random_forest_np_tuned,r1f4,1,4,130,149,1,0.7060573364489909,0.20530076188211907
random_forest_np_tuned,r1f4,1,4,131,150,0,0.33314185423441467,0.20530076188211907
random_forest_np_tuned,r1f4,1,4,149,168,1,0.29807504775927973,0.20530076188211907
random_forest_np_tuned,r1f4,1,4,150,169,0,0.2969639366481686,0.20530076188211907
random_forest_np_tuned,r1f4,1,4,151,170,0,0.3689519323390521,0.20530076188211907
random_forest_np_tuned,r1f4,1,4,159,178,0,0.6283943083597786,0.20530076188211907
random_forest_np_tuned,r1f4,1,4,160,179,1,0.7654779000919765,0.20530076188211907
random_forest_np_tuned,r1f4,1,4,164,183,0,0.4331501694274476,0.20530076188211907
random_forest_np_tuned,r1f4,1,4,165,184,0,0.48820955395392046,0.20530076188211907
random_forest_np_tuned,r1f4,1,4,166,185,0,0.505032877689009,0.20530076188211907
random_forest_np_tuned,r1f4,1,4,167,186,0,0.47398601714214855,0.20530076188211907
random_forest_np_tuned,r1f4,1,4,177,196,0,0.365677568520129,0.20530076188211907
random_forest_np_tuned,r1f4,1,4,178,197,0,0.38207317291573345,0.20530076188211907
random_forest_np_tuned,r1f4,1,4,179,198,1,0.6829488708405252,0.20530076188211907
random_forest_np_tuned,r1f4,1,4,180,199,0,0.28147577662372064,0.20530076188211907
random_forest_np_tuned,r1f4,1,4,181,200,0,0.11690398805900666,0.20530076188211907
random_forest_np_tuned,r1f4,1,4,182,201,0,0.13494727810229679,0.20530076188211907
random_forest_np_tuned,r1f4,1,4,199,219,0,0.009729529346849407,0.20530076188211907
random_forest_np_tuned,r1f4,1,4,200,220,0,0.04905757167489174,0.20530076188211907
random_forest_np_tuned,r1f4,1,4,201,221,0,0.07556471961953969,0.20530076188211907
random_forest_np_tuned,r1f4,1,4,225,248,0,0.01367627179996702,0.20530076188211907
random_forest_np_tuned,r1f4,1,4,226,249,0,0.46072772186371946,0.20530076188211907
random_forest_np_tuned,r1f4,1,4,228,251,0,0.5477974892093145,0.20530076188211907
random_forest_np_tuned,r1f4,1,4,229,252,1,0.551805425717251,0.20530076188211907
random_forest_np_tuned,r2f0,2,0,13,25,1,0.6131035491751474,0.17530587880204646
random_forest_np_tuned,r2f0,2,0,14,26,1,0.7946217382318564,0.17530587880204646
random_forest_np_tuned,r2f0,2,0,15,27,1,0.5727859948255829,0.17530587880204646
random_forest_np_tuned,r2f0,2,0,16,28,1,0.887955741889639,0.17530587880204646
random_forest_np_tuned,r2f0,2,0,28,40,1,0.7639630080731263,0.17530587880204646
random_forest_np_tuned,r2f0,2,0,29,41,1,0.7669506002195418,0.17530587880204646
random_forest_np_tuned,r2f0,2,0,30,42,1,0.9219741173480303,0.17530587880204646
random_forest_np_tuned,r2f0,2,0,31,43,1,0.9267055988295116,0.17530587880204646
random_forest_np_tuned,r2f0,2,0,52,65,0,0.028187000962000965,0.17530587880204646
random_forest_np_tuned,r2f0,2,0,53,66,0,0.0018834175084175083,0.17530587880204646
random_forest_np_tuned,r2f0,2,0,54,67,0,0.08567318144818145,0.17530587880204646
random_forest_np_tuned,r2f0,2,0,55,68,0,0.01473394660894661,0.17530587880204646
random_forest_np_tuned,r2f0,2,0,57,70,0,0.057601250601250605,0.17530587880204646
random_forest_np_tuned,r2f0,2,0,58,71,0,0.04382569745069745,0.17530587880204646
random_forest_np_tuned,r2f0,2,0,59,72,1,0.5578136955636953,0.17530587880204646
random_forest_np_tuned,r2f0,2,0,60,73,0,0.057601250601250605,0.17530587880204646
random_forest_np_tuned,r2f0,2,0,61,74,1,0.5578136955636953,0.17530587880204646
random_forest_np_tuned,r2f0,2,0,85,102,0,0.18036983237338441,0.17530587880204646
random_forest_np_tuned,r2f0,2,0,86,103,0,0.10795025857785139,0.17530587880204646
random_forest_np_tuned,r2f0,2,0,92,109,0,0.13811510249010253,0.17530587880204646
random_forest_np_tuned,r2f0,2,0,93,110,0,0.14811431623931626,0.17530587880204646
random_forest_np_tuned,r2f0,2,0,94,111,1,0.133580710955711,0.17530587880204646
random_forest_np_tuned,r2f0,2,0,95,112,1,0.18023424723424733,0.17530587880204646
random_forest_np_tuned,r2f0,2,0,96,113,0,0.10750652824290195,0.17530587880204646
random_forest_np_tuned,r2f0,2,0,97,115,0,0.10394447918085288,0.17530587880204646
random_forest_np_tuned,r2f0,2,0,98,116,0,0.06782602111386545,0.17530587880204646
random_forest_np_tuned,r2f0,2,0,99,117,0,0.06754707896878945,0.17530587880204646
random_forest_np_tuned,r2f0,2,0,100,118,0,0.15509560206878323,0.17530587880204646
random_forest_np_tuned,r2f0,2,0,149,168,1,0.30038159857396113,0.17530587880204646
random_forest_np_tuned,r2f0,2,0,150,169,0,0.30163159857396116,0.17530587880204646
random_forest_np_tuned,r2f0,2,0,151,170,0,0.31871754906313754,0.17530587880204646
random_forest_np_tuned,r2f0,2,0,192,212,0,0.09691392939419255,0.17530587880204646
random_forest_np_tuned,r2f0,2,0,204,225,0,0.0480756905620643,0.17530587880204646
random_forest_np_tuned,r2f0,2,0,210,231,1,0.3178629297486562,0.17530587880204646
random_forest_np_tuned,r2f0,2,0,223,246,0,0.015569698819698819,0.17530587880204646
random_forest_np_tuned,r2f0,2,0,224,247,0,0.06062525437525437,0.17530587880204646
random_forest_np_tuned,r2f0,2,0,225,248,0,0.03448768638768639,0.17530587880204646
random_forest_np_tuned,r2f0,2,0,237,260,0,0.14778377878621182,0.17530587880204646
random_forest_np_tuned,r2f0,2,0,238,261,0,0.18756126891161223,0.17530587880204646
random_forest_np_tuned,r2f0,2,0,239,262,0,0.15092585706223077,0.17530587880204646
random_forest_np_tuned,r2f0,2,0,240,263,0,0.07236700251098493,0.17530587880204646
random_forest_np_tuned,r2f0,2,0,241,264,0,0.04796543322680697,0.17530587880204646
random_forest_np_tuned,r2f0,2,0,242,265,0,0.03583621662500973,0.17530587880204646
random_forest_np_tuned,r2f0,2,0,243,266,0,0.16425213111987158,0.17530587880204646
random_forest_np_tuned,r2f0,2,0,244,267,0,0.5222399221149223,0.17530587880204646
random_forest_np_tuned,r2f0,2,0,245,268,0,0.524408115033115,0.17530587880204646
random_forest_np_tuned,r2f1,2,1,45,58,0,0.11682721151138885,0.2421256047396399
random_forest_np_tuned,r2f1,2,1,46,59,0,0.07719672558094032,0.2421256047396399
random_forest_np_tuned,r2f1,2,1,47,60,0,0.0960955309952256,0.2421256047396399
random_forest_np_tuned,r2f1,2,1,48,61,0,0.11654943373361104,0.2421256047396399
random_forest_np_tuned,r2f1,2,1,49,62,0,0.15489624981998118,0.2421256047396399
random_forest_np_tuned,r2f1,2,1,50,63,1,0.2640909774314759,0.2421256047396399
random_forest_np_tuned,r2f1,2,1,51,64,0,0.18910568325611476,0.2421256047396399
random_forest_np_tuned,r2f1,2,1,107,125,0,0.00658531746031746,0.2421256047396399
random_forest_np_tuned,r2f1,2,1,108,126,0,0.0,0.2421256047396399
random_forest_np_tuned,r2f1,2,1,109,127,0,0.010833333333333335,0.2421256047396399
random_forest_np_tuned,r2f1,2,1,110,128,0,0.005138888888888888,0.2421256047396399
random_forest_np_tuned,r2f1,2,1,111,129,0,0.019036494883561364,0.2421256047396399
random_forest_np_tuned,r2f1,2,1,112,130,0,0.049477503117446184,0.2421256047396399
random_forest_np_tuned,r2f1,2,1,113,131,1,0.749129892578193,0.2421256047396399
random_forest_np_tuned,r2f1,2,1,114,132,1,0.6795432534109088,0.2421256047396399
random_forest_np_tuned,r2f1,2,1,115,133,1,0.3929033673005146,0.2421256047396399
random_forest_np_tuned,r2f1,2,1,116,134,0,0.22819774986091546,0.2421256047396399
random_forest_np_tuned,r2f1,2,1,117,135,1,0.6739807788484342,0.2421256047396399
random_forest_np_tuned,r2f1,2,1,118,136,1,0.4860166502164289,0.2421256047396399
random_forest_np_tuned,r2f1,2,1,119,137,1,0.4796674438672225,0.2421256047396399
random_forest_np_tuned,r2f1,2,1,120,139,1,0.7270321292304296,0.2421256047396399
random_forest_np_tuned,r2f1,2,1,128,147,0,0.007138888888888889,0.2421256047396399
random_forest_np_tuned,r2f1,2,1,173,192,0,0.08202564102564103,0.2421256047396399
random_forest_np_tuned,r2f1,2,1,174,193,0,0.04118467643467644,0.2421256047396399
random_forest_np_tuned,r2f1,2,1,175,194,0,0.05452958561630918,0.2421256047396399
random_forest_np_tuned,r2f1,2,1,176,195,0,0.12273271191982481,0.2421256047396399
random_forest_np_tuned,r2f1,2,1,202,222,0,0.19250570772080494,0.2421256047396399
random_forest_np_tuned,r2f1,2,1,203,224,1,0.6508488669740436,0.2421256047396399
random_forest_np_tuned,r2f1,2,1,205,226,0,0.06158724070333977,0.2421256047396399
random_forest_np_tuned,r2f1,2,1,206,227,0,0.06586960213276001,0.2421256047396399
random_forest_np_tuned,r2f1,2,1,211,232,0,0.09478000018633326,0.2421256047396399
random_forest_np_tuned,r2f1,2,1,212,233,1,0.12954983595469075,0.2421256047396399
random_forest_np_tuned,r2f1,2,1,213,234,1,0.13241094706580187,0.2421256047396399
random_forest_np_tuned,r2f1,2,1,214,235,0,0.08552735246446531,0.2421256047396399
random_forest_np_tuned,r2f1,2,1,215,236,0,0.12628124213723546,0.2421256047396399
random_forest_np_tuned,r2f1,2,1,216,238,1,0.3224869900929834,0.2421256047396399
random_forest_np_tuned,r2f1,2,1,217,239,0,0.03882450833766623,0.2421256047396399
random_forest_np_tuned,r2f1,2,1,218,240,0,0.03858687995297902,0.2421256047396399
random_forest_np_tuned,r2f1,2,1,232,255,0,0.2501702442294547,0.2421256047396399
random_forest_np_tuned,r2f1,2,1,233,256,0,0.2265045112696042,0.2421256047396399
random_forest_np_tuned,r2f1,2,1,234,257,0,0.2258793632694561,0.2421256047396399
random_forest_np_tuned,r2f1,2,1,235,258,0,0.2689355711469713,0.2421256047396399
random_forest_np_tuned,r2f1,2,1,236,259,0,0.438777494985719,0.2421256047396399
random_forest_np_tuned,r2f1,2,1,246,269,0,0.08419187675070024,0.2421256047396399
random_forest_np_tuned,r2f1,2,1,247,270,1,0.27254445010327366,0.2421256047396399
random_forest_np_tuned,r2f1,2,1,248,271,0,0.023841269841269844,0.2421256047396399
random_forest_np_tuned,r2f1,2,1,249,272,0,0.009339743589743588,0.2421256047396399
random_forest_np_tuned,r2f2,2,2,0,1,1,0.62,0.14
random_forest_np_tuned,r2f2,2,2,1,2,0,0.37,0.14
random_forest_np_tuned,r2f2,2,2,2,3,0,0.62,0.14
random_forest_np_tuned,r2f2,2,2,3,4,0,0.3933333333333333,0.14
random_forest_np_tuned,r2f2,2,2,4,5,0,0.37,0.14
random_forest_np_tuned,r2f2,2,2,5,6,0,0.2733333333333333,0.14
random_forest_np_tuned,r2f2,2,2,6,7,1,0.6666666666666666,0.14
random_forest_np_tuned,r2f2,2,2,7,8,1,0.2633333333333333,0.14
random_forest_np_tuned,r2f2,2,2,17,29,1,0.9466666666666667,0.14
random_forest_np_tuned,r2f2,2,2,18,30,0,0.9966666666666667,0.14
random_forest_np_tuned,r2f2,2,2,19,31,1,0.9833333333333333,0.14
random_forest_np_tuned,r2f2,2,2,20,32,1,0.99,0.14
random_forest_np_tuned,r2f2,2,2,21,33,0,0.3333333333333333,0.14
random_forest_np_tuned,r2f2,2,2,22,34,0,0.31666666666666665,0.14
random_forest_np_tuned,r2f2,2,2,23,35,0,0.4033333333333333,0.14
random_forest_np_tuned,r2f2,2,2,32,44,1,1.0,0.14
random_forest_np_tuned,r2f2,2,2,33,45,0,0.8933333333333333,0.14
random_forest_np_tuned,r2f2,2,2,34,46,1,0.30666666666666664,0.14
random_forest_np_tuned,r2f2,2,2,35,47,1,0.4666666666666667,0.14
random_forest_np_tuned,r2f2,2,2,36,48,1,0.16,0.14
random_forest_np_tuned,r2f2,2,2,37,49,0,0.42,0.14
random_forest_np_tuned,r2f2,2,2,38,50,0,0.4866666666666667,0.14
random_forest_np_tuned,r2f2,2,2,39,51,1,0.4266666666666667,0.14
random_forest_np_tuned,r2f2,2,2,40,52,1,0.9066666666666666,0.14
random_forest_np_tuned,r2f2,2,2,125,144,0,0.19,0.14
random_forest_np_tuned,r2f2,2,2,126,145,0,0.5766666666666667,0.14
random_forest_np_tuned,r2f2,2,2,127,146,0,0.2966666666666667,0.14
random_forest_np_tuned,r2f2,2,2,129,148,1,0.36,0.14
random_forest_np_tuned,r2f2,2,2,130,149,1,0.75,0.14
random_forest_np_tuned,r2f2,2,2,131,150,0,0.19333333333333333,0.14
random_forest_np_tuned,r2f2,2,2,132,151,1,0.06,0.14
random_forest_np_tuned,r2f2,2,2,133,152,0,0.06,0.14
random_forest_np_tuned,r2f2,2,2,134,153,0,0.06666666666666667,0.14
random_forest_np_tuned,r2f2,2,2,135,154,0,0.043333333333333335,0.14
random_forest_np_tuned,r2f2,2,2,136,155,0,0.11666666666666667,0.14
random_forest_np_tuned,r2f2,2,2,137,156,1,0.7966666666666666,0.14
random_forest_np_tuned,r2f2,2,2,142,161,0,0.04666666666666667,0.14
random_forest_np_tuned,r2f2,2,2,143,162,0,0.08333333333333333,0.14
random_forest_np_tuned,r2f2,2,2,144,163,0,0.04666666666666667,0.14
random_forest_np_tuned,r2f2,2,2,145,164,0,0.04666666666666667,0.14
random_forest_np_tuned,r2f2,2,2,146,165,0,0.5466666666666666,0.14
random_forest_np_tuned,r2f2,2,2,152,171,0,0.043333333333333335,0.14
random_forest_np_tuned,r2f2,2,2,153,172,0,0.22,0.14
random_forest_np_tuned,r2f2,2,2,154,173,1,0.7966666666666666,0.14
random_forest_np_tuned,r2f2,2,2,170,189,0,0.05,0.14
random_forest_np_tuned,r2f2,2,2,171,190,0,0.06666666666666667,0.14
random_forest_np_tuned,r2f2,2,2,172,191,0,0.43666666666666665,0.14
random_forest_np_tuned,r2f2,2,2,177,196,0,0.18,0.14
random_forest_np_tuned,r2f2,2,2,178,197,0,0.21,0.14
random_forest_np_tuned,r2f2,2,2,179,198,1,0.73,0.14
random_forest_np_tuned,r2f2,2,2,180,199,0,0.6633333333333333,0.14
random_forest_np_tuned,r2f2,2,2,181,200,0,0.15333333333333332,0.14
random_forest_np_tuned,r2f2,2,2,182,201,0,0.11333333333333333,0.14
random_forest_np_tuned,r2f2,2,2,183,202,0,0.4166666666666667,0.14
random_forest_np_tuned,r2f2,2,2,184,203,0,0.30333333333333334,0.14
random_forest_np_tuned,r2f2,2,2,185,204,1,0.5233333333333333,0.14
random_forest_np_tuned,r2f2,2,2,186,205,1,0.4866666666666667,0.14
random_forest_np_tuned,r2f2,2,2,187,206,1,0.25666666666666665,0.14
random_forest_np_tuned,r2f2,2,2,188,207,1,0.31333333333333335,0.14
random_forest_np_tuned,r2f2,2,2,189,208,1,0.25333333333333335,0.14
random_forest_np_tuned,r2f2,2,2,190,209,0,0.01,0.14
random_forest_np_tuned,r2f2,2,2,191,211,0,0.06333333333333334,0.14
random_forest_np_tuned,r2f2,2,2,207,228,0,0.27666666666666667,0.14
random_forest_np_tuned,r2f2,2,2,208,229,1,0.43,0.14
random_forest_np_tuned,r2f2,2,2,209,230,0,0.41333333333333333,0.14
random_forest_np_tuned,r2f2,2,2,250,273,0,0.34,0.14
random_forest_np_tuned,r2f2,2,2,251,274,0,0.45,0.14
random_forest_np_tuned,r2f3,2,3,8,19,1,0.933408310853215,0.19166679964869524
random_forest_np_tuned,r2f3,2,3,9,20,1,0.8275935872115651,0.19166679964869524
random_forest_np_tuned,r2f3,2,3,10,21,1,0.8530447656627436,0.19166679964869524
random_forest_np_tuned,r2f3,2,3,11,22,1,0.8530447656627436,0.19166679964869524
random_forest_np_tuned,r2f3,2,3,12,23,1,0.9384110965665271,0.19166679964869524
random_forest_np_tuned,r2f3,2,3,25,37,1,0.7767880316560096,0.19166679964869524
random_forest_np_tuned,r2f3,2,3,26,38,1,0.8543204066883845,0.19166679964869524
random_forest_np_tuned,r2f3,2,3,27,39,1,0.9445359161913465,0.19166679964869524
random_forest_np_tuned,r2f3,2,3,56,69,1,0.8054135777340236,0.19166679964869524
random_forest_np_tuned,r2f3,2,3,62,75,0,0.003473820596680362,0.19166679964869524
random_forest_np_tuned,r2f3,2,3,63,76,0,0.026464561337421103,0.19166679964869524
random_forest_np_tuned,r2f3,2,3,64,77,0,0.025083608956468724,0.19166679964869524
random_forest_np_tuned,r2f3,2,3,65,78,0,0.0057172068400666055,0.19166679964869524
random_forest_np_tuned,r2f3,2,3,66,79,0,0.1441435835342863,0.19166679964869524
random_forest_np_tuned,r2f3,2,3,67,82,0,0.013610100982960753,0.19166679964869524
random_forest_np_tuned,r2f3,2,3,78,94,0,0.7773422561448229,0.19166679964869524
random_forest_np_tuned,r2f3,2,3,79,95,0,0.7308435788961457,0.19166679964869524
random_forest_np_tuned,r2f3,2,3,101,119,0,0.10285857952963215,0.19166679964869524
random_forest_np_tuned,r2f3,2,3,102,120,0,0.11217868534973799,0.19166679964869524
random_forest_np_tuned,r2f3,2,3,103,121,0,0.10184860262747658,0.19166679964869524
random_forest_np_tuned,r2f3,2,3,104,122,0,0.026352203802130426,0.19166679964869524
random_forest_np_tuned,r2f3,2,3,105,123,0,0.10482695760583156,0.19166679964869524
random_forest_np_tuned,r2f3,2,3,106,124,0,0.012225716455054839,0.19166679964869524
random_forest_np_tuned,r2f3,2,3,121,140,0,0.061330954153945745,0.19166679964869524
random_forest_np_tuned,r2f3,2,3,122,141,0,0.0015256697697140372,0.19166679964869524
random_forest_np_tuned,r2f3,2,3,123,142,0,0.053905271649315904,0.19166679964869524
random_forest_np_tuned,r2f3,2,3,124,143,0,0.04057674832079259,0.19166679964869524
random_forest_np_tuned,r2f3,2,3,155,174,1,0.9093967734598666,0.19166679964869524
random_forest_np_tuned,r2f3,2,3,156,175,1,0.9198184665815597,0.19166679964869524
random_forest_np_tuned,r2f3,2,3,157,176,0,0.7583254059031365,0.19166679964869524
random_forest_np_tuned,r2f3,2,3,158,177,0,0.7396259846816565,0.19166679964869524
random_forest_np_tuned,r2f3,2,3,193,213,0,0.10206445660686203,0.19166679964869524
random_forest_np_tuned,r2f3,2,3,194,214,0,0.5156360688365459,0.19166679964869524
random_forest_np_tuned,r2f3,2,3,195,215,0,0.04099742662028638,0.19166679964869524
random_forest_np_tuned,r2f3,2,3,196,216,0,0.0057172068400666055,0.19166679964869524
random_forest_np_tuned,r2f3,2,3,197,217,0,0.04123816736102714,0.19166679964869524
random_forest_np_tuned,r2f3,2,3,198,218,0,0.006550540173399939,0.19166679964869524
random_forest_np_tuned,r2f3,2,3,219,241,0,0.01741269841269841,0.19166679964869524
random_forest_np_tuned,r2f3,2,3,220,243,0,0.6721734363131422,0.19166679964869524
random_forest_np_tuned,r2f3,2,3,226,249,0,0.554568316773812,0.19166679964869524
random_forest_np_tuned,r2f3,2,3,227,250,1,0.2783705618512894,0.19166679964869524
random_forest_np_tuned,r2f3,2,3,228,251,0,0.47462730053171226,0.19166679964869524
random_forest_np_tuned,r2f3,2,3,229,252,1,0.47518285608726785,0.19166679964869524
random_forest_np_tuned,r2f3,2,3,230,253,0,0.1571390929694851,0.19166679964869524
random_forest_np_tuned,r2f3,2,3,231,254,1,0.16746040129079348,0.19166679964869524
random_forest_np_tuned,r2f4,2,4,24,36,0,0.09620207670726244,0.17597575902933055
random_forest_np_tuned,r2f4,2,4,41,54,0,0.06659977789095434,0.17597575902933055
random_forest_np_tuned,r2f4,2,4,42,55,1,0.06997411651529298,0.17597575902933055
random_forest_np_tuned,r2f4,2,4,43,56,1,0.22068481422046352,0.17597575902933055
random_forest_np_tuned,r2f4,2,4,44,57,0,0.26395484730640767,0.17597575902933055
random_forest_np_tuned,r2f4,2,4,68,84,0,0.036791430791430796,0.17597575902933055
random_forest_np_tuned,r2f4,2,4,69,85,0,0.01927784252784253,0.17597575902933055
random_forest_np_tuned,r2f4,2,4,70,86,0,0.009658231474407945,0.17597575902933055
random_forest_np_tuned,r2f4,2,4,71,87,0,0.013283536724713196,0.17597575902933055
random_forest_np_tuned,r2f4,2,4,72,88,1,0.4891554936764794,0.17597575902933055
random_forest_np_tuned,r2f4,2,4,73,89,1,0.39341313686175433,0.17597575902933055
random_forest_np_tuned,r2f4,2,4,74,90,1,0.40131922151783894,0.17597575902933055
random_forest_np_tuned,r2f4,2,4,75,91,1,0.44323637843499586,0.17597575902933055
random_forest_np_tuned,r2f4,2,4,76,92,1,0.5649068769762897,0.17597575902933055
random_forest_np_tuned,r2f4,2,4,77,93,1,0.8648020916925829,0.17597575902933055
random_forest_np_tuned,r2f4,2,4,80,97,1,0.3531538510073929,0.17597575902933055
random_forest_np_tuned,r2f4,2,4,81,98,0,0.37893753029107213,0.17597575902933055
random_forest_np_tuned,r2f4,2,4,82,99,0,0.3580480309015728,0.17597575902933055
random_forest_np_tuned,r2f4,2,4,83,100,0,0.2935657395391704,0.17597575902933055
random_forest_np_tuned,r2f4,2,4,84,101,0,0.2953377701905115,0.17597575902933055
random_forest_np_tuned,r2f4,2,4,87,104,0,0.37083700119054314,0.17597575902933055
random_forest_np_tuned,r2f4,2,4,88,105,1,0.35426496211850395,0.17597575902933055
random_forest_np_tuned,r2f4,2,4,89,106,1,0.4248308049014519,0.17597575902933055
random_forest_np_tuned,r2f4,2,4,90,107,1,0.4097136812843285,0.17597575902933055
random_forest_np_tuned,r2f4,2,4,91,108,1,0.37555596740950925,0.17597575902933055
random_forest_np_tuned,r2f4,2,4,138,157,0,0.11798641173641168,0.17597575902933055
random_forest_np_tuned,r2f4,2,4,139,158,0,0.0644597162097162,0.17597575902933055
random_forest_np_tuned,r2f4,2,4,140,159,0,0.021615319865319865,0.17597575902933055
random_forest_np_tuned,r2f4,2,4,141,160,0,0.024420875420875423,0.17597575902933055
random_forest_np_tuned,r2f4,2,4,147,166,0,0.003521825396825397,0.17597575902933055
random_forest_np_tuned,r2f4,2,4,148,167,0,0.036686628186628184,0.17597575902933055
random_forest_np_tuned,r2f4,2,4,159,178,0,0.6434113860076194,0.17597575902933055
random_forest_np_tuned,r2f4,2,4,160,179,1,0.8577873749569032,0.17597575902933055
random_forest_np_tuned,r2f4,2,4,161,180,0,0.14361770976281793,0.17597575902933055
random_forest_np_tuned,r2f4,2,4,162,181,0,0.5139149693557395,0.17597575902933055
random_forest_np_tuned,r2f4,2,4,163,182,1,0.7657704014211707,0.17597575902933055
random_forest_np_tuned,r2f4,2,4,164,183,0,0.3731300414835833,0.17597575902933055
random_forest_np_tuned,r2f4,2,4,165,184,0,0.4359085592621011,0.17597575902933055
random_forest_np_tuned,r2f4,2,4,166,185,0,0.49630235150786717,0.17597575902933055
random_forest_np_tuned,r2f4,2,4,167,186,0,0.419762050305801,0.17597575902933055
random_forest_np_tuned,r2f4,2,4,168,187,0,0.037029629629629635,0.17597575902933055
random_forest_np_tuned,r2f4,2,4,169,188,0,0.05951013986013983,0.17597575902933055
random_forest_np_tuned,r2f4,2,4,199,219,0,0.02922798116915764,0.17597575902933055
random_forest_np_tuned,r2f4,2,4,200,220,0,0.05672853997853999,0.17597575902933055
random_forest_np_tuned,r2f4,2,4,201,221,0,0.07299044474044475,0.17597575902933055
random_forest_np_tuned,r2f4,2,4,221,244,0,0.025788119288119294,0.17597575902933055
random_forest_np_tuned,r2f4,2,4,222,245,0,0.005507936507936507,0.17597575902933055
random_forest_np_tuned,r3f0,3,0,0,1,1,0.4268742065277153,0.2511717970051135
random_forest_np_tuned,r3f0,3,0,1,2,0,0.3088224249759337,0.2511717970051135
random_forest_np_tuned,r3f0,3,0,2,3,0,0.44615727531078403,0.2511717970051135
random_forest_np_tuned,r3f0,3,0,3,4,0,0.338943757347266,0.2511717970051135
random_forest_np_tuned,r3f0,3,0,4,5,0,0.3054890916426004,0.2511717970051135
random_forest_np_tuned,r3f0,3,0,5,6,0,0.20270215586882254,0.2511717970051135
random_forest_np_tuned,r3f0,3,0,6,7,1,0.6988204400948206,0.2511717970051135
random_forest_np_tuned,r3f0,3,0,7,8,1,0.2681591878480424,0.2511717970051135
random_forest_np_tuned,r3f0,3,0,13,25,1,0.6052772837136872,0.2511717970051135
random_forest_np_tuned,r3f0,3,0,14,26,1,0.7336941929902459,0.2511717970051135
random_forest_np_tuned,r3f0,3,0,15,27,1,0.6472479160746425,0.2511717970051135
random_forest_np_tuned,r3f0,3,0,16,28,1,0.8917175529192795,0.2511717970051135
random_forest_np_tuned,r3f0,3,0,21,33,0,0.22439232680899351,0.2511717970051135
random_forest_np_tuned,r3f0,3,0,22,34,0,0.3010102295365454,0.2511717970051135
random_forest_np_tuned,r3f0,3,0,23,35,0,0.24548630195776525,0.2511717970051135
random_forest_np_tuned,r3f0,3,0,28,40,1,0.7231978606189136,0.2511717970051135
random_forest_np_tuned,r3f0,3,0,29,41,1,0.7824686417383786,0.2511717970051135
random_forest_np_tuned,r3f0,3,0,30,42,1,0.8610075439266619,0.2511717970051135
random_forest_np_tuned,r3f0,3,0,31,43,1,0.8721742105933286,0.2511717970051135
random_forest_np_tuned,r3f0,3,0,34,46,1,0.1953392502559169,0.2511717970051135
random_forest_np_tuned,r3f0,3,0,35,47,1,0.2890039139753773,0.2511717970051135
random_forest_np_tuned,r3f0,3,0,36,48,1,0.22375437428069014,0.2511717970051135
random_forest_np_tuned,r3f0,3,0,37,49,0,0.2634942939657573,0.2511717970051135
random_forest_np_tuned,r3f0,3,0,38,50,0,0.24561358208504533,0.2511717970051135
random_forest_np_tuned,r3f0,3,0,39,51,1,0.4932938828314216,0.2511717970051135
random_forest_np_tuned,r3f0,3,0,56,69,1,0.7325154655715801,0.2511717970051135
random_forest_np_tuned,r3f0,3,0,62,75,0,0.016579297245963912,0.2511717970051135
random_forest_np_tuned,r3f0,3,0,63,76,0,0.024718559218559217,0.2511717970051135
random_forest_np_tuned,r3f0,3,0,64,77,0,0.026349428349428352,0.2511717970051135
random_forest_np_tuned,r3f0,3,0,65,78,0,0.009991690408357075,0.2511717970051135
random_forest_np_tuned,r3f0,3,0,66,79,0,0.06303226675285498,0.2511717970051135
random_forest_np_tuned,r3f0,3,0,67,82,0,0.009398656898656897,0.2511717970051135
random_forest_np_tuned,r3f0,3,0,101,119,0,0.1351904761904762,0.2511717970051135
random_forest_np_tuned,r3f0,3,0,102,120,0,0.14665079365079364,0.2511717970051135
random_forest_np_tuned,r3f0,3,0,103,121,0,0.12189584674584672,0.2511717970051135
random_forest_np_tuned,r3f0,3,0,104,122,0,0.04146279831279832,0.2511717970051135
random_forest_np_tuned,r3f0,3,0,105,123,0,0.12548314833314833,0.2511717970051135
random_forest_np_tuned,r3f0,3,0,106,124,0,0.01594098494098494,0.2511717970051135
random_forest_np_tuned,r3f0,3,0,142,161,0,0.04423299108299108,0.2511717970051135
random_forest_np_tuned,r3f0,3,0,143,162,0,0.04964476264476264,0.2511717970051135
random_forest_np_tuned,r3f0,3,0,144,163,0,0.04557694157694159,0.2511717970051135
random_forest_np_tuned,r3f0,3,0,145,164,0,0.04557694157694159,0.2511717970051135
random_forest_np_tuned,r3f0,3,0,161,180,0,0.12224253646399963,0.2511717970051135
random_forest_np_tuned,r3f0,3,0,162,181,0,0.4151875447250835,0.2511717970051135
random_forest_np_tuned,r3f0,3,0,163,182,1,0.7820849718593527,0.2511717970051135
random_forest_np_tuned,r3f0,3,0,168,187,0,0.09191000851000848,0.2511717970051135
random_forest_np_tuned,r3f0,3,0,169,188,0,0.08881491348158016,0.2511717970051135
random_forest_np_tuned,r3f0,3,0,183,202,0,0.27070152070152076,0.2511717970051135
random_forest_np_tuned,r3f0,3,0,184,203,0,0.19117258358925024,0.2511717970051135
random_forest_np_tuned,r3f0,3,0,185,204,1,0.27318633340779674,0.2511717970051135
random_forest_np_tuned,r3f0,3,0,186,205,1,0.24561358208504533,0.2511717970051135
random_forest_np_tuned,r3f0,3,0,187,206,1,0.2699925211813758,0.2511717970051135
random_forest_np_tuned,r3f0,3,0,188,207,1,0.33876741295626756,0.2511717970051135
random_forest_np_tuned,r3f0,3,0,189,208,1,0.2616777063665609,0.2511717970051135
random_forest_np_tuned,r3f0,3,0,193,213,0,0.07136014861334553,0.2511717970051135
random_forest_np_tuned,r3f0,3,0,194,214,0,0.41523816879428355,0.2511717970051135
random_forest_np_tuned,r3f0,3,0,195,215,0,0.03349265636897216,0.2511717970051135
random_forest_np_tuned,r3f0,3,0,196,216,0,0.00782502374169041,0.2511717970051135
random_forest_np_tuned,r3f0,3,0,197,217,0,0.025807471183786974,0.2511717970051135
random_forest_np_tuned,r3f0,3,0,198,218,0,0.004630579297245964,0.2511717970051135
random_forest_np_tuned,r3f0,3,0,207,228,0,0.2565261602476235,0.2511717970051135
random_forest_np_tuned,r3f0,3,0,208,229,1,0.5121485836861225,0.2511717970051135
random_forest_np_tuned,r3f0,3,0,209,230,0,0.2279622889337522,0.2511717970051135
random_forest_np_tuned,r3f0,3,0,246,269,0,0.19823000517427758,0.2511717970051135
random_forest_np_tuned,r3f0,3,0,247,270,1,0.35636360305787546,0.2511717970051135
random_forest_np_tuned,r3f0,3,0,248,271,0,0.01049647266313933,0.2511717970051135
random_forest_np_tuned,r3f0,3,0,249,272,0,0.008484567901234568,0.2511717970051135
random_forest_np_tuned,r3f1,3,1,52,65,0,0.12666666666666668,0.13
random_forest_np_tuned,r3f1,3,1,53,66,0,0.0,0.13
random_forest_np_tuned,r3f1,3,1,54,67,0,0.1,0.13
random_forest_np_tuned,r3f1,3,1,55,68,0,0.03,0.13
random_forest_np_tuned,r3f1,3,1,57,70,0,0.02666666666666667,0.13
random_forest_np_tuned,r3f1,3,1,58,71,0,0.05333333333333334,0.13
random_forest_np_tuned,r3f1,3,1,59,72,1,0.6466666666666666,0.13
random_forest_np_tuned,r3f1,3,1,60,73,0,0.02666666666666667,0.13
random_forest_np_tuned,r3f1,3,1,61,74,1,0.5466666666666666,0.13
random_forest_np_tuned,r3f1,3,1,68,84,0,0.04666666666666667,0.13
random_forest_np_tuned,r3f1,3,1,69,85,0,0.01,0.13
random_forest_np_tuned,r3f1,3,1,70,86,0,0.016666666666666666,0.13
random_forest_np_tuned,r3f1,3,1,71,87,0,0.0,0.13
random_forest_np_tuned,r3f1,3,1,72,88,1,0.30333333333333334,0.13
random_forest_np_tuned,r3f1,3,1,73,89,1,0.15333333333333332,0.13
random_forest_np_tuned,r3f1,3,1,74,90,1,0.16,0.13
random_forest_np_tuned,r3f1,3,1,75,91,1,0.19,0.13
random_forest_np_tuned,r3f1,3,1,76,92,1,0.3566666666666667,0.13
random_forest_np_tuned,r3f1,3,1,77,93,1,0.9366666666666666,0.13
random_forest_np_tuned,r3f1,3,1,80,97,1,0.17,0.13
random_forest_np_tuned,r3f1,3,1,87,104,0,0.11,0.13
random_forest_np_tuned,r3f1,3,1,88,105,1,0.17,0.13
random_forest_np_tuned,r3f1,3,1,90,107,1,0.37666666666666665,0.13
random_forest_np_tuned,r3f1,3,1,192,212,0,0.03666666666666667,0.13
random_forest_np_tuned,r3f1,3,1,199,219,0,0.04,0.13
random_forest_np_tuned,r3f1,3,1,200,220,0,0.016666666666666666,0.13
random_forest_np_tuned,r3f1,3,1,201,221,0,0.02666666666666667,0.13
random_forest_np_tuned,r3f1,3,1,204,225,0,0.06,0.13
random_forest_np_tuned,r3f1,3,1,210,231,1,0.3333333333333333,0.13
random_forest_np_tuned,r3f1,3,1,214,235,0,0.11666666666666667,0.13
random_forest_np_tuned,r3f1,3,1,215,236,0,0.5233333333333333,0.13
random_forest_np_tuned,r3f1,3,1,216,238,1,0.6033333333333334,0.13
random_forest_np_tuned,r3f1,3,1,217,239,0,0.0033333333333333335,0.13
random_forest_np_tuned,r3f1,3,1,218,240,0,0.0033333333333333335,0.13
random_forest_np_tuned,r3f1,3,1,223,246,0,0.006666666666666667,0.13
random_forest_np_tuned,r3f1,3,1,224,247,0,0.03333333333333333,0.13
random_forest_np_tuned,r3f1,3,1,225,248,0,0.006666666666666667,0.13
random_forest_np_tuned,r3f1,3,1,226,249,0,0.32666666666666666,0.13
random_forest_np_tuned,r3f1,3,1,228,251,0,0.57,0.13
random_forest_np_tuned,r3f1,3,1,229,252,1,0.6133333333333333,0.13
random_forest_np_tuned,r3f1,3,1,241,264,0,0.013333333333333334,0.13
random_forest_np_tuned,r3f1,3,1,242,265,0,0.006666666666666667,0.13
random_forest_np_tuned,r3f1,3,1,243,266,0,0.14,0.13
random_forest_np_tuned,r3f1,3,1,244,267,0,0.54,0.13
random_forest_np_tuned,r3f1,3,1,245,268,0,0.6433333333333333,0.13
random_forest_np_tuned,r3f2,3,2,24,36,0,0.056921846671846674,0.1872025771499456
random_forest_np_tuned,r3f2,3,2,41,54,0,0.08901059579577171,0.1872025771499456
random_forest_np_tuned,r3f2,3,2,42,55,1,0.06952192760122118,0.1872025771499456
random_forest_np_tuned,r3f2,3,2,43,56,1,0.26507329838176,0.1872025771499456
random_forest_np_tuned,r3f2,3,2,44,57,0,0.30584639447199163,0.1872025771499456
random_forest_np_tuned,r3f2,3,2,45,58,0,0.08722355001188849,0.1872025771499456
random_forest_np_tuned,r3f2,3,2,46,59,0,0.029094925444925448,0.1872025771499456
random_forest_np_tuned,r3f2,3,2,47,60,0,0.04057719382631664,0.1872025771499456
random_forest_np_tuned,r3f2,3,2,48,61,0,0.08722355001188849,0.1872025771499456
random_forest_np_tuned,r3f2,3,2,49,62,0,0.18374120896057328,0.1872025771499456
random_forest_np_tuned,r3f2,3,2,50,63,1,0.5640517894772924,0.1872025771499456
random_forest_np_tuned,r3f2,3,2,51,64,0,0.3625152967831912,0.1872025771499456
random_forest_np_tuned,r3f2,3,2,113,131,1,0.7929345701734551,0.1872025771499456
random_forest_np_tuned,r3f2,3,2,114,132,1,0.7194386334164943,0.1872025771499456
random_forest_np_tuned,r3f2,3,2,115,133,1,0.36813084169600835,0.1872025771499456
random_forest_np_tuned,r3f2,3,2,116,134,0,0.2281077901761537,0.1872025771499456
random_forest_np_tuned,r3f2,3,2,117,135,1,0.7106188883467492,0.1872025771499456
random_forest_np_tuned,r3f2,3,2,118,136,1,0.46121531278047956,0.1872025771499456
random_forest_np_tuned,r3f2,3,2,119,137,1,0.4312417678069345,0.1872025771499456
random_forest_np_tuned,r3f2,3,2,120,139,1,0.7874715218716972,0.1872025771499456
random_forest_np_tuned,r3f2,3,2,132,151,1,0.12354594058427906,0.1872025771499456
random_forest_np_tuned,r3f2,3,2,133,152,0,0.07136807886720167,0.1872025771499456
random_forest_np_tuned,r3f2,3,2,134,153,0,0.06903059163059164,0.1872025771499456
random_forest_np_tuned,r3f2,3,2,135,154,0,0.08103704062008944,0.1872025771499456
random_forest_np_tuned,r3f2,3,2,136,155,0,0.2687250562145064,0.1872025771499456
random_forest_np_tuned,r3f2,3,2,137,156,1,0.6778667895285541,0.1872025771499456
random_forest_np_tuned,r3f2,3,2,146,165,0,0.4972340611458257,0.1872025771499456
random_forest_np_tuned,r3f2,3,2,149,168,1,0.31972020652498023,0.1872025771499456
random_forest_np_tuned,r3f2,3,2,150,169,0,0.32316465096942465,0.1872025771499456
random_forest_np_tuned,r3f2,3,2,151,170,0,0.35131326662010437,0.1872025771499456
random_forest_np_tuned,r3f2,3,2,152,171,0,0.08242592950897834,0.1872025771499456
random_forest_np_tuned,r3f2,3,2,153,172,0,0.39037337091013563,0.1872025771499456
random_forest_np_tuned,r3f2,3,2,154,173,1,0.6778667895285541,0.1872025771499456
random_forest_np_tuned,r3f2,3,2,170,189,0,0.12859608488442337,0.1872025771499456
random_forest_np_tuned,r3f2,3,2,171,190,0,0.05073063973063974,0.1872025771499456
random_forest_np_tuned,r3f2,3,2,172,191,0,0.21379871979871973,0.1872025771499456
random_forest_np_tuned,r3f2,3,2,190,209,0,0.1196493716469867,0.1872025771499456
random_forest_np_tuned,r3f2,3,2,191,211,0,0.26353513379035837,0.1872025771499456
random_forest_np_tuned,r3f2,3,2,221,244,0,0.03488716232550082,0.1872025771499456
random_forest_np_tuned,r3f2,3,2,222,245,0,0.008873626373626374,0.1872025771499456
random_forest_np_tuned,r3f2,3,2,237,260,0,0.12888974808345788,0.1872025771499456
random_forest_np_tuned,r3f2,3,2,238,261,0,0.1633662601334994,0.1872025771499456
random_forest_np_tuned,r3f2,3,2,239,262,0,0.07313739506766902,0.1872025771499456
random_forest_np_tuned,r3f2,3,2,240,263,0,0.037202741702741696,0.1872025771499456
random_forest_np_tuned,r3f2,3,2,250,273,0,0.35452379004129203,0.1872025771499456
random_forest_np_tuned,r3f2,3,2,251,274,0,0.7074951369514473,0.1872025771499456
random_forest_np_tuned,r3f3,3,3,8,19,1,0.9379476321092391,0.2846796838638943
random_forest_np_tuned,r3f3,3,3,9,20,1,0.8199174957839429,0.2846796838638943
random_forest_np_tuned,r3f3,3,3,10,21,1,0.8371876978041449,0.2846796838638943
random_forest_np_tuned,r3f3,3,3,11,22,1,0.8371876978041449,0.2846796838638943
random_forest_np_tuned,r3f3,3,3,12,23,1,0.9144240401754307,0.2846796838638943
random_forest_np_tuned,r3f3,3,3,25,37,1,0.7407420173952295,0.2846796838638943
random_forest_np_tuned,r3f3,3,3,26,38,1,0.8308243019407491,0.2846796838638943
random_forest_np_tuned,r3f3,3,3,27,39,1,0.9244266431280337,0.2846796838638943
random_forest_np_tuned,r3f3,3,3,81,98,0,0.4935288665393524,0.2846796838638943
random_forest_np_tuned,r3f3,3,3,82,99,0,0.5552166883793483,0.2846796838638943
random_forest_np_tuned,r3f3,3,3,83,100,0,0.355152090259348,0.2846796838638943
random_forest_np_tuned,r3f3,3,3,84,101,0,0.3449973283545862,0.2846796838638943
random_forest_np_tuned,r3f3,3,3,89,106,1,0.5696389976391893,0.2846796838638943
random_forest_np_tuned,r3f3,3,3,91,108,1,0.5237802544429142,0.2846796838638943
random_forest_np_tuned,r3f3,3,3,96,113,0,0.14288220276455577,0.2846796838638943
random_forest_np_tuned,r3f3,3,3,97,115,0,0.13888220276455576,0.2846796838638943
random_forest_np_tuned,r3f3,3,3,98,116,0,0.07693823409232617,0.2846796838638943
random_forest_np_tuned,r3f3,3,3,99,117,0,0.10010107134609339,0.2846796838638943
random_forest_np_tuned,r3f3,3,3,100,118,0,0.14555826103166064,0.2846796838638943
random_forest_np_tuned,r3f3,3,3,138,157,0,0.13567303992303992,0.2846796838638943
random_forest_np_tuned,r3f3,3,3,139,158,0,0.07317797017797016,0.2846796838638943
random_forest_np_tuned,r3f3,3,3,140,159,0,0.028177844699583836,0.2846796838638943
random_forest_np_tuned,r3f3,3,3,141,160,0,0.028177844699583836,0.2846796838638943
random_forest_np_tuned,r3f3,3,3,147,166,0,0.001674718196457327,0.2846796838638943
random_forest_np_tuned,r3f3,3,3,148,167,0,0.0001932367149758454,0.2846796838638943
random_forest_np_tuned,r3f3,3,3,159,178,0,0.6977247914033354,0.2846796838638943
random_forest_np_tuned,r3f3,3,3,160,179,1,0.8515096171950662,0.2846796838638943
random_forest_np_tuned,r3f3,3,3,164,183,0,0.5190387085491943,0.2846796838638943
random_forest_np_tuned,r3f3,3,3,165,184,0,0.5304397968399883,0.2846796838638943
random_forest_np_tuned,r3f3,3,3,166,185,0,0.575052029052221,0.2846796838638943
random_forest_np_tuned,r3f3,3,3,167,186,0,0.504132189632381,0.2846796838638943
random_forest_np_tuned,r3f3,3,3,202,222,0,0.13562451798701414,0.2846796838638943
random_forest_np_tuned,r3f3,3,3,203,224,1,0.6497946353103834,0.2846796838638943
random_forest_np_tuned,r3f3,3,3,205,226,0,0.0275740857910711,0.2846796838638943
random_forest_np_tuned,r3f3,3,3,206,227,0,0.02120900642599173,0.2846796838638943
random_forest_np_tuned,r3f3,3,3,211,232,0,0.07838802669035097,0.2846796838638943
random_forest_np_tuned,r3f3,3,3,212,233,1,0.16818162009515134,0.2846796838638943
random_forest_np_tuned,r3f3,3,3,213,234,1,0.16915384231737354,0.2846796838638943
random_forest_np_tuned,r3f3,3,3,219,241,0,0.01709970539563807,0.2846796838638943
random_forest_np_tuned,r3f3,3,3,220,243,0,0.760020983645984,0.2846796838638943
random_forest_np_tuned,r3f3,3,3,232,255,0,0.23793938113493582,0.2846796838638943
random_forest_np_tuned,r3f3,3,3,233,256,0,0.23151966196521664,0.2846796838638943
random_forest_np_tuned,r3f3,3,3,234,257,0,0.2017273964964805,0.2846796838638943
random_forest_np_tuned,r3f3,3,3,235,258,0,0.3308812914451324,0.2846796838638943
random_forest_np_tuned,r3f3,3,3,236,259,0,0.4204033220398579,0.2846796838638943
random_forest_np_tuned,r3f4,3,4,17,29,1,0.8260211016623553,0.2595707961581164
random_forest_np_tuned,r3f4,3,4,18,30,0,0.9523382262588918,0.2595707961581164
random_forest_np_tuned,r3f4,3,4,19,31,1,0.9317258239595516,0.2595707961581164
random_forest_np_tuned,r3f4,3,4,20,32,1,0.9693768651841219,0.2595707961581164
random_forest_np_tuned,r3f4,3,4,32,44,1,0.9888178403267411,0.2595707961581164
random_forest_np_tuned,r3f4,3,4,33,45,0,0.8211957048369585,0.2595707961581164
random_forest_np_tuned,r3f4,3,4,40,52,1,0.8835537270506127,0.2595707961581164
random_forest_np_tuned,r3f4,3,4,78,94,0,0.761281341595388,0.2595707961581164
random_forest_np_tuned,r3f4,3,4,79,95,0,0.7114625585266049,0.2595707961581164
random_forest_np_tuned,r3f4,3,4,85,102,0,0.18627038982512603,0.2595707961581164
random_forest_np_tuned,r3f4,3,4,86,103,0,0.11268460061433674,0.2595707961581164
random_forest_np_tuned,r3f4,3,4,92,109,0,0.11573463192580837,0.2595707961581164
random_forest_np_tuned,r3f4,3,4,93,110,0,0.19661640573597097,0.2595707961581164
random_forest_np_tuned,r3f4,3,4,94,111,1,0.14685713143066084,0.2595707961581164
random_forest_np_tuned,r3f4,3,4,95,112,1,0.13864013383131032,0.2595707961581164
random_forest_np_tuned,r3f4,3,4,107,125,0,0.00480901722391084,0.2595707961581164
random_forest_np_tuned,r3f4,3,4,108,126,0,0.006846054260947878,0.2595707961581164
random_forest_np_tuned,r3f4,3,4,109,127,0,0.0049756838905775065,0.2595707961581164
random_forest_np_tuned,r3f4,3,4,110,128,0,0.006707165372058988,0.2595707961581164
random_forest_np_tuned,r3f4,3,4,111,129,0,0.04471136106010508,0.2595707961581164
random_forest_np_tuned,r3f4,3,4,112,130,0,0.062223265822009835,0.2595707961581164
random_forest_np_tuned,r3f4,3,4,121,140,0,0.04375406291895652,0.2595707961581164
random_forest_np_tuned,r3f4,3,4,122,141,0,0.006040498705392322,0.2595707961581164
random_forest_np_tuned,r3f4,3,4,123,142,0,0.041102668017561635,0.2595707961581164
random_forest_np_tuned,r3f4,3,4,124,143,0,0.03885134526623888,0.2595707961581164
random_forest_np_tuned,r3f4,3,4,125,144,0,0.24629272318637466,0.2595707961581164
random_forest_np_tuned,r3f4,3,4,126,145,0,0.24508340962412006,0.2595707961581164
random_forest_np_tuned,r3f4,3,4,127,146,0,0.28057166899665065,0.2595707961581164
random_forest_np_tuned,r3f4,3,4,128,147,0,0.012199228864122485,0.2595707961581164
random_forest_np_tuned,r3f4,3,4,129,148,1,0.5511079419766135,0.2595707961581164
random_forest_np_tuned,r3f4,3,4,130,149,1,0.7391514160950873,0.2595707961581164
random_forest_np_tuned,r3f4,3,4,131,150,0,0.36393745581814096,0.2595707961581164
random_forest_np_tuned,r3f4,3,4,155,174,1,0.8999289746783927,0.2595707961581164
random_forest_np_tuned,r3f4,3,4,156,175,1,0.8952500424994605,0.2595707961581164
random_forest_np_tuned,r3f4,3,4,157,176,0,0.7115410514416258,0.2595707961581164
random_forest_np_tuned,r3f4,3,4,158,177,0,0.7859364209674301,0.2595707961581164
random_forest_np_tuned,r3f4,3,4,173,192,0,0.08321938051124181,0.2595707961581164
random_forest_np_tuned,r3f4,3,4,174,193,0,0.06665795936158539,0.2595707961581164
random_forest_np_tuned,r3f4,3,4,175,194,0,0.08333243330085693,0.2595707961581164
random_forest_np_tuned,r3f4,3,4,176,195,0,0.13219495752899563,0.2595707961581164
random_forest_np_tuned,r3f4,3,4,177,196,0,0.4098511717318569,0.2595707961581164
random_forest_np_tuned,r3f4,3,4,178,197,0,0.4327638255667078,0.2595707961581164
random_forest_np_tuned,r3f4,3,4,179,198,1,0.7203762838199551,0.2595707961581164
random_forest_np_tuned,r3f4,3,4,180,199,0,0.28477812340706926,0.2595707961581164
random_forest_np_tuned,r3f4,3,4,181,200,0,0.11175157083404322,0.2595707961581164
random_forest_np_tuned,r3f4,3,4,182,201,0,0.11692791301038537,0.2595707961581164
random_forest_np_tuned,r3f4,3,4,227,250,1,0.2749459388605139,0.2595707961581164
random_forest_np_tuned,r3f4,3,4,230,253,0,0.21204235806165458,0.2595707961581164
random_forest_np_tuned,r3f4,3,4,231,254,1,0.230952651471948,0.2595707961581164
random_forest_np_tuned,r4f0,4,0,13,25,1,0.6052187294288149,0.1893683267018732
random_forest_np_tuned,r4f0,4,0,14,26,1,0.7967271443082826,0.1893683267018732
random_forest_np_tuned,r4f0,4,0,15,27,1,0.5262597884938878,0.1893683267018732
random_forest_np_tuned,r4f0,4,0,16,28,1,0.875305917146996,0.1893683267018732
random_forest_np_tuned,r4f0,4,0,24,36,0,0.06620069012460877,0.1893683267018732
random_forest_np_tuned,r4f0,4,0,28,40,1,0.7492292646919247,0.1893683267018732
random_forest_np_tuned,r4f0,4,0,29,41,1,0.7892973964457546,0.1893683267018732
random_forest_np_tuned,r4f0,4,0,30,42,1,0.905668298034066,0.1893683267018732
random_forest_np_tuned,r4f0,4,0,31,43,1,0.9164356088231159,0.1893683267018732
random_forest_np_tuned,r4f0,4,0,41,54,0,0.10298316152368109,0.1893683267018732
random_forest_np_tuned,r4f0,4,0,42,55,1,0.07442194187912812,0.1893683267018732
random_forest_np_tuned,r4f0,4,0,43,56,1,0.2160913756865897,0.1893683267018732
random_forest_np_tuned,r4f0,4,0,44,57,0,0.3659932212089483,0.1893683267018732
random_forest_np_tuned,r4f0,4,0,101,119,0,0.09349441255794474,0.1893683267018732
random_forest_np_tuned,r4f0,4,0,102,120,0,0.11851533916220473,0.1893683267018732
random_forest_np_tuned,r4f0,4,0,103,121,0,0.11257126772826108,0.1893683267018732
random_forest_np_tuned,r4f0,4,0,104,122,0,0.014903123553595255,0.1893683267018732
random_forest_np_tuned,r4f0,4,0,105,123,0,0.11031200846900181,0.1893683267018732
random_forest_np_tuned,r4f0,4,0,106,124,0,0.009885951836423535,0.1893683267018732
random_forest_np_tuned,r4f0,4,0,125,144,0,0.09210661831380454,0.1893683267018732
random_forest_np_tuned,r4f0,4,0,126,145,0,0.06226705972424597,0.1893683267018732
random_forest_np_tuned,r4f0,4,0,127,146,0,0.19106349073553208,0.1893683267018732
random_forest_np_tuned,r4f0,4,0,129,148,1,0.506802533368324,0.1893683267018732
random_forest_np_tuned,r4f0,4,0,130,149,1,0.6758542512097708,0.1893683267018732
random_forest_np_tuned,r4f0,4,0,131,150,0,0.32460626557199257,0.1893683267018732
random_forest_np_tuned,r4f0,4,0,149,168,1,0.41681280010830646,0.1893683267018732
random_forest_np_tuned,r4f0,4,0,150,169,0,0.41681280010830646,0.1893683267018732
random_forest_np_tuned,r4f0,4,0,151,170,0,0.42169022681335666,0.1893683267018732
random_forest_np_tuned,r4f0,4,0,177,196,0,0.3659932212089483,0.1893683267018732
random_forest_np_tuned,r4f0,4,0,178,197,0,0.36765988787561493,0.1893683267018732
random_forest_np_tuned,r4f0,4,0,179,198,1,0.6712193305748502,0.1893683267018732
random_forest_np_tuned,r4f0,4,0,180,199,0,0.07442194187912812,0.1893683267018732
random_forest_np_tuned,r4f0,4,0,181,200,0,0.07385736188422172,0.1893683267018732
random_forest_np_tuned,r4f0,4,0,182,201,0,0.06620069012460877,0.1893683267018732
random_forest_np_tuned,r4f0,4,0,214,235,0,0.16986468033739427,0.1893683267018732
random_forest_np_tuned,r4f0,4,0,215,236,0,0.4074828754139225,0.1893683267018732
random_forest_np_tuned,r4f0,4,0,216,238,1,0.6504460788771259,0.1893683267018732
random_forest_np_tuned,r4f0,4,0,217,239,0,0.030027823853295554,0.1893683267018732
random_forest_np_tuned,r4f0,4,0,218,240,0,0.030678617504089203,0.1893683267018732
random_forest_np_tuned,r4f0,4,0,223,246,0,0.01582916157916158,0.1893683267018732
random_forest_np_tuned,r4f0,4,0,224,247,0,0.029273606023606024,0.1893683267018732
random_forest_np_tuned,r4f0,4,0,225,248,0,0.020775183946114176,0.1893683267018732
random_forest_np_tuned,r4f0,4,0,232,255,0,0.30276181485955483,0.1893683267018732
random_forest_np_tuned,r4f0,4,0,233,256,0,0.2949840370817771,0.1893683267018732
random_forest_np_tuned,r4f0,4,0,234,257,0,0.2540925341059088,0.1893683267018732
random_forest_np_tuned,r4f0,4,0,235,258,0,0.418356352139681,0.1893683267018732
random_forest_np_tuned,r4f0,4,0,236,259,0,0.4862007316880076,0.1893683267018732
random_forest_np_tuned,r4f1,4,1,52,65,0,0.12666666666666668,0.19
random_forest_np_tuned,r4f1,4,1,53,66,0,0.0033333333333333335,0.19
random_forest_np_tuned,r4f1,4,1,54,67,0,0.14666666666666667,0.19
random_forest_np_tuned,r4f1,4,1,55,68,0,0.03333333333333333,0.19
random_forest_np_tuned,r4f1,4,1,57,70,0,0.043333333333333335,0.19
random_forest_np_tuned,r4f1,4,1,58,71,0,0.08666666666666667,0.19
random_forest_np_tuned,r4f1,4,1,59,72,1,0.72,0.19
random_forest_np_tuned,r4f1,4,1,60,73,0,0.043333333333333335,0.19
random_forest_np_tuned,r4f1,4,1,61,74,1,0.67,0.19
random_forest_np_tuned,r4f1,4,1,68,84,0,0.03333333333333333,0.19
random_forest_np_tuned,r4f1,4,1,69,85,0,0.0,0.19
random_forest_np_tuned,r4f1,4,1,70,86,0,0.01,0.19
random_forest_np_tuned,r4f1,4,1,71,87,0,0.0033333333333333335,0.19
random_forest_np_tuned,r4f1,4,1,72,88,1,0.31,0.19
random_forest_np_tuned,r4f1,4,1,73,89,1,0.15,0.19
random_forest_np_tuned,r4f1,4,1,74,90,1,0.12333333333333334,0.19
random_forest_np_tuned,r4f1,4,1,75,91,1,0.13,0.19
random_forest_np_tuned,r4f1,4,1,76,92,1,0.3333333333333333,0.19
random_forest_np_tuned,r4f1,4,1,77,93,1,0.92,0.19
random_forest_np_tuned,r4f1,4,1,80,97,1,0.12,0.19
random_forest_np_tuned,r4f1,4,1,87,104,0,0.07333333333333333,0.19
random_forest_np_tuned,r4f1,4,1,88,105,1,0.12,0.19
random_forest_np_tuned,r4f1,4,1,90,107,1,0.39,0.19
random_forest_np_tuned,r4f1,4,1,121,140,0,0.07666666666666666,0.19
random_forest_np_tuned,r4f1,4,1,122,141,0,0.0,0.19
random_forest_np_tuned,r4f1,4,1,123,142,0,0.03666666666666667,0.19
random_forest_np_tuned,r4f1,4,1,124,143,0,0.07666666666666666,0.19
random_forest_np_tuned,r4f1,4,1,147,166,0,0.0,0.19
random_forest_np_tuned,r4f1,4,1,148,167,0,0.04666666666666667,0.19
random_forest_np_tuned,r4f1,4,1,192,212,0,0.05333333333333334,0.19
random_forest_np_tuned,r4f1,4,1,199,219,0,0.03666666666666667,0.19
random_forest_np_tuned,r4f1,4,1,200,220,0,0.02666666666666667,0.19
random_forest_np_tuned,r4f1,4,1,201,221,0,0.043333333333333335,0.19
random_forest_np_tuned,r4f1,4,1,205,226,0,0.04,0.19
random_forest_np_tuned,r4f1,4,1,206,227,0,0.006666666666666667,0.19
random_forest_np_tuned,r4f1,4,1,211,232,0,0.08,0.19
random_forest_np_tuned,r4f1,4,1,212,233,1,0.43,0.19
random_forest_np_tuned,r4f1,4,1,213,234,1,0.4866666666666667,0.19
random_forest_np_tuned,r4f1,4,1,241,264,0,0.01,0.19
random_forest_np_tuned,r4f1,4,1,242,265,0,0.01,0.19
random_forest_np_tuned,r4f1,4,1,243,266,0,0.05333333333333334,0.19
random_forest_np_tuned,r4f1,4,1,244,267,0,0.4066666666666667,0.19
random_forest_np_tuned,r4f1,4,1,245,268,0,0.36333333333333334,0.19
random_forest_np_tuned,r4f1,4,1,246,269,0,0.21666666666666667,0.19
random_forest_np_tuned,r4f1,4,1,247,270,1,0.46,0.19
random_forest_np_tuned,r4f1,4,1,248,271,0,0.016666666666666666,0.19
random_forest_np_tuned,r4f1,4,1,249,272,0,0.01,0.19
random_forest_np_tuned,r4f2,4,2,0,1,1,0.530717121857366,0.24920704897098087
random_forest_np_tuned,r4f2,4,2,1,2,0,0.34505935369959756,0.24920704897098087
random_forest_np_tuned,r4f2,4,2,2,3,0,0.530717121857366,0.24920704897098087
random_forest_np_tuned,r4f2,4,2,3,4,0,0.36714665528689916,0.24920704897098087
random_forest_np_tuned,r4f2,4,2,4,5,0,0.3442260203662642,0.24920704897098087
random_forest_np_tuned,r4f2,4,2,5,6,0,0.19698582075106466,0.24920704897098087
random_forest_np_tuned,r4f2,4,2,6,7,1,0.7870215997868437,0.24920704897098087
random_forest_np_tuned,r4f2,4,2,7,8,1,0.3075834881873096,0.24920704897098087
random_forest_np_tuned,r4f2,4,2,21,33,0,0.23562723489247883,0.24920704897098087
random_forest_np_tuned,r4f2,4,2,22,34,0,0.2747929700288023,0.24920704897098087
random_forest_np_tuned,r4f2,4,2,23,35,0,0.2646084917772447,0.24920704897098087
random_forest_np_tuned,r4f2,4,2,34,46,1,0.20467329068853465,0.24920704897098087
random_forest_np_tuned,r4f2,4,2,35,47,1,0.28732675566974125,0.24920704897098087
random_forest_np_tuned,r4f2,4,2,36,48,1,0.23506281129864348,0.24920704897098087
random_forest_np_tuned,r4f2,4,2,37,49,0,0.2532802230960348,0.24920704897098087
random_forest_np_tuned,r4f2,4,2,38,50,0,0.26095661587536884,0.24920704897098087
random_forest_np_tuned,r4f2,4,2,39,51,1,0.5399571040973479,0.24920704897098087
random_forest_np_tuned,r4f2,4,2,56,69,1,0.7469552217204657,0.24920704897098087
random_forest_np_tuned,r4f2,4,2,64,77,0,0.04492786522028303,0.24920704897098087
random_forest_np_tuned,r4f2,4,2,65,78,0,0.012348915989159891,0.24920704897098087
random_forest_np_tuned,r4f2,4,2,113,131,1,0.8364779618529622,0.24920704897098087
random_forest_np_tuned,r4f2,4,2,114,132,1,0.6473901345568013,0.24920704897098087
random_forest_np_tuned,r4f2,4,2,115,133,1,0.44585459751042816,0.24920704897098087
random_forest_np_tuned,r4f2,4,2,116,134,0,0.30423276536653737,0.24920704897098087
random_forest_np_tuned,r4f2,4,2,117,135,1,0.6186358610525279,0.24920704897098087
random_forest_np_tuned,r4f2,4,2,118,136,1,0.4776054621142339,0.24920704897098087
random_forest_np_tuned,r4f2,4,2,119,137,1,0.4740335666893972,0.24920704897098087
random_forest_np_tuned,r4f2,4,2,120,139,1,0.7656637482887485,0.24920704897098087
random_forest_np_tuned,r4f2,4,2,132,151,1,0.10921065971065971,0.24920704897098087
random_forest_np_tuned,r4f2,4,2,133,152,0,0.09901489251489251,0.24920704897098087
random_forest_np_tuned,r4f2,4,2,134,153,0,0.07013129463129462,0.24920704897098087
random_forest_np_tuned,r4f2,4,2,135,154,0,0.07264012189889382,0.24920704897098087
random_forest_np_tuned,r4f2,4,2,136,155,0,0.16279055942433135,0.24920704897098087
random_forest_np_tuned,r4f2,4,2,137,156,1,0.7544844646094647,0.24920704897098087
random_forest_np_tuned,r4f2,4,2,138,157,0,0.12830373330373326,0.24920704897098087
random_forest_np_tuned,r4f2,4,2,139,158,0,0.06230060680060679,0.24920704897098087
random_forest_np_tuned,r4f2,4,2,140,159,0,0.05163923113923114,0.24920704897098087
random_forest_np_tuned,r4f2,4,2,141,160,0,0.05163923113923114,0.24920704897098087
random_forest_np_tuned,r4f2,4,2,146,165,0,0.5510959919709921,0.24920704897098087
random_forest_np_tuned,r4f2,4,2,152,171,0,0.07463350814228008,0.24920704897098087
random_forest_np_tuned,r4f2,4,2,153,172,0,0.2523859150109151,0.24920704897098087
random_forest_np_tuned,r4f2,4,2,154,173,1,0.7544844646094647,0.24920704897098087
random_forest_np_tuned,r4f2,4,2,170,189,0,0.10675034225034224,0.24920704897098087
random_forest_np_tuned,r4f2,4,2,171,190,0,0.07068685018685017,0.24920704897098087
random_forest_np_tuned,r4f2,4,2,172,191,0,0.24061445961445968,0.24920704897098087
random_forest_np_tuned,r4f2,4,2,183,202,0,0.2849096084226145,0.24920704897098087
random_forest_np_tuned,r4f2,4,2,184,203,0,0.2073399573552013,0.24920704897098087
random_forest_np_tuned,r4f2,4,2,185,204,1,0.26861620193201374,0.24920704897098087
random_forest_np_tuned,r4f2,4,2,186,205,1,0.26095661587536884,0.24920704897098087
random_forest_np_tuned,r4f2,4,2,187,206,1,0.3075834881873096,0.24920704897098087
random_forest_np_tuned,r4f2,4,2,188,207,1,0.41913356928258505,0.24920704897098087
random_forest_np_tuned,r4f2,4,2,189,208,1,0.30876205961588093,0.24920704897098087
random_forest_np_tuned,r4f2,4,2,190,209,0,0.08930269517857534,0.24920704897098087
random_forest_np_tuned,r4f2,4,2,191,211,0,0.21530063556587942,0.24920704897098087
random_forest_np_tuned,r4f2,4,2,193,213,0,0.09963971859136601,0.24920704897098087
random_forest_np_tuned,r4f2,4,2,194,214,0,0.5122943270595711,0.24920704897098087
random_forest_np_tuned,r4f2,4,2,195,215,0,0.03636501100525491,0.24920704897098087
random_forest_np_tuned,r4f2,4,2,196,216,0,0.012348915989159891,0.24920704897098087
random_forest_np_tuned,r4f2,4,2,207,228,0,0.2648763588443445,0.24920704897098087
random_forest_np_tuned,r4f2,4,2,208,229,1,0.5457348818751256,0.24920704897098087
random_forest_np_tuned,r4f2,4,2,209,230,0,0.2510912960100489,0.24920704897098087
random_forest_np_tuned,r4f2,4,2,219,241,0,0.04477016542233933,0.24920704897098087
random_forest_np_tuned,r4f2,4,2,220,243,0,0.6897289562289565,0.24920704897098087
random_forest_np_tuned,r4f2,4,2,226,249,0,0.4348686802800837,0.24920704897098087
random_forest_np_tuned,r4f2,4,2,228,251,0,0.3982130315739011,0.24920704897098087
random_forest_np_tuned,r4f2,4,2,229,252,1,0.4009352537961233,0.24920704897098087
random_forest_np_tuned,r4f2,4,2,250,273,0,0.2843606000361677,0.24920704897098087
random_forest_np_tuned,r4f2,4,2,251,274,0,0.42495643059020244,0.24920704897098087
random_forest_np_tuned,r4f3,4,3,8,19,1,0.9298182394539113,0.2435254072839212
random_forest_np_tuned,r4f3,4,3,9,20,1,0.8304359780560759,0.2435254072839212
random_forest_np_tuned,r4f3,4,3,10,21,1,0.8609148140349119,0.2435254072839212
random_forest_np_tuned,r4f3,4,3,11,22,1,0.8560259251460229,0.2435254072839212
random_forest_np_tuned,r4f3,4,3,12,23,1,0.9206442498632554,0.2435254072839212
random_forest_np_tuned,r4f3,4,3,25,37,1,0.7573491574692554,0.2435254072839212
random_forest_np_tuned,r4f3,4,3,26,38,1,0.843853306098404,0.2435254072839212
random_forest_np_tuned,r4f3,4,3,27,39,1,0.9341137248327307,0.2435254072839212
random_forest_np_tuned,r4f3,4,3,45,58,0,0.15144611362722818,0.2435254072839212
random_forest_np_tuned,r4f3,4,3,46,59,0,0.04397848447848447,0.2435254072839212
random_forest_np_tuned,r4f3,4,3,47,60,0,0.10679103576162395,0.2435254072839212
random_forest_np_tuned,r4f3,4,3,48,61,0,0.15422389140500595,0.2435254072839212
random_forest_np_tuned,r4f3,4,3,49,62,0,0.17554290159338581,0.2435254072839212
random_forest_np_tuned,r4f3,4,3,50,63,1,0.4922221600656701,0.2435254072839212
random_forest_np_tuned,r4f3,4,3,51,64,0,0.25813695065162673,0.2435254072839212
random_forest_np_tuned,r4f3,4,3,62,75,0,0.0013578595317725753,0.2435254072839212
random_forest_np_tuned,r4f3,4,3,63,76,0,0.013339743589743592,0.2435254072839212
random_forest_np_tuned,r4f3,4,3,66,79,0,0.15565696629030581,0.2435254072839212
random_forest_np_tuned,r4f3,4,3,67,82,0,0.008315934065934066,0.2435254072839212
random_forest_np_tuned,r4f3,4,3,85,102,0,0.2409373182995584,0.2435254072839212
random_forest_np_tuned,r4f3,4,3,86,103,0,0.15913435510227153,0.2435254072839212
random_forest_np_tuned,r4f3,4,3,92,109,0,0.18936539783172915,0.2435254072839212
random_forest_np_tuned,r4f3,4,3,93,110,0,0.2240701594269539,0.2435254072839212
random_forest_np_tuned,r4f3,4,3,94,111,1,0.2083433180596494,0.2435254072839212
random_forest_np_tuned,r4f3,4,3,95,112,1,0.2466020645877458,0.2435254072839212
random_forest_np_tuned,r4f3,4,3,96,113,0,0.1236612941438793,0.2435254072839212
random_forest_np_tuned,r4f3,4,3,97,115,0,0.11670458418716928,0.2435254072839212
random_forest_np_tuned,r4f3,4,3,98,116,0,0.08523670120728945,0.2435254072839212
random_forest_np_tuned,r4f3,4,3,99,117,0,0.08923601630656422,0.2435254072839212
random_forest_np_tuned,r4f3,4,3,100,118,0,0.14028449890663566,0.2435254072839212
random_forest_np_tuned,r4f3,4,3,142,161,0,0.02587499683552315,0.2435254072839212
random_forest_np_tuned,r4f3,4,3,143,162,0,0.014542568542568543,0.2435254072839212
random_forest_np_tuned,r4f3,4,3,144,163,0,0.0012727272727272728,0.2435254072839212
random_forest_np_tuned,r4f3,4,3,145,164,0,0.0012727272727272728,0.2435254072839212
random_forest_np_tuned,r4f3,4,3,161,180,0,0.1332773665545973,0.2435254072839212
random_forest_np_tuned,r4f3,4,3,162,181,0,0.24799339548481802,0.2435254072839212
random_forest_np_tuned,r4f3,4,3,163,182,1,0.6974563274577321,0.2435254072839212
random_forest_np_tuned,r4f3,4,3,168,187,0,0.0781185472584903,0.2435254072839212
random_forest_np_tuned,r4f3,4,3,169,188,0,0.021497434166789006,0.2435254072839212
random_forest_np_tuned,r4f3,4,3,197,217,0,0.037554029304029304,0.2435254072839212
random_forest_np_tuned,r4f3,4,3,198,218,0,0.0055840500079630505,0.2435254072839212
random_forest_np_tuned,r4f3,4,3,204,225,0,0.044925376594731434,0.2435254072839212
random_forest_np_tuned,r4f3,4,3,210,231,1,0.31923071037773937,0.2435254072839212
random_forest_np_tuned,r4f3,4,3,221,244,0,0.04909036480089111,0.2435254072839212
random_forest_np_tuned,r4f3,4,3,222,245,0,0.010153235653235653,0.2435254072839212
random_forest_np_tuned,r4f4,4,4,17,29,1,0.814930135487154,0.2025998268924989
random_forest_np_tuned,r4f4,4,4,18,30,0,0.9514709560237055,0.2025998268924989
random_forest_np_tuned,r4f4,4,4,19,31,1,0.9327537854719704,0.2025998268924989
random_forest_np_tuned,r4f4,4,4,20,32,1,0.9484626707756831,0.2025998268924989
random_forest_np_tuned,r4f4,4,4,32,44,1,0.9801346290952734,0.2025998268924989
random_forest_np_tuned,r4f4,4,4,33,45,0,0.814930135487154,0.2025998268924989
random_forest_np_tuned,r4f4,4,4,40,52,1,0.8962384300544408,0.2025998268924989
random_forest_np_tuned,r4f4,4,4,78,94,0,0.7054980432625833,0.2025998268924989
random_forest_np_tuned,r4f4,4,4,79,95,0,0.6540538393183793,0.2025998268924989
random_forest_np_tuned,r4f4,4,4,81,98,0,0.5963346154380592,0.2025998268924989
random_forest_np_tuned,r4f4,4,4,82,99,0,0.6039840863375301,0.2025998268924989
random_forest_np_tuned,r4f4,4,4,83,100,0,0.487415311085624,0.2025998268924989
random_forest_np_tuned,r4f4,4,4,84,101,0,0.4881573745776876,0.2025998268924989
random_forest_np_tuned,r4f4,4,4,89,106,1,0.642223731625163,0.2025998268924989
random_forest_np_tuned,r4f4,4,4,91,108,1,0.5887817053851492,0.2025998268924989
random_forest_np_tuned,r4f4,4,4,107,125,0,0.013986112233989996,0.2025998268924989
random_forest_np_tuned,r4f4,4,4,108,126,0,0.01220066413662239,0.2025998268924989
random_forest_np_tuned,r4f4,4,4,109,127,0,0.006502251438209693,0.2025998268924989
random_forest_np_tuned,r4f4,4,4,110,128,0,0.018336667022625278,0.2025998268924989
random_forest_np_tuned,r4f4,4,4,111,129,0,0.03274470337276145,0.2025998268924989
random_forest_np_tuned,r4f4,4,4,112,130,0,0.05757929933235741,0.2025998268924989
random_forest_np_tuned,r4f4,4,4,128,147,0,0.022123944559902815,0.2025998268924989
random_forest_np_tuned,r4f4,4,4,155,174,1,0.8845707917139126,0.2025998268924989
random_forest_np_tuned,r4f4,4,4,156,175,1,0.8699108824224243,0.2025998268924989
random_forest_np_tuned,r4f4,4,4,157,176,0,0.7308246391538895,0.2025998268924989
random_forest_np_tuned,r4f4,4,4,158,177,0,0.792010935557291,0.2025998268924989
random_forest_np_tuned,r4f4,4,4,159,178,0,0.6614737807962672,0.2025998268924989
random_forest_np_tuned,r4f4,4,4,160,179,1,0.7533503176492109,0.2025998268924989
random_forest_np_tuned,r4f4,4,4,164,183,0,0.588043610147054,0.2025998268924989
random_forest_np_tuned,r4f4,4,4,165,184,0,0.6401466639559902,0.2025998268924989
random_forest_np_tuned,r4f4,4,4,166,185,0,0.6112223435796573,0.2025998268924989
random_forest_np_tuned,r4f4,4,4,167,186,0,0.5696171247244386,0.2025998268924989
random_forest_np_tuned,r4f4,4,4,173,192,0,0.10225106813264707,0.2025998268924989
random_forest_np_tuned,r4f4,4,4,174,193,0,0.07437936029112499,0.2025998268924989
random_forest_np_tuned,r4f4,4,4,175,194,0,0.10625898105005456,0.2025998268924989
random_forest_np_tuned,r4f4,4,4,176,195,0,0.15736892403199906,0.2025998268924989
random_forest_np_tuned,r4f4,4,4,202,222,0,0.17065709290001055,0.2025998268924989
random_forest_np_tuned,r4f4,4,4,203,224,1,0.7610982015790985,0.2025998268924989
random_forest_np_tuned,r4f4,4,4,227,250,1,0.5160661594310976,0.2025998268924989
random_forest_np_tuned,r4f4,4,4,230,253,0,0.43042028436993773,0.2025998268924989
random_forest_np_tuned,r4f4,4,4,231,254,1,0.4382373376869912,0.2025998268924989
random_forest_np_tuned,r4f4,4,4,237,260,0,0.13484623956100286,0.2025998268924989
random_forest_np_tuned,r4f4,4,4,238,261,0,0.11471448116154001,0.2025998268924989
random_forest_np_tuned,r4f4,4,4,239,262,0,0.11846431131647851,0.2025998268924989
random_forest_np_tuned,r4f4,4,4,240,263,0,0.065634552868299,0.2025998268924989
