model,split,repeat,fold,row,test_id,y_true,p_sustained,threshold
logreg_tuned,r0f0,0,0,13,25,1,0.9082702393400326,0.21246907469321086
logreg_tuned,r0f0,0,0,14,26,1,0.9243535725853101,0.21246907469321086
logreg_tuned,r0f0,0,0,15,27,1,0.8506662656590099,0.21246907469321086
logreg_tuned,r0f0,0,0,16,28,1,0.9412206120196454,0.21246907469321086
logreg_tuned,r0f0,0,0,24,36,0,0.26210816541484266,0.21246907469321086
logreg_tuned,r0f0,0,0,28,40,1,0.926818862660948,0.21246907469321086
logreg_tuned,r0f0,0,0,29,41,1,0.9208465034489604,0.21246907469321086
logreg_tuned,r0f0,0,0,30,42,1,0.9752345421620374,0.21246907469321086
logreg_tuned,r0f0,0,0,31,43,1,0.9726754471894072,0.21246907469321086
logreg_tuned,r0f0,0,0,41,54,0,0.30986086819028447,0.21246907469321086
logreg_tuned,r0f0,0,0,42,55,1,0.3010315151723244,0.21246907469321086
logreg_tuned,r0f0,0,0,43,56,1,0.28427667429253506,0.21246907469321086
logreg_tuned,r0f0,0,0,44,57,0,0.5015879313690008,0.21246907469321086
logreg_tuned,r0f0,0,0,62,75,0,0.022015163367071825,0.21246907469321086
logreg_tuned,r0f0,0,0,63,76,0,0.02526474350915034,0.21246907469321086
logreg_tuned,r0f0,0,0,66,79,0,0.083157104539991,0.21246907469321086
logreg_tuned,r0f0,0,0,67,82,0,0.023687261119501337,0.21246907469321086
logreg_tuned,r0f0,0,0,78,94,0,0.5157760955571504,0.21246907469321086
logreg_tuned,r0f0,0,0,79,95,0,0.47995731482739384,0.21246907469321086
logreg_tuned,r0f0,0,0,96,113,0,0.2024735445738011,0.21246907469321086
logreg_tuned,r0f0,0,0,97,115,0,0.19451386426104392,0.21246907469321086
logreg_tuned,r0f0,0,0,98,116,0,0.16949113230533658,0.21246907469321086
logreg_tuned,r0f0,0,0,99,117,0,0.10166499386474331,0.21246907469321086
logreg_tuned,r0f0,0,0,100,118,0,0.36717733066389396,0.21246907469321086
logreg_tuned,r0f0,0,0,101,119,0,0.3933707734688064,0.21246907469321086
logreg_tuned,r0f0,0,0,102,120,0,0.4676370405508448,0.21246907469321086
logreg_tuned,r0f0,0,0,103,121,0,0.1088970454372472,0.21246907469321086
logreg_tuned,r0f0,0,0,104,122,0,0.09318310490321804,0.21246907469321086
logreg_tuned,r0f0,0,0,105,123,0,0.10537663969461049,0.21246907469321086
logreg_tuned,r0f0,0,0,106,124,0,0.0831948513788396,0.21246907469321086
logreg_tuned,r0f0,0,0,138,157,0,0.04965916539607549,0.21246907469321086
logreg_tuned,r0f0,0,0,139,158,0,0.044450895640316776,0.21246907469321086
logreg_tuned,r0f0,0,0,140,159,0,0.03645750027010125,0.21246907469321086
logreg_tuned,r0f0,0,0,141,160,0,0.03673563313488918,0.21246907469321086
logreg_tuned,r0f0,0,0,155,174,1,0.8956958449463261,0.21246907469321086
logreg_tuned,r0f0,0,0,156,175,1,0.7991428558833004,0.21246907469321086
logreg_tuned,r0f0,0,0,157,176,0,0.5775442237425558,0.21246907469321086
logreg_tuned,r0f0,0,0,158,177,0,0.500184466893765,0.21246907469321086
logreg_tuned,r0f0,0,0,161,180,0,0.17002442837729473,0.21246907469321086
logreg_tuned,r0f0,0,0,162,181,0,0.5680207136841091,0.21246907469321086
logreg_tuned,r0f0,0,0,163,182,1,0.8779138585372309,0.21246907469321086
logreg_tuned,r0f0,0,0,168,187,0,0.13842429652925534,0.21246907469321086
logreg_tuned,r0f0,0,0,169,188,0,0.11749069324736616,0.21246907469321086
logreg_tuned,r0f0,0,0,197,217,0,0.027124693842959322,0.21246907469321086
logreg_tuned,r0f0,0,0,198,218,0,0.023455553604639315,0.21246907469321086
logreg_tuned,r0f0,0,0,250,273,0,0.14223795122405242,0.21246907469321086
logreg_tuned,r0f0,0,0,251,274,0,0.41487406975292573,0.21246907469321086
logreg_tuned,r0f1,0,1,52,65,0,0.048561682931042155,0.16867001282195382
logreg_tuned,r0f1,0,1,53,66,0,0.04456123728275372,0.16867001282195382
logreg_tuned,r0f1,0,1,54,67,0,0.0515069346861255,0.16867001282195382
logreg_tuned,r0f1,0,1,55,68,0,0.04387599704039241,0.16867001282195382
logreg_tuned,r0f1,0,1,57,70,0,0.007040101349224334,0.16867001282195382
logreg_tuned,r0f1,0,1,58,71,0,0.04332058073141398,0.16867001282195382
logreg_tuned,r0f1,0,1,59,72,1,0.8592495934340453,0.16867001282195382
logreg_tuned,r0f1,0,1,60,73,0,0.007452168600976189,0.16867001282195382
logreg_tuned,r0f1,0,1,61,74,1,0.8063626125673381,0.16867001282195382
logreg_tuned,r0f1,0,1,72,88,1,0.427360681931395,0.16867001282195382
logreg_tuned,r0f1,0,1,73,89,1,0.4452546032297486,0.16867001282195382
logreg_tuned,r0f1,0,1,74,90,1,0.44285283402352904,0.16867001282195382
logreg_tuned,r0f1,0,1,75,91,1,0.44015473303955976,0.16867001282195382
logreg_tuned,r0f1,0,1,76,92,1,0.5436817588510405,0.16867001282195382
logreg_tuned,r0f1,0,1,77,93,1,0.8755224399516625,0.16867001282195382
logreg_tuned,r0f1,0,1,80,97,1,0.2830329316539499,0.16867001282195382
logreg_tuned,r0f1,0,1,87,104,0,0.2693529264998813,0.16867001282195382
logreg_tuned,r0f1,0,1,88,105,1,0.2812706624591216,0.16867001282195382
logreg_tuned,r0f1,0,1,90,107,1,0.2606174380101522,0.16867001282195382
logreg_tuned,r0f1,0,1,107,125,0,0.025849889591462307,0.16867001282195382
logreg_tuned,r0f1,0,1,108,126,0,0.02375396949614776,0.16867001282195382
logreg_tuned,r0f1,0,1,109,127,0,0.02479177048129687,0.16867001282195382
logreg_tuned,r0f1,0,1,110,128,0,0.02400397131111937,0.16867001282195382
logreg_tuned,r0f1,0,1,111,129,0,0.04418805930976999,0.16867001282195382
logreg_tuned,r0f1,0,1,112,130,0,0.0934140712133049,0.16867001282195382
logreg_tuned,r0f1,0,1,128,147,0,0.02430397114637385,0.16867001282195382
logreg_tuned,r0f1,0,1,173,192,0,0.04750107370739128,0.16867001282195382
logreg_tuned,r0f1,0,1,174,193,0,0.044328911911363164,0.16867001282195382
logreg_tuned,r0f1,0,1,175,194,0,0.0376177452194072,0.16867001282195382
logreg_tuned,r0f1,0,1,176,195,0,0.16801939499787485,0.16867001282195382
logreg_tuned,r0f1,0,1,192,212,0,0.2885980368512924,0.16867001282195382
logreg_tuned,r0f1,0,1,204,225,0,0.0858254286000471,0.16867001282195382
logreg_tuned,r0f1,0,1,210,231,1,0.4225808503259525,0.16867001282195382
logreg_tuned,r0f1,0,1,221,244,0,0.009965601532174007,0.16867001282195382
logreg_tuned,r0f1,0,1,222,245,0,0.008831178718496707,0.16867001282195382
logreg_tuned,r0f1,0,1,226,249,0,0.18876654782869137,0.16867001282195382
logreg_tuned,r0f1,0,1,227,250,1,0.45850643583544176,0.16867001282195382
logreg_tuned,r0f1,0,1,228,251,0,0.22467934598082942,0.16867001282195382
logreg_tuned,r0f1,0,1,229,252,1,0.22409148920448815,0.16867001282195382
logreg_tuned,r0f1,0,1,230,253,0,0.13504959067044778,0.16867001282195382
logreg_tuned,r0f1,0,1,231,254,1,0.13702482514498474,0.16867001282195382
logreg_tuned,r0f1,0,1,237,260,0,0.03445086700194975,0.16867001282195382
logreg_tuned,r0f1,0,1,238,261,0,0.1026857184525291,0.16867001282195382
logreg_tuned,r0f1,0,1,239,262,0,0.04026274647963605,0.16867001282195382
logreg_tuned,r0f1,0,1,240,263,0,0.036671420978739364,0.16867001282195382
logreg_tuned,r0f2,0,2,17,29,1,0.9971757227055275,0.1427446708057636
logreg_tuned,r0f2,0,2,18,30,0,0.9980454631484447,0.1427446708057636
logreg_tuned,r0f2,0,2,19,31,1,0.9975339740417865,0.1427446708057636
logreg_tuned,r0f2,0,2,20,32,1,0.999092108302607,0.1427446708057636
logreg_tuned,r0f2,0,2,32,44,1,0.9982838993632965,0.1427446708057636
logreg_tuned,r0f2,0,2,33,45,0,0.9969274610360537,0.1427446708057636
logreg_tuned,r0f2,0,2,40,52,1,0.9961770155569071,0.1427446708057636
logreg_tuned,r0f2,0,2,56,69,1,0.789567275704291,0.1427446708057636
logreg_tuned,r0f2,0,2,64,77,0,0.0037449239444166983,0.1427446708057636
logreg_tuned,r0f2,0,2,65,78,0,0.0026215192664038813,0.1427446708057636
logreg_tuned,r0f2,0,2,68,84,0,0.0005028715783398015,0.1427446708057636
logreg_tuned,r0f2,0,2,69,85,0,0.0005120112263878779,0.1427446708057636
logreg_tuned,r0f2,0,2,70,86,0,0.0007381273450623474,0.1427446708057636
logreg_tuned,r0f2,0,2,71,87,0,0.0005831465431309031,0.1427446708057636
logreg_tuned,r0f2,0,2,81,98,0,0.5153135815702543,0.1427446708057636
logreg_tuned,r0f2,0,2,82,99,0,0.601872489760353,0.1427446708057636
logreg_tuned,r0f2,0,2,83,100,0,0.06166275644181197,0.1427446708057636
logreg_tuned,r0f2,0,2,84,101,0,0.12866285734297303,0.1427446708057636
logreg_tuned,r0f2,0,2,89,106,1,0.4389955879662735,0.1427446708057636
logreg_tuned,r0f2,0,2,91,108,1,0.5294988741161044,0.1427446708057636
logreg_tuned,r0f2,0,2,159,178,0,0.4631737781773127,0.1427446708057636
logreg_tuned,r0f2,0,2,160,179,1,0.9773493930033459,0.1427446708057636
logreg_tuned,r0f2,0,2,164,183,0,0.527667661963549,0.1427446708057636
logreg_tuned,r0f2,0,2,165,184,0,0.48662956461730844,0.1427446708057636
logreg_tuned,r0f2,0,2,166,185,0,0.4037355481186497,0.1427446708057636
logreg_tuned,r0f2,0,2,167,186,0,0.360966291163844,0.1427446708057636
logreg_tuned,r0f2,0,2,193,213,0,0.0002630939291216246,0.1427446708057636
logreg_tuned,r0f2,0,2,194,214,0,0.2794677514767843,0.1427446708057636
logreg_tuned,r0f2,0,2,195,215,0,0.004208683229487706,0.1427446708057636
logreg_tuned,r0f2,0,2,196,216,0,0.0026825943183460786,0.1427446708057636
logreg_tuned,r0f2,0,2,199,219,0,0.0005833491290896494,0.1427446708057636
logreg_tuned,r0f2,0,2,200,220,0,0.0004076110148502085,0.1427446708057636
logreg_tuned,r0f2,0,2,201,221,0,0.0003844844928750522,0.1427446708057636
logreg_tuned,r0f2,0,2,205,226,0,0.010939296444430546,0.1427446708057636
logreg_tuned,r0f2,0,2,206,227,0,0.011888279444605337,0.1427446708057636
logreg_tuned,r0f2,0,2,211,232,0,0.0074131962644878825,0.1427446708057636
logreg_tuned,r0f2,0,2,212,233,1,0.253144440487928,0.1427446708057636
logreg_tuned,r0f2,0,2,213,234,1,0.27103626989452745,0.1427446708057636
logreg_tuned,r0f2,0,2,214,235,0,0.01682191655086764,0.1427446708057636
logreg_tuned,r0f2,0,2,215,236,0,0.14402653999320836,0.1427446708057636
logreg_tuned,r0f2,0,2,216,238,1,0.453555135899844,0.1427446708057636
logreg_tuned,r0f2,0,2,217,239,0,0.0034575144157199607,0.1427446708057636
logreg_tuned,r0f2,0,2,218,240,0,0.00327216641006137,0.1427446708057636
logreg_tuned,r0f2,0,2,246,269,0,0.013888751882772915,0.1427446708057636
logreg_tuned,r0f2,0,2,247,270,1,0.08680521584020666,0.1427446708057636
logreg_tuned,r0f2,0,2,248,271,0,0.0003535793627674559,0.1427446708057636
logreg_tuned,r0f2,0,2,249,272,0,0.00033229466099188163,0.1427446708057636
logreg_tuned,r0f3,0,3,0,1,1,0.19515652726788765,0.29173931267362213
logreg_tuned,r0f3,0,3,1,2,0,0.19686279782763763,0.29173931267362213
logreg_tuned,r0f3,0,3,2,3,0,0.19031809837372193,0.29173931267362213
logreg_tuned,r0f3,0,3,3,4,0,0.20232533927782595,0.29173931267362213
logreg_tuned,r0f3,0,3,4,5,0,0.19916680328304084,0.29173931267362213
logreg_tuned,r0f3,0,3,5,6,0,0.21343745853233667,0.29173931267362213
logreg_tuned,r0f3,0,3,6,7,1,0.8923659300107594,0.29173931267362213
logreg_tuned,r0f3,0,3,7,8,1,0.43571525074831713,0.29173931267362213
logreg_tuned,r0f3,0,3,8,19,1,0.9780175133391596,0.29173931267362213
logreg_tuned,r0f3,0,3,9,20,1,0.9786937482639589,0.29173931267362213
logreg_tuned,r0f3,0,3,10,21,1,0.9788885925368427,0.29173931267362213
logreg_tuned,r0f3,0,3,11,22,1,0.9789224510681078,0.29173931267362213
logreg_tuned,r0f3,0,3,12,23,1,0.9902514093401503,0.29173931267362213
logreg_tuned,r0f3,0,3,21,33,0,0.21301325585472614,0.29173931267362213
logreg_tuned,r0f3,0,3,22,34,0,0.24267244732025084,0.29173931267362213
logreg_tuned,r0f3,0,3,23,35,0,0.09524116377383625,0.29173931267362213
logreg_tuned,r0f3,0,3,25,37,1,0.9787657300444902,0.29173931267362213
logreg_tuned,r0f3,0,3,26,38,1,0.979559429484546,0.29173931267362213
logreg_tuned,r0f3,0,3,27,39,1,0.9923209464210744,0.29173931267362213
logreg_tuned,r0f3,0,3,34,46,1,0.21420355101310543,0.29173931267362213
logreg_tuned,r0f3,0,3,35,47,1,0.2347006076634117,0.29173931267362213
logreg_tuned,r0f3,0,3,36,48,1,0.23623002591065456,0.29173931267362213
logreg_tuned,r0f3,0,3,37,49,0,0.20015804470314694,0.29173931267362213
logreg_tuned,r0f3,0,3,38,50,0,0.16208036959664085,0.29173931267362213
logreg_tuned,r0f3,0,3,39,51,1,0.7107393002294686,0.29173931267362213
logreg_tuned,r0f3,0,3,121,140,0,0.019436684396240987,0.29173931267362213
logreg_tuned,r0f3,0,3,122,141,0,0.016621083277921396,0.29173931267362213
logreg_tuned,r0f3,0,3,123,142,0,0.014455694291722504,0.29173931267362213
logreg_tuned,r0f3,0,3,124,143,0,0.01524762895444594,0.29173931267362213
logreg_tuned,r0f3,0,3,125,144,0,0.16032828592849055,0.29173931267362213
logreg_tuned,r0f3,0,3,126,145,0,0.15593179706316004,0.29173931267362213
logreg_tuned,r0f3,0,3,127,146,0,0.1748757346339276,0.29173931267362213
logreg_tuned,r0f3,0,3,129,148,1,0.5156306676613509,0.29173931267362213
logreg_tuned,r0f3,0,3,130,149,1,0.7045279181862607,0.29173931267362213
logreg_tuned,r0f3,0,3,131,150,0,0.22027815103786733,0.29173931267362213
logreg_tuned,r0f3,0,3,147,166,0,0.00960906018195741,0.29173931267362213
logreg_tuned,r0f3,0,3,148,167,0,0.008456876653719364,0.29173931267362213
logreg_tuned,r0f3,0,3,149,168,1,0.15440454634940035,0.29173931267362213
logreg_tuned,r0f3,0,3,150,169,0,0.15370589004945978,0.29173931267362213
logreg_tuned,r0f3,0,3,151,170,0,0.1624380253010854,0.29173931267362213
logreg_tuned,r0f3,0,3,177,196,0,0.2743956940781474,0.29173931267362213
logreg_tuned,r0f3,0,3,178,197,0,0.2823682797795338,0.29173931267362213
logreg_tuned,r0f3,0,3,179,198,1,0.7475119116538818,0.29173931267362213
logreg_tuned,r0f3,0,3,180,199,0,0.16056912814413876,0.29173931267362213
logreg_tuned,r0f3,0,3,181,200,0,0.14516584497373067,0.29173931267362213
logreg_tuned,r0f3,0,3,182,201,0,0.14193988956969653,0.29173931267362213
logreg_tuned,r0f3,0,3,183,202,0,0.23180249702131686,0.29173931267362213
logreg_tuned,r0f3,0,3,184,203,0,0.21760076491450275,0.29173931267362213
logreg_tuned,r0f3,0,3,185,204,1,0.1709254089462058,0.29173931267362213
logreg_tuned,r0f3,0,3,186,205,1,0.16447374600066192,0.29173931267362213
logreg_tuned,r0f3,0,3,187,206,1,0.43198811991316327,0.29173931267362213
logreg_tuned,r0f3,0,3,188,207,1,0.5610099745531348,0.29173931267362213
logreg_tuned,r0f3,0,3,189,208,1,0.45161881615364735,0.29173931267362213
logreg_tuned,r0f3,0,3,207,228,0,0.2524167502799458,0.29173931267362213
logreg_tuned,r0f3,0,3,208,229,1,0.7217003357399656,0.29173931267362213
logreg_tuned,r0f3,0,3,209,230,0,0.13996286567827684,0.29173931267362213
logreg_tuned,r0f3,0,3,219,241,0,0.027602448818643318,0.29173931267362213
logreg_tuned,r0f3,0,3,220,243,0,0.6412777699009625,0.29173931267362213
logreg_tuned,r0f3,0,3,225,248,0,0.006843736498067852,0.29173931267362213
logreg_tuned,r0f3,0,3,232,255,0,0.20384768036250242,0.29173931267362213
logreg_tuned,r0f3,0,3,233,256,0,0.20491336931747708,0.29173931267362213
logreg_tuned,r0f3,0,3,234,257,0,0.19194507420506066,0.29173931267362213
logreg_tuned,r0f3,0,3,235,258,0,0.2665761821992567,0.29173931267362213
logreg_tuned,r0f3,0,3,236,259,0,0.4505586210656069,0.29173931267362213
logreg_tuned,r0f3,0,3,241,264,0,0.06854581412755997,0.29173931267362213
logreg_tuned,r0f3,0,3,242,265,0,0.06160824877405191,0.29173931267362213
logreg_tuned,r0f3,0,3,243,266,0,0.05492814057351294,0.29173931267362213
logreg_tuned,r0f3,0,3,244,267,0,0.4538546737109926,0.29173931267362213
logreg_tuned,r0f3,0,3,245,268,0,0.6698381769165517,0.29173931267362213
logreg_tuned,r0f4,0,4,45,58,0,0.11318105066039565,0.17605036531317222
logreg_tuned,r0f4,0,4,46,59,0,0.09438377309882842,0.17605036531317222
logreg_tuned,r0f4,0,4,47,60,0,0.10552116568965052,0.17605036531317222
logreg_tuned,r0f4,0,4,48,61,0,0.11244644495817209,0.17605036531317222
logreg_tuned,r0f4,0,4,49,62,0,0.1217265493782112,0.17605036531317222
logreg_tuned,r0f4,0,4,50,63,1,0.787768253464033,0.17605036531317222
logreg_tuned,r0f4,0,4,51,64,0,0.48183128108161727,0.17605036531317222
logreg_tuned,r0f4,0,4,85,102,0,0.07861752896774307,0.17605036531317222
logreg_tuned,r0f4,0,4,86,103,0,0.02721661967638709,0.17605036531317222
logreg_tuned,r0f4,0,4,92,109,0,0.10239541328411333,0.17605036531317222
logreg_tuned,r0f4,0,4,93,110,0,0.08401682211949044,0.17605036531317222
logreg_tuned,r0f4,0,4,94,111,1,0.0971833420653562,0.17605036531317222
logreg_tuned,r0f4,0,4,95,112,1,0.11776847772885321,0.17605036531317222
logreg_tuned,r0f4,0,4,113,131,1,0.9561354517510285,0.17605036531317222
logreg_tuned,r0f4,0,4,114,132,1,0.6717452397980054,0.17605036531317222
logreg_tuned,r0f4,0,4,115,133,1,0.28924188121503197,0.17605036531317222
logreg_tuned,r0f4,0,4,116,134,0,0.12296228054682647,0.17605036531317222
logreg_tuned,r0f4,0,4,117,135,1,0.5772004141488886,0.17605036531317222
logreg_tuned,r0f4,0,4,118,136,1,0.385569312129208,0.17605036531317222
logreg_tuned,r0f4,0,4,119,137,1,0.35526275155276077,0.17605036531317222
logreg_tuned,r0f4,0,4,120,139,1,0.951776037644787,0.17605036531317222
logreg_tuned,r0f4,0,4,132,151,1,0.03998129299451728,0.17605036531317222
logreg_tuned,r0f4,0,4,133,152,0,0.03395988029262758,0.17605036531317222
logreg_tuned,r0f4,0,4,134,153,0,0.028932501994445317,0.17605036531317222
logreg_tuned,r0f4,0,4,135,154,0,0.01973986193334435,0.17605036531317222
logreg_tuned,r0f4,0,4,136,155,0,0.19713523353364776,0.17605036531317222
logreg_tuned,r0f4,0,4,137,156,1,0.8997542487210674,0.17605036531317222
logreg_tuned,r0f4,0,4,142,161,0,0.003172945202663315,0.17605036531317222
logreg_tuned,r0f4,0,4,143,162,0,0.0025899911658649323,0.17605036531317222
logreg_tuned,r0f4,0,4,144,163,0,0.0022442030364573547,0.17605036531317222
logreg_tuned,r0f4,0,4,145,164,0,0.002242416320447646,0.17605036531317222
logreg_tuned,r0f4,0,4,146,165,0,0.6431168514848128,0.17605036531317222
logreg_tuned,r0f4,0,4,152,171,0,0.018048244948044564,0.17605036531317222
logreg_tuned,r0f4,0,4,153,172,0,0.36965494657647774,0.17605036531317222
logreg_tuned,r0f4,0,4,154,173,1,0.8991063009967045,0.17605036531317222
logreg_tuned,r0f4,0,4,170,189,0,0.03922975872614581,0.17605036531317222
logreg_tuned,r0f4,0,4,171,190,0,0.02874740848447627,0.17605036531317222
logreg_tuned,r0f4,0,4,172,191,0,0.02161188410557008,0.17605036531317222
logreg_tuned,r0f4,0,4,190,209,0,0.07660992187767969,0.17605036531317222
logreg_tuned,r0f4,0,4,191,211,0,0.4098696528030661,0.17605036531317222
logreg_tuned,r0f4,0,4,202,222,0,0.13090666509493804,0.17605036531317222
logreg_tuned,r0f4,0,4,203,224,1,0.8082154782723033,0.17605036531317222
logreg_tuned,r0f4,0,4,223,246,0,0.000989222844364715,0.17605036531317222
logreg_tuned,r0f4,0,4,224,247,0,0.0008360753654285341,0.17605036531317222
logreg_tuned,r1f0,1,0,8,19,1,0.9963908395071122,0.18160151136301034
logreg_tuned,r1f0,1,0,9,20,1,0.9957340607122236,0.18160151136301034
logreg_tuned,r1f0,1,0,10,21,1,0.9958683308678752,0.18160151136301034
logreg_tuned,r1f0,1,0,11,22,1,0.9958849210349904,0.18160151136301034
logreg_tuned,r1f0,1,0,12,23,1,0.998676046343007,0.18160151136301034
logreg_tuned,r1f0,1,0,25,37,1,0.9956397396232919,0.18160151136301034
logreg_tuned,r1f0,1,0,26,38,1,0.9960827462714846,0.18160151136301034
logreg_tuned,r1f0,1,0,27,39,1,0.9990021053094208,0.18160151136301034
logreg_tuned,r1f0,1,0,45,58,0,0.11000099360990051,0.18160151136301034
logreg_tuned,r1f0,1,0,46,59,0,0.08519373195988088,0.18160151136301034
logreg_tuned,r1f0,1,0,47,60,0,0.10048044148201751,0.18160151136301034
logreg_tuned,r1f0,1,0,48,61,0,0.10942608464107977,0.18160151136301034
logreg_tuned,r1f0,1,0,49,62,0,0.10770166505111167,0.18160151136301034
logreg_tuned,r1f0,1,0,50,63,1,0.7823928870752815,0.18160151136301034
logreg_tuned,r1f0,1,0,51,64,0,0.4623364359646289,0.18160151136301034
logreg_tuned,r1f0,1,0,62,75,0,0.008638046731228085,0.18160151136301034
logreg_tuned,r1f0,1,0,63,76,0,0.01119040931137949,0.18160151136301034
logreg_tuned,r1f0,1,0,66,79,0,0.048030091841300346,0.18160151136301034
logreg_tuned,r1f0,1,0,67,82,0,0.009831470712551452,0.18160151136301034
logreg_tuned,r1f0,1,0,85,102,0,0.08715767674594802,0.18160151136301034
logreg_tuned,r1f0,1,0,86,103,0,0.029484941897524302,0.18160151136301034
logreg_tuned,r1f0,1,0,92,109,0,0.12130135669920931,0.18160151136301034
logreg_tuned,r1f0,1,0,93,110,0,0.09424167852925412,0.18160151136301034
logreg_tuned,r1f0,1,0,94,111,1,0.11361437954918288,0.18160151136301034
logreg_tuned,r1f0,1,0,95,112,1,0.14180866767397798,0.18160151136301034
logreg_tuned,r1f0,1,0,142,161,0,0.005254903198396808,0.18160151136301034
logreg_tuned,r1f0,1,0,143,162,0,0.004052283052783636,0.18160151136301034
logreg_tuned,r1f0,1,0,144,163,0,0.0033834830934801803,0.18160151136301034
logreg_tuned,r1f0,1,0,145,164,0,0.0033822385336967275,0.18160151136301034
logreg_tuned,r1f0,1,0,161,180,0,0.10299317914754035,0.18160151136301034
logreg_tuned,r1f0,1,0,162,181,0,0.5704116478333257,0.18160151136301034
logreg_tuned,r1f0,1,0,163,182,1,0.9255527364442171,0.18160151136301034
logreg_tuned,r1f0,1,0,168,187,0,0.09019124949703068,0.18160151136301034
logreg_tuned,r1f0,1,0,169,188,0,0.06523249250470199,0.18160151136301034
logreg_tuned,r1f0,1,0,197,217,0,0.01261083553516961,0.18160151136301034
logreg_tuned,r1f0,1,0,198,218,0,0.00959184439088984,0.18160151136301034
logreg_tuned,r1f0,1,0,204,225,0,0.07269324896720734,0.18160151136301034
logreg_tuned,r1f0,1,0,210,231,1,0.4941807911558118,0.18160151136301034
logreg_tuned,r1f0,1,0,219,241,0,0.010503677836895138,0.18160151136301034
logreg_tuned,r1f0,1,0,220,243,0,0.6648968653324803,0.18160151136301034
logreg_tuned,r1f0,1,0,241,264,0,0.01866938145799727,0.18160151136301034
logreg_tuned,r1f0,1,0,242,265,0,0.013765084196497511,0.18160151136301034
logreg_tuned,r1f0,1,0,243,266,0,0.009911746419726272,0.18160151136301034
logreg_tuned,r1f0,1,0,244,267,0,0.3013194650175234,0.18160151136301034
logreg_tuned,r1f0,1,0,245,268,0,0.5609262251195899,0.18160151136301034
logreg_tuned,r1f1,1,1,0,1,1,0.20705684434277435,0.24569178354585694
logreg_tuned,r1f1,1,1,1,2,0,0.20539073923331153,0.24569178354585694
logreg_tuned,r1f1,1,1,2,3,0,0.20195052849852016,0.24569178354585694
logreg_tuned,r1f1,1,1,3,4,0,0.20832405664487866,0.24569178354585694
logreg_tuned,r1f1,1,1,4,5,0,0.20723732197903993,0.24569178354585694
logreg_tuned,r1f1,1,1,5,6,0,0.21208184156329585,0.24569178354585694
logreg_tuned,r1f1,1,1,6,7,1,0.8636910690257744,0.24569178354585694
logreg_tuned,r1f1,1,1,7,8,1,0.3852678324817479,0.24569178354585694
logreg_tuned,r1f1,1,1,21,33,0,0.20952036641482744,0.24569178354585694
logreg_tuned,r1f1,1,1,22,34,0,0.21728212055634305,0.24569178354585694
logreg_tuned,r1f1,1,1,23,35,0,0.08199805838061797,0.24569178354585694
logreg_tuned,r1f1,1,1,34,46,1,0.2072277251105133,0.24569178354585694
logreg_tuned,r1f1,1,1,35,47,1,0.20157147915017193,0.24569178354585694
logreg_tuned,r1f1,1,1,36,48,1,0.21473009654495423,0.24569178354585694
logreg_tuned,r1f1,1,1,37,49,0,0.1725233735568424,0.24569178354585694
logreg_tuned,r1f1,1,1,38,50,0,0.13878614965816183,0.24569178354585694
logreg_tuned,r1f1,1,1,39,51,1,0.6567277858074755,0.24569178354585694
logreg_tuned,r1f1,1,1,52,65,0,0.04736337247736888,0.24569178354585694
logreg_tuned,r1f1,1,1,53,66,0,0.04543201979577833,0.24569178354585694
logreg_tuned,r1f1,1,1,54,67,0,0.04831173503263428,0.24569178354585694
logreg_tuned,r1f1,1,1,55,68,0,0.04476990117940589,0.24569178354585694
logreg_tuned,r1f1,1,1,57,70,0,0.002898676135837988,0.24569178354585694
logreg_tuned,r1f1,1,1,58,71,0,0.044605284084986666,0.24569178354585694
logreg_tuned,r1f1,1,1,59,72,1,0.8466837686269104,0.24569178354585694
logreg_tuned,r1f1,1,1,60,73,0,0.0030900638837394836,0.24569178354585694
logreg_tuned,r1f1,1,1,61,74,1,0.7821167869923592,0.24569178354585694
logreg_tuned,r1f1,1,1,80,97,1,0.3686159896919966,0.24569178354585694
logreg_tuned,r1f1,1,1,87,104,0,0.3615862605758482,0.24569178354585694
logreg_tuned,r1f1,1,1,88,105,1,0.36736077326299776,0.24569178354585694
logreg_tuned,r1f1,1,1,90,107,1,0.356206860467709,0.24569178354585694
logreg_tuned,r1f1,1,1,107,125,0,0.034492782032613196,0.24569178354585694
logreg_tuned,r1f1,1,1,108,126,0,0.03335914562802148,0.24569178354585694
logreg_tuned,r1f1,1,1,109,127,0,0.03391847422797871,0.24569178354585694
logreg_tuned,r1f1,1,1,110,128,0,0.03335878286857038,0.24569178354585694
logreg_tuned,r1f1,1,1,111,129,0,0.03436265636074307,0.24569178354585694
logreg_tuned,r1f1,1,1,112,130,0,0.08000881034404077,0.24569178354585694
logreg_tuned,r1f1,1,1,113,131,1,0.8973399278285695,0.24569178354585694
logreg_tuned,r1f1,1,1,114,132,1,0.5540933489884369,0.24569178354585694
logreg_tuned,r1f1,1,1,115,133,1,0.24701064498799474,0.24569178354585694
logreg_tuned,r1f1,1,1,116,134,0,0.11990481245971359,0.24569178354585694
logreg_tuned,r1f1,1,1,117,135,1,0.4709276447759192,0.24569178354585694
logreg_tuned,r1f1,1,1,118,136,1,0.319212796188704,0.24569178354585694
logreg_tuned,r1f1,1,1,119,137,1,0.296379295438058,0.24569178354585694
logreg_tuned,r1f1,1,1,120,139,1,0.8895680886418422,0.24569178354585694
logreg_tuned,r1f1,1,1,128,147,0,0.033748245194524074,0.24569178354585694
logreg_tuned,r1f1,1,1,138,157,0,0.02390679764450988,0.24569178354585694
logreg_tuned,r1f1,1,1,139,158,0,0.023098746995157404,0.24569178354585694
logreg_tuned,r1f1,1,1,140,159,0,0.02197045509403416,0.24569178354585694
logreg_tuned,r1f1,1,1,141,160,0,0.021836173015433225,0.24569178354585694
logreg_tuned,r1f1,1,1,183,202,0,0.21796629135617743,0.24569178354585694
logreg_tuned,r1f1,1,1,184,203,0,0.2125969604550681,0.24569178354585694
logreg_tuned,r1f1,1,1,185,204,1,0.14856840319120296,0.24569178354585694
logreg_tuned,r1f1,1,1,186,205,1,0.1428428961488335,0.24569178354585694
logreg_tuned,r1f1,1,1,187,206,1,0.3824405462478552,0.24569178354585694
logreg_tuned,r1f1,1,1,188,207,1,0.5057779238657261,0.24569178354585694
logreg_tuned,r1f1,1,1,189,208,1,0.4000953685979711,0.24569178354585694
logreg_tuned,r1f1,1,1,190,209,0,0.06247203800003059,0.24569178354585694
logreg_tuned,r1f1,1,1,191,211,0,0.2776192853871651,0.24569178354585694
logreg_tuned,r1f1,1,1,192,212,0,0.21052404490008483,0.24569178354585694
logreg_tuned,r1f1,1,1,207,228,0,0.2176696403323399,0.24569178354585694
logreg_tuned,r1f1,1,1,208,229,1,0.6693994053046017,0.24569178354585694
logreg_tuned,r1f1,1,1,209,230,0,0.11999030551199082,0.24569178354585694
logreg_tuned,r1f1,1,1,214,235,0,0.08190895852313242,0.24569178354585694
logreg_tuned,r1f1,1,1,215,236,0,0.2981336209311397,0.24569178354585694
logreg_tuned,r1f1,1,1,216,238,1,0.5577541903414548,0.24569178354585694
logreg_tuned,r1f1,1,1,217,239,0,0.03097724427984783,0.24569178354585694
logreg_tuned,r1f1,1,1,218,240,0,0.030492693771464244,0.24569178354585694
logreg_tuned,r1f2,1,2,24,36,0,0.21632751119905316,0.1951023267023663
logreg_tuned,r1f2,1,2,41,54,0,0.24108956481476213,0.1951023267023663
logreg_tuned,r1f2,1,2,42,55,1,0.2365702664942455,0.1951023267023663
logreg_tuned,r1f2,1,2,43,56,1,0.24079061139664856,0.1951023267023663
logreg_tuned,r1f2,1,2,44,57,0,0.45319350163898403,0.1951023267023663
logreg_tuned,r1f2,1,2,72,88,1,0.5146823643732618,0.1951023267023663
logreg_tuned,r1f2,1,2,73,89,1,0.5359729251688422,0.1951023267023663
logreg_tuned,r1f2,1,2,74,90,1,0.5329662123847266,0.1951023267023663
logreg_tuned,r1f2,1,2,75,91,1,0.5298530653125215,0.1951023267023663
logreg_tuned,r1f2,1,2,76,92,1,0.6089802717877972,0.1951023267023663
logreg_tuned,r1f2,1,2,77,93,1,0.9156461027195518,0.1951023267023663
logreg_tuned,r1f2,1,2,78,94,0,0.44098146533010274,0.1951023267023663
logreg_tuned,r1f2,1,2,79,95,0,0.40506240208124733,0.1951023267023663
logreg_tuned,r1f2,1,2,96,113,0,0.13671654155452223,0.1951023267023663
logreg_tuned,r1f2,1,2,97,115,0,0.13322610573513116,0.1951023267023663
logreg_tuned,r1f2,1,2,98,116,0,0.12201252196222091,0.1951023267023663
logreg_tuned,r1f2,1,2,99,117,0,0.07578080146850437,0.1951023267023663
logreg_tuned,r1f2,1,2,100,118,0,0.3076524401566168,0.1951023267023663
logreg_tuned,r1f2,1,2,121,140,0,0.021689517634271828,0.1951023267023663
logreg_tuned,r1f2,1,2,122,141,0,0.018924497445333997,0.1951023267023663
logreg_tuned,r1f2,1,2,123,142,0,0.016753102531743762,0.1951023267023663
logreg_tuned,r1f2,1,2,124,143,0,0.017561369093969815,0.1951023267023663
logreg_tuned,r1f2,1,2,132,151,1,0.08681695993215045,0.1951023267023663
logreg_tuned,r1f2,1,2,133,152,0,0.08153481890594028,0.1951023267023663
logreg_tuned,r1f2,1,2,134,153,0,0.07653389789224337,0.1951023267023663
logreg_tuned,r1f2,1,2,135,154,0,0.06411326737327894,0.1951023267023663
logreg_tuned,r1f2,1,2,136,155,0,0.3412740118662822,0.1951023267023663
logreg_tuned,r1f2,1,2,137,156,1,0.904225451888981,0.1951023267023663
logreg_tuned,r1f2,1,2,146,165,0,0.721169018824458,0.1951023267023663
logreg_tuned,r1f2,1,2,147,166,0,0.015010145778922812,0.1951023267023663
logreg_tuned,r1f2,1,2,148,167,0,0.013438738522820258,0.1951023267023663
logreg_tuned,r1f2,1,2,152,171,0,0.05943658965569527,0.1951023267023663
logreg_tuned,r1f2,1,2,153,172,0,0.508804570775335,0.1951023267023663
logreg_tuned,r1f2,1,2,154,173,1,0.9027787829995408,0.1951023267023663
logreg_tuned,r1f2,1,2,155,174,1,0.8717784016472688,0.1951023267023663
logreg_tuned,r1f2,1,2,156,175,1,0.7544518380038401,0.1951023267023663
logreg_tuned,r1f2,1,2,157,176,0,0.4537755312602785,0.1951023267023663
logreg_tuned,r1f2,1,2,158,177,0,0.40798834171861886,0.1951023267023663
logreg_tuned,r1f2,1,2,170,189,0,0.08606106501023938,0.1951023267023663
logreg_tuned,r1f2,1,2,171,190,0,0.07626881540168201,0.1951023267023663
logreg_tuned,r1f2,1,2,172,191,0,0.06810720920214054,0.1951023267023663
logreg_tuned,r1f2,1,2,173,192,0,0.055632524431069606,0.1951023267023663
logreg_tuned,r1f2,1,2,174,193,0,0.05133936952482479,0.1951023267023663
logreg_tuned,r1f2,1,2,175,194,0,0.038174691914427655,0.1951023267023663
logreg_tuned,r1f2,1,2,176,195,0,0.19299446672841053,0.1951023267023663
logreg_tuned,r1f2,1,2,227,250,1,0.49605157743133593,0.1951023267023663
logreg_tuned,r1f2,1,2,230,253,0,0.14911167620020785,0.1951023267023663
logreg_tuned,r1f2,1,2,231,254,1,0.15162705892974077,0.1951023267023663
logreg_tuned,r1f3,1,3,13,25,1,0.9154394580450859,0.1744035895101286
logreg_tuned,r1f3,1,3,14,26,1,0.9295135465272286,0.1744035895101286
logreg_tuned,r1f3,1,3,15,27,1,0.8634544933667027,0.1744035895101286
logreg_tuned,r1f3,1,3,16,28,1,0.944124393060406,0.1744035895101286
logreg_tuned,r1f3,1,3,28,40,1,0.9318272071246583,0.1744035895101286
logreg_tuned,r1f3,1,3,29,41,1,0.9266078347999823,0.1744035895101286
logreg_tuned,r1f3,1,3,30,42,1,0.9755245230256272,0.1744035895101286
logreg_tuned,r1f3,1,3,31,43,1,0.9731273039882039,0.1744035895101286
logreg_tuned,r1f3,1,3,56,69,1,0.8078073678203267,0.1744035895101286
logreg_tuned,r1f3,1,3,64,77,0,0.038377176218394225,0.1744035895101286
logreg_tuned,r1f3,1,3,65,78,0,0.034062812397623404,0.1744035895101286
logreg_tuned,r1f3,1,3,101,119,0,0.2828446271907957,0.1744035895101286
logreg_tuned,r1f3,1,3,102,120,0,0.344819237658729,0.1744035895101286
logreg_tuned,r1f3,1,3,103,121,0,0.07549008721733505,0.1744035895101286
logreg_tuned,r1f3,1,3,104,122,0,0.06466744071771385,0.1744035895101286
logreg_tuned,r1f3,1,3,105,123,0,0.07285208503829287,0.1744035895101286
logreg_tuned,r1f3,1,3,106,124,0,0.057894190867110853,0.1744035895101286
logreg_tuned,r1f3,1,3,193,213,0,0.011818346004720155,0.1744035895101286
logreg_tuned,r1f3,1,3,194,214,0,0.5129180074439819,0.1744035895101286
logreg_tuned,r1f3,1,3,195,215,0,0.04072519409828371,0.1744035895101286
logreg_tuned,r1f3,1,3,196,216,0,0.03480364740801926,0.1744035895101286
logreg_tuned,r1f3,1,3,202,222,0,0.16327622078915704,0.1744035895101286
logreg_tuned,r1f3,1,3,203,224,1,0.7111270815731474,0.1744035895101286
logreg_tuned,r1f3,1,3,205,226,0,0.054165452081110024,0.1744035895101286
logreg_tuned,r1f3,1,3,206,227,0,0.05562145886510578,0.1744035895101286
logreg_tuned,r1f3,1,3,211,232,0,0.059238951863079835,0.1744035895101286
logreg_tuned,r1f3,1,3,212,233,1,0.3950605516962713,0.1744035895101286
logreg_tuned,r1f3,1,3,213,234,1,0.4085313765057287,0.1744035895101286
logreg_tuned,r1f3,1,3,221,244,0,0.011166949201789655,0.1744035895101286
logreg_tuned,r1f3,1,3,222,245,0,0.008924175676651868,0.1744035895101286
logreg_tuned,r1f3,1,3,223,246,0,0.00480470051473387,0.1744035895101286
logreg_tuned,r1f3,1,3,224,247,0,0.004304585435135849,0.1744035895101286
logreg_tuned,r1f3,1,3,232,255,0,0.11368686976820261,0.1744035895101286
logreg_tuned,r1f3,1,3,233,256,0,0.11447951818592998,0.1744035895101286
logreg_tuned,r1f3,1,3,234,257,0,0.10354231409293554,0.1744035895101286
logreg_tuned,r1f3,1,3,235,258,0,0.18746856626713296,0.1744035895101286
logreg_tuned,r1f3,1,3,236,259,0,0.31995309236275227,0.1744035895101286
logreg_tuned,r1f3,1,3,237,260,0,0.04927281697904165,0.1744035895101286
logreg_tuned,r1f3,1,3,238,261,0,0.14356205734719887,0.1744035895101286
logreg_tuned,r1f3,1,3,239,262,0,0.07466249176653555,0.1744035895101286
logreg_tuned,r1f3,1,3,240,263,0,0.06316613717209765,0.1744035895101286
logreg_tuned,r1f3,1,3,246,269,0,0.16014843553851377,0.1744035895101286
logreg_tuned,r1f3,1,3,247,270,1,0.380954412762628,0.1744035895101286
logreg_tuned,r1f3,1,3,248,271,0,0.013954358642150555,0.1744035895101286
logreg_tuned,r1f3,1,3,249,272,0,0.01362537153326031,0.1744035895101286
logreg_tuned,r1f3,1,3,250,273,0,0.13659978481070076,0.1744035895101286
logreg_tuned,r1f3,1,3,251,274,0,0.38603771221964517,0.1744035895101286
logreg_tuned,r1f4,1,4,17,29,1,0.9964536223887901,0.1870204958752711
logreg_tuned,r1f4,1,4,18,30,0,0.997932293206835,0.1870204958752711
logreg_tuned,r1f4,1,4,19,31,1,0.9973459460258364,0.1870204958752711
logreg_tuned,r1f4,1,4,20,32,1,0.9990245803951929,0.1870204958752711
logreg_tuned,r1f4,1,4,32,44,1,0.9982796411574225,0.1870204958752711
logreg_tuned,r1f4,1,4,33,45,0,0.9960036842446032,0.1870204958752711
logreg_tuned,r1f4,1,4,40,52,1,0.9958863034467748,0.1870204958752711
logreg_tuned,r1f4,1,4,68,84,0,0.0006119966290716718,0.1870204958752711
logreg_tuned,r1f4,1,4,69,85,0,0.0006334880250652146,0.1870204958752711
logreg_tuned,r1f4,1,4,70,86,0,0.0010751546076192054,0.1870204958752711
logreg_tuned,r1f4,1,4,71,87,0,0.0007652858276151379,0.1870204958752711
logreg_tuned,r1f4,1,4,81,98,0,0.5043036634744177,0.1870204958752711
logreg_tuned,r1f4,1,4,82,99,0,0.6281317584921118,0.1870204958752711
logreg_tuned,r1f4,1,4,83,100,0,0.05305320990728783,0.1870204958752711
logreg_tuned,r1f4,1,4,84,101,0,0.11212764998453856,0.1870204958752711
logreg_tuned,r1f4,1,4,89,106,1,0.39517511132791194,0.1870204958752711
logreg_tuned,r1f4,1,4,91,108,1,0.5255792419588198,0.1870204958752711
logreg_tuned,r1f4,1,4,125,144,0,0.25086974749961033,0.1870204958752711
logreg_tuned,r1f4,1,4,126,145,0,0.22208416600542935,0.1870204958752711
logreg_tuned,r1f4,1,4,127,146,0,0.38884963732739564,0.1870204958752711
logreg_tuned,r1f4,1,4,129,148,1,0.727334387431977,0.1870204958752711
logreg_tuned,r1f4,1,4,130,149,1,0.8946339053867718,0.1870204958752711
logreg_tuned,r1f4,1,4,131,150,0,0.28822844978121703,0.1870204958752711
logreg_tuned,r1f4,1,4,149,168,1,0.1864254561654722,0.1870204958752711
logreg_tuned,r1f4,1,4,150,169,0,0.1883264694921642,0.1870204958752711
logreg_tuned,r1f4,1,4,151,170,0,0.2528650624596583,0.1870204958752711
logreg_tuned,r1f4,1,4,159,178,0,0.423817914792285,0.1870204958752711
logreg_tuned,r1f4,1,4,160,179,1,0.9736873687146029,0.1870204958752711
logreg_tuned,r1f4,1,4,164,183,0,0.5208725132899878,0.1870204958752711
logreg_tuned,r1f4,1,4,165,184,0,0.461643200400299,0.1870204958752711
logreg_tuned,r1f4,1,4,166,185,0,0.3446963090084427,0.1870204958752711
logreg_tuned,r1f4,1,4,167,186,0,0.2882866639545283,0.1870204958752711
logreg_tuned,r1f4,1,4,177,196,0,0.3736867077891806,0.1870204958752711
logreg_tuned,r1f4,1,4,178,197,0,0.38807500128308203,0.1870204958752711
logreg_tuned,r1f4,1,4,179,198,1,0.918992697068027,0.1870204958752711
logreg_tuned,r1f4,1,4,180,199,0,0.22964165785564614,0.1870204958752711
logreg_tuned,r1f4,1,4,181,200,0,0.13664679441721847,0.1870204958752711
logreg_tuned,r1f4,1,4,182,201,0,0.12149644441133219,0.1870204958752711
logreg_tuned,r1f4,1,4,199,219,0,0.0007503482524473287,0.1870204958752711
logreg_tuned,r1f4,1,4,200,220,0,0.0004460057979249168,0.1870204958752711
logreg_tuned,r1f4,1,4,201,221,0,0.00041129524793861717,0.1870204958752711
logreg_tuned,r1f4,1,4,225,248,0,0.00016250074424240237,0.1870204958752711
logreg_tuned,r1f4,1,4,226,249,0,0.3122507288364425,0.1870204958752711
logreg_tuned,r1f4,1,4,228,251,0,0.5828982486458896,0.1870204958752711
logreg_tuned,r1f4,1,4,229,252,1,0.5770476758083717,0.1870204958752711
logreg_tuned,r2f0,2,0,13,25,1,0.9636924326573877,0.16830766759360344
logreg_tuned,r2f0,2,0,14,26,1,0.9760487706823324,0.16830766759360344
logreg_tuned,r2f0,2,0,15,27,1,0.9364260130161697,0.16830766759360344
logreg_tuned,r2f0,2,0,16,28,1,0.9815317689194495,0.16830766759360344
logreg_tuned,r2f0,2,0,28,40,1,0.9776420976412314,0.16830766759360344
logreg_tuned,r2f0,2,0,29,41,1,0.9735211171455462,0.16830766759360344
logreg_tuned,r2f0,2,0,30,42,1,0.993903501385405,0.16830766759360344
logreg_tuned,r2f0,2,0,31,43,1,0.9930960910835255,0.16830766759360344
logreg_tuned,r2f0,2,0,52,65,0,0.025119974369382115,0.16830766759360344
logreg_tuned,r2f0,2,0,53,66,0,0.017660675434450473,0.16830766759360344
logreg_tuned,r2f0,2,0,54,67,0,0.03189389453756239,0.16830766759360344
logreg_tuned,r2f0,2,0,55,68,0,0.016549327410648216,0.16830766759360344
logreg_tuned,r2f0,2,0,57,70,0,0.0014300574135751411,0.16830766759360344
logreg_tuned,r2f0,2,0,58,71,0,0.015713225631106494,0.16830766759360344
logreg_tuned,r2f0,2,0,59,72,1,0.9104253177089777,0.16830766759360344
logreg_tuned,r2f0,2,0,60,73,0,0.0015416869684029518,0.16830766759360344
logreg_tuned,r2f0,2,0,61,74,1,0.859880004774894,0.16830766759360344
logreg_tuned,r2f0,2,0,85,102,0,0.10489194265670637,0.16830766759360344
logreg_tuned,r2f0,2,0,86,103,0,0.03830123384734653,0.16830766759360344
logreg_tuned,r2f0,2,0,92,109,0,0.12732473509735295,0.16830766759360344
logreg_tuned,r2f0,2,0,93,110,0,0.09680082255679989,0.16830766759360344
logreg_tuned,r2f0,2,0,94,111,1,0.1185774087035151,0.16830766759360344
logreg_tuned,r2f0,2,0,95,112,1,0.151407515378582,0.16830766759360344
logreg_tuned,r2f0,2,0,96,113,0,0.08553439371462514,0.16830766759360344
logreg_tuned,r2f0,2,0,97,115,0,0.07796270137170878,0.16830766759360344
logreg_tuned,r2f0,2,0,98,116,0,0.05665691029349701,0.16830766759360344
logreg_tuned,r2f0,2,0,99,117,0,0.028456609879142298,0.16830766759360344
logreg_tuned,r2f0,2,0,100,118,0,0.18177889656124502,0.16830766759360344
logreg_tuned,r2f0,2,0,149,168,1,0.11040317200469559,0.16830766759360344
logreg_tuned,r2f0,2,0,150,169,0,0.11029457266301781,0.16830766759360344
logreg_tuned,r2f0,2,0,151,170,0,0.1314347590769107,0.16830766759360344
logreg_tuned,r2f0,2,0,192,212,0,0.22442241122057538,0.16830766759360344
logreg_tuned,r2f0,2,0,204,225,0,0.05987694002904994,0.16830766759360344
logreg_tuned,r2f0,2,0,210,231,1,0.44674949902495464,0.16830766759360344
logreg_tuned,r2f0,2,0,223,246,0,0.0013704226830785356,0.16830766759360344
logreg_tuned,r2f0,2,0,224,247,0,0.0010811917628757812,0.16830766759360344
logreg_tuned,r2f0,2,0,225,248,0,0.0010361314837841011,0.16830766759360344
logreg_tuned,r2f0,2,0,237,260,0,0.03689913348463122,0.16830766759360344
logreg_tuned,r2f0,2,0,238,261,0,0.15065302100101507,0.16830766759360344
logreg_tuned,r2f0,2,0,239,262,0,0.07006464884716754,0.16830766759360344
logreg_tuned,r2f0,2,0,240,263,0,0.048654294006742434,0.16830766759360344
logreg_tuned,r2f0,2,0,241,264,0,0.019405501251127437,0.16830766759360344
logreg_tuned,r2f0,2,0,242,265,0,0.013919272300169863,0.16830766759360344
logreg_tuned,r2f0,2,0,243,266,0,0.009730541209655769,0.16830766759360344
logreg_tuned,r2f0,2,0,244,267,0,0.30004171114026534,0.16830766759360344
logreg_tuned,r2f0,2,0,245,268,0,0.5432001967736952,0.16830766759360344
logreg_tuned,r2f1,2,1,45,58,0,0.16023132613519553,0.2097951277997058
logreg_tuned,r2f1,2,1,46,59,0,0.13800738127669623,0.2097951277997058
logreg_tuned,r2f1,2,1,47,60,0,0.15136349802162996,0.2097951277997058
logreg_tuned,r2f1,2,1,48,61,0,0.15942410528273304,0.2097951277997058
logreg_tuned,r2f1,2,1,49,62,0,0.1553626757770899,0.2097951277997058
logreg_tuned,r2f1,2,1,50,63,1,0.6313695546527544,0.2097951277997058
logreg_tuned,r2f1,2,1,51,64,0,0.4010685759248447,0.2097951277997058
logreg_tuned,r2f1,2,1,107,125,0,0.03277185178997978,0.2097951277997058
logreg_tuned,r2f1,2,1,108,126,0,0.026839466815889793,0.2097951277997058
logreg_tuned,r2f1,2,1,109,127,0,0.029689584532711467,0.2097951277997058
logreg_tuned,r2f1,2,1,110,128,0,0.02744154267040594,0.2097951277997058
logreg_tuned,r2f1,2,1,111,129,0,0.03648284587042912,0.2097951277997058
logreg_tuned,r2f1,2,1,112,130,0,0.07324718425653341,0.2097951277997058
logreg_tuned,r2f1,2,1,113,131,1,0.8751048173672048,0.2097951277997058
logreg_tuned,r2f1,2,1,114,132,1,0.5837372184183176,0.2097951277997058
logreg_tuned,r2f1,2,1,115,133,1,0.3185184929359417,0.2097951277997058
logreg_tuned,r2f1,2,1,116,134,0,0.1846440871674845,0.2097951277997058
logreg_tuned,r2f1,2,1,117,135,1,0.5152941287641314,0.2097951277997058
logreg_tuned,r2f1,2,1,118,136,1,0.38531042693855105,0.2097951277997058
logreg_tuned,r2f1,2,1,119,137,1,0.3645937283513601,0.2097951277997058
logreg_tuned,r2f1,2,1,120,139,1,0.8672587008536545,0.2097951277997058
logreg_tuned,r2f1,2,1,128,147,0,0.028377555979376252,0.2097951277997058
logreg_tuned,r2f1,2,1,173,192,0,0.04682613045635947,0.2097951277997058
logreg_tuned,r2f1,2,1,174,193,0,0.03967497365791911,0.2097951277997058
logreg_tuned,r2f1,2,1,175,194,0,0.02685890501923423,0.2097951277997058
logreg_tuned,r2f1,2,1,176,195,0,0.11139537338697048,0.2097951277997058
logreg_tuned,r2f1,2,1,202,222,0,0.1731706924546101,0.2097951277997058
logreg_tuned,r2f1,2,1,203,224,1,0.6558997448797094,0.2097951277997058
logreg_tuned,r2f1,2,1,205,226,0,0.0553533851519541,0.2097951277997058
logreg_tuned,r2f1,2,1,206,227,0,0.057254588834210036,0.2097951277997058
logreg_tuned,r2f1,2,1,211,232,0,0.053604041415223055,0.2097951277997058
logreg_tuned,r2f1,2,1,212,233,1,0.32505241075955615,0.2097951277997058
logreg_tuned,r2f1,2,1,213,234,1,0.3361898090299961,0.2097951277997058
logreg_tuned,r2f1,2,1,214,235,0,0.09163114078967836,0.2097951277997058
logreg_tuned,r2f1,2,1,215,236,0,0.2674364186458044,0.2097951277997058
logreg_tuned,r2f1,2,1,216,238,1,0.47228349969697897,0.2097951277997058
logreg_tuned,r2f1,2,1,217,239,0,0.03268722279794391,0.2097951277997058
logreg_tuned,r2f1,2,1,218,240,0,0.0316138834415657,0.2097951277997058
logreg_tuned,r2f1,2,1,232,255,0,0.12559736600999463,0.2097951277997058
logreg_tuned,r2f1,2,1,233,256,0,0.1267839507332369,0.2097951277997058
logreg_tuned,r2f1,2,1,234,257,0,0.11139088183428639,0.2097951277997058
logreg_tuned,r2f1,2,1,235,258,0,0.1760117410703472,0.2097951277997058
logreg_tuned,r2f1,2,1,236,259,0,0.29121779419541566,0.2097951277997058
logreg_tuned,r2f1,2,1,246,269,0,0.12733872118024295,0.2097951277997058
logreg_tuned,r2f1,2,1,247,270,1,0.2991848378042953,0.2097951277997058
logreg_tuned,r2f1,2,1,248,271,0,0.014881692613933082,0.2097951277997058
logreg_tuned,r2f1,2,1,249,272,0,0.014415655885817351,0.2097951277997058
logreg_tuned,r2f2,2,2,0,1,1,0.3275219411300128,0.2708568504040638
logreg_tuned,r2f2,2,2,1,2,0,0.33747446872316517,0.2708568504040638
logreg_tuned,r2f2,2,2,2,3,0,0.32290810836493666,0.2708568504040638
logreg_tuned,r2f2,2,2,3,4,0,0.3493550776141704,0.2708568504040638
logreg_tuned,r2f2,2,2,4,5,0,0.34101508611396686,0.2708568504040638
logreg_tuned,r2f2,2,2,5,6,0,0.37863041859164465,0.2708568504040638
logreg_tuned,r2f2,2,2,6,7,1,0.9894910591981702,0.2708568504040638
logreg_tuned,r2f2,2,2,7,8,1,0.6606145938656665,0.2708568504040638
logreg_tuned,r2f2,2,2,17,29,1,0.9972083763751882,0.2708568504040638
logreg_tuned,r2f2,2,2,18,30,0,0.9976715363494986,0.2708568504040638
logreg_tuned,r2f2,2,2,19,31,1,0.9957285897690552,0.2708568504040638
logreg_tuned,r2f2,2,2,20,32,1,0.9986426346350471,0.2708568504040638
logreg_tuned,r2f2,2,2,21,33,0,0.383613486916895,0.2708568504040638
logreg_tuned,r2f2,2,2,22,34,0,0.4651851291552013,0.2708568504040638
logreg_tuned,r2f2,2,2,23,35,0,0.07133485147144238,0.2708568504040638
logreg_tuned,r2f2,2,2,32,44,1,0.9978081433260007,0.2708568504040638
logreg_tuned,r2f2,2,2,33,45,0,0.9970961646498624,0.2708568504040638
logreg_tuned,r2f2,2,2,34,46,1,0.39364358567435226,0.2708568504040638
logreg_tuned,r2f2,2,2,35,47,1,0.30864641715830865,0.2708568504040638
logreg_tuned,r2f2,2,2,36,48,1,0.45014242438615665,0.2708568504040638
logreg_tuned,r2f2,2,2,37,49,0,0.23763943403319782,0.2708568504040638
logreg_tuned,r2f2,2,2,38,50,0,0.17354715409301463,0.2708568504040638
logreg_tuned,r2f2,2,2,39,51,1,0.9312203593183855,0.2708568504040638
logreg_tuned,r2f2,2,2,40,52,1,0.9929574025083073,0.2708568504040638
logreg_tuned,r2f2,2,2,125,144,0,0.22333475770899294,0.2708568504040638
logreg_tuned,r2f2,2,2,126,145,0,0.21432744293932973,0.2708568504040638
logreg_tuned,r2f2,2,2,127,146,0,0.2630485356569994,0.2708568504040638
logreg_tuned,r2f2,2,2,129,148,1,0.7277095632078813,0.2708568504040638
logreg_tuned,r2f2,2,2,130,149,1,0.9098615877434346,0.2708568504040638
logreg_tuned,r2f2,2,2,131,150,0,0.23651089569381697,0.2708568504040638
logreg_tuned,r2f2,2,2,132,151,1,0.03980327319097926,0.2708568504040638
logreg_tuned,r2f2,2,2,133,152,0,0.03479544560654356,0.2708568504040638
logreg_tuned,r2f2,2,2,134,153,0,0.030242230744556627,0.2708568504040638
logreg_tuned,r2f2,2,2,135,154,0,0.006284124396667881,0.2708568504040638
logreg_tuned,r2f2,2,2,136,155,0,0.1708610176102051,0.2708568504040638
logreg_tuned,r2f2,2,2,137,156,1,0.9681025145969819,0.2708568504040638
logreg_tuned,r2f2,2,2,142,161,0,0.0016961874078104625,0.2708568504040638
logreg_tuned,r2f2,2,2,143,162,0,0.0014220246713005907,0.2708568504040638
logreg_tuned,r2f2,2,2,144,163,0,0.0012598840160957983,0.2708568504040638
logreg_tuned,r2f2,2,2,145,164,0,0.0012598857981425402,0.2708568504040638
logreg_tuned,r2f2,2,2,146,165,0,0.7660264605014224,0.2708568504040638
logreg_tuned,r2f2,2,2,152,171,0,0.005447634726721649,0.2708568504040638
logreg_tuned,r2f2,2,2,153,172,0,0.40267481061767346,0.2708568504040638
logreg_tuned,r2f2,2,2,154,173,1,0.9669735187022926,0.2708568504040638
logreg_tuned,r2f2,2,2,170,189,0,0.03890607778257202,0.2708568504040638
logreg_tuned,r2f2,2,2,171,190,0,0.029934303858082864,0.2708568504040638
logreg_tuned,r2f2,2,2,172,191,0,0.023279142517752198,0.2708568504040638
logreg_tuned,r2f2,2,2,177,196,0,0.3227861991080898,0.2708568504040638
logreg_tuned,r2f2,2,2,178,197,0,0.33868677812670334,0.2708568504040638
logreg_tuned,r2f2,2,2,179,198,1,0.9330887861637442,0.2708568504040638
logreg_tuned,r2f2,2,2,180,199,0,0.21609305558183053,0.2708568504040638
logreg_tuned,r2f2,2,2,181,200,0,0.1825133886742641,0.2708568504040638
logreg_tuned,r2f2,2,2,182,201,0,0.17592417662787102,0.2708568504040638
logreg_tuned,r2f2,2,2,183,202,0,0.4267664803067407,0.2708568504040638
logreg_tuned,r2f2,2,2,184,203,0,0.39174035784282624,0.2708568504040638
logreg_tuned,r2f2,2,2,185,204,1,0.17874049261381214,0.2708568504040638
logreg_tuned,r2f2,2,2,186,205,1,0.16843923565267563,0.2708568504040638
logreg_tuned,r2f2,2,2,187,206,1,0.6525115920655853,0.2708568504040638
logreg_tuned,r2f2,2,2,188,207,1,0.816394429378143,0.2708568504040638
logreg_tuned,r2f2,2,2,189,208,1,0.6843394962416349,0.2708568504040638
logreg_tuned,r2f2,2,2,190,209,0,0.013772189233043382,0.2708568504040638
logreg_tuned,r2f2,2,2,191,211,0,0.20980304265751762,0.2708568504040638
logreg_tuned,r2f2,2,2,207,228,0,0.34010730416386853,0.2708568504040638
logreg_tuned,r2f2,2,2,208,229,1,0.9356792195874163,0.2708568504040638
logreg_tuned,r2f2,2,2,209,230,0,0.1361042510051847,0.2708568504040638
logreg_tuned,r2f2,2,2,250,273,0,0.07386546724700299,0.2708568504040638
logreg_tuned,r2f2,2,2,251,274,0,0.5142962395667295,0.2708568504040638
logreg_tuned,r2f3,2,3,8,19,1,0.9861843007597144,0.1894909669386435
logreg_tuned,r2f3,2,3,9,20,1,0.9822144558446727,0.1894909669386435
logreg_tuned,r2f3,2,3,10,21,1,0.9826112963642744,0.1894909669386435
logreg_tuned,r2f3,2,3,11,22,1,0.9826627224446549,0.1894909669386435
logreg_tuned,r2f3,2,3,12,23,1,0.9938593909600321,0.1894909669386435
logreg_tuned,r2f3,2,3,25,37,1,0.9819854754901135,0.1894909669386435
logreg_tuned,r2f3,2,3,26,38,1,0.9833306018296742,0.1894909669386435
logreg_tuned,r2f3,2,3,27,39,1,0.9951323616410023,0.1894909669386435
logreg_tuned,r2f3,2,3,56,69,1,0.8655925413985197,0.1894909669386435
logreg_tuned,r2f3,2,3,62,75,0,0.01870882177178879,0.1894909669386435
logreg_tuned,r2f3,2,3,63,76,0,0.022599578899673196,0.1894909669386435
logreg_tuned,r2f3,2,3,64,77,0,0.03265209321753386,0.1894909669386435
logreg_tuned,r2f3,2,3,65,78,0,0.027313007842315013,0.1894909669386435
logreg_tuned,r2f3,2,3,66,79,0,0.08063307136742418,0.1894909669386435
logreg_tuned,r2f3,2,3,67,82,0,0.02062867376873196,0.1894909669386435
logreg_tuned,r2f3,2,3,78,94,0,0.49029221727739025,0.1894909669386435
logreg_tuned,r2f3,2,3,79,95,0,0.4519426319071103,0.1894909669386435
logreg_tuned,r2f3,2,3,101,119,0,0.3394355127819106,0.1894909669386435
logreg_tuned,r2f3,2,3,102,120,0,0.4158299421749681,0.1894909669386435
logreg_tuned,r2f3,2,3,103,121,0,0.08463876570436561,0.1894909669386435
logreg_tuned,r2f3,2,3,104,122,0,0.06809462436858954,0.1894909669386435
logreg_tuned,r2f3,2,3,105,123,0,0.08102610629787095,0.1894909669386435
logreg_tuned,r2f3,2,3,106,124,0,0.058063850019183946,0.1894909669386435
logreg_tuned,r2f3,2,3,121,140,0,0.02190312707603061,0.1894909669386435
logreg_tuned,r2f3,2,3,122,141,0,0.016020081019152893,0.1894909669386435
logreg_tuned,r2f3,2,3,123,142,0,0.012104460740565169,0.1894909669386435
logreg_tuned,r2f3,2,3,124,143,0,0.013492405086884571,0.1894909669386435
logreg_tuned,r2f3,2,3,155,174,1,0.9004518151565204,0.1894909669386435
logreg_tuned,r2f3,2,3,156,175,1,0.7983813270511901,0.1894909669386435
logreg_tuned,r2f3,2,3,157,176,0,0.5798190810988824,0.1894909669386435
logreg_tuned,r2f3,2,3,158,177,0,0.47348267920807807,0.1894909669386435
logreg_tuned,r2f3,2,3,193,213,0,0.008453580922574516,0.1894909669386435
logreg_tuned,r2f3,2,3,194,214,0,0.5730706409449977,0.1894909669386435
logreg_tuned,r2f3,2,3,195,215,0,0.03507274035508576,0.1894909669386435
logreg_tuned,r2f3,2,3,196,216,0,0.027879022858188742,0.1894909669386435
logreg_tuned,r2f3,2,3,197,217,0,0.024793071642217036,0.1894909669386435
logreg_tuned,r2f3,2,3,198,218,0,0.02030951831222014,0.1894909669386435
logreg_tuned,r2f3,2,3,219,241,0,0.014582194854668527,0.1894909669386435
logreg_tuned,r2f3,2,3,220,243,0,0.5431076521661624,0.1894909669386435
logreg_tuned,r2f3,2,3,226,249,0,0.22738023362660867,0.1894909669386435
logreg_tuned,r2f3,2,3,227,250,1,0.5640356009880394,0.1894909669386435
logreg_tuned,r2f3,2,3,228,251,0,0.3106903217360657,0.1894909669386435
logreg_tuned,r2f3,2,3,229,252,1,0.3087185061983333,0.1894909669386435
logreg_tuned,r2f3,2,3,230,253,0,0.17551720975225998,0.1894909669386435
logreg_tuned,r2f3,2,3,231,254,1,0.18214736214838065,0.1894909669386435
logreg_tuned,r2f4,2,4,24,36,0,0.2039675901673648,0.20306395836130675
logreg_tuned,r2f4,2,4,41,54,0,0.19022721108043728,0.20306395836130675
logreg_tuned,r2f4,2,4,42,55,1,0.19234408968757857,0.20306395836130675
logreg_tuned,r2f4,2,4,43,56,1,0.21582251286020973,0.20306395836130675
logreg_tuned,r2f4,2,4,44,57,0,0.40655885931930696,0.20306395836130675
logreg_tuned,r2f4,2,4,68,84,0,0.016811037154832006,0.20306395836130675
logreg_tuned,r2f4,2,4,69,85,0,0.01672695865633932,0.20306395836130675
logreg_tuned,r2f4,2,4,70,86,0,0.015935610154676455,0.20306395836130675
logreg_tuned,r2f4,2,4,71,87,0,0.01643681937941264,0.20306395836130675
logreg_tuned,r2f4,2,4,72,88,1,0.45067103869015646,0.20306395836130675
logreg_tuned,r2f4,2,4,73,89,1,0.43804812861806725,0.20306395836130675
logreg_tuned,r2f4,2,4,74,90,1,0.43935030694936916,0.20306395836130675
logreg_tuned,r2f4,2,4,75,91,1,0.44143929417486544,0.20306395836130675
logreg_tuned,r2f4,2,4,76,92,1,0.5543780318447227,0.20306395836130675
logreg_tuned,r2f4,2,4,77,93,1,0.8871554552450123,0.20306395836130675
logreg_tuned,r2f4,2,4,80,97,1,0.2513317534924078,0.20306395836130675
logreg_tuned,r2f4,2,4,81,98,0,0.23281068400504584,0.20306395836130675
logreg_tuned,r2f4,2,4,82,99,0,0.22457427698194937,0.20306395836130675
logreg_tuned,r2f4,2,4,83,100,0,0.10182034089771629,0.20306395836130675
logreg_tuned,r2f4,2,4,84,101,0,0.1594488208198595,0.20306395836130675
logreg_tuned,r2f4,2,4,87,104,0,0.2605125167105173,0.20306395836130675
logreg_tuned,r2f4,2,4,88,105,1,0.2524241202134435,0.20306395836130675
logreg_tuned,r2f4,2,4,89,106,1,0.24022983492970543,0.20306395836130675
logreg_tuned,r2f4,2,4,90,107,1,0.2664980027338799,0.20306395836130675
logreg_tuned,r2f4,2,4,91,108,1,0.23128109555467313,0.20306395836130675
logreg_tuned,r2f4,2,4,138,157,0,0.026138425834663616,0.20306395836130675
logreg_tuned,r2f4,2,4,139,158,0,0.027155828144558292,0.20306395836130675
logreg_tuned,r2f4,2,4,140,159,0,0.029152981781066768,0.20306395836130675
logreg_tuned,r2f4,2,4,141,160,0,0.029006219761221398,0.20306395836130675
logreg_tuned,r2f4,2,4,147,166,0,0.010784502252915815,0.20306395836130675
logreg_tuned,r2f4,2,4,148,167,0,0.011517005652702477,0.20306395836130675
logreg_tuned,r2f4,2,4,159,178,0,0.36582122345116047,0.20306395836130675
logreg_tuned,r2f4,2,4,160,179,1,0.8730266507354025,0.20306395836130675
logreg_tuned,r2f4,2,4,161,180,0,0.15873953496798057,0.20306395836130675
logreg_tuned,r2f4,2,4,162,181,0,0.5389896789041698,0.20306395836130675
logreg_tuned,r2f4,2,4,163,182,1,0.8607860881015341,0.20306395836130675
logreg_tuned,r2f4,2,4,164,183,0,0.23191996548210436,0.20306395836130675
logreg_tuned,r2f4,2,4,165,184,0,0.23586198706787223,0.20306395836130675
logreg_tuned,r2f4,2,4,166,185,0,0.24424165795740993,0.20306395836130675
logreg_tuned,r2f4,2,4,167,186,0,0.2487207694247523,0.20306395836130675
logreg_tuned,r2f4,2,4,168,187,0,0.10614903119867077,0.20306395836130675
logreg_tuned,r2f4,2,4,169,188,0,0.11271964652449859,0.20306395836130675
logreg_tuned,r2f4,2,4,199,219,0,0.016539628623577465,0.20306395836130675
logreg_tuned,r2f4,2,4,200,220,0,0.01735282302195009,0.20306395836130675
logreg_tuned,r2f4,2,4,201,221,0,0.01746865718982494,0.20306395836130675
logreg_tuned,r2f4,2,4,221,244,0,0.011088801214251476,0.20306395836130675
logreg_tuned,r2f4,2,4,222,245,0,0.01205898218115876,0.20306395836130675
logreg_tuned,r3f0,3,0,0,1,1,0.2086790336593844,0.22216808954939576
logreg_tuned,r3f0,3,0,1,2,0,0.20956665489022264,0.22216808954939576
logreg_tuned,r3f0,3,0,2,3,0,0.2048395629467852,0.22216808954939576
logreg_tuned,r3f0,3,0,3,4,0,0.21349386409856574,0.22216808954939576
logreg_tuned,r3f0,3,0,4,5,0,0.2113075423585231,0.22216808954939576
logreg_tuned,r3f0,3,0,5,6,0,0.2211145600983198,0.22216808954939576
logreg_tuned,r3f0,3,0,6,7,1,0.8940962213960124,0.22216808954939576
logreg_tuned,r3f0,3,0,7,8,1,0.4399284972496126,0.22216808954939576
logreg_tuned,r3f0,3,0,13,25,1,0.888435095526118,0.22216808954939576
logreg_tuned,r3f0,3,0,14,26,1,0.8973741257311658,0.22216808954939576
logreg_tuned,r3f0,3,0,15,27,1,0.7434939524941991,0.22216808954939576
logreg_tuned,r3f0,3,0,16,28,1,0.8990506625887545,0.22216808954939576
logreg_tuned,r3f0,3,0,21,33,0,0.22049559212867778,0.22216808954939576
logreg_tuned,r3f0,3,0,22,34,0,0.24010575114617477,0.22216808954939576
logreg_tuned,r3f0,3,0,23,35,0,0.09690294360152821,0.22216808954939576
logreg_tuned,r3f0,3,0,28,40,1,0.8993041863660759,0.22216808954939576
logreg_tuned,r3f0,3,0,29,41,1,0.8958902245623088,0.22216808954939576
logreg_tuned,r3f0,3,0,30,42,1,0.9594835632488348,0.22216808954939576
logreg_tuned,r3f0,3,0,31,43,1,0.9550006436987255,0.22216808954939576
logreg_tuned,r3f0,3,0,34,46,1,0.2209355227459164,0.22216808954939576
logreg_tuned,r3f0,3,0,35,47,1,0.23851339802947655,0.22216808954939576
logreg_tuned,r3f0,3,0,36,48,1,0.2357705067740495,0.22216808954939576
logreg_tuned,r3f0,3,0,37,49,0,0.203019522175074,0.22216808954939576
logreg_tuned,r3f0,3,0,38,50,0,0.16492178966187185,0.22216808954939576
logreg_tuned,r3f0,3,0,39,51,1,0.7155261398132916,0.22216808954939576
logreg_tuned,r3f0,3,0,56,69,1,0.838722914385633,0.22216808954939576
logreg_tuned,r3f0,3,0,62,75,0,0.022844261517389178,0.22216808954939576
logreg_tuned,r3f0,3,0,63,76,0,0.02435857491302431,0.22216808954939576
logreg_tuned,r3f0,3,0,64,77,0,0.03332299276440029,0.22216808954939576
logreg_tuned,r3f0,3,0,65,78,0,0.03154883391594524,0.22216808954939576
logreg_tuned,r3f0,3,0,66,79,0,0.06538985759388277,0.22216808954939576
logreg_tuned,r3f0,3,0,67,82,0,0.023828681456435255,0.22216808954939576
logreg_tuned,r3f0,3,0,101,119,0,0.34512426905472826,0.22216808954939576
logreg_tuned,r3f0,3,0,102,120,0,0.42289022703760826,0.22216808954939576
logreg_tuned,r3f0,3,0,103,121,0,0.09468296533102373,0.22216808954939576
logreg_tuned,r3f0,3,0,104,122,0,0.08758353534376766,0.22216808954939576
logreg_tuned,r3f0,3,0,105,123,0,0.09253901935798549,0.22216808954939576
logreg_tuned,r3f0,3,0,106,124,0,0.08305209279261959,0.22216808954939576
logreg_tuned,r3f0,3,0,142,161,0,0.02517024385870617,0.22216808954939576
logreg_tuned,r3f0,3,0,143,162,0,0.023615339581456667,0.22216808954939576
logreg_tuned,r3f0,3,0,144,163,0,0.02256231259567175,0.22216808954939576
logreg_tuned,r3f0,3,0,145,164,0,0.022554041613000453,0.22216808954939576
logreg_tuned,r3f0,3,0,161,180,0,0.11511718524035448,0.22216808954939576
logreg_tuned,r3f0,3,0,162,181,0,0.49483343165305005,0.22216808954939576
logreg_tuned,r3f0,3,0,163,182,1,0.8610870685770297,0.22216808954939576
logreg_tuned,r3f0,3,0,168,187,0,0.1196675214635843,0.22216808954939576
logreg_tuned,r3f0,3,0,169,188,0,0.11098479669603627,0.22216808954939576
logreg_tuned,r3f0,3,0,183,202,0,0.23347407162083061,0.22216808954939576
logreg_tuned,r3f0,3,0,184,203,0,0.22382428790422315,0.22216808954939576
logreg_tuned,r3f0,3,0,185,204,1,0.17271317767761524,0.22216808954939576
logreg_tuned,r3f0,3,0,186,205,1,0.1662668711748502,0.22216808954939576
logreg_tuned,r3f0,3,0,187,206,1,0.43586147771939043,0.22216808954939576
logreg_tuned,r3f0,3,0,188,207,1,0.5653561496965106,0.22216808954939576
logreg_tuned,r3f0,3,0,189,208,1,0.455941842307643,0.22216808954939576
logreg_tuned,r3f0,3,0,193,213,0,0.006345258424360707,0.22216808954939576
logreg_tuned,r3f0,3,0,194,214,0,0.5157806686556639,0.22216808954939576
logreg_tuned,r3f0,3,0,195,215,0,0.03472590277038964,0.22216808954939576
logreg_tuned,r3f0,3,0,196,216,0,0.03216182551843947,0.22216808954939576
logreg_tuned,r3f0,3,0,197,217,0,0.025532775599756856,0.22216808954939576
logreg_tuned,r3f0,3,0,198,218,0,0.023864500009834238,0.22216808954939576
logreg_tuned,r3f0,3,0,207,228,0,0.2561176239624787,0.22216808954939576
logreg_tuned,r3f0,3,0,208,229,1,0.7259889108083256,0.22216808954939576
logreg_tuned,r3f0,3,0,209,230,0,0.14239958043852108,0.22216808954939576
logreg_tuned,r3f0,3,0,246,269,0,0.154002911534973,0.22216808954939576
logreg_tuned,r3f0,3,0,247,270,1,0.40984690316056255,0.22216808954939576
logreg_tuned,r3f0,3,0,248,271,0,0.013351559809532194,0.22216808954939576
logreg_tuned,r3f0,3,0,249,272,0,0.013182756884145162,0.22216808954939576
logreg_tuned,r3f1,3,1,52,65,0,0.04489930909417618,0.17928276926469877
logreg_tuned,r3f1,3,1,53,66,0,0.04277512800273862,0.17928276926469877
logreg_tuned,r3f1,3,1,54,67,0,0.04633604510234267,0.17928276926469877
logreg_tuned,r3f1,3,1,55,68,0,0.042342340580595925,0.17928276926469877
logreg_tuned,r3f1,3,1,57,70,0,0.00590651059499009,0.17928276926469877
logreg_tuned,r3f1,3,1,58,71,0,0.042060662320001566,0.17928276926469877
logreg_tuned,r3f1,3,1,59,72,1,0.8623680467196078,0.17928276926469877
logreg_tuned,r3f1,3,1,60,73,0,0.00626343432411011,0.17928276926469877
logreg_tuned,r3f1,3,1,61,74,1,0.8085547510152765,0.17928276926469877
logreg_tuned,r3f1,3,1,68,84,0,0.016760274683557248,0.17928276926469877
logreg_tuned,r3f1,3,1,69,85,0,0.016731148877128822,0.17928276926469877
logreg_tuned,r3f1,3,1,70,86,0,0.017411049117813514,0.17928276926469877
logreg_tuned,r3f1,3,1,71,87,0,0.01696355486952546,0.17928276926469877
logreg_tuned,r3f1,3,1,72,88,1,0.4540501274754462,0.17928276926469877
logreg_tuned,r3f1,3,1,73,89,1,0.4640896849174506,0.17928276926469877
logreg_tuned,r3f1,3,1,74,90,1,0.4623882490579458,0.17928276926469877
logreg_tuned,r3f1,3,1,75,91,1,0.46105901911139313,0.17928276926469877
logreg_tuned,r3f1,3,1,76,92,1,0.5605021534326932,0.17928276926469877
logreg_tuned,r3f1,3,1,77,93,1,0.8881553177829407,0.17928276926469877
logreg_tuned,r3f1,3,1,80,97,1,0.2832555821937294,0.17928276926469877
logreg_tuned,r3f1,3,1,87,104,0,0.27562235278385233,0.17928276926469877
logreg_tuned,r3f1,3,1,88,105,1,0.2822155824091082,0.17928276926469877
logreg_tuned,r3f1,3,1,90,107,1,0.2705510124942039,0.17928276926469877
logreg_tuned,r3f1,3,1,192,212,0,0.27732818147490124,0.17928276926469877
logreg_tuned,r3f1,3,1,199,219,0,0.017114809908485584,0.17928276926469877
logreg_tuned,r3f1,3,1,200,220,0,0.016471816254609622,0.17928276926469877
logreg_tuned,r3f1,3,1,201,221,0,0.016342519102262816,0.17928276926469877
logreg_tuned,r3f1,3,1,204,225,0,0.09788256753687084,0.17928276926469877
logreg_tuned,r3f1,3,1,210,231,1,0.45655631460182083,0.17928276926469877
logreg_tuned,r3f1,3,1,214,235,0,0.14969482270077314,0.17928276926469877
logreg_tuned,r3f1,3,1,215,236,0,0.4254258438710791,0.17928276926469877
logreg_tuned,r3f1,3,1,216,238,1,0.6687358399493238,0.17928276926469877
logreg_tuned,r3f1,3,1,217,239,0,0.0369611268131472,0.17928276926469877
logreg_tuned,r3f1,3,1,218,240,0,0.03665621120550715,0.17928276926469877
logreg_tuned,r3f1,3,1,223,246,0,0.0075843798797231,0.17928276926469877
logreg_tuned,r3f1,3,1,224,247,0,0.00733662285961459,0.17928276926469877
logreg_tuned,r3f1,3,1,225,248,0,0.004777816522889039,0.17928276926469877
logreg_tuned,r3f1,3,1,226,249,0,0.25442608792532495,0.17928276926469877
logreg_tuned,r3f1,3,1,228,251,0,0.31330532615572754,0.17928276926469877
logreg_tuned,r3f1,3,1,229,252,1,0.3128505040760226,0.17928276926469877
logreg_tuned,r3f1,3,1,241,264,0,0.0299072351930966,0.17928276926469877
logreg_tuned,r3f1,3,1,242,265,0,0.028562166361744044,0.17928276926469877
logreg_tuned,r3f1,3,1,243,266,0,0.02719013410303861,0.17928276926469877
logreg_tuned,r3f1,3,1,244,267,0,0.3029471308658133,0.17928276926469877
logreg_tuned,r3f1,3,1,245,268,0,0.49266993654914426,0.17928276926469877
logreg_tuned,r3f2,3,2,24,36,0,0.47415264724792866,0.26176831856279914
logreg_tuned,r3f2,3,2,41,54,0,0.5813056937837444,0.26176831856279914
logreg_tuned,r3f2,3,2,42,55,1,0.5613451020695773,0.26176831856279914
logreg_tuned,r3f2,3,2,43,56,1,0.48775455390290934,0.26176831856279914
logreg_tuned,r3f2,3,2,44,57,0,0.7635157483982743,0.26176831856279914
logreg_tuned,r3f2,3,2,45,58,0,0.12381990640812209,0.26176831856279914
logreg_tuned,r3f2,3,2,46,59,0,0.09780333383870676,0.26176831856279914
logreg_tuned,r3f2,3,2,47,60,0,0.11304681272958746,0.26176831856279914
logreg_tuned,r3f2,3,2,48,61,0,0.12276638386188354,0.26176831856279914
logreg_tuned,r3f2,3,2,49,62,0,0.12574905253738058,0.26176831856279914
logreg_tuned,r3f2,3,2,50,63,1,0.8059556173870249,0.26176831856279914
logreg_tuned,r3f2,3,2,51,64,0,0.5022186507356329,0.26176831856279914
logreg_tuned,r3f2,3,2,113,131,1,0.9504891726680599,0.26176831856279914
logreg_tuned,r3f2,3,2,114,132,1,0.6285331177533301,0.26176831856279914
logreg_tuned,r3f2,3,2,115,133,1,0.24353519665615597,0.26176831856279914
logreg_tuned,r3f2,3,2,116,134,0,0.09732013235880634,0.26176831856279914
logreg_tuned,r3f2,3,2,117,135,1,0.5263978765829256,0.26176831856279914
logreg_tuned,r3f2,3,2,118,136,1,0.3336988610024894,0.26176831856279914
logreg_tuned,r3f2,3,2,119,137,1,0.3047051020522007,0.26176831856279914
logreg_tuned,r3f2,3,2,120,139,1,0.9451196109472917,0.26176831856279914
logreg_tuned,r3f2,3,2,132,151,1,0.04189442949721544,0.26176831856279914
logreg_tuned,r3f2,3,2,133,152,0,0.033814772710490444,0.26176831856279914
logreg_tuned,r3f2,3,2,134,153,0,0.02739847392874951,0.26176831856279914
logreg_tuned,r3f2,3,2,135,154,0,0.018434122161909386,0.26176831856279914
logreg_tuned,r3f2,3,2,136,155,0,0.1956356961950552,0.26176831856279914
logreg_tuned,r3f2,3,2,137,156,1,0.9069084757410092,0.26176831856279914
logreg_tuned,r3f2,3,2,146,165,0,0.652480464132743,0.26176831856279914
logreg_tuned,r3f2,3,2,149,168,1,0.08315837795417737,0.26176831856279914
logreg_tuned,r3f2,3,2,150,169,0,0.0823260129082882,0.26176831856279914
logreg_tuned,r3f2,3,2,151,170,0,0.09711022418622108,0.26176831856279914
logreg_tuned,r3f2,3,2,152,171,0,0.016877653705579525,0.26176831856279914
logreg_tuned,r3f2,3,2,153,172,0,0.37379004406183974,0.26176831856279914
logreg_tuned,r3f2,3,2,154,173,1,0.9067839260123995,0.26176831856279914
logreg_tuned,r3f2,3,2,170,189,0,0.040873747652006555,0.26176831856279914
logreg_tuned,r3f2,3,2,171,190,0,0.02717219034031107,0.26176831856279914
logreg_tuned,r3f2,3,2,172,191,0,0.018671445920719117,0.26176831856279914
logreg_tuned,r3f2,3,2,190,209,0,0.08393360415230182,0.26176831856279914
logreg_tuned,r3f2,3,2,191,211,0,0.44752445945758196,0.26176831856279914
logreg_tuned,r3f2,3,2,221,244,0,0.003178229825852992,0.26176831856279914
logreg_tuned,r3f2,3,2,222,245,0,0.002023071578552755,0.26176831856279914
logreg_tuned,r3f2,3,2,237,260,0,0.025585053219482973,0.26176831856279914
logreg_tuned,r3f2,3,2,238,261,0,0.11773632224726044,0.26176831856279914
logreg_tuned,r3f2,3,2,239,262,0,0.05835561331180878,0.26176831856279914
logreg_tuned,r3f2,3,2,240,263,0,0.04152334217485436,0.26176831856279914
logreg_tuned,r3f2,3,2,250,273,0,0.06783803808840148,0.26176831856279914
logreg_tuned,r3f2,3,2,251,274,0,0.32815827272042875,0.26176831856279914
logreg_tuned,r3f3,3,3,8,19,1,0.9886859211897693,0.229568798872257
logreg_tuned,r3f3,3,3,9,20,1,0.986400337514746,0.229568798872257
logreg_tuned,r3f3,3,3,10,21,1,0.9865814741947926,0.229568798872257
logreg_tuned,r3f3,3,3,11,22,1,0.9866089638539286,0.229568798872257
logreg_tuned,r3f3,3,3,12,23,1,0.994590797493907,0.229568798872257
logreg_tuned,r3f3,3,3,25,37,1,0.9863820731942059,0.229568798872257
logreg_tuned,r3f3,3,3,26,38,1,0.9870571655710083,0.229568798872257
logreg_tuned,r3f3,3,3,27,39,1,0.9956461782022371,0.229568798872257
logreg_tuned,r3f3,3,3,81,98,0,0.43015362256449213,0.229568798872257
logreg_tuned,r3f3,3,3,82,99,0,0.46102913977264226,0.229568798872257
logreg_tuned,r3f3,3,3,83,100,0,0.16469366947820546,0.229568798872257
logreg_tuned,r3f3,3,3,84,101,0,0.24693417459330058,0.229568798872257
logreg_tuned,r3f3,3,3,89,106,1,0.40402302125360123,0.229568798872257
logreg_tuned,r3f3,3,3,91,108,1,0.4342911298100006,0.229568798872257
logreg_tuned,r3f3,3,3,96,113,0,0.17913656109474171,0.229568798872257
logreg_tuned,r3f3,3,3,97,115,0,0.17243613365390983,0.229568798872257
logreg_tuned,r3f3,3,3,98,116,0,0.15182367923417225,0.229568798872257
logreg_tuned,r3f3,3,3,99,117,0,0.0858091527115811,0.229568798872257
logreg_tuned,r3f3,3,3,100,118,0,0.3168514139434182,0.229568798872257
logreg_tuned,r3f3,3,3,138,157,0,0.03554289613504201,0.229568798872257
logreg_tuned,r3f3,3,3,139,158,0,0.03205469442345837,0.229568798872257
logreg_tuned,r3f3,3,3,140,159,0,0.026736902245403506,0.229568798872257
logreg_tuned,r3f3,3,3,141,160,0,0.026864972467149507,0.229568798872257
logreg_tuned,r3f3,3,3,147,166,0,0.010828319024433595,0.229568798872257
logreg_tuned,r3f3,3,3,148,167,0,0.009157472195635034,0.229568798872257
logreg_tuned,r3f3,3,3,159,178,0,0.5019857883090094,0.229568798872257
logreg_tuned,r3f3,3,3,160,179,1,0.9226475755111075,0.229568798872257
logreg_tuned,r3f3,3,3,164,183,0,0.4357101140431811,0.229568798872257
logreg_tuned,r3f3,3,3,165,184,0,0.421582936752908,0.229568798872257
logreg_tuned,r3f3,3,3,166,185,0,0.3937477370508376,0.229568798872257
logreg_tuned,r3f3,3,3,167,186,0,0.3785442778552195,0.229568798872257
logreg_tuned,r3f3,3,3,202,222,0,0.1622474943093548,0.229568798872257
logreg_tuned,r3f3,3,3,203,224,1,0.7112360413086951,0.229568798872257
logreg_tuned,r3f3,3,3,205,226,0,0.053945414621540025,0.229568798872257
logreg_tuned,r3f3,3,3,206,227,0,0.055306807000279234,0.229568798872257
logreg_tuned,r3f3,3,3,211,232,0,0.05537305514544461,0.229568798872257
logreg_tuned,r3f3,3,3,212,233,1,0.3943343508802385,0.229568798872257
logreg_tuned,r3f3,3,3,213,234,1,0.4081672610559108,0.229568798872257
logreg_tuned,r3f3,3,3,219,241,0,0.018821097792025048,0.229568798872257
logreg_tuned,r3f3,3,3,220,243,0,0.499185221100494,0.229568798872257
logreg_tuned,r3f3,3,3,232,255,0,0.1417321410292006,0.229568798872257
logreg_tuned,r3f3,3,3,233,256,0,0.14268270933489288,0.229568798872257
logreg_tuned,r3f3,3,3,234,257,0,0.13001291146168792,0.229568798872257
logreg_tuned,r3f3,3,3,235,258,0,0.22112855762756725,0.229568798872257
logreg_tuned,r3f3,3,3,236,259,0,0.37158457747369694,0.229568798872257
logreg_tuned,r3f4,3,4,17,29,1,0.9978716199771136,0.2322187076315507
logreg_tuned,r3f4,3,4,18,30,0,0.9987885798575551,0.2322187076315507
logreg_tuned,r3f4,3,4,19,31,1,0.9986065131397414,0.2322187076315507
logreg_tuned,r3f4,3,4,20,32,1,0.9995141762862284,0.2322187076315507
logreg_tuned,r3f4,3,4,32,44,1,0.9989977097659335,0.2322187076315507
logreg_tuned,r3f4,3,4,33,45,0,0.9975922270418558,0.2322187076315507
logreg_tuned,r3f4,3,4,40,52,1,0.9977904254542833,0.2322187076315507
logreg_tuned,r3f4,3,4,78,94,0,0.469661460434874,0.2322187076315507
logreg_tuned,r3f4,3,4,79,95,0,0.412735962789889,0.2322187076315507
logreg_tuned,r3f4,3,4,85,102,0,0.03141476912436318,0.2322187076315507
logreg_tuned,r3f4,3,4,86,103,0,0.007797699225037447,0.2322187076315507
logreg_tuned,r3f4,3,4,92,109,0,0.07937906804927478,0.2322187076315507
logreg_tuned,r3f4,3,4,93,110,0,0.04524095618014714,0.2322187076315507
logreg_tuned,r3f4,3,4,94,111,1,0.06870575917093907,0.2322187076315507
logreg_tuned,r3f4,3,4,95,112,1,0.10953195515673572,0.2322187076315507
logreg_tuned,r3f4,3,4,107,125,0,0.0011428890830850382,0.2322187076315507
logreg_tuned,r3f4,3,4,108,126,0,0.0005794284224087449,0.2322187076315507
logreg_tuned,r3f4,3,4,109,127,0,0.0008171184276494489,0.2322187076315507
logreg_tuned,r3f4,3,4,110,128,0,0.0006336923823923588,0.2322187076315507
logreg_tuned,r3f4,3,4,111,129,0,0.0008951349973760994,0.2322187076315507
logreg_tuned,r3f4,3,4,112,130,0,0.0035629987722026303,0.2322187076315507
logreg_tuned,r3f4,3,4,121,140,0,0.00021281110428490702,0.2322187076315507
logreg_tuned,r3f4,3,4,122,141,0,8.495900368967477e-05,0.2322187076315507
logreg_tuned,r3f4,3,4,123,142,0,3.742458211772711e-05,0.2322187076315507
logreg_tuned,r3f4,3,4,124,143,0,5.1515729936942694e-05,0.2322187076315507
logreg_tuned,r3f4,3,4,125,144,0,0.23868732478428908,0.2322187076315507
logreg_tuned,r3f4,3,4,126,145,0,0.21005283688720375,0.2322187076315507
logreg_tuned,r3f4,3,4,127,146,0,0.38001830369020523,0.2322187076315507
logreg_tuned,r3f4,3,4,128,147,0,0.0006939828239866281,0.2322187076315507
logreg_tuned,r3f4,3,4,129,148,1,0.7591784375221596,0.2322187076315507
logreg_tuned,r3f4,3,4,130,149,1,0.9142764208107784,0.2322187076315507
logreg_tuned,r3f4,3,4,131,150,0,0.30337374194396527,0.2322187076315507
logreg_tuned,r3f4,3,4,155,174,1,0.9635553440771689,0.2322187076315507
logreg_tuned,r3f4,3,4,156,175,1,0.8830848842289832,0.2322187076315507
logreg_tuned,r3f4,3,4,157,176,0,0.8203930123379056,0.2322187076315507
logreg_tuned,r3f4,3,4,158,177,0,0.5698369323473806,0.2322187076315507
logreg_tuned,r3f4,3,4,173,192,0,0.007929169157919117,0.2322187076315507
logreg_tuned,r3f4,3,4,174,193,0,0.004520252438751659,0.2322187076315507
logreg_tuned,r3f4,3,4,175,194,0,0.001745713446289561,0.2322187076315507
logreg_tuned,r3f4,3,4,176,195,0,0.02891480052447385,0.2322187076315507
logreg_tuned,r3f4,3,4,177,196,0,0.3938333232959928,0.2322187076315507
logreg_tuned,r3f4,3,4,178,197,0,0.4095170054379709,0.2322187076315507
logreg_tuned,r3f4,3,4,179,198,1,0.9350320514188486,0.2322187076315507
logreg_tuned,r3f4,3,4,180,199,0,0.21632765832121423,0.2322187076315507
logreg_tuned,r3f4,3,4,181,200,0,0.12520960744542747,0.2322187076315507
logreg_tuned,r3f4,3,4,182,201,0,0.11068979060135962,0.2322187076315507
logreg_tuned,r3f4,3,4,227,250,1,0.7404310358168488,0.2322187076315507
logreg_tuned,r3f4,3,4,230,253,0,0.194525614978318,0.2322187076315507
logreg_tuned,r3f4,3,4,231,254,1,0.21589480197561273,0.2322187076315507
logreg_tuned,r4f0,4,0,13,25,1,0.9043334743292174,0.2032517087087435
logreg_tuned,r4f0,4,0,14,26,1,0.9208346547736616,0.2032517087087435
logreg_tuned,r4f0,4,0,15,27,1,0.8419041591265708,0.2032517087087435
logreg_tuned,r4f0,4,0,16,28,1,0.9353179663156537,0.2032517087087435
logreg_tuned,r4f0,4,0,24,36,0,0.26819940270671955,0.2032517087087435
logreg_tuned,r4f0,4,0,28,40,1,0.923336517566353,0.2032517087087435
logreg_tuned,r4f0,4,0,29,41,1,0.9171906401536927,0.2032517087087435
logreg_tuned,r4f0,4,0,30,42,1,0.9718248628234172,0.2032517087087435
logreg_tuned,r4f0,4,0,31,43,1,0.9690257992098321,0.2032517087087435
logreg_tuned,r4f0,4,0,41,54,0,0.3159200916005665,0.2032517087087435
logreg_tuned,r4f0,4,0,42,55,1,0.30715713577912906,0.2032517087087435
logreg_tuned,r4f0,4,0,43,56,1,0.2820461727264687,0.2032517087087435
logreg_tuned,r4f0,4,0,44,57,0,0.4910872574264967,0.2032517087087435
logreg_tuned,r4f0,4,0,101,119,0,0.28402119637419965,0.2032517087087435
logreg_tuned,r4f0,4,0,102,120,0,0.34723543464632994,0.2032517087087435
logreg_tuned,r4f0,4,0,103,121,0,0.07640907470580689,0.2032517087087435
logreg_tuned,r4f0,4,0,104,122,0,0.06523533574713439,0.2032517087087435
logreg_tuned,r4f0,4,0,105,123,0,0.07394208124296152,0.2032517087087435
logreg_tuned,r4f0,4,0,106,124,0,0.058159247257133465,0.2032517087087435
logreg_tuned,r4f0,4,0,125,144,0,0.2037004738519817,0.2032517087087435
logreg_tuned,r4f0,4,0,126,145,0,0.19669132891995036,0.2032517087087435
logreg_tuned,r4f0,4,0,127,146,0,0.23085351089900474,0.2032517087087435
logreg_tuned,r4f0,4,0,129,148,1,0.5980053035273797,0.2032517087087435
logreg_tuned,r4f0,4,0,130,149,1,0.7534208887068359,0.2032517087087435
logreg_tuned,r4f0,4,0,131,150,0,0.31388756444667765,0.2032517087087435
logreg_tuned,r4f0,4,0,149,168,1,0.1885634731088301,0.2032517087087435
logreg_tuned,r4f0,4,0,150,169,0,0.18839465295092592,0.2032517087087435
logreg_tuned,r4f0,4,0,151,170,0,0.20358526234452756,0.2032517087087435
logreg_tuned,r4f0,4,0,177,196,0,0.3706250359547765,0.2032517087087435
logreg_tuned,r4f0,4,0,178,197,0,0.3791642315460933,0.2032517087087435
logreg_tuned,r4f0,4,0,179,198,1,0.7866506535044029,0.2032517087087435
logreg_tuned,r4f0,4,0,180,199,0,0.20092882936225023,0.2032517087087435
logreg_tuned,r4f0,4,0,181,200,0,0.1754708275634486,0.2032517087087435
logreg_tuned,r4f0,4,0,182,201,0,0.1703156690321619,0.2032517087087435
logreg_tuned,r4f0,4,0,214,235,0,0.13610665201707003,0.2032517087087435
logreg_tuned,r4f0,4,0,215,236,0,0.3962997360830545,0.2032517087087435
logreg_tuned,r4f0,4,0,216,238,1,0.6399677210497358,0.2032517087087435
logreg_tuned,r4f0,4,0,217,239,0,0.03971640045889619,0.2032517087087435
logreg_tuned,r4f0,4,0,218,240,0,0.03881965388703502,0.2032517087087435
logreg_tuned,r4f0,4,0,223,246,0,0.0069652900602448,0.2032517087087435
logreg_tuned,r4f0,4,0,224,247,0,0.006212865742586345,0.2032517087087435
logreg_tuned,r4f0,4,0,225,248,0,0.0050093363060552155,0.2032517087087435
logreg_tuned,r4f0,4,0,232,255,0,0.13184561982860515,0.2032517087087435
logreg_tuned,r4f0,4,0,233,256,0,0.13271554116113082,0.2032517087087435
logreg_tuned,r4f0,4,0,234,257,0,0.11971635474719172,0.2032517087087435
logreg_tuned,r4f0,4,0,235,258,0,0.21040974747698782,0.2032517087087435
logreg_tuned,r4f0,4,0,236,259,0,0.3547792784874751,0.2032517087087435
logreg_tuned,r4f1,4,1,52,65,0,0.045910710913639026,0.19885552136764711
logreg_tuned,r4f1,4,1,53,66,0,0.04467667707928228,0.19885552136764711
logreg_tuned,r4f1,4,1,54,67,0,0.046649565287020994,0.19885552136764711
logreg_tuned,r4f1,4,1,55,68,0,0.04435813321170797,0.19885552136764711
logreg_tuned,r4f1,4,1,57,70,0,0.006241103268852725,0.19885552136764711
logreg_tuned,r4f1,4,1,58,71,0,0.04421407095285424,0.19885552136764711
logreg_tuned,r4f1,4,1,59,72,1,0.8420133322445132,0.19885552136764711
logreg_tuned,r4f1,4,1,60,73,0,0.006606080932101887,0.19885552136764711
logreg_tuned,r4f1,4,1,61,74,1,0.7842890967407246,0.19885552136764711
logreg_tuned,r4f1,4,1,68,84,0,0.01743682446265667,0.19885552136764711
logreg_tuned,r4f1,4,1,69,85,0,0.017365880101604027,0.19885552136764711
logreg_tuned,r4f1,4,1,70,86,0,0.017766174691330617,0.19885552136764711
logreg_tuned,r4f1,4,1,71,87,0,0.017498011843183652,0.19885552136764711
logreg_tuned,r4f1,4,1,72,88,1,0.4792388588050324,0.19885552136764711
logreg_tuned,r4f1,4,1,73,89,1,0.4848039772602857,0.19885552136764711
logreg_tuned,r4f1,4,1,74,90,1,0.48349823681288057,0.19885552136764711
logreg_tuned,r4f1,4,1,75,91,1,0.48294701448844546,0.19885552136764711
logreg_tuned,r4f1,4,1,76,92,1,0.5717770266441171,0.19885552136764711
logreg_tuned,r4f1,4,1,77,93,1,0.8870438999475502,0.19885552136764711
logreg_tuned,r4f1,4,1,80,97,1,0.2945013251805739,0.19885552136764711
logreg_tuned,r4f1,4,1,87,104,0,0.2902018768654772,0.19885552136764711
logreg_tuned,r4f1,4,1,88,105,1,0.2938524706789032,0.19885552136764711
logreg_tuned,r4f1,4,1,90,107,1,0.28717961373006523,0.19885552136764711
logreg_tuned,r4f1,4,1,121,140,0,0.009869582530608132,0.19885552136764711
logreg_tuned,r4f1,4,1,122,141,0,0.009515566513593587,0.19885552136764711
logreg_tuned,r4f1,4,1,123,142,0,0.009212290021315937,0.19885552136764711
logreg_tuned,r4f1,4,1,124,143,0,0.00932434871557354,0.19885552136764711
logreg_tuned,r4f1,4,1,147,166,0,0.008630595155355091,0.19885552136764711
logreg_tuned,r4f1,4,1,148,167,0,0.008377361316621075,0.19885552136764711
logreg_tuned,r4f1,4,1,192,212,0,0.262587007823013,0.19885552136764711
logreg_tuned,r4f1,4,1,199,219,0,0.017717034489899888,0.19885552136764711
logreg_tuned,r4f1,4,1,200,220,0,0.01734403955517098,0.19885552136764711
logreg_tuned,r4f1,4,1,201,221,0,0.017244260416928562,0.19885552136764711
logreg_tuned,r4f1,4,1,205,226,0,0.05305664687684925,0.19885552136764711
logreg_tuned,r4f1,4,1,206,227,0,0.05323188299713699,0.19885552136764711
logreg_tuned,r4f1,4,1,211,232,0,0.06176582451984977,0.19885552136764711
logreg_tuned,r4f1,4,1,212,233,1,0.4018679641419608,0.19885552136764711
logreg_tuned,r4f1,4,1,213,234,1,0.41547609910129857,0.19885552136764711
logreg_tuned,r4f1,4,1,241,264,0,0.02052837530927169,0.19885552136764711
logreg_tuned,r4f1,4,1,242,265,0,0.020002462937033786,0.19885552136764711
logreg_tuned,r4f1,4,1,243,266,0,0.019459270173225816,0.19885552136764711
logreg_tuned,r4f1,4,1,244,267,0,0.20909947824411762,0.19885552136764711
logreg_tuned,r4f1,4,1,245,268,0,0.36538950034772955,0.19885552136764711
logreg_tuned,r4f1,4,1,246,269,0,0.1383012113760346,0.19885552136764711
logreg_tuned,r4f1,4,1,247,270,1,0.3392073034676968,0.19885552136764711
logreg_tuned,r4f1,4,1,248,271,0,0.011279840844176083,0.19885552136764711
logreg_tuned,r4f1,4,1,249,272,0,0.011223264653390179,0.19885552136764711
logreg_tuned,r4f2,4,2,0,1,1,0.11841965527081112,0.23876275095557278
logreg_tuned,r4f2,4,2,1,2,0,0.12220574015382213,0.23876275095557278
logreg_tuned,r4f2,4,2,2,3,0,0.11108764014333308,0.23876275095557278
logreg_tuned,r4f2,4,2,3,4,0,0.1319374616424536,0.23876275095557278
logreg_tuned,r4f2,4,2,4,5,0,0.126051994607921,0.23876275095557278
logreg_tuned,r4f2,4,2,5,6,0,0.15390312229912312,0.23876275095557278
logreg_tuned,r4f2,4,2,6,7,1,0.9639698945921723,0.23876275095557278
logreg_tuned,r4f2,4,2,7,8,1,0.4260218073296856,0.23876275095557278
logreg_tuned,r4f2,4,2,21,33,0,0.1539817828929682,0.23876275095557278
logreg_tuned,r4f2,4,2,22,34,0,0.22281617300587256,0.23876275095557278
logreg_tuned,r4f2,4,2,23,35,0,0.03500902100802777,0.23876275095557278
logreg_tuned,r4f2,4,2,34,46,1,0.15754018870572478,0.23876275095557278
logreg_tuned,r4f2,4,2,35,47,1,0.15363338992718892,0.23876275095557278
logreg_tuned,r4f2,4,2,36,48,1,0.2072037658381174,0.23876275095557278
logreg_tuned,r4f2,4,2,37,49,0,0.11885541052898278,0.23876275095557278
logreg_tuned,r4f2,4,2,38,50,0,0.08302191593358785,0.23876275095557278
logreg_tuned,r4f2,4,2,39,51,1,0.8071981436840361,0.23876275095557278
logreg_tuned,r4f2,4,2,56,69,1,0.9619545666715935,0.23876275095557278
logreg_tuned,r4f2,4,2,64,77,0,0.017410556589462015,0.23876275095557278
logreg_tuned,r4f2,4,2,65,78,0,0.013817142788521107,0.23876275095557278
logreg_tuned,r4f2,4,2,113,131,1,0.9749478717605163,0.23876275095557278
logreg_tuned,r4f2,4,2,114,132,1,0.6544653954120606,0.23876275095557278
logreg_tuned,r4f2,4,2,115,133,1,0.19389759370861803,0.23876275095557278
logreg_tuned,r4f2,4,2,116,134,0,0.05806198425853393,0.23876275095557278
logreg_tuned,r4f2,4,2,117,135,1,0.5304584393988842,0.23876275095557278
logreg_tuned,r4f2,4,2,118,136,1,0.29499927966103756,0.23876275095557278
logreg_tuned,r4f2,4,2,119,137,1,0.2616633618821499,0.23876275095557278
logreg_tuned,r4f2,4,2,120,139,1,0.9716730779068967,0.23876275095557278
logreg_tuned,r4f2,4,2,132,151,1,0.03795688671192733,0.23876275095557278
logreg_tuned,r4f2,4,2,133,152,0,0.03084794521114725,0.23876275095557278
logreg_tuned,r4f2,4,2,134,153,0,0.025156776931110625,0.23876275095557278
logreg_tuned,r4f2,4,2,135,154,0,0.008266556333967674,0.23876275095557278
logreg_tuned,r4f2,4,2,136,155,0,0.16922193456878265,0.23876275095557278
logreg_tuned,r4f2,4,2,137,156,1,0.9529144641581215,0.23876275095557278
logreg_tuned,r4f2,4,2,138,157,0,0.01183066458612797,0.23876275095557278
logreg_tuned,r4f2,4,2,139,158,0,0.009544943620653076,0.23876275095557278
logreg_tuned,r4f2,4,2,140,159,0,0.006563863483780284,0.23876275095557278
logreg_tuned,r4f2,4,2,141,160,0,0.006619734471480917,0.23876275095557278
logreg_tuned,r4f2,4,2,146,165,0,0.7222971653006888,0.23876275095557278
logreg_tuned,r4f2,4,2,152,171,0,0.007359926625947971,0.23876275095557278
logreg_tuned,r4f2,4,2,153,172,0,0.3824457461303512,0.23876275095557278
logreg_tuned,r4f2,4,2,154,173,1,0.9524747804545656,0.23876275095557278
logreg_tuned,r4f2,4,2,170,189,0,0.03704633090381463,0.23876275095557278
logreg_tuned,r4f2,4,2,171,190,0,0.024949030700391495,0.23876275095557278
logreg_tuned,r4f2,4,2,172,191,0,0.01734652829011394,0.23876275095557278
logreg_tuned,r4f2,4,2,183,202,0,0.19444290227646646,0.23876275095557278
logreg_tuned,r4f2,4,2,184,203,0,0.1629875285780949,0.23876275095557278
logreg_tuned,r4f2,4,2,185,204,1,0.0928047187812961,0.23876275095557278
logreg_tuned,r4f2,4,2,186,205,1,0.08698002768101813,0.23876275095557278
logreg_tuned,r4f2,4,2,187,206,1,0.4214542829442567,0.23876275095557278
logreg_tuned,r4f2,4,2,188,207,1,0.6134299842152199,0.23876275095557278
logreg_tuned,r4f2,4,2,189,208,1,0.44974200458869174,0.23876275095557278
logreg_tuned,r4f2,4,2,190,209,0,0.03205572741936733,0.23876275095557278
logreg_tuned,r4f2,4,2,191,211,0,0.33346424959201076,0.23876275095557278
logreg_tuned,r4f2,4,2,193,213,0,0.0010500099707545167,0.23876275095557278
logreg_tuned,r4f2,4,2,194,214,0,0.7024304684168686,0.23876275095557278
logreg_tuned,r4f2,4,2,195,215,0,0.019871429799666426,0.23876275095557278
logreg_tuned,r4f2,4,2,196,216,0,0.014571996512037371,0.23876275095557278
logreg_tuned,r4f2,4,2,207,228,0,0.17422272448628684,0.23876275095557278
logreg_tuned,r4f2,4,2,208,229,1,0.8204695645154179,0.23876275095557278
logreg_tuned,r4f2,4,2,209,230,0,0.06531416279141532,0.23876275095557278
logreg_tuned,r4f2,4,2,219,241,0,0.005441561747164201,0.23876275095557278
logreg_tuned,r4f2,4,2,220,243,0,0.6773296974269131,0.23876275095557278
logreg_tuned,r4f2,4,2,226,249,0,0.11460057482569905,0.23876275095557278
logreg_tuned,r4f2,4,2,228,251,0,0.3509982141976242,0.23876275095557278
logreg_tuned,r4f2,4,2,229,252,1,0.347993750776628,0.23876275095557278
logreg_tuned,r4f2,4,2,250,273,0,0.030414480357803614,0.23876275095557278
logreg_tuned,r4f2,4,2,251,274,0,0.25218465247349703,0.23876275095557278
logreg_tuned,r4f3,4,3,8,19,1,0.9964039519529898,0.2246480166195678
logreg_tuned,r4f3,4,3,9,20,1,0.9955361765267798,0.2246480166195678
logreg_tuned,r4f3,4,3,10,21,1,0.9956718024640718,0.2246480166195678
logreg_tuned,r4f3,4,3,11,22,1,0.9956886834789923,0.2246480166195678
logreg_tuned,r4f3,4,3,12,23,1,0.9985730742662478,0.2246480166195678
logreg_tuned,r4f3,4,3,25,37,1,0.9954435553835326,0.2246480166195678
logreg_tuned,r4f3,4,3,26,38,1,0.9958927647898679,0.2246480166195678
logreg_tuned,r4f3,4,3,27,39,1,0.9989024147335845,0.2246480166195678
logreg_tuned,r4f3,4,3,45,58,0,0.11309189517081895,0.2246480166195678
logreg_tuned,r4f3,4,3,46,59,0,0.08839929499482456,0.2246480166195678
logreg_tuned,r4f3,4,3,47,60,0,0.1036203691407933,0.2246480166195678
logreg_tuned,r4f3,4,3,48,61,0,0.11251058926997533,0.2246480166195678
logreg_tuned,r4f3,4,3,49,62,0,0.11693503197236539,0.2246480166195678
logreg_tuned,r4f3,4,3,50,63,1,0.75167154435939,0.2246480166195678
logreg_tuned,r4f3,4,3,51,64,0,0.4473630090096067,0.2246480166195678
logreg_tuned,r4f3,4,3,62,75,0,0.0092927951020526,0.2246480166195678
logreg_tuned,r4f3,4,3,63,76,0,0.011942523075898477,0.2246480166195678
logreg_tuned,r4f3,4,3,66,79,0,0.04875173943951731,0.2246480166195678
logreg_tuned,r4f3,4,3,67,82,0,0.010541606220445025,0.2246480166195678
logreg_tuned,r4f3,4,3,85,102,0,0.1046015500120884,0.2246480166195678
logreg_tuned,r4f3,4,3,86,103,0,0.03903922214417411,0.2246480166195678
logreg_tuned,r4f3,4,3,92,109,0,0.13391069325030394,0.2246480166195678
logreg_tuned,r4f3,4,3,93,110,0,0.10518521531983396,0.2246480166195678
logreg_tuned,r4f3,4,3,94,111,1,0.12578532906501025,0.2246480166195678
logreg_tuned,r4f3,4,3,95,112,1,0.15553517629052063,0.2246480166195678
logreg_tuned,r4f3,4,3,96,113,0,0.08814995205896682,0.2246480166195678
logreg_tuned,r4f3,4,3,97,115,0,0.08125707591811793,0.2246480166195678
logreg_tuned,r4f3,4,3,98,116,0,0.06126301167682916,0.2246480166195678
logreg_tuned,r4f3,4,3,99,117,0,0.02886144435985949,0.2246480166195678
logreg_tuned,r4f3,4,3,100,118,0,0.17785356982482756,0.2246480166195678
logreg_tuned,r4f3,4,3,142,161,0,0.006041531402934623,0.2246480166195678
logreg_tuned,r4f3,4,3,143,162,0,0.004696616089421899,0.2246480166195678
logreg_tuned,r4f3,4,3,144,163,0,0.003943052302527211,0.2246480166195678
logreg_tuned,r4f3,4,3,145,164,0,0.003941572876436104,0.2246480166195678
logreg_tuned,r4f3,4,3,161,180,0,0.11356304798354258,0.2246480166195678
logreg_tuned,r4f3,4,3,162,181,0,0.5505633122294937,0.2246480166195678
logreg_tuned,r4f3,4,3,163,182,1,0.9060346773413722,0.2246480166195678
logreg_tuned,r4f3,4,3,168,187,0,0.09511386690586629,0.2246480166195678
logreg_tuned,r4f3,4,3,169,188,0,0.06959422862263638,0.2246480166195678
logreg_tuned,r4f3,4,3,197,217,0,0.01342434412633866,0.2246480166195678
logreg_tuned,r4f3,4,3,198,218,0,0.010297820337127384,0.2246480166195678
logreg_tuned,r4f3,4,3,204,225,0,0.06789749465565355,0.2246480166195678
logreg_tuned,r4f3,4,3,210,231,1,0.44510465775687985,0.2246480166195678
logreg_tuned,r4f3,4,3,221,244,0,0.004259890356739684,0.2246480166195678
logreg_tuned,r4f3,4,3,222,245,0,0.002768272661000948,0.2246480166195678
logreg_tuned,r4f4,4,4,17,29,1,0.997315125941511,0.16239297166656616
logreg_tuned,r4f4,4,4,18,30,0,0.9984250694782074,0.16239297166656616
logreg_tuned,r4f4,4,4,19,31,1,0.99804507362325,0.16239297166656616
logreg_tuned,r4f4,4,4,20,32,1,0.9993408855484468,0.16239297166656616
logreg_tuned,r4f4,4,4,32,44,1,0.998693963516326,0.16239297166656616
logreg_tuned,r4f4,4,4,33,45,0,0.9969689087982264,0.16239297166656616
logreg_tuned,r4f4,4,4,40,52,1,0.9968486646694551,0.16239297166656616
logreg_tuned,r4f4,4,4,78,94,0,0.6644510161140676,0.16239297166656616
logreg_tuned,r4f4,4,4,79,95,0,0.6088083064833713,0.16239297166656616
logreg_tuned,r4f4,4,4,81,98,0,0.6463724002004182,0.16239297166656616
logreg_tuned,r4f4,4,4,82,99,0,0.7523714516185604,0.16239297166656616
logreg_tuned,r4f4,4,4,83,100,0,0.07861001837884742,0.16239297166656616
logreg_tuned,r4f4,4,4,84,101,0,0.1705871638779012,0.16239297166656616
logreg_tuned,r4f4,4,4,89,106,1,0.5400060066887127,0.16239297166656616
logreg_tuned,r4f4,4,4,91,108,1,0.6650457593285719,0.16239297166656616
logreg_tuned,r4f4,4,4,107,125,0,0.00564760445465491,0.16239297166656616
logreg_tuned,r4f4,4,4,108,126,0,0.0029625293463049897,0.16239297166656616
logreg_tuned,r4f4,4,4,109,127,0,0.004106363911367911,0.16239297166656616
logreg_tuned,r4f4,4,4,110,128,0,0.0032172225473949714,0.16239297166656616
logreg_tuned,r4f4,4,4,111,129,0,0.004208010448572542,0.16239297166656616
logreg_tuned,r4f4,4,4,112,130,0,0.01731481733195871,0.16239297166656616
logreg_tuned,r4f4,4,4,128,147,0,0.0035223913212081136,0.16239297166656616
logreg_tuned,r4f4,4,4,155,174,1,0.9851874823251812,0.16239297166656616
logreg_tuned,r4f4,4,4,156,175,1,0.9479356688164883,0.16239297166656616
logreg_tuned,r4f4,4,4,157,176,0,0.9136793390375697,0.16239297166656616
logreg_tuned,r4f4,4,4,158,177,0,0.7639832055821589,0.16239297166656616
logreg_tuned,r4f4,4,4,159,178,0,0.584427468597181,0.16239297166656616
logreg_tuned,r4f4,4,4,160,179,1,0.9900144586451185,0.16239297166656616
logreg_tuned,r4f4,4,4,164,183,0,0.6623158129819495,0.16239297166656616
logreg_tuned,r4f4,4,4,165,184,0,0.6073868509498627,0.16239297166656616
logreg_tuned,r4f4,4,4,166,185,0,0.4874627637274301,0.16239297166656616
logreg_tuned,r4f4,4,4,167,186,0,0.42265944125024146,0.16239297166656616
logreg_tuned,r4f4,4,4,173,192,0,0.010948807203918446,0.16239297166656616
logreg_tuned,r4f4,4,4,174,193,0,0.006409210605808277,0.16239297166656616
logreg_tuned,r4f4,4,4,175,194,0,0.002211646019832386,0.16239297166656616
logreg_tuned,r4f4,4,4,176,195,0,0.03978757245041593,0.16239297166656616
logreg_tuned,r4f4,4,4,202,222,0,0.12658955038276673,0.16239297166656616
logreg_tuned,r4f4,4,4,203,224,1,0.8833903651735787,0.16239297166656616
logreg_tuned,r4f4,4,4,227,250,1,0.7799761240986111,0.16239297166656616
logreg_tuned,r4f4,4,4,230,253,0,0.237712374338698,0.16239297166656616
logreg_tuned,r4f4,4,4,231,254,1,0.2611514023325226,0.16239297166656616
logreg_tuned,r4f4,4,4,237,260,0,0.0067572320490704605,0.16239297166656616
logreg_tuned,r4f4,4,4,238,261,0,0.05161804681998465,0.16239297166656616
logreg_tuned,r4f4,4,4,239,262,0,0.036868261572560734,0.16239297166656616
logreg_tuned,r4f4,4,4,240,263,0,0.018247687416522797,0.16239297166656616
random_forest_tuned,r0f0,0,0,13,25,1,0.8633333333333333,0.14
random_forest_tuned,r0f0,0,0,14,26,1,0.9433333333333334,0.14
random_forest_tuned,r0f0,0,0,15,27,1,0.68,0.14
random_forest_tuned,r0f0,0,0,16,28,1,0.9733333333333334,0.14
random_forest_tuned,r0f0,0,0,24,36,0,0.17333333333333334,0.14
random_forest_tuned,r0f0,0,0,28,40,1,0.8533333333333334,0.14
random_forest_tuned,r0f0,0,0,29,41,1,0.86,0.14
random_forest_tuned,r0f0,0,0,30,42,1,0.96,0.14
random_forest_tuned,r0f0,0,0,31,43,1,0.96,0.14
random_forest_tuned,r0f0,0,0,41,54,0,0.22,0.14
random_forest_tuned,r0f0,0,0,42,55,1,0.21666666666666667,0.14
random_forest_tuned,r0f0,0,0,43,56,1,0.39666666666666667,0.14
random_forest_tuned,r0f0,0,0,44,57,0,0.3433333333333333,0.14
random_forest_tuned,r0f0,0,0,62,75,0,0.013333333333333334,0.14
random_forest_tuned,r0f0,0,0,63,76,0,0.056666666666666664,0.14
random_forest_tuned,r0f0,0,0,66,79,0,0.34,0.14
random_forest_tuned,r0f0,0,0,67,82,0,0.006666666666666667,0.14
random_forest_tuned,r0f0,0,0,78,94,0,0.48,0.14
random_forest_tuned,r0f0,0,0,79,95,0,0.56,0.14
random_forest_tuned,r0f0,0,0,96,113,0,0.2733333333333333,0.14
random_forest_tuned,r0f0,0,0,97,115,0,0.19,0.14
random_forest_tuned,r0f0,0,0,98,116,0,0.16333333333333333,0.14
random_forest_tuned,r0f0,0,0,99,117,0,0.14,0.14
random_forest_tuned,r0f0,0,0,100,118,0,0.11,0.14
random_forest_tuned,r0f0,0,0,101,119,0,0.10666666666666667,0.14
random_forest_tuned,r0f0,0,0,102,120,0,0.12,0.14
random_forest_tuned,r0f0,0,0,103,121,0,0.30666666666666664,0.14
random_forest_tuned,r0f0,0,0,104,122,0,0.1,0.14
random_forest_tuned,r0f0,0,0,105,123,0,0.30333333333333334,0.14
random_forest_tuned,r0f0,0,0,106,124,0,0.06,0.14
random_forest_tuned,r0f0,0,0,138,157,0,0.23666666666666666,0.14
random_forest_tuned,r0f0,0,0,139,158,0,0.07666666666666666,0.14
random_forest_tuned,r0f0,0,0,140,159,0,0.016666666666666666,0.14
random_forest_tuned,r0f0,0,0,141,160,0,0.023333333333333334,0.14
random_forest_tuned,r0f0,0,0,155,174,1,0.6866666666666666,0.14
random_forest_tuned,r0f0,0,0,156,175,1,0.6833333333333333,0.14
random_forest_tuned,r0f0,0,0,157,176,0,0.6633333333333333,0.14
random_forest_tuned,r0f0,0,0,158,177,0,0.7966666666666666,0.14
random_forest_tuned,r0f0,0,0,161,180,0,0.13666666666666666,0.14
random_forest_tuned,r0f0,0,0,162,181,0,0.45666666666666667,0.14
random_forest_tuned,r0f0,0,0,163,182,1,0.8033333333333333,0.14
random_forest_tuned,r0f0,0,0,168,187,0,0.02,0.14
random_forest_tuned,r0f0,0,0,169,188,0,0.03,0.14
random_forest_tuned,r0f0,0,0,197,217,0,0.01,0.14
random_forest_tuned,r0f0,0,0,198,218,0,0.01,0.14
random_forest_tuned,r0f0,0,0,250,273,0,0.25333333333333335,0.14
random_forest_tuned,r0f0,0,0,251,274,0,0.7066666666666667,0.14
random_forest_tuned,r0f1,0,1,52,65,0,0.043333333333333335,0.19333333333333333
random_forest_tuned,r0f1,0,1,53,66,0,0.043333333333333335,0.19333333333333333
random_forest_tuned,r0f1,0,1,54,67,0,0.15,0.19333333333333333
random_forest_tuned,r0f1,0,1,55,68,0,0.04,0.19333333333333333
random_forest_tuned,r0f1,0,1,57,70,0,0.056666666666666664,0.19333333333333333
random_forest_tuned,r0f1,0,1,58,71,0,0.13,0.19333333333333333
random_forest_tuned,r0f1,0,1,59,72,1,0.69,0.19333333333333333
random_forest_tuned,r0f1,0,1,60,73,0,0.056666666666666664,0.19333333333333333
random_forest_tuned,r0f1,0,1,61,74,1,0.76,0.19333333333333333
random_forest_tuned,r0f1,0,1,72,88,1,0.2833333333333333,0.19333333333333333
random_forest_tuned,r0f1,0,1,73,89,1,0.16333333333333333,0.19333333333333333
random_forest_tuned,r0f1,0,1,74,90,1,0.3566666666666667,0.19333333333333333
random_forest_tuned,r0f1,0,1,75,91,1,0.44666666666666666,0.19333333333333333
random_forest_tuned,r0f1,0,1,76,92,1,0.4166666666666667,0.19333333333333333
random_forest_tuned,r0f1,0,1,77,93,1,0.7866666666666666,0.19333333333333333
random_forest_tuned,r0f1,0,1,80,97,1,0.07666666666666666,0.19333333333333333
random_forest_tuned,r0f1,0,1,87,104,0,0.04666666666666667,0.19333333333333333
random_forest_tuned,r0f1,0,1,88,105,1,0.07333333333333333,0.19333333333333333
random_forest_tuned,r0f1,0,1,90,107,1,0.14,0.19333333333333333
random_forest_tuned,r0f1,0,1,107,125,0,0.02,0.19333333333333333
random_forest_tuned,r0f1,0,1,108,126,0,0.0,0.19333333333333333
random_forest_tuned,r0f1,0,1,109,127,0,0.043333333333333335,0.19333333333333333
random_forest_tuned,r0f1,0,1,110,128,0,0.043333333333333335,0.19333333333333333
random_forest_tuned,r0f1,0,1,111,129,0,0.016666666666666666,0.19333333333333333
random_forest_tuned,r0f1,0,1,112,130,0,0.02666666666666667,0.19333333333333333
random_forest_tuned,r0f1,0,1,128,147,0,0.02,0.19333333333333333
random_forest_tuned,r0f1,0,1,173,192,0,0.013333333333333334,0.19333333333333333
random_forest_tuned,r0f1,0,1,174,193,0,0.0,0.19333333333333333
random_forest_tuned,r0f1,0,1,175,194,0,0.06666666666666667,0.19333333333333333
random_forest_tuned,r0f1,0,1,176,195,0,0.08333333333333333,0.19333333333333333
random_forest_tuned,r0f1,0,1,192,212,0,0.13,0.19333333333333333
random_forest_tuned,r0f1,0,1,204,225,0,0.04,0.19333333333333333
random_forest_tuned,r0f1,0,1,210,231,1,0.15666666666666668,0.19333333333333333
random_forest_tuned,r0f1,0,1,221,244,0,0.023333333333333334,0.19333333333333333
random_forest_tuned,r0f1,0,1,222,245,0,0.0,0.19333333333333333
random_forest_tuned,r0f1,0,1,226,249,0,0.33666666666666667,0.19333333333333333
random_forest_tuned,r0f1,0,1,227,250,1,0.21,0.19333333333333333
random_forest_tuned,r0f1,0,1,228,251,0,0.3333333333333333,0.19333333333333333
random_forest_tuned,r0f1,0,1,229,252,1,0.33,0.19333333333333333
random_forest_tuned,r0f1,0,1,230,253,0,0.043333333333333335,0.19333333333333333
random_forest_tuned,r0f1,0,1,231,254,1,0.05,0.19333333333333333
random_forest_tuned,r0f1,0,1,237,260,0,0.18666666666666668,0.19333333333333333
random_forest_tuned,r0f1,0,1,238,261,0,0.07333333333333333,0.19333333333333333
random_forest_tuned,r0f1,0,1,239,262,0,0.19666666666666666,0.19333333333333333
random_forest_tuned,r0f1,0,1,240,263,0,0.05333333333333334,0.19333333333333333
random_forest_tuned,r0f2,0,2,17,29,1,0.6878072738664844,0.20061866296145928
random_forest_tuned,r0f2,0,2,18,30,0,0.7732284799751906,0.20061866296145928
random_forest_tuned,r0f2,0,2,19,31,1,0.8125292299644152,0.20061866296145928
random_forest_tuned,r0f2,0,2,20,32,1,0.8699933584285436,0.20061866296145928
random_forest_tuned,r0f2,0,2,32,44,1,0.7551856108073214,0.20061866296145928
random_forest_tuned,r0f2,0,2,33,45,0,0.7103337288929394,0.20061866296145928
random_forest_tuned,r0f2,0,2,40,52,1,0.7052256634592358,0.20061866296145928
random_forest_tuned,r0f2,0,2,56,69,1,0.7227624129281894,0.20061866296145928
random_forest_tuned,r0f2,0,2,64,77,0,0.035999037999037996,0.20061866296145928
random_forest_tuned,r0f2,0,2,65,78,0,0.019146464646464644,0.20061866296145928
random_forest_tuned,r0f2,0,2,68,84,0,0.04715103415103416,0.20061866296145928
random_forest_tuned,r0f2,0,2,69,85,0,0.07552188552188549,0.20061866296145928
random_forest_tuned,r0f2,0,2,70,86,0,0.06178391053391052,0.20061866296145928
random_forest_tuned,r0f2,0,2,71,87,0,0.053660173160173165,0.20061866296145928
random_forest_tuned,r0f2,0,2,81,98,0,0.4471747645553677,0.20061866296145928
random_forest_tuned,r0f2,0,2,82,99,0,0.5114015562821592,0.20061866296145928
random_forest_tuned,r0f2,0,2,83,100,0,0.41626266338286455,0.20061866296145928
random_forest_tuned,r0f2,0,2,84,101,0,0.438473942844144,0.20061866296145928
random_forest_tuned,r0f2,0,2,89,106,1,0.5525454318829316,0.20061866296145928
random_forest_tuned,r0f2,0,2,91,108,1,0.4844565105871136,0.20061866296145928
random_forest_tuned,r0f2,0,2,159,178,0,0.5082660670878811,0.20061866296145928
random_forest_tuned,r0f2,0,2,160,179,1,0.6480659752407304,0.20061866296145928
random_forest_tuned,r0f2,0,2,164,183,0,0.46223276211336517,0.20061866296145928
random_forest_tuned,r0f2,0,2,165,184,0,0.5542999967624965,0.20061866296145928
random_forest_tuned,r0f2,0,2,166,185,0,0.5435413433788432,0.20061866296145928
random_forest_tuned,r0f2,0,2,167,186,0,0.4954456728456724,0.20061866296145928
random_forest_tuned,r0f2,0,2,193,213,0,0.07961350591180553,0.20061866296145928
random_forest_tuned,r0f2,0,2,194,214,0,0.3760801383802496,0.20061866296145928
random_forest_tuned,r0f2,0,2,195,215,0,0.06824067599067599,0.20061866296145928
random_forest_tuned,r0f2,0,2,196,216,0,0.030259194509194513,0.20061866296145928
random_forest_tuned,r0f2,0,2,199,219,0,0.019738646973941096,0.20061866296145928
random_forest_tuned,r0f2,0,2,200,220,0,0.09877761726291136,0.20061866296145928
random_forest_tuned,r0f2,0,2,201,221,0,0.1383480732230732,0.20061866296145928
random_forest_tuned,r0f2,0,2,205,226,0,0.048308512293806415,0.20061866296145928
random_forest_tuned,r0f2,0,2,206,227,0,0.04891962340491752,0.20061866296145928
random_forest_tuned,r0f2,0,2,211,232,0,0.09782857232808212,0.20061866296145928
random_forest_tuned,r0f2,0,2,212,233,1,0.34504098899638114,0.20061866296145928
random_forest_tuned,r0f2,0,2,213,234,1,0.36381180151719367,0.20061866296145928
random_forest_tuned,r0f2,0,2,214,235,0,0.07941795331746308,0.20061866296145928
random_forest_tuned,r0f2,0,2,215,236,0,0.2494683874512306,0.20061866296145928
random_forest_tuned,r0f2,0,2,216,238,1,0.3667049194377627,0.20061866296145928
random_forest_tuned,r0f2,0,2,217,239,0,0.07515897065897063,0.20061866296145928
random_forest_tuned,r0f2,0,2,218,240,0,0.058295093795093775,0.20061866296145928
random_forest_tuned,r0f2,0,2,246,269,0,0.14152072310405645,0.20061866296145928
random_forest_tuned,r0f2,0,2,247,270,1,0.24883083737250397,0.20061866296145928
random_forest_tuned,r0f2,0,2,248,271,0,0.02205411255411256,0.20061866296145928
random_forest_tuned,r0f2,0,2,249,272,0,0.019454906204906204,0.20061866296145928
random_forest_tuned,r0f3,0,3,0,1,1,0.5852733122881866,0.17372271102927503
random_forest_tuned,r0f3,0,3,1,2,0,0.27134949536436964,0.17372271102927503
random_forest_tuned,r0f3,0,3,2,3,0,0.623887253902128,0.17372271102927503
random_forest_tuned,r0f3,0,3,3,4,0,0.2854169556818298,0.17372271102927503
random_forest_tuned,r0f3,0,3,4,5,0,0.26714711441198863,0.17372271102927503
random_forest_tuned,r0f3,0,3,5,6,0,0.19418240782228202,0.17372271102927503
random_forest_tuned,r0f3,0,3,6,7,1,0.4464057771170596,0.17372271102927503
random_forest_tuned,r0f3,0,3,7,8,1,0.24717937570453774,0.17372271102927503
random_forest_tuned,r0f3,0,3,8,19,1,0.9439508550091881,0.17372271102927503
random_forest_tuned,r0f3,0,3,9,20,1,0.8910556534335603,0.17372271102927503
random_forest_tuned,r0f3,0,3,10,21,1,0.8791469232748302,0.17372271102927503
random_forest_tuned,r0f3,0,3,11,22,1,0.8816469232748303,0.17372271102927503
random_forest_tuned,r0f3,0,3,12,23,1,0.9246620142203476,0.17372271102927503
random_forest_tuned,r0f3,0,3,21,33,0,0.21971842735830155,0.17372271102927503
random_forest_tuned,r0f3,0,3,22,34,0,0.2951090942651746,0.17372271102927503
random_forest_tuned,r0f3,0,3,23,35,0,0.3614725030217283,0.17372271102927503
random_forest_tuned,r0f3,0,3,25,37,1,0.7945405982905983,0.17372271102927503
random_forest_tuned,r0f3,0,3,26,38,1,0.7623655194934265,0.17372271102927503
random_forest_tuned,r0f3,0,3,27,39,1,0.9174213104796437,0.17372271102927503
random_forest_tuned,r0f3,0,3,34,46,1,0.19029651420704063,0.17372271102927503
random_forest_tuned,r0f3,0,3,35,47,1,0.4139282556024808,0.17372271102927503
random_forest_tuned,r0f3,0,3,36,48,1,0.2217427169061502,0.17372271102927503
random_forest_tuned,r0f3,0,3,37,49,0,0.22422144523344936,0.17372271102927503
random_forest_tuned,r0f3,0,3,38,50,0,0.35602066319488834,0.17372271102927503
random_forest_tuned,r0f3,0,3,39,51,1,0.45587868480291005,0.17372271102927503
random_forest_tuned,r0f3,0,3,121,140,0,0.050532360277914315,0.17372271102927503
random_forest_tuned,r0f3,0,3,122,141,0,0.016793243793243796,0.17372271102927503
random_forest_tuned,r0f3,0,3,123,142,0,0.07016782291782289,0.17372271102927503
random_forest_tuned,r0f3,0,3,124,143,0,0.08312814037814037,0.17372271102927503
random_forest_tuned,r0f3,0,3,125,144,0,0.17246763577489063,0.17372271102927503
random_forest_tuned,r0f3,0,3,126,145,0,0.16410440565875356,0.17372271102927503
random_forest_tuned,r0f3,0,3,127,146,0,0.21901527251817957,0.17372271102927503
random_forest_tuned,r0f3,0,3,129,148,1,0.2801228535230156,0.17372271102927503
random_forest_tuned,r0f3,0,3,130,149,1,0.628617588997989,0.17372271102927503
random_forest_tuned,r0f3,0,3,131,150,0,0.38079095818523767,0.17372271102927503
random_forest_tuned,r0f3,0,3,147,166,0,0.011531746031746032,0.17372271102927503
random_forest_tuned,r0f3,0,3,148,167,0,0.04672907647907648,0.17372271102927503
random_forest_tuned,r0f3,0,3,149,168,1,0.23957442321429742,0.17372271102927503
random_forest_tuned,r0f3,0,3,150,169,0,0.2448800473405737,0.17372271102927503
random_forest_tuned,r0f3,0,3,151,170,0,0.29259800976144296,0.17372271102927503
random_forest_tuned,r0f3,0,3,177,196,0,0.24903397067097477,0.17372271102927503
random_forest_tuned,r0f3,0,3,178,197,0,0.19391923306939512,0.17372271102927503
random_forest_tuned,r0f3,0,3,179,198,1,0.4364718499331323,0.17372271102927503
random_forest_tuned,r0f3,0,3,180,199,0,0.20373254678980163,0.17372271102927503
random_forest_tuned,r0f3,0,3,181,200,0,0.1653446006489486,0.17372271102927503
random_forest_tuned,r0f3,0,3,182,201,0,0.15637237842672636,0.17372271102927503
random_forest_tuned,r0f3,0,3,183,202,0,0.2306851735750477,0.17372271102927503
random_forest_tuned,r0f3,0,3,184,203,0,0.1888476314875057,0.17372271102927503
random_forest_tuned,r0f3,0,3,185,204,1,0.2506563251683293,0.17372271102927503
random_forest_tuned,r0f3,0,3,186,205,1,0.23465918342118755,0.17372271102927503
random_forest_tuned,r0f3,0,3,187,206,1,0.23210102812619013,0.17372271102927503
random_forest_tuned,r0f3,0,3,188,207,1,0.26840003467519663,0.17372271102927503
random_forest_tuned,r0f3,0,3,189,208,1,0.24535794713310916,0.17372271102927503
random_forest_tuned,r0f3,0,3,207,228,0,0.4133561573622791,0.17372271102927503
random_forest_tuned,r0f3,0,3,208,229,1,0.47286778318016637,0.17372271102927503
random_forest_tuned,r0f3,0,3,209,230,0,0.34441821009243534,0.17372271102927503
random_forest_tuned,r0f3,0,3,219,241,0,0.03785253248043945,0.17372271102927503
random_forest_tuned,r0f3,0,3,220,243,0,0.7508434294582208,0.17372271102927503
random_forest_tuned,r0f3,0,3,225,248,0,0.02908774171564869,0.17372271102927503
random_forest_tuned,r0f3,0,3,232,255,0,0.23433765308765317,0.17372271102927503
random_forest_tuned,r0f3,0,3,233,256,0,0.23205121730121736,0.17372271102927503
random_forest_tuned,r0f3,0,3,234,257,0,0.24592326192326197,0.17372271102927503
random_forest_tuned,r0f3,0,3,235,258,0,0.2519995754564721,0.17372271102927503
random_forest_tuned,r0f3,0,3,236,259,0,0.2768628510697477,0.17372271102927503
random_forest_tuned,r0f3,0,3,241,264,0,0.10312902450693145,0.17372271102927503
random_forest_tuned,r0f3,0,3,242,265,0,0.1063891108891109,0.17372271102927503
random_forest_tuned,r0f3,0,3,243,266,0,0.215938653938654,0.17372271102927503
random_forest_tuned,r0f3,0,3,244,267,0,0.3959145527793442,0.17372271102927503
random_forest_tuned,r0f3,0,3,245,268,0,0.3943589972237886,0.17372271102927503
random_forest_tuned,r0f4,0,4,45,58,0,0.1541377358312204,0.20743772834958474
random_forest_tuned,r0f4,0,4,46,59,0,0.12573173447847236,0.20743772834958474
random_forest_tuned,r0f4,0,4,47,60,0,0.1397192496333225,0.20743772834958474
random_forest_tuned,r0f4,0,4,48,61,0,0.1541377358312204,0.20743772834958474
random_forest_tuned,r0f4,0,4,49,62,0,0.23723699320161507,0.20743772834958474
random_forest_tuned,r0f4,0,4,50,63,1,0.6090984949367161,0.20743772834958474
random_forest_tuned,r0f4,0,4,51,64,0,0.4808359447130829,0.20743772834958474
random_forest_tuned,r0f4,0,4,85,102,0,0.13597738845085006,0.20743772834958474
random_forest_tuned,r0f4,0,4,86,103,0,0.13019980002620282,0.20743772834958474
random_forest_tuned,r0f4,0,4,92,109,0,0.09855531830093231,0.20743772834958474
random_forest_tuned,r0f4,0,4,93,110,0,0.11681329419974706,0.20743772834958474
random_forest_tuned,r0f4,0,4,94,111,1,0.10528017060911797,0.20743772834958474
random_forest_tuned,r0f4,0,4,95,112,1,0.10387954908104545,0.20743772834958474
random_forest_tuned,r0f4,0,4,113,131,1,0.7080947988707349,0.20743772834958474
random_forest_tuned,r0f4,0,4,114,132,1,0.613270502946068,0.20743772834958474
random_forest_tuned,r0f4,0,4,115,133,1,0.40227460795565556,0.20743772834958474
random_forest_tuned,r0f4,0,4,116,134,0,0.3412950696634237,0.20743772834958474
random_forest_tuned,r0f4,0,4,117,135,1,0.5996934661913991,0.20743772834958474
random_forest_tuned,r0f4,0,4,118,136,1,0.45489376425037925,0.20743772834958474
random_forest_tuned,r0f4,0,4,119,137,1,0.4435564287463773,0.20743772834958474
random_forest_tuned,r0f4,0,4,120,139,1,0.6874749433835196,0.20743772834958474
random_forest_tuned,r0f4,0,4,132,151,1,0.09201220424800528,0.20743772834958474
random_forest_tuned,r0f4,0,4,133,152,0,0.08276923020047712,0.20743772834958474
random_forest_tuned,r0f4,0,4,134,153,0,0.10312068079815874,0.20743772834958474
random_forest_tuned,r0f4,0,4,135,154,0,0.1748105976684991,0.20743772834958474
random_forest_tuned,r0f4,0,4,136,155,0,0.4072618838339909,0.20743772834958474
random_forest_tuned,r0f4,0,4,137,156,1,0.661805453435323,0.20743772834958474
random_forest_tuned,r0f4,0,4,142,161,0,0.02757384270647262,0.20743772834958474
random_forest_tuned,r0f4,0,4,143,162,0,0.03707379028975353,0.20743772834958474
random_forest_tuned,r0f4,0,4,144,163,0,0.03673263136268129,0.20743772834958474
random_forest_tuned,r0f4,0,4,145,164,0,0.03673263136268129,0.20743772834958474
random_forest_tuned,r0f4,0,4,146,165,0,0.5646875243126497,0.20743772834958474
random_forest_tuned,r0f4,0,4,152,171,0,0.15263686905949883,0.20743772834958474
random_forest_tuned,r0f4,0,4,153,172,0,0.44434843350722797,0.20743772834958474
random_forest_tuned,r0f4,0,4,154,173,1,0.6107520954872281,0.20743772834958474
random_forest_tuned,r0f4,0,4,170,189,0,0.09203998202578308,0.20743772834958474
random_forest_tuned,r0f4,0,4,171,190,0,0.09347990662565082,0.20743772834958474
random_forest_tuned,r0f4,0,4,172,191,0,0.2401424465667276,0.20743772834958474
random_forest_tuned,r0f4,0,4,190,209,0,0.15752397570535326,0.20743772834958474
random_forest_tuned,r0f4,0,4,191,211,0,0.29621924600238164,0.20743772834958474
random_forest_tuned,r0f4,0,4,202,222,0,0.11921637113521842,0.20743772834958474
random_forest_tuned,r0f4,0,4,203,224,1,0.5751834744086628,0.20743772834958474
random_forest_tuned,r0f4,0,4,223,246,0,0.03000065270828037,0.20743772834958474
random_forest_tuned,r0f4,0,4,224,247,0,0.07712710441561439,0.20743772834958474
random_forest_tuned,r1f0,1,0,8,19,1,0.9833333333333333,0.21666666666666667
random_forest_tuned,r1f0,1,0,9,20,1,0.9866666666666667,0.21666666666666667
random_forest_tuned,r1f0,1,0,10,21,1,0.9833333333333333,0.21666666666666667
random_forest_tuned,r1f0,1,0,11,22,1,0.9833333333333333,0.21666666666666667
random_forest_tuned,r1f0,1,0,12,23,1,0.9666666666666667,0.21666666666666667
random_forest_tuned,r1f0,1,0,25,37,1,0.86,0.21666666666666667
random_forest_tuned,r1f0,1,0,26,38,1,0.8833333333333333,0.21666666666666667
random_forest_tuned,r1f0,1,0,27,39,1,0.9733333333333334,0.21666666666666667
random_forest_tuned,r1f0,1,0,45,58,0,0.39,0.21666666666666667
random_forest_tuned,r1f0,1,0,46,59,0,0.26666666666666666,0.21666666666666667
random_forest_tuned,r1f0,1,0,47,60,0,0.34,0.21666666666666667
random_forest_tuned,r1f0,1,0,48,61,0,0.39,0.21666666666666667
random_forest_tuned,r1f0,1,0,49,62,0,0.1,0.21666666666666667
random_forest_tuned,r1f0,1,0,50,63,1,0.7333333333333333,0.21666666666666667
random_forest_tuned,r1f0,1,0,51,64,0,0.20666666666666667,0.21666666666666667
random_forest_tuned,r1f0,1,0,62,75,0,0.03666666666666667,0.21666666666666667
random_forest_tuned,r1f0,1,0,63,76,0,0.08666666666666667,0.21666666666666667
random_forest_tuned,r1f0,1,0,66,79,0,0.22666666666666666,0.21666666666666667
random_forest_tuned,r1f0,1,0,67,82,0,0.0033333333333333335,0.21666666666666667
random_forest_tuned,r1f0,1,0,85,102,0,0.15666666666666668,0.21666666666666667
random_forest_tuned,r1f0,1,0,86,103,0,0.09,0.21666666666666667
random_forest_tuned,r1f0,1,0,92,109,0,0.043333333333333335,0.21666666666666667
random_forest_tuned,r1f0,1,0,93,110,0,0.12,0.21666666666666667
random_forest_tuned,r1f0,1,0,94,111,1,0.08666666666666667,0.21666666666666667
random_forest_tuned,r1f0,1,0,95,112,1,0.09333333333333334,0.21666666666666667
random_forest_tuned,r1f0,1,0,142,161,0,0.05333333333333334,0.21666666666666667
random_forest_tuned,r1f0,1,0,143,162,0,0.02,0.21666666666666667
random_forest_tuned,r1f0,1,0,144,163,0,0.01,0.21666666666666667
random_forest_tuned,r1f0,1,0,145,164,0,0.01,0.21666666666666667
random_forest_tuned,r1f0,1,0,161,180,0,0.03666666666666667,0.21666666666666667
random_forest_tuned,r1f0,1,0,162,181,0,0.14333333333333334,0.21666666666666667
random_forest_tuned,r1f0,1,0,163,182,1,0.79,0.21666666666666667
random_forest_tuned,r1f0,1,0,168,187,0,0.06666666666666667,0.21666666666666667
random_forest_tuned,r1f0,1,0,169,188,0,0.01,0.21666666666666667
random_forest_tuned,r1f0,1,0,197,217,0,0.0,0.21666666666666667
random_forest_tuned,r1f0,1,0,198,218,0,0.0033333333333333335,0.21666666666666667
random_forest_tuned,r1f0,1,0,204,225,0,0.04,0.21666666666666667
random_forest_tuned,r1f0,1,0,210,231,1,0.17666666666666667,0.21666666666666667
random_forest_tuned,r1f0,1,0,219,241,0,0.03333333333333333,0.21666666666666667
random_forest_tuned,r1f0,1,0,220,243,0,0.81,0.21666666666666667
random_forest_tuned,r1f0,1,0,241,264,0,0.03666666666666667,0.21666666666666667
random_forest_tuned,r1f0,1,0,242,265,0,0.03333333333333333,0.21666666666666667
random_forest_tuned,r1f0,1,0,243,266,0,0.08333333333333333,0.21666666666666667
random_forest_tuned,r1f0,1,0,244,267,0,0.26,0.21666666666666667
random_forest_tuned,r1f0,1,0,245,268,0,0.32,0.21666666666666667
random_forest_tuned,r1f1,1,1,0,1,1,0.4327907647907647,0.14667328042328046
random_forest_tuned,r1f1,1,1,1,2,0,0.3292069504569503,0.14667328042328046
random_forest_tuned,r1f1,1,1,2,3,0,0.46476827801827797,0.14667328042328046
random_forest_tuned,r1f1,1,1,3,4,0,0.397947691197691,0.14667328042328046
random_forest_tuned,r1f1,1,1,4,5,0,0.3241963684463683,0.14667328042328046
random_forest_tuned,r1f1,1,1,5,6,0,0.24872210197210193,0.14667328042328046
random_forest_tuned,r1f1,1,1,6,7,1,0.6456607744107746,0.14667328042328046
random_forest_tuned,r1f1,1,1,7,8,1,0.259503367003367,0.14667328042328046
random_forest_tuned,r1f1,1,1,21,33,0,0.26990199615199617,0.14667328042328046
random_forest_tuned,r1f1,1,1,22,34,0,0.2435889850889851,0.14667328042328046
random_forest_tuned,r1f1,1,1,23,35,0,0.2596776094276095,0.14667328042328046
random_forest_tuned,r1f1,1,1,34,46,1,0.2110019240019241,0.14667328042328046
random_forest_tuned,r1f1,1,1,35,47,1,0.2611236171236171,0.14667328042328046
random_forest_tuned,r1f1,1,1,36,48,1,0.1873570226070227,0.14667328042328046
random_forest_tuned,r1f1,1,1,37,49,0,0.17042869167869173,0.14667328042328046
random_forest_tuned,r1f1,1,1,38,50,0,0.2703728956228956,0.14667328042328046
random_forest_tuned,r1f1,1,1,39,51,1,0.5236625781625782,0.14667328042328046
random_forest_tuned,r1f1,1,1,52,65,0,0.03315343915343916,0.14667328042328046
random_forest_tuned,r1f1,1,1,53,66,0,0.03041005291005291,0.14667328042328046
random_forest_tuned,r1f1,1,1,54,67,0,0.11764669589669588,0.14667328042328046
random_forest_tuned,r1f1,1,1,55,68,0,0.03202116402116403,0.14667328042328046
random_forest_tuned,r1f1,1,1,57,70,0,0.09947943722943715,0.14667328042328046
random_forest_tuned,r1f1,1,1,58,71,0,0.19462830687830687,0.14667328042328046
random_forest_tuned,r1f1,1,1,59,72,1,0.5746642616642615,0.14667328042328046
random_forest_tuned,r1f1,1,1,60,73,0,0.09947943722943715,0.14667328042328046
random_forest_tuned,r1f1,1,1,61,74,1,0.6955725108225108,0.14667328042328046
random_forest_tuned,r1f1,1,1,80,97,1,0.16535203222703235,0.14667328042328046
random_forest_tuned,r1f1,1,1,87,104,0,0.12708219095719092,0.14667328042328046
random_forest_tuned,r1f1,1,1,88,105,1,0.1621384680134681,0.14667328042328046
random_forest_tuned,r1f1,1,1,90,107,1,0.20498641173641172,0.14667328042328046
random_forest_tuned,r1f1,1,1,107,125,0,0.046914021164021165,0.14667328042328046
random_forest_tuned,r1f1,1,1,108,126,0,0.017734126984126988,0.14667328042328046
random_forest_tuned,r1f1,1,1,109,127,0,0.040481481481481486,0.14667328042328046
random_forest_tuned,r1f1,1,1,110,128,0,0.06388359788359788,0.14667328042328046
random_forest_tuned,r1f1,1,1,111,129,0,0.03633994708994709,0.14667328042328046
random_forest_tuned,r1f1,1,1,112,130,0,0.047129629629629605,0.14667328042328046
random_forest_tuned,r1f1,1,1,113,131,1,0.6884741184741184,0.14667328042328046
random_forest_tuned,r1f1,1,1,114,132,1,0.4736902449402448,0.14667328042328046
random_forest_tuned,r1f1,1,1,115,133,1,0.29992749842749833,0.14667328042328046
random_forest_tuned,r1f1,1,1,116,134,0,0.266073051948052,0.14667328042328046
random_forest_tuned,r1f1,1,1,117,135,1,0.4585042180042178,0.14667328042328046
random_forest_tuned,r1f1,1,1,118,136,1,0.3467251174751173,0.14667328042328046
random_forest_tuned,r1f1,1,1,119,137,1,0.3181616254116253,0.14667328042328046
random_forest_tuned,r1f1,1,1,120,139,1,0.679970039220039,0.14667328042328046
random_forest_tuned,r1f1,1,1,128,147,0,0.015710317460317463,0.14667328042328046
random_forest_tuned,r1f1,1,1,138,157,0,0.13121084933584934,0.14667328042328046
random_forest_tuned,r1f1,1,1,139,158,0,0.03689616402116402,0.14667328042328046
random_forest_tuned,r1f1,1,1,140,159,0,0.009476190476190475,0.14667328042328046
random_forest_tuned,r1f1,1,1,141,160,0,0.019420634920634925,0.14667328042328046
random_forest_tuned,r1f1,1,1,183,202,0,0.2062704425204427,0.14667328042328046
random_forest_tuned,r1f1,1,1,184,203,0,0.23457202982202982,0.14667328042328046
random_forest_tuned,r1f1,1,1,185,204,1,0.2114194324194325,0.14667328042328046
random_forest_tuned,r1f1,1,1,186,205,1,0.20196969696969702,0.14667328042328046
random_forest_tuned,r1f1,1,1,187,206,1,0.23619648869648865,0.14667328042328046
random_forest_tuned,r1f1,1,1,188,207,1,0.35395586820586816,0.14667328042328046
random_forest_tuned,r1f1,1,1,189,208,1,0.2638367003367003,0.14667328042328046
random_forest_tuned,r1f1,1,1,190,209,0,0.0437463924963925,0.14667328042328046
random_forest_tuned,r1f1,1,1,191,211,0,0.1405361952861953,0.14667328042328046
random_forest_tuned,r1f1,1,1,192,212,0,0.18029280904280903,0.14667328042328046
random_forest_tuned,r1f1,1,1,207,228,0,0.23344107744107737,0.14667328042328046
random_forest_tuned,r1f1,1,1,208,229,1,0.5140541125541127,0.14667328042328046
random_forest_tuned,r1f1,1,1,209,230,0,0.24289141414141407,0.14667328042328046
random_forest_tuned,r1f1,1,1,214,235,0,0.06479244829244829,0.14667328042328046
random_forest_tuned,r1f1,1,1,215,236,0,0.4038308080808081,0.14667328042328046
random_forest_tuned,r1f1,1,1,216,238,1,0.515376863876864,0.14667328042328046
random_forest_tuned,r1f1,1,1,217,239,0,0.03366269841269841,0.14667328042328046
random_forest_tuned,r1f1,1,1,218,240,0,0.015968253968253972,0.14667328042328046
random_forest_tuned,r1f2,1,2,24,36,0,0.23333333333333334,0.17666666666666667
random_forest_tuned,r1f2,1,2,41,54,0,0.25333333333333335,0.17666666666666667
random_forest_tuned,r1f2,1,2,42,55,1,0.2633333333333333,0.17666666666666667
random_forest_tuned,r1f2,1,2,43,56,1,0.4533333333333333,0.17666666666666667
random_forest_tuned,r1f2,1,2,44,57,0,0.38333333333333336,0.17666666666666667
random_forest_tuned,r1f2,1,2,72,88,1,0.8366666666666667,0.17666666666666667
random_forest_tuned,r1f2,1,2,73,89,1,0.6566666666666666,0.17666666666666667
random_forest_tuned,r1f2,1,2,74,90,1,0.7233333333333334,0.17666666666666667
random_forest_tuned,r1f2,1,2,75,91,1,0.7433333333333333,0.17666666666666667
random_forest_tuned,r1f2,1,2,76,92,1,0.7533333333333333,0.17666666666666667
random_forest_tuned,r1f2,1,2,77,93,1,0.83,0.17666666666666667
random_forest_tuned,r1f2,1,2,78,94,0,0.38333333333333336,0.17666666666666667
random_forest_tuned,r1f2,1,2,79,95,0,0.56,0.17666666666666667
random_forest_tuned,r1f2,1,2,96,113,0,0.16,0.17666666666666667
random_forest_tuned,r1f2,1,2,97,115,0,0.12666666666666668,0.17666666666666667
random_forest_tuned,r1f2,1,2,98,116,0,0.12666666666666668,0.17666666666666667
random_forest_tuned,r1f2,1,2,99,117,0,0.09333333333333334,0.17666666666666667
random_forest_tuned,r1f2,1,2,100,118,0,0.05,0.17666666666666667
random_forest_tuned,r1f2,1,2,121,140,0,0.04666666666666667,0.17666666666666667
random_forest_tuned,r1f2,1,2,122,141,0,0.01,0.17666666666666667
random_forest_tuned,r1f2,1,2,123,142,0,0.11333333333333333,0.17666666666666667
random_forest_tuned,r1f2,1,2,124,143,0,0.11,0.17666666666666667
random_forest_tuned,r1f2,1,2,132,151,1,0.05,0.17666666666666667
random_forest_tuned,r1f2,1,2,133,152,0,0.013333333333333334,0.17666666666666667
random_forest_tuned,r1f2,1,2,134,153,0,0.06666666666666667,0.17666666666666667
random_forest_tuned,r1f2,1,2,135,154,0,0.08,0.17666666666666667
random_forest_tuned,r1f2,1,2,136,155,0,0.22,0.17666666666666667
random_forest_tuned,r1f2,1,2,137,156,1,0.9,0.17666666666666667
random_forest_tuned,r1f2,1,2,146,165,0,0.7566666666666667,0.17666666666666667
random_forest_tuned,r1f2,1,2,147,166,0,0.006666666666666667,0.17666666666666667
random_forest_tuned,r1f2,1,2,148,167,0,0.043333333333333335,0.17666666666666667
random_forest_tuned,r1f2,1,2,152,171,0,0.05,0.17666666666666667
random_forest_tuned,r1f2,1,2,153,172,0,0.41,0.17666666666666667
random_forest_tuned,r1f2,1,2,154,173,1,0.8,0.17666666666666667
random_forest_tuned,r1f2,1,2,155,174,1,0.5433333333333333,0.17666666666666667
random_forest_tuned,r1f2,1,2,156,175,1,0.5466666666666666,0.17666666666666667
random_forest_tuned,r1f2,1,2,157,176,0,0.64,0.17666666666666667
random_forest_tuned,r1f2,1,2,158,177,0,0.8266666666666667,0.17666666666666667
random_forest_tuned,r1f2,1,2,170,189,0,0.043333333333333335,0.17666666666666667
random_forest_tuned,r1f2,1,2,171,190,0,0.06333333333333334,0.17666666666666667
random_forest_tuned,r1f2,1,2,172,191,0,0.36333333333333334,0.17666666666666667
random_forest_tuned,r1f2,1,2,173,192,0,0.03666666666666667,0.17666666666666667
random_forest_tuned,r1f2,1,2,174,193,0,0.06666666666666667,0.17666666666666667
random_forest_tuned,r1f2,1,2,175,194,0,0.15666666666666668,0.17666666666666667
random_forest_tuned,r1f2,1,2,176,195,0,0.17,0.17666666666666667
random_forest_tuned,r1f2,1,2,227,250,1,0.11333333333333333,0.17666666666666667
random_forest_tuned,r1f2,1,2,230,253,0,0.14333333333333334,0.17666666666666667
random_forest_tuned,r1f2,1,2,231,254,1,0.14,0.17666666666666667
random_forest_tuned,r1f3,1,3,13,25,1,0.7398828831366239,0.22876441917564544
random_forest_tuned,r1f3,1,3,14,26,1,0.8535344368298446,0.22876441917564544
random_forest_tuned,r1f3,1,3,15,27,1,0.6441927363780602,0.22876441917564544
random_forest_tuned,r1f3,1,3,16,28,1,0.9085541804895045,0.22876441917564544
random_forest_tuned,r1f3,1,3,28,40,1,0.7426696802414037,0.22876441917564544
random_forest_tuned,r1f3,1,3,29,41,1,0.8098414876221893,0.22876441917564544
random_forest_tuned,r1f3,1,3,30,42,1,0.8992955590787093,0.22876441917564544
random_forest_tuned,r1f3,1,3,31,43,1,0.8966646066977568,0.22876441917564544
random_forest_tuned,r1f3,1,3,56,69,1,0.7324033744033747,0.22876441917564544
random_forest_tuned,r1f3,1,3,64,77,0,0.01975735992402659,0.22876441917564544
random_forest_tuned,r1f3,1,3,65,78,0,0.01313309375809376,0.22876441917564544
random_forest_tuned,r1f3,1,3,101,119,0,0.0842429242168331,0.22876441917564544
random_forest_tuned,r1f3,1,3,102,120,0,0.09530641628032518,0.22876441917564544
random_forest_tuned,r1f3,1,3,103,121,0,0.10934846488793852,0.22876441917564544
random_forest_tuned,r1f3,1,3,104,122,0,0.06757988624435991,0.22876441917564544
random_forest_tuned,r1f3,1,3,105,123,0,0.1189886765281502,0.22876441917564544
random_forest_tuned,r1f3,1,3,106,124,0,0.04866756854256855,0.22876441917564544
random_forest_tuned,r1f3,1,3,193,213,0,0.06197372736430293,0.22876441917564544
random_forest_tuned,r1f3,1,3,194,214,0,0.3096042591418936,0.22876441917564544
random_forest_tuned,r1f3,1,3,195,215,0,0.048745547662214325,0.22876441917564544
random_forest_tuned,r1f3,1,3,196,216,0,0.01590806878306878,0.22876441917564544
random_forest_tuned,r1f3,1,3,202,222,0,0.1065891006703211,0.22876441917564544
random_forest_tuned,r1f3,1,3,203,224,1,0.5460846954695473,0.22876441917564544
random_forest_tuned,r1f3,1,3,205,226,0,0.02798274410774411,0.22876441917564544
random_forest_tuned,r1f3,1,3,206,227,0,0.026456250176838413,0.22876441917564544
random_forest_tuned,r1f3,1,3,211,232,0,0.1438217106067875,0.22876441917564544
random_forest_tuned,r1f3,1,3,212,233,1,0.3692103834799913,0.22876441917564544
random_forest_tuned,r1f3,1,3,213,234,1,0.3878135580831659,0.22876441917564544
random_forest_tuned,r1f3,1,3,221,244,0,0.04819943174109841,0.22876441917564544
random_forest_tuned,r1f3,1,3,222,245,0,0.014662037037037038,0.22876441917564544
random_forest_tuned,r1f3,1,3,223,246,0,0.01490277777777778,0.22876441917564544
random_forest_tuned,r1f3,1,3,224,247,0,0.058842051467051446,0.22876441917564544
random_forest_tuned,r1f3,1,3,232,255,0,0.5033918704779016,0.22876441917564544
random_forest_tuned,r1f3,1,3,233,256,0,0.49620668529271633,0.22876441917564544
random_forest_tuned,r1f3,1,3,234,257,0,0.4262603375583252,0.22876441917564544
random_forest_tuned,r1f3,1,3,235,258,0,0.587581570867009,0.22876441917564544
random_forest_tuned,r1f3,1,3,236,259,0,0.6567421825864442,0.22876441917564544
random_forest_tuned,r1f3,1,3,237,260,0,0.28177629040754126,0.22876441917564544
random_forest_tuned,r1f3,1,3,238,261,0,0.3412868392269136,0.22876441917564544
random_forest_tuned,r1f3,1,3,239,262,0,0.28718387998198547,0.22876441917564544
random_forest_tuned,r1f3,1,3,240,263,0,0.2318381207217524,0.22876441917564544
random_forest_tuned,r1f3,1,3,246,269,0,0.16909515096611877,0.22876441917564544
random_forest_tuned,r1f3,1,3,247,270,1,0.37724094961191745,0.22876441917564544
random_forest_tuned,r1f3,1,3,248,271,0,0.1059539049919485,0.22876441917564544
random_forest_tuned,r1f3,1,3,249,272,0,0.09993320105820107,0.22876441917564544
random_forest_tuned,r1f3,1,3,250,273,0,0.40267182880595764,0.22876441917564544
random_forest_tuned,r1f3,1,3,251,274,0,0.6800687205615449,0.22876441917564544
random_forest_tuned,r1f4,1,4,17,29,1,0.694767844705188,0.266074019769128
random_forest_tuned,r1f4,1,4,18,30,0,0.7688182070134453,0.266074019769128
random_forest_tuned,r1f4,1,4,19,31,1,0.7921991513889727,0.266074019769128
random_forest_tuned,r1f4,1,4,20,32,1,0.8728213446382846,0.266074019769128
random_forest_tuned,r1f4,1,4,32,44,1,0.747657219852458,0.266074019769128
random_forest_tuned,r1f4,1,4,33,45,0,0.7041542083415515,0.266074019769128
random_forest_tuned,r1f4,1,4,40,52,1,0.7071655414803628,0.266074019769128
random_forest_tuned,r1f4,1,4,68,84,0,0.06820693839140818,0.266074019769128
random_forest_tuned,r1f4,1,4,69,85,0,0.10465523083970063,0.266074019769128
random_forest_tuned,r1f4,1,4,70,86,0,0.06332975139711593,0.266074019769128
random_forest_tuned,r1f4,1,4,71,87,0,0.06958374214321193,0.266074019769128
random_forest_tuned,r1f4,1,4,81,98,0,0.4369481197792107,0.266074019769128
random_forest_tuned,r1f4,1,4,82,99,0,0.49955502213611314,0.266074019769128
random_forest_tuned,r1f4,1,4,83,100,0,0.4185795951006396,0.266074019769128
random_forest_tuned,r1f4,1,4,84,101,0,0.43276610303714763,0.266074019769128
random_forest_tuned,r1f4,1,4,89,106,1,0.5289309832306264,0.266074019769128
random_forest_tuned,r1f4,1,4,91,108,1,0.48304407937517063,0.266074019769128
random_forest_tuned,r1f4,1,4,125,144,0,0.1947311936912053,0.266074019769128
random_forest_tuned,r1f4,1,4,126,145,0,0.15995930816931977,0.266074019769128
random_forest_tuned,r1f4,1,4,127,146,0,0.2106959729206905,0.266074019769128
random_forest_tuned,r1f4,1,4,129,148,1,0.5073974721452995,0.266074019769128
random_forest_tuned,r1f4,1,4,130,149,1,0.6927834586476175,0.266074019769128
random_forest_tuned,r1f4,1,4,131,150,0,0.3766842328844515,0.266074019769128
random_forest_tuned,r1f4,1,4,149,168,1,0.2684583203556371,0.266074019769128
random_forest_tuned,r1f4,1,4,150,169,0,0.2790468965942135,0.266074019769128
random_forest_tuned,r1f4,1,4,151,170,0,0.2891412785624344,0.266074019769128
random_forest_tuned,r1f4,1,4,159,178,0,0.5681001436328347,0.266074019769128
random_forest_tuned,r1f4,1,4,160,179,1,0.6675734481061394,0.266074019769128
random_forest_tuned,r1f4,1,4,164,183,0,0.44276197259306344,0.266074019769128
random_forest_tuned,r1f4,1,4,165,184,0,0.5454807597068735,0.266074019769128
random_forest_tuned,r1f4,1,4,166,185,0,0.5280484194980627,0.266074019769128
random_forest_tuned,r1f4,1,4,167,186,0,0.49458112753077105,0.266074019769128
random_forest_tuned,r1f4,1,4,177,196,0,0.44279031177861083,0.266074019769128
random_forest_tuned,r1f4,1,4,178,197,0,0.42183744982574883,0.266074019769128
random_forest_tuned,r1f4,1,4,179,198,1,0.5695955491227881,0.266074019769128
random_forest_tuned,r1f4,1,4,180,199,0,0.28143264093677034,0.266074019769128
random_forest_tuned,r1f4,1,4,181,200,0,0.1753198885475473,0.266074019769128
random_forest_tuned,r1f4,1,4,182,201,0,0.1772960790237378,0.266074019769128
random_forest_tuned,r1f4,1,4,199,219,0,0.021785581970051766,0.266074019769128
random_forest_tuned,r1f4,1,4,200,220,0,0.05121259014705992,0.266074019769128
random_forest_tuned,r1f4,1,4,201,221,0,0.07756444199891177,0.266074019769128
random_forest_tuned,r1f4,1,4,225,248,0,0.02569953597600656,0.266074019769128
random_forest_tuned,r1f4,1,4,226,249,0,0.4617344513329807,0.266074019769128
random_forest_tuned,r1f4,1,4,228,251,0,0.5634001239757076,0.266074019769128
random_forest_tuned,r1f4,1,4,229,252,1,0.5800272746028581,0.266074019769128
random_forest_tuned,r2f0,2,0,13,25,1,0.7362060721595032,0.18676101635811262
random_forest_tuned,r2f0,2,0,14,26,1,0.8511239370063647,0.18676101635811262
random_forest_tuned,r2f0,2,0,15,27,1,0.6544570295688716,0.18676101635811262
random_forest_tuned,r2f0,2,0,16,28,1,0.8903351144469565,0.18676101635811262
random_forest_tuned,r2f0,2,0,28,40,1,0.7535176636500913,0.18676101635811262
random_forest_tuned,r2f0,2,0,29,41,1,0.7997783699325366,0.18676101635811262
random_forest_tuned,r2f0,2,0,30,42,1,0.903853734715577,0.18676101635811262
random_forest_tuned,r2f0,2,0,31,43,1,0.9104436818055236,0.18676101635811262
random_forest_tuned,r2f0,2,0,52,65,0,0.028492942242942246,0.18676101635811262
random_forest_tuned,r2f0,2,0,53,66,0,0.04379497354497353,0.18676101635811262
random_forest_tuned,r2f0,2,0,54,67,0,0.11071236367591863,0.18676101635811262
random_forest_tuned,r2f0,2,0,55,68,0,0.07906981906981904,0.18676101635811262
random_forest_tuned,r2f0,2,0,57,70,0,0.0843816433164259,0.18676101635811262
random_forest_tuned,r2f0,2,0,58,71,0,0.146006956006956,0.18676101635811262
random_forest_tuned,r2f0,2,0,59,72,1,0.545735192544975,0.18676101635811262
random_forest_tuned,r2f0,2,0,60,73,0,0.0843816433164259,0.18676101635811262
random_forest_tuned,r2f0,2,0,61,74,1,0.6453495962011743,0.18676101635811262
random_forest_tuned,r2f0,2,0,85,102,0,0.22101901937931354,0.18676101635811262
random_forest_tuned,r2f0,2,0,86,103,0,0.13814394946012593,0.18676101635811262
random_forest_tuned,r2f0,2,0,92,109,0,0.12317221219356106,0.18676101635811262
random_forest_tuned,r2f0,2,0,93,110,0,0.15458490070330852,0.18676101635811262
random_forest_tuned,r2f0,2,0,94,111,1,0.1403393740077817,0.18676101635811262
random_forest_tuned,r2f0,2,0,95,112,1,0.10134634361769244,0.18676101635811262
random_forest_tuned,r2f0,2,0,96,113,0,0.11540491545491541,0.18676101635811262
random_forest_tuned,r2f0,2,0,97,115,0,0.08815430495430492,0.18676101635811262
random_forest_tuned,r2f0,2,0,98,116,0,0.07666049429872958,0.18676101635811262
random_forest_tuned,r2f0,2,0,99,117,0,0.09942959355459352,0.18676101635811262
random_forest_tuned,r2f0,2,0,100,118,0,0.15339001276501288,0.18676101635811262
random_forest_tuned,r2f0,2,0,149,168,1,0.2669703868130592,0.18676101635811262
random_forest_tuned,r2f0,2,0,150,169,0,0.2921092757019481,0.18676101635811262
random_forest_tuned,r2f0,2,0,151,170,0,0.31317067483643574,0.18676101635811262
random_forest_tuned,r2f0,2,0,192,212,0,0.18665744159222425,0.18676101635811262
random_forest_tuned,r2f0,2,0,204,225,0,0.05274267189713413,0.18676101635811262
random_forest_tuned,r2f0,2,0,210,231,1,0.24702033795512066,0.18676101635811262
random_forest_tuned,r2f0,2,0,223,246,0,0.015907481407481407,0.18676101635811262
random_forest_tuned,r2f0,2,0,224,247,0,0.051272662522662514,0.18676101635811262
random_forest_tuned,r2f0,2,0,225,248,0,0.05017772239127738,0.18676101635811262
random_forest_tuned,r2f0,2,0,237,260,0,0.19778643197760856,0.18676101635811262
random_forest_tuned,r2f0,2,0,238,261,0,0.22625789025789042,0.18676101635811262
random_forest_tuned,r2f0,2,0,239,262,0,0.1462473968581386,0.18676101635811262
random_forest_tuned,r2f0,2,0,240,263,0,0.08241260430390861,0.18676101635811262
random_forest_tuned,r2f0,2,0,241,264,0,0.10648624086014043,0.18676101635811262
random_forest_tuned,r2f0,2,0,242,265,0,0.07510017550463773,0.18676101635811262
random_forest_tuned,r2f0,2,0,243,266,0,0.140353329757792,0.18676101635811262
random_forest_tuned,r2f0,2,0,244,267,0,0.34859851259851266,0.18676101635811262
random_forest_tuned,r2f0,2,0,245,268,0,0.3636408406408407,0.18676101635811262
random_forest_tuned,r2f1,2,1,45,58,0,0.12831430606430608,0.197884448884449
random_forest_tuned,r2f1,2,1,46,59,0,0.0646164021164021,0.197884448884449
random_forest_tuned,r2f1,2,1,47,60,0,0.11386111111111114,0.197884448884449
random_forest_tuned,r2f1,2,1,48,61,0,0.12831430606430608,0.197884448884449
random_forest_tuned,r2f1,2,1,49,62,0,0.08778246753246753,0.197884448884449
random_forest_tuned,r2f1,2,1,50,63,1,0.2900386002886002,0.197884448884449
random_forest_tuned,r2f1,2,1,51,64,0,0.14245238095238097,0.197884448884449
random_forest_tuned,r2f1,2,1,107,125,0,0.028900192400192405,0.197884448884449
random_forest_tuned,r2f1,2,1,108,126,0,0.007799145299145299,0.197884448884449
random_forest_tuned,r2f1,2,1,109,127,0,0.029271367521367518,0.197884448884449
random_forest_tuned,r2f1,2,1,110,128,0,0.04942288267288267,0.197884448884449
random_forest_tuned,r2f1,2,1,111,129,0,0.029145706145706142,0.197884448884449
random_forest_tuned,r2f1,2,1,112,130,0,0.0626629019129019,0.197884448884449
random_forest_tuned,r2f1,2,1,113,131,1,0.6945772468272469,0.197884448884449
random_forest_tuned,r2f1,2,1,114,132,1,0.5725142357642361,0.197884448884449
random_forest_tuned,r2f1,2,1,115,133,1,0.27190578865578857,0.197884448884449
random_forest_tuned,r2f1,2,1,116,134,0,0.1763226125726126,0.197884448884449
random_forest_tuned,r2f1,2,1,117,135,1,0.5841657509157511,0.197884448884449
random_forest_tuned,r2f1,2,1,118,136,1,0.37298707773707773,0.197884448884449
random_forest_tuned,r2f1,2,1,119,137,1,0.3696815221815221,0.197884448884449
random_forest_tuned,r2f1,2,1,120,139,1,0.6643054815554815,0.197884448884449
random_forest_tuned,r2f1,2,1,128,147,0,0.009965811965811967,0.197884448884449
random_forest_tuned,r2f1,2,1,173,192,0,0.035045093795093796,0.197884448884449
random_forest_tuned,r2f1,2,1,174,193,0,0.026825396825396825,0.197884448884449
random_forest_tuned,r2f1,2,1,175,194,0,0.05678078403078403,0.197884448884449
random_forest_tuned,r2f1,2,1,176,195,0,0.07817556517556518,0.197884448884449
random_forest_tuned,r2f1,2,1,202,222,0,0.1278981481481481,0.197884448884449
random_forest_tuned,r2f1,2,1,203,224,1,0.5763819236319236,0.197884448884449
random_forest_tuned,r2f1,2,1,205,226,0,0.03166666666666667,0.197884448884449
random_forest_tuned,r2f1,2,1,206,227,0,0.03516305916305915,0.197884448884449
random_forest_tuned,r2f1,2,1,211,232,0,0.08219276094276091,0.197884448884449
random_forest_tuned,r2f1,2,1,212,233,1,0.2202952140452141,0.197884448884449
random_forest_tuned,r2f1,2,1,213,234,1,0.22618410293410296,0.197884448884449
random_forest_tuned,r2f1,2,1,214,235,0,0.050553511303511295,0.197884448884449
random_forest_tuned,r2f1,2,1,215,236,0,0.10635822510822511,0.197884448884449
random_forest_tuned,r2f1,2,1,216,238,1,0.33852176527176536,0.197884448884449
random_forest_tuned,r2f1,2,1,217,239,0,0.02868025493025493,0.197884448884449
random_forest_tuned,r2f1,2,1,218,240,0,0.027946127946127934,0.197884448884449
random_forest_tuned,r2f1,2,1,232,255,0,0.40932876382876393,0.197884448884449
random_forest_tuned,r2f1,2,1,233,256,0,0.39824068415244895,0.197884448884449
random_forest_tuned,r2f1,2,1,234,257,0,0.3822447089947092,0.197884448884449
random_forest_tuned,r2f1,2,1,235,258,0,0.40464286639286634,0.197884448884449
random_forest_tuned,r2f1,2,1,236,259,0,0.5268624431124432,0.197884448884449
random_forest_tuned,r2f1,2,1,246,269,0,0.08154148629148628,0.197884448884449
random_forest_tuned,r2f1,2,1,247,270,1,0.2764886964886967,0.197884448884449
random_forest_tuned,r2f1,2,1,248,271,0,0.044468253968253976,0.197884448884449
random_forest_tuned,r2f1,2,1,249,272,0,0.0335952380952381,0.197884448884449
random_forest_tuned,r2f2,2,2,0,1,1,0.5820191197691196,0.22931383431383415
random_forest_tuned,r2f2,2,2,1,2,0,0.3765125060125061,0.22931383431383415
random_forest_tuned,r2f2,2,2,2,3,0,0.6139000721500719,0.22931383431383415
random_forest_tuned,r2f2,2,2,3,4,0,0.36845165945165953,0.22931383431383415
random_forest_tuned,r2f2,2,2,4,5,0,0.3621950456950458,0.22931383431383415
random_forest_tuned,r2f2,2,2,5,6,0,0.3070328282828285,0.22931383431383415
random_forest_tuned,r2f2,2,2,6,7,1,0.5806004088504088,0.22931383431383415
random_forest_tuned,r2f2,2,2,7,8,1,0.34726767676767695,0.22931383431383415
random_forest_tuned,r2f2,2,2,17,29,1,0.8607245069745072,0.22931383431383415
random_forest_tuned,r2f2,2,2,18,30,0,0.8535657768157769,0.22931383431383415
random_forest_tuned,r2f2,2,2,19,31,1,0.8999229196729196,0.22931383431383415
random_forest_tuned,r2f2,2,2,20,32,1,0.9268686868686871,0.22931383431383415
random_forest_tuned,r2f2,2,2,21,33,0,0.3180632515632518,0.22931383431383415
random_forest_tuned,r2f2,2,2,22,34,0,0.27015127465127486,0.22931383431383415
random_forest_tuned,r2f2,2,2,23,35,0,0.3281884319384321,0.22931383431383415
random_forest_tuned,r2f2,2,2,32,44,1,0.859661014911015,0.22931383431383415
random_forest_tuned,r2f2,2,2,33,45,0,0.850629268879269,0.22931383431383415
random_forest_tuned,r2f2,2,2,34,46,1,0.2979812409812411,0.22931383431383415
random_forest_tuned,r2f2,2,2,35,47,1,0.38866714766714777,0.22931383431383415
random_forest_tuned,r2f2,2,2,36,48,1,0.2507094757094759,0.22931383431383415
random_forest_tuned,r2f2,2,2,37,49,0,0.28870033670033685,0.22931383431383415
random_forest_tuned,r2f2,2,2,38,50,0,0.3238259980759983,0.22931383431383415
random_forest_tuned,r2f2,2,2,39,51,1,0.5076631794131795,0.22931383431383415
random_forest_tuned,r2f2,2,2,40,52,1,0.8576411736411735,0.22931383431383415
random_forest_tuned,r2f2,2,2,125,144,0,0.19486038961038968,0.22931383431383415
random_forest_tuned,r2f2,2,2,126,145,0,0.2582519240019241,0.22931383431383415
random_forest_tuned,r2f2,2,2,127,146,0,0.2197228234728235,0.22931383431383415
random_forest_tuned,r2f2,2,2,129,148,1,0.4432839105339108,0.22931383431383415
random_forest_tuned,r2f2,2,2,130,149,1,0.7246022126022124,0.22931383431383415
random_forest_tuned,r2f2,2,2,131,150,0,0.3790153920153923,0.22931383431383415
random_forest_tuned,r2f2,2,2,132,151,1,0.03935846560846562,0.22931383431383415
random_forest_tuned,r2f2,2,2,133,152,0,0.056015873015873026,0.22931383431383415
random_forest_tuned,r2f2,2,2,134,153,0,0.06520238095238096,0.22931383431383415
random_forest_tuned,r2f2,2,2,135,154,0,0.04862636165577341,0.22931383431383415
random_forest_tuned,r2f2,2,2,136,155,0,0.18286974789915972,0.22931383431383415
random_forest_tuned,r2f2,2,2,137,156,1,0.8715211150505269,0.22931383431383415
random_forest_tuned,r2f2,2,2,142,161,0,0.020924603174603172,0.22931383431383415
random_forest_tuned,r2f2,2,2,143,162,0,0.02720238095238095,0.22931383431383415
random_forest_tuned,r2f2,2,2,144,163,0,0.027697089947089946,0.22931383431383415
random_forest_tuned,r2f2,2,2,145,164,0,0.027697089947089946,0.22931383431383415
random_forest_tuned,r2f2,2,2,146,165,0,0.6044577617371737,0.22931383431383415
random_forest_tuned,r2f2,2,2,152,171,0,0.051658107687519446,0.22931383431383415
random_forest_tuned,r2f2,2,2,153,172,0,0.1857493775287894,0.22931383431383415
random_forest_tuned,r2f2,2,2,154,173,1,0.7300118557912675,0.22931383431383415
random_forest_tuned,r2f2,2,2,170,189,0,0.037263227513227526,0.22931383431383415
random_forest_tuned,r2f2,2,2,171,190,0,0.062052910052910054,0.22931383431383415
random_forest_tuned,r2f2,2,2,172,191,0,0.36387901912901904,0.22931383431383415
random_forest_tuned,r2f2,2,2,177,196,0,0.31359956709956727,0.22931383431383415
random_forest_tuned,r2f2,2,2,178,197,0,0.3022812650312652,0.22931383431383415
random_forest_tuned,r2f2,2,2,179,198,1,0.5580506253006253,0.22931383431383415
random_forest_tuned,r2f2,2,2,180,199,0,0.28018975468975477,0.22931383431383415
random_forest_tuned,r2f2,2,2,181,200,0,0.23007491582491588,0.22931383431383415
random_forest_tuned,r2f2,2,2,182,201,0,0.21690824915824924,0.22931383431383415
random_forest_tuned,r2f2,2,2,183,202,0,0.32220803270803283,0.22931383431383415
random_forest_tuned,r2f2,2,2,184,203,0,0.2991875901875903,0.22931383431383415
random_forest_tuned,r2f2,2,2,185,204,1,0.29165752765752767,0.22931383431383415
random_forest_tuned,r2f2,2,2,186,205,1,0.2769035594035595,0.22931383431383415
random_forest_tuned,r2f2,2,2,187,206,1,0.3322425444925446,0.22931383431383415
random_forest_tuned,r2f2,2,2,188,207,1,0.4043377825877829,0.22931383431383415
random_forest_tuned,r2f2,2,2,189,208,1,0.3673880471380474,0.22931383431383415
random_forest_tuned,r2f2,2,2,190,209,0,0.024090428090428086,0.22931383431383415
random_forest_tuned,r2f2,2,2,191,211,0,0.06209704184704183,0.22931383431383415
random_forest_tuned,r2f2,2,2,207,228,0,0.3945454545454547,0.22931383431383415
random_forest_tuned,r2f2,2,2,208,229,1,0.5283536556036558,0.22931383431383415
random_forest_tuned,r2f2,2,2,209,230,0,0.31221885521885534,0.22931383431383415
random_forest_tuned,r2f2,2,2,250,273,0,0.29945695045695053,0.22931383431383415
random_forest_tuned,r2f2,2,2,251,274,0,0.49113648388648407,0.22931383431383415
random_forest_tuned,r2f3,2,3,8,19,1,0.9400569466843979,0.2395813971431618
random_forest_tuned,r2f3,2,3,9,20,1,0.8865645373145377,0.2395813971431618
random_forest_tuned,r2f3,2,3,10,21,1,0.8835914733414737,0.2395813971431618
random_forest_tuned,r2f3,2,3,11,22,1,0.8835914733414737,0.2395813971431618
random_forest_tuned,r2f3,2,3,12,23,1,0.9433271086212263,0.2395813971431618
random_forest_tuned,r2f3,2,3,25,37,1,0.8502494912494915,0.2395813971431618
random_forest_tuned,r2f3,2,3,26,38,1,0.8709293854293854,0.2395813971431618
random_forest_tuned,r2f3,2,3,27,39,1,0.9389448334889513,0.2395813971431618
random_forest_tuned,r2f3,2,3,56,69,1,0.8231552853092329,0.2395813971431618
random_forest_tuned,r2f3,2,3,62,75,0,0.02989605217562206,0.2395813971431618
random_forest_tuned,r2f3,2,3,63,76,0,0.05763001265958256,0.2395813971431618
random_forest_tuned,r2f3,2,3,64,77,0,0.03931122959079948,0.2395813971431618
random_forest_tuned,r2f3,2,3,65,78,0,0.015179120958690853,0.2395813971431618
random_forest_tuned,r2f3,2,3,66,79,0,0.3181591568209587,0.2395813971431618
random_forest_tuned,r2f3,2,3,67,82,0,0.020945909725479616,0.2395813971431618
random_forest_tuned,r2f3,2,3,78,94,0,0.7158260381593714,0.2395813971431618
random_forest_tuned,r2f3,2,3,79,95,0,0.7786576879910213,0.2395813971431618
random_forest_tuned,r2f3,2,3,101,119,0,0.08862610264132002,0.2395813971431618
random_forest_tuned,r2f3,2,3,102,120,0,0.09314197565719304,0.2395813971431618
random_forest_tuned,r2f3,2,3,103,121,0,0.1250887422016454,0.2395813971431618
random_forest_tuned,r2f3,2,3,104,122,0,0.061665461778365,0.2395813971431618
random_forest_tuned,r2f3,2,3,105,123,0,0.1248097619226651,0.2395813971431618
random_forest_tuned,r2f3,2,3,106,124,0,0.04118530304820626,0.2395813971431618
random_forest_tuned,r2f3,2,3,121,140,0,0.08961333335123657,0.2395813971431618
random_forest_tuned,r2f3,2,3,122,141,0,0.03602657288947611,0.2395813971431618
random_forest_tuned,r2f3,2,3,123,142,0,0.08270310006600329,0.2395813971431618
random_forest_tuned,r2f3,2,3,124,143,0,0.07718728255018577,0.2395813971431618
random_forest_tuned,r2f3,2,3,155,174,1,0.7264003126503125,0.2395813971431618
random_forest_tuned,r2f3,2,3,156,175,1,0.7264452861952861,0.2395813971431618
random_forest_tuned,r2f3,2,3,157,176,0,0.7454864626114627,0.2395813971431618
random_forest_tuned,r2f3,2,3,158,177,0,0.745667078292078,0.2395813971431618
random_forest_tuned,r2f3,2,3,193,213,0,0.07631874441532882,0.2395813971431618
random_forest_tuned,r2f3,2,3,194,214,0,0.37556952638476404,0.2395813971431618
random_forest_tuned,r2f3,2,3,195,215,0,0.059055016667919895,0.2395813971431618
random_forest_tuned,r2f3,2,3,196,216,0,0.016280050892954118,0.2395813971431618
random_forest_tuned,r2f3,2,3,197,217,0,0.034779884392787605,0.2395813971431618
random_forest_tuned,r2f3,2,3,198,218,0,0.013025361138264363,0.2395813971431618
random_forest_tuned,r2f3,2,3,219,241,0,0.017159393772297,0.2395813971431618
random_forest_tuned,r2f3,2,3,220,243,0,0.6783081409331412,0.2395813971431618
random_forest_tuned,r2f3,2,3,226,249,0,0.5810755453696631,0.2395813971431618
random_forest_tuned,r2f3,2,3,227,250,1,0.22814271942367914,0.2395813971431618
random_forest_tuned,r2f3,2,3,228,251,0,0.5355179172679174,0.2395813971431618
random_forest_tuned,r2f3,2,3,229,252,1,0.5459825637325638,0.2395813971431618
random_forest_tuned,r2f3,2,3,230,253,0,0.1735908865714369,0.2395813971431618
random_forest_tuned,r2f3,2,3,231,254,1,0.1797152251957755,0.2395813971431618
random_forest_tuned,r2f4,2,4,24,36,0,0.15,0.13666666666666666
random_forest_tuned,r2f4,2,4,41,54,0,0.13333333333333333,0.13666666666666666
random_forest_tuned,r2f4,2,4,42,55,1,0.15,0.13666666666666666
random_forest_tuned,r2f4,2,4,43,56,1,0.3333333333333333,0.13666666666666666
random_forest_tuned,r2f4,2,4,44,57,0,0.29333333333333333,0.13666666666666666
random_forest_tuned,r2f4,2,4,68,84,0,0.07,0.13666666666666666
random_forest_tuned,r2f4,2,4,69,85,0,0.05333333333333334,0.13666666666666666
random_forest_tuned,r2f4,2,4,70,86,0,0.03333333333333333,0.13666666666666666
random_forest_tuned,r2f4,2,4,71,87,0,0.03666666666666667,0.13666666666666666
random_forest_tuned,r2f4,2,4,72,88,1,0.31666666666666665,0.13666666666666666
random_forest_tuned,r2f4,2,4,73,89,1,0.21666666666666667,0.13666666666666666
random_forest_tuned,r2f4,2,4,74,90,1,0.26666666666666666,0.13666666666666666
random_forest_tuned,r2f4,2,4,75,91,1,0.29,0.13666666666666666
random_forest_tuned,r2f4,2,4,76,92,1,0.5,0.13666666666666666
random_forest_tuned,r2f4,2,4,77,93,1,0.83,0.13666666666666666
random_forest_tuned,r2f4,2,4,80,97,1,0.18,0.13666666666666666
random_forest_tuned,r2f4,2,4,81,98,0,0.18333333333333332,0.13666666666666666
random_forest_tuned,r2f4,2,4,82,99,0,0.17333333333333334,0.13666666666666666
random_forest_tuned,r2f4,2,4,83,100,0,0.19,0.13666666666666666
random_forest_tuned,r2f4,2,4,84,101,0,0.25333333333333335,0.13666666666666666
random_forest_tuned,r2f4,2,4,87,104,0,0.2,0.13666666666666666
random_forest_tuned,r2f4,2,4,88,105,1,0.18666666666666668,0.13666666666666666
random_forest_tuned,r2f4,2,4,89,106,1,0.30333333333333334,0.13666666666666666
random_forest_tuned,r2f4,2,4,90,107,1,0.3233333333333333,0.13666666666666666
random_forest_tuned,r2f4,2,4,91,108,1,0.22333333333333333,0.13666666666666666
random_forest_tuned,r2f4,2,4,138,157,0,0.25333333333333335,0.13666666666666666
random_forest_tuned,r2f4,2,4,139,158,0,0.04666666666666667,0.13666666666666666
random_forest_tuned,r2f4,2,4,140,159,0,0.0,0.13666666666666666
random_forest_tuned,r2f4,2,4,141,160,0,0.02,0.13666666666666666
random_forest_tuned,r2f4,2,4,147,166,0,0.01,0.13666666666666666
random_forest_tuned,r2f4,2,4,148,167,0,0.03,0.13666666666666666
random_forest_tuned,r2f4,2,4,159,178,0,0.4533333333333333,0.13666666666666666
random_forest_tuned,r2f4,2,4,160,179,1,0.72,0.13666666666666666
random_forest_tuned,r2f4,2,4,161,180,0,0.11333333333333333,0.13666666666666666
random_forest_tuned,r2f4,2,4,162,181,0,0.4266666666666667,0.13666666666666666
random_forest_tuned,r2f4,2,4,163,182,1,0.77,0.13666666666666666
random_forest_tuned,r2f4,2,4,164,183,0,0.18666666666666668,0.13666666666666666
random_forest_tuned,r2f4,2,4,165,184,0,0.32,0.13666666666666666
random_forest_tuned,r2f4,2,4,166,185,0,0.39666666666666667,0.13666666666666666
random_forest_tuned,r2f4,2,4,167,186,0,0.2966666666666667,0.13666666666666666
random_forest_tuned,r2f4,2,4,168,187,0,0.06333333333333334,0.13666666666666666
random_forest_tuned,r2f4,2,4,169,188,0,0.07,0.13666666666666666
random_forest_tuned,r2f4,2,4,199,219,0,0.03333333333333333,0.13666666666666666
random_forest_tuned,r2f4,2,4,200,220,0,0.03,0.13666666666666666
random_forest_tuned,r2f4,2,4,201,221,0,0.03333333333333333,0.13666666666666666
random_forest_tuned,r2f4,2,4,221,244,0,0.03666666666666667,0.13666666666666666
random_forest_tuned,r2f4,2,4,222,245,0,0.013333333333333334,0.13666666666666666
random_forest_tuned,r3f0,3,0,0,1,1,0.43778595478595483,0.16251070226070227
random_forest_tuned,r3f0,3,0,1,2,0,0.3518692881192881,0.16251070226070227
random_forest_tuned,r3f0,3,0,2,3,0,0.5125306637806639,0.16251070226070227
random_forest_tuned,r3f0,3,0,3,4,0,0.3824883357383356,0.16251070226070227
random_forest_tuned,r3f0,3,0,4,5,0,0.353401034151034,0.16251070226070227
random_forest_tuned,r3f0,3,0,5,6,0,0.2818957431457431,0.16251070226070227
random_forest_tuned,r3f0,3,0,6,7,1,0.6852129629629631,0.16251070226070227
random_forest_tuned,r3f0,3,0,7,8,1,0.2704728234728236,0.16251070226070227
random_forest_tuned,r3f0,3,0,13,25,1,0.8103899711399711,0.16251070226070227
random_forest_tuned,r3f0,3,0,14,26,1,0.8513516113516113,0.16251070226070227
random_forest_tuned,r3f0,3,0,15,27,1,0.7542486772486772,0.16251070226070227
random_forest_tuned,r3f0,3,0,16,28,1,0.9541891534391534,0.16251070226070227
random_forest_tuned,r3f0,3,0,21,33,0,0.2955809283309283,0.16251070226070227
random_forest_tuned,r3f0,3,0,22,34,0,0.21391471763530598,0.16251070226070227
random_forest_tuned,r3f0,3,0,23,35,0,0.2448341963047847,0.16251070226070227
random_forest_tuned,r3f0,3,0,28,40,1,0.7241048581048581,0.16251070226070227
random_forest_tuned,r3f0,3,0,29,41,1,0.8201217763717764,0.16251070226070227
random_forest_tuned,r3f0,3,0,30,42,1,0.903687830687831,0.16251070226070227
random_forest_tuned,r3f0,3,0,31,43,1,0.8957552910052912,0.16251070226070227
random_forest_tuned,r3f0,3,0,34,46,1,0.18531279178338003,0.16251070226070227
random_forest_tuned,r3f0,3,0,35,47,1,0.2750851583057466,0.16251070226070227
random_forest_tuned,r3f0,3,0,36,48,1,0.15175374897433722,0.16251070226070227
random_forest_tuned,r3f0,3,0,37,49,0,0.1901090668590669,0.16251070226070227
random_forest_tuned,r3f0,3,0,38,50,0,0.23071514868573706,0.16251070226070227
random_forest_tuned,r3f0,3,0,39,51,1,0.5309976162182046,0.16251070226070227
random_forest_tuned,r3f0,3,0,56,69,1,0.8083670245876131,0.16251070226070227
random_forest_tuned,r3f0,3,0,62,75,0,0.010249299719887955,0.16251070226070227
random_forest_tuned,r3f0,3,0,63,76,0,0.007392156862745098,0.16251070226070227
random_forest_tuned,r3f0,3,0,64,77,0,0.009058823529411765,0.16251070226070227
random_forest_tuned,r3f0,3,0,65,78,0,0.018001322751322754,0.16251070226070227
random_forest_tuned,r3f0,3,0,66,79,0,0.15821851568910392,0.16251070226070227
random_forest_tuned,r3f0,3,0,67,82,0,0.009317460317460316,0.16251070226070227
random_forest_tuned,r3f0,3,0,101,119,0,0.11056216931216928,0.16251070226070227
random_forest_tuned,r3f0,3,0,102,120,0,0.12631216931216932,0.16251070226070227
random_forest_tuned,r3f0,3,0,103,121,0,0.13379095904095906,0.16251070226070227
random_forest_tuned,r3f0,3,0,104,122,0,0.0592010582010582,0.16251070226070227
random_forest_tuned,r3f0,3,0,105,123,0,0.1340131812631813,0.16251070226070227
random_forest_tuned,r3f0,3,0,106,124,0,0.031035714285714285,0.16251070226070227
random_forest_tuned,r3f0,3,0,142,161,0,0.07070238095238093,0.16251070226070227
random_forest_tuned,r3f0,3,0,143,162,0,0.026833333333333334,0.16251070226070227
random_forest_tuned,r3f0,3,0,144,163,0,0.04596031746031746,0.16251070226070227
random_forest_tuned,r3f0,3,0,145,164,0,0.04596031746031746,0.16251070226070227
random_forest_tuned,r3f0,3,0,161,180,0,0.07782696007696006,0.16251070226070227
random_forest_tuned,r3f0,3,0,162,181,0,0.34396916971916963,0.16251070226070227
random_forest_tuned,r3f0,3,0,163,182,1,0.6927142857142861,0.16251070226070227
random_forest_tuned,r3f0,3,0,168,187,0,0.08694472194472193,0.16251070226070227
random_forest_tuned,r3f0,3,0,169,188,0,0.1134019499019499,0.16251070226070227
random_forest_tuned,r3f0,3,0,183,202,0,0.22666759166759168,0.16251070226070227
random_forest_tuned,r3f0,3,0,184,203,0,0.22467484367484364,0.16251070226070227
random_forest_tuned,r3f0,3,0,185,204,1,0.224933140933141,0.16251070226070227
random_forest_tuned,r3f0,3,0,186,205,1,0.21437758537758542,0.16251070226070227
random_forest_tuned,r3f0,3,0,187,206,1,0.24703631553631553,0.16251070226070227
random_forest_tuned,r3f0,3,0,188,207,1,0.34808633958633955,0.16251070226070227
random_forest_tuned,r3f0,3,0,189,208,1,0.2770138287638288,0.16251070226070227
random_forest_tuned,r3f0,3,0,193,213,0,0.04676190476190476,0.16251070226070227
random_forest_tuned,r3f0,3,0,194,214,0,0.3396218133718135,0.16251070226070227
random_forest_tuned,r3f0,3,0,195,215,0,0.015432743182743186,0.16251070226070227
random_forest_tuned,r3f0,3,0,196,216,0,0.008376984126984127,0.16251070226070227
random_forest_tuned,r3f0,3,0,197,217,0,0.009373219373219374,0.16251070226070227
random_forest_tuned,r3f0,3,0,198,218,0,0.0008333333333333334,0.16251070226070227
random_forest_tuned,r3f0,3,0,207,228,0,0.23280738052796893,0.16251070226070227
random_forest_tuned,r3f0,3,0,208,229,1,0.5358865051070936,0.16251070226070227
random_forest_tuned,r3f0,3,0,209,230,0,0.22438181535240365,0.16251070226070227
random_forest_tuned,r3f0,3,0,246,269,0,0.13952837902837892,0.16251070226070227
random_forest_tuned,r3f0,3,0,247,270,1,0.3643445165945166,0.16251070226070227
random_forest_tuned,r3f0,3,0,248,271,0,0.01864285714285714,0.16251070226070227
random_forest_tuned,r3f0,3,0,249,272,0,0.014365079365079367,0.16251070226070227
random_forest_tuned,r3f1,3,1,52,65,0,0.04666666666666667,0.13
random_forest_tuned,r3f1,3,1,53,66,0,0.08,0.13
random_forest_tuned,r3f1,3,1,54,67,0,0.08666666666666667,0.13
random_forest_tuned,r3f1,3,1,55,68,0,0.15333333333333332,0.13
random_forest_tuned,r3f1,3,1,57,70,0,0.05,0.13
random_forest_tuned,r3f1,3,1,58,71,0,0.19333333333333333,0.13
random_forest_tuned,r3f1,3,1,59,72,1,0.57,0.13
random_forest_tuned,r3f1,3,1,60,73,0,0.05,0.13
random_forest_tuned,r3f1,3,1,61,74,1,0.7233333333333334,0.13
random_forest_tuned,r3f1,3,1,68,84,0,0.15333333333333332,0.13
random_forest_tuned,r3f1,3,1,69,85,0,0.1,0.13
random_forest_tuned,r3f1,3,1,70,86,0,0.05,0.13
random_forest_tuned,r3f1,3,1,71,87,0,0.06,0.13
random_forest_tuned,r3f1,3,1,72,88,1,0.30666666666666664,0.13
random_forest_tuned,r3f1,3,1,73,89,1,0.22333333333333333,0.13
random_forest_tuned,r3f1,3,1,74,90,1,0.36333333333333334,0.13
random_forest_tuned,r3f1,3,1,75,91,1,0.43,0.13
random_forest_tuned,r3f1,3,1,76,92,1,0.30666666666666664,0.13
random_forest_tuned,r3f1,3,1,77,93,1,0.7933333333333333,0.13
random_forest_tuned,r3f1,3,1,80,97,1,0.09666666666666666,0.13
random_forest_tuned,r3f1,3,1,87,104,0,0.06,0.13
random_forest_tuned,r3f1,3,1,88,105,1,0.08333333333333333,0.13
random_forest_tuned,r3f1,3,1,90,107,1,0.16,0.13
random_forest_tuned,r3f1,3,1,192,212,0,0.18,0.13
random_forest_tuned,r3f1,3,1,199,219,0,0.04,0.13
random_forest_tuned,r3f1,3,1,200,220,0,0.043333333333333335,0.13
random_forest_tuned,r3f1,3,1,201,221,0,0.07,0.13
random_forest_tuned,r3f1,3,1,204,225,0,0.05333333333333334,0.13
random_forest_tuned,r3f1,3,1,210,231,1,0.27666666666666667,0.13
random_forest_tuned,r3f1,3,1,214,235,0,0.09333333333333334,0.13
random_forest_tuned,r3f1,3,1,215,236,0,0.36666666666666664,0.13
random_forest_tuned,r3f1,3,1,216,238,1,0.47333333333333333,0.13
random_forest_tuned,r3f1,3,1,217,239,0,0.03333333333333333,0.13
random_forest_tuned,r3f1,3,1,218,240,0,0.02666666666666667,0.13
random_forest_tuned,r3f1,3,1,223,246,0,0.006666666666666667,0.13
random_forest_tuned,r3f1,3,1,224,247,0,0.05333333333333334,0.13
random_forest_tuned,r3f1,3,1,225,248,0,0.03,0.13
random_forest_tuned,r3f1,3,1,226,249,0,0.38666666666666666,0.13
random_forest_tuned,r3f1,3,1,228,251,0,0.57,0.13
random_forest_tuned,r3f1,3,1,229,252,1,0.5666666666666667,0.13
random_forest_tuned,r3f1,3,1,241,264,0,0.05333333333333334,0.13
random_forest_tuned,r3f1,3,1,242,265,0,0.043333333333333335,0.13
random_forest_tuned,r3f1,3,1,243,266,0,0.22666666666666666,0.13
random_forest_tuned,r3f1,3,1,244,267,0,0.3433333333333333,0.13
random_forest_tuned,r3f1,3,1,245,268,0,0.43,0.13
random_forest_tuned,r3f2,3,2,24,36,0,0.22499186815363284,0.1805720668220669
random_forest_tuned,r3f2,3,2,41,54,0,0.22650906355808323,0.1805720668220669
random_forest_tuned,r3f2,3,2,42,55,1,0.22476303181205146,0.1805720668220669
random_forest_tuned,r3f2,3,2,43,56,1,0.3663100876747817,0.1805720668220669
random_forest_tuned,r3f2,3,2,44,57,0,0.39595212156681536,0.1805720668220669
random_forest_tuned,r3f2,3,2,45,58,0,0.17395336664634908,0.1805720668220669
random_forest_tuned,r3f2,3,2,46,59,0,0.1358156833419991,0.1805720668220669
random_forest_tuned,r3f2,3,2,47,60,0,0.15496752841051087,0.1805720668220669
random_forest_tuned,r3f2,3,2,48,61,0,0.17395336664634908,0.1805720668220669
random_forest_tuned,r3f2,3,2,49,62,0,0.18437391068368347,0.1805720668220669
random_forest_tuned,r3f2,3,2,50,63,1,0.6655439626519675,0.1805720668220669
random_forest_tuned,r3f2,3,2,51,64,0,0.495272679283123,0.1805720668220669
random_forest_tuned,r3f2,3,2,113,131,1,0.7111023965894109,0.1805720668220669
random_forest_tuned,r3f2,3,2,114,132,1,0.6228658352491344,0.1805720668220669
random_forest_tuned,r3f2,3,2,115,133,1,0.3874521490624092,0.1805720668220669
random_forest_tuned,r3f2,3,2,116,134,0,0.25915066709943013,0.1805720668220669
random_forest_tuned,r3f2,3,2,117,135,1,0.5987234674543276,0.1805720668220669
random_forest_tuned,r3f2,3,2,118,136,1,0.42986599819881915,0.1805720668220669
random_forest_tuned,r3f2,3,2,119,137,1,0.4150948341776552,0.1805720668220669
random_forest_tuned,r3f2,3,2,120,139,1,0.6957456505802261,0.1805720668220669
random_forest_tuned,r3f2,3,2,132,151,1,0.0578430936347603,0.1805720668220669
random_forest_tuned,r3f2,3,2,133,152,0,0.04149322590989258,0.1805720668220669
random_forest_tuned,r3f2,3,2,134,153,0,0.05681421356421357,0.1805720668220669
random_forest_tuned,r3f2,3,2,135,154,0,0.11303502721074214,0.1805720668220669
random_forest_tuned,r3f2,3,2,136,155,0,0.39303453316997683,0.1805720668220669
random_forest_tuned,r3f2,3,2,137,156,1,0.7254872993580374,0.1805720668220669
random_forest_tuned,r3f2,3,2,146,165,0,0.5926831438185873,0.1805720668220669
random_forest_tuned,r3f2,3,2,149,168,1,0.21690601353536787,0.1805720668220669
random_forest_tuned,r3f2,3,2,150,169,0,0.23184166032585343,0.1805720668220669
random_forest_tuned,r3f2,3,2,151,170,0,0.30395604419571964,0.1805720668220669
random_forest_tuned,r3f2,3,2,152,171,0,0.09456280498851989,0.1805720668220669
random_forest_tuned,r3f2,3,2,153,172,0,0.41855051913333124,0.1805720668220669
random_forest_tuned,r3f2,3,2,154,173,1,0.65706164362975,0.1805720668220669
random_forest_tuned,r3f2,3,2,170,189,0,0.06156026535193202,0.1805720668220669
random_forest_tuned,r3f2,3,2,171,190,0,0.04382215007215008,0.1805720668220669
random_forest_tuned,r3f2,3,2,172,191,0,0.24870575720575724,0.1805720668220669
random_forest_tuned,r3f2,3,2,190,209,0,0.10478180060237688,0.1805720668220669
random_forest_tuned,r3f2,3,2,191,211,0,0.249313259267169,0.1805720668220669
random_forest_tuned,r3f2,3,2,221,244,0,0.0488713200379867,0.1805720668220669
random_forest_tuned,r3f2,3,2,222,245,0,0.029741341991341996,0.1805720668220669
random_forest_tuned,r3f2,3,2,237,260,0,0.14976598673657496,0.1805720668220669
random_forest_tuned,r3f2,3,2,238,261,0,0.17486626608685438,0.1805720668220669
random_forest_tuned,r3f2,3,2,239,262,0,0.0873149162021711,0.1805720668220669
random_forest_tuned,r3f2,3,2,240,263,0,0.04903309000367823,0.1805720668220669
random_forest_tuned,r3f2,3,2,250,273,0,0.3489272908936259,0.1805720668220669
random_forest_tuned,r3f2,3,2,251,274,0,0.6695703408538329,0.1805720668220669
random_forest_tuned,r3f3,3,3,8,19,1,0.9663531746031746,0.24789218624512752
random_forest_tuned,r3f3,3,3,9,20,1,0.924792328042328,0.24789218624512752
random_forest_tuned,r3f3,3,3,10,21,1,0.9270383597883599,0.24789218624512752
random_forest_tuned,r3f3,3,3,11,22,1,0.9275939153439154,0.24789218624512752
random_forest_tuned,r3f3,3,3,12,23,1,0.9649007936507936,0.24789218624512752
random_forest_tuned,r3f3,3,3,25,37,1,0.8346719576719576,0.24789218624512752
random_forest_tuned,r3f3,3,3,26,38,1,0.8167558922558921,0.24789218624512752
random_forest_tuned,r3f3,3,3,27,39,1,0.9644549062049064,0.24789218624512752
random_forest_tuned,r3f3,3,3,81,98,0,0.49111183261183244,0.24789218624512752
random_forest_tuned,r3f3,3,3,82,99,0,0.6195747354497357,0.24789218624512752
random_forest_tuned,r3f3,3,3,83,100,0,0.446528156297893,0.24789218624512752
random_forest_tuned,r3f3,3,3,84,101,0,0.4407864535561903,0.24789218624512752
random_forest_tuned,r3f3,3,3,89,106,1,0.5919060014060016,0.24789218624512752
random_forest_tuned,r3f3,3,3,91,108,1,0.5340475589225593,0.24789218624512752
random_forest_tuned,r3f3,3,3,96,113,0,0.18920152070152074,0.24789218624512752
random_forest_tuned,r3f3,3,3,97,115,0,0.16874913974913977,0.24789218624512752
random_forest_tuned,r3f3,3,3,98,116,0,0.11693101343101339,0.24789218624512752
random_forest_tuned,r3f3,3,3,99,117,0,0.15121776371776371,0.24789218624512752
random_forest_tuned,r3f3,3,3,100,118,0,0.15662505087505088,0.24789218624512752
random_forest_tuned,r3f3,3,3,138,157,0,0.10623580123580122,0.24789218624512752
random_forest_tuned,r3f3,3,3,139,158,0,0.057968253968253974,0.24789218624512752
random_forest_tuned,r3f3,3,3,140,159,0,0.00932142857142857,0.24789218624512752
random_forest_tuned,r3f3,3,3,141,160,0,0.023066137566137568,0.24789218624512752
random_forest_tuned,r3f3,3,3,147,166,0,0.010638888888888889,0.24789218624512752
random_forest_tuned,r3f3,3,3,148,167,0,0.012750000000000001,0.24789218624512752
random_forest_tuned,r3f3,3,3,159,178,0,0.6140598105598105,0.24789218624512752
random_forest_tuned,r3f3,3,3,160,179,1,0.72629995004995,0.24789218624512752
random_forest_tuned,r3f3,3,3,164,183,0,0.5158636964886967,0.24789218624512752
random_forest_tuned,r3f3,3,3,165,184,0,0.640555675805676,0.24789218624512752
random_forest_tuned,r3f3,3,3,166,185,0,0.6767360509860513,0.24789218624512752
random_forest_tuned,r3f3,3,3,167,186,0,0.5365014337514341,0.24789218624512752
random_forest_tuned,r3f3,3,3,202,222,0,0.0962168017168017,0.24789218624512752
random_forest_tuned,r3f3,3,3,203,224,1,0.5362802937802937,0.24789218624512752
random_forest_tuned,r3f3,3,3,205,226,0,0.014249999999999999,0.24789218624512752
random_forest_tuned,r3f3,3,3,206,227,0,0.015777777777777776,0.24789218624512752
random_forest_tuned,r3f3,3,3,211,232,0,0.08911426536426535,0.24789218624512752
random_forest_tuned,r3f3,3,3,212,233,1,0.22615873015873025,0.24789218624512752
random_forest_tuned,r3f3,3,3,213,234,1,0.24943121693121706,0.24789218624512752
random_forest_tuned,r3f3,3,3,219,241,0,0.010527777777777777,0.24789218624512752
random_forest_tuned,r3f3,3,3,220,243,0,0.8028629148629146,0.24789218624512752
random_forest_tuned,r3f3,3,3,232,255,0,0.33462889425389414,0.24789218624512752
random_forest_tuned,r3f3,3,3,233,256,0,0.32823074610574604,0.24789218624512752
random_forest_tuned,r3f3,3,3,234,257,0,0.2847998344248344,0.24789218624512752
random_forest_tuned,r3f3,3,3,235,258,0,0.4286282930032928,0.24789218624512752
random_forest_tuned,r3f3,3,3,236,259,0,0.49764693177193153,0.24789218624512752
random_forest_tuned,r3f4,3,4,17,29,1,0.6802867168081254,0.21492319994820008
random_forest_tuned,r3f4,3,4,18,30,0,0.7461936987151069,0.21492319994820008
random_forest_tuned,r3f4,3,4,19,31,1,0.7759151325235458,0.21492319994820008
random_forest_tuned,r3f4,3,4,20,32,1,0.8678848115964858,0.21492319994820008
random_forest_tuned,r3f4,3,4,32,44,1,0.7246326764040848,0.21492319994820008
random_forest_tuned,r3f4,3,4,33,45,0,0.697382972404381,0.21492319994820008
random_forest_tuned,r3f4,3,4,40,52,1,0.7237542378626514,0.21492319994820008
random_forest_tuned,r3f4,3,4,78,94,0,0.5030812811071432,0.21492319994820008
random_forest_tuned,r3f4,3,4,79,95,0,0.7089301267059892,0.21492319994820008
random_forest_tuned,r3f4,3,4,85,102,0,0.21549983550385698,0.21492319994820008
random_forest_tuned,r3f4,3,4,86,103,0,0.18602483827885974,0.21492319994820008
random_forest_tuned,r3f4,3,4,92,109,0,0.12210545820685603,0.21492319994820008
random_forest_tuned,r3f4,3,4,93,110,0,0.1622428393442372,0.21492319994820008
random_forest_tuned,r3f4,3,4,94,111,1,0.16195767080906864,0.21492319994820008
random_forest_tuned,r3f4,3,4,95,112,1,0.05492255892255891,0.21492319994820008
random_forest_tuned,r3f4,3,4,107,125,0,0.0654218806732785,0.21492319994820008
random_forest_tuned,r3f4,3,4,108,126,0,0.05953467528607311,0.21492319994820008
random_forest_tuned,r3f4,3,4,109,127,0,0.05932195282335064,0.21492319994820008
random_forest_tuned,r3f4,3,4,110,128,0,0.0873242375756354,0.21492319994820008
random_forest_tuned,r3f4,3,4,111,129,0,0.11325503482025219,0.21492319994820008
random_forest_tuned,r3f4,3,4,112,130,0,0.13758427964949707,0.21492319994820008
random_forest_tuned,r3f4,3,4,121,140,0,0.03125957190957191,0.21492319994820008
random_forest_tuned,r3f4,3,4,122,141,0,0.04500627503708464,0.21492319994820008
random_forest_tuned,r3f4,3,4,123,142,0,0.10323914859054642,0.21492319994820008
random_forest_tuned,r3f4,3,4,124,143,0,0.10168215003354786,0.21492319994820008
random_forest_tuned,r3f4,3,4,125,144,0,0.16467799971022365,0.21492319994820008
random_forest_tuned,r3f4,3,4,126,145,0,0.19489288667511068,0.21492319994820008
random_forest_tuned,r3f4,3,4,127,146,0,0.2114339756874778,0.21492319994820008
random_forest_tuned,r3f4,3,4,128,147,0,0.07520422795562577,0.21492319994820008
random_forest_tuned,r3f4,3,4,129,148,1,0.4761940867869535,0.21492319994820008
random_forest_tuned,r3f4,3,4,130,149,1,0.6936724811043062,0.21492319994820008
random_forest_tuned,r3f4,3,4,131,150,0,0.3673059963323665,0.21492319994820008
random_forest_tuned,r3f4,3,4,155,174,1,0.5295082892841513,0.21492319994820008
random_forest_tuned,r3f4,3,4,156,175,1,0.5288008578267199,0.21492319994820008
random_forest_tuned,r3f4,3,4,157,176,0,0.7190935201591125,0.21492319994820008
random_forest_tuned,r3f4,3,4,158,177,0,0.7784751570407493,0.21492319994820008
random_forest_tuned,r3f4,3,4,173,192,0,0.07210505050505048,0.21492319994820008
random_forest_tuned,r3f4,3,4,174,193,0,0.058919312169312156,0.21492319994820008
random_forest_tuned,r3f4,3,4,175,194,0,0.1742623993045657,0.21492319994820008
random_forest_tuned,r3f4,3,4,176,195,0,0.19189606656323305,0.21492319994820008
random_forest_tuned,r3f4,3,4,177,196,0,0.45088078488280825,0.21492319994820008
random_forest_tuned,r3f4,3,4,178,197,0,0.4354507225940502,0.21492319994820008
random_forest_tuned,r3f4,3,4,179,198,1,0.6232609050063491,0.21492319994820008
random_forest_tuned,r3f4,3,4,180,199,0,0.2560580347985921,0.21492319994820008
random_forest_tuned,r3f4,3,4,181,200,0,0.16265727074782804,0.21492319994820008
random_forest_tuned,r3f4,3,4,182,201,0,0.15556752407474803,0.21492319994820008
random_forest_tuned,r3f4,3,4,227,250,1,0.1558363523187053,0.21492319994820008
random_forest_tuned,r3f4,3,4,230,253,0,0.12267235856105825,0.21492319994820008
random_forest_tuned,r3f4,3,4,231,254,1,0.1270056918943916,0.21492319994820008
random_forest_tuned,r4f0,4,0,13,25,1,0.7070662254412254,0.1886910094263036
random_forest_tuned,r4f0,4,0,14,26,1,0.8322589709357611,0.1886910094263036
random_forest_tuned,r4f0,4,0,15,27,1,0.6312150332637434,0.1886910094263036
random_forest_tuned,r4f0,4,0,16,28,1,0.9197848059079943,0.1886910094263036
random_forest_tuned,r4f0,4,0,24,36,0,0.21643694268694272,0.1886910094263036
random_forest_tuned,r4f0,4,0,28,40,1,0.7012641747007687,0.1886910094263036
random_forest_tuned,r4f0,4,0,29,41,1,0.8086954767273394,0.1886910094263036
random_forest_tuned,r4f0,4,0,30,42,1,0.903529896917453,0.1886910094263036
random_forest_tuned,r4f0,4,0,31,43,1,0.9035338651714213,0.1886910094263036
random_forest_tuned,r4f0,4,0,41,54,0,0.20301995162174197,0.1886910094263036
random_forest_tuned,r4f0,4,0,42,55,1,0.20715159622512566,0.1886910094263036
random_forest_tuned,r4f0,4,0,43,56,1,0.283947327539516,0.1886910094263036
random_forest_tuned,r4f0,4,0,44,57,0,0.3890609637276305,0.1886910094263036
random_forest_tuned,r4f0,4,0,101,119,0,0.07291992266992264,0.1886910094263036
random_forest_tuned,r4f0,4,0,102,120,0,0.0744754782254782,0.1886910094263036
random_forest_tuned,r4f0,4,0,103,121,0,0.0969443738179032,0.1886910094263036
random_forest_tuned,r4f0,4,0,104,122,0,0.049857689514552266,0.1886910094263036
random_forest_tuned,r4f0,4,0,105,123,0,0.09580945318298258,0.1886910094263036
random_forest_tuned,r4f0,4,0,106,124,0,0.02391876950210284,0.1886910094263036
random_forest_tuned,r4f0,4,0,125,144,0,0.08195638541476481,0.1886910094263036
random_forest_tuned,r4f0,4,0,126,145,0,0.07734728927740782,0.1886910094263036
random_forest_tuned,r4f0,4,0,127,146,0,0.1995178415693583,0.1886910094263036
random_forest_tuned,r4f0,4,0,129,148,1,0.4032262715223656,0.1886910094263036
random_forest_tuned,r4f0,4,0,130,149,1,0.6466604179189861,0.1886910094263036
random_forest_tuned,r4f0,4,0,131,150,0,0.41802294393130734,0.1886910094263036
random_forest_tuned,r4f0,4,0,149,168,1,0.36377646335201114,0.1886910094263036
random_forest_tuned,r4f0,4,0,150,169,0,0.3597707653463131,0.1886910094263036
random_forest_tuned,r4f0,4,0,151,170,0,0.36727025275793573,0.1886910094263036
random_forest_tuned,r4f0,4,0,177,196,0,0.4080638143628341,0.1886910094263036
random_forest_tuned,r4f0,4,0,178,197,0,0.3589750772566552,0.1886910094263036
random_forest_tuned,r4f0,4,0,179,198,1,0.5184536776029023,0.1886910094263036
random_forest_tuned,r4f0,4,0,180,199,0,0.15105988546674823,0.1886910094263036
random_forest_tuned,r4f0,4,0,181,200,0,0.17804761288094623,0.1886910094263036
random_forest_tuned,r4f0,4,0,182,201,0,0.175654755738089,0.1886910094263036
random_forest_tuned,r4f0,4,0,214,235,0,0.16358386969878078,0.1886910094263036
random_forest_tuned,r4f0,4,0,215,236,0,0.3163445953271536,0.1886910094263036
random_forest_tuned,r4f0,4,0,216,238,1,0.544341626074184,0.1886910094263036
random_forest_tuned,r4f0,4,0,217,239,0,0.05803174603174604,0.1886910094263036
random_forest_tuned,r4f0,4,0,218,240,0,0.06122619047619049,0.1886910094263036
random_forest_tuned,r4f0,4,0,223,246,0,0.024218253968253965,0.1886910094263036
random_forest_tuned,r4f0,4,0,224,247,0,0.04588492063492064,0.1886910094263036
random_forest_tuned,r4f0,4,0,225,248,0,0.03062696175200785,0.1886910094263036
random_forest_tuned,r4f0,4,0,232,255,0,0.3260724747637028,0.1886910094263036
random_forest_tuned,r4f0,4,0,233,256,0,0.3202338504250785,0.1886910094263036
random_forest_tuned,r4f0,4,0,234,257,0,0.2999923132766787,0.1886910094263036
random_forest_tuned,r4f0,4,0,235,258,0,0.38978940008485113,0.1886910094263036
random_forest_tuned,r4f0,4,0,236,259,0,0.4309124714579224,0.1886910094263036
random_forest_tuned,r4f1,4,1,52,65,0,0.03333333333333333,0.20333333333333334
random_forest_tuned,r4f1,4,1,53,66,0,0.06666666666666667,0.20333333333333334
random_forest_tuned,r4f1,4,1,54,67,0,0.11666666666666667,0.20333333333333334
random_forest_tuned,r4f1,4,1,55,68,0,0.11666666666666667,0.20333333333333334
random_forest_tuned,r4f1,4,1,57,70,0,0.043333333333333335,0.20333333333333334
random_forest_tuned,r4f1,4,1,58,71,0,0.15666666666666668,0.20333333333333334
random_forest_tuned,r4f1,4,1,59,72,1,0.6566666666666666,0.20333333333333334
random_forest_tuned,r4f1,4,1,60,73,0,0.043333333333333335,0.20333333333333334
random_forest_tuned,r4f1,4,1,61,74,1,0.75,0.20333333333333334
random_forest_tuned,r4f1,4,1,68,84,0,0.13333333333333333,0.20333333333333334
random_forest_tuned,r4f1,4,1,69,85,0,0.07,0.20333333333333334
random_forest_tuned,r4f1,4,1,70,86,0,0.023333333333333334,0.20333333333333334
random_forest_tuned,r4f1,4,1,71,87,0,0.03666666666666667,0.20333333333333334
random_forest_tuned,r4f1,4,1,72,88,1,0.30666666666666664,0.20333333333333334
random_forest_tuned,r4f1,4,1,73,89,1,0.19,0.20333333333333334
random_forest_tuned,r4f1,4,1,74,90,1,0.38,0.20333333333333334
random_forest_tuned,r4f1,4,1,75,91,1,0.41333333333333333,0.20333333333333334
random_forest_tuned,r4f1,4,1,76,92,1,0.30666666666666664,0.20333333333333334
random_forest_tuned,r4f1,4,1,77,93,1,0.74,0.20333333333333334
random_forest_tuned,r4f1,4,1,80,97,1,0.13,0.20333333333333334
random_forest_tuned,r4f1,4,1,87,104,0,0.08666666666666667,0.20333333333333334
random_forest_tuned,r4f1,4,1,88,105,1,0.12333333333333334,0.20333333333333334
random_forest_tuned,r4f1,4,1,90,107,1,0.21333333333333335,0.20333333333333334
random_forest_tuned,r4f1,4,1,121,140,0,0.03333333333333333,0.20333333333333334
random_forest_tuned,r4f1,4,1,122,141,0,0.0033333333333333335,0.20333333333333334
random_forest_tuned,r4f1,4,1,123,142,0,0.09333333333333334,0.20333333333333334
random_forest_tuned,r4f1,4,1,124,143,0,0.09,0.20333333333333334
random_forest_tuned,r4f1,4,1,147,166,0,0.02,0.20333333333333334
random_forest_tuned,r4f1,4,1,148,167,0,0.06333333333333334,0.20333333333333334
random_forest_tuned,r4f1,4,1,192,212,0,0.16666666666666666,0.20333333333333334
random_forest_tuned,r4f1,4,1,199,219,0,0.023333333333333334,0.20333333333333334
random_forest_tuned,r4f1,4,1,200,220,0,0.02666666666666667,0.20333333333333334
random_forest_tuned,r4f1,4,1,201,221,0,0.05,0.20333333333333334
random_forest_tuned,r4f1,4,1,205,226,0,0.03333333333333333,0.20333333333333334
random_forest_tuned,r4f1,4,1,206,227,0,0.03,0.20333333333333334
random_forest_tuned,r4f1,4,1,211,232,0,0.10666666666666667,0.20333333333333334
random_forest_tuned,r4f1,4,1,212,233,1,0.5133333333333333,0.20333333333333334
random_forest_tuned,r4f1,4,1,213,234,1,0.6266666666666667,0.20333333333333334
random_forest_tuned,r4f1,4,1,241,264,0,0.03666666666666667,0.20333333333333334
random_forest_tuned,r4f1,4,1,242,265,0,0.06666666666666667,0.20333333333333334
random_forest_tuned,r4f1,4,1,243,266,0,0.13333333333333333,0.20333333333333334
random_forest_tuned,r4f1,4,1,244,267,0,0.22,0.20333333333333334
random_forest_tuned,r4f1,4,1,245,268,0,0.25,0.20333333333333334
random_forest_tuned,r4f1,4,1,246,269,0,0.16666666666666666,0.20333333333333334
random_forest_tuned,r4f1,4,1,247,270,1,0.31666666666666665,0.20333333333333334
random_forest_tuned,r4f1,4,1,248,271,0,0.03,0.20333333333333334
random_forest_tuned,r4f1,4,1,249,272,0,0.02666666666666667,0.20333333333333334
random_forest_tuned,r4f2,4,2,0,1,1,0.45539346569609734,0.20832341531254572
random_forest_tuned,r4f2,4,2,1,2,0,0.3553164316190631,0.20832341531254572
random_forest_tuned,r4f2,4,2,2,3,0,0.5018673775866758,0.20832341531254572
random_forest_tuned,r4f2,4,2,3,4,0,0.37288899794162944,0.20832341531254572
random_forest_tuned,r4f2,4,2,4,5,0,0.3533669366695682,0.20832341531254572
random_forest_tuned,r4f2,4,2,5,6,0,0.22318179968179971,0.20832341531254572
random_forest_tuned,r4f2,4,2,6,7,1,0.7301626757888372,0.20832341531254572
random_forest_tuned,r4f2,4,2,7,8,1,0.28391193465213066,0.20832341531254572
random_forest_tuned,r4f2,4,2,21,33,0,0.2628157182323848,0.20832341531254572
random_forest_tuned,r4f2,4,2,22,34,0,0.21658940477861885,0.20832341531254572
random_forest_tuned,r4f2,4,2,23,35,0,0.3167223494551926,0.20832341531254572
random_forest_tuned,r4f2,4,2,34,46,1,0.20853072544739212,0.20832341531254572
random_forest_tuned,r4f2,4,2,35,47,1,0.3405812606964566,0.20832341531254572
random_forest_tuned,r4f2,4,2,36,48,1,0.1921381338273479,0.20832341531254572
random_forest_tuned,r4f2,4,2,37,49,0,0.28291739515023834,0.20832341531254572
random_forest_tuned,r4f2,4,2,38,50,0,0.3323777126105557,0.20832341531254572
random_forest_tuned,r4f2,4,2,39,51,1,0.5600040416192379,0.20832341531254572
random_forest_tuned,r4f2,4,2,56,69,1,0.7395843652105265,0.20832341531254572
random_forest_tuned,r4f2,4,2,64,77,0,0.02145378973631006,0.20832341531254572
random_forest_tuned,r4f2,4,2,65,78,0,0.016375621292287958,0.20832341531254572
random_forest_tuned,r4f2,4,2,113,131,1,0.7776288110629545,0.20832341531254572
random_forest_tuned,r4f2,4,2,114,132,1,0.5385236816244915,0.20832341531254572
random_forest_tuned,r4f2,4,2,115,133,1,0.3873145389153486,0.20832341531254572
random_forest_tuned,r4f2,4,2,116,134,0,0.35776758205956816,0.20832341531254572
random_forest_tuned,r4f2,4,2,117,135,1,0.4803546284554383,0.20832341531254572
random_forest_tuned,r4f2,4,2,118,136,1,0.3900345966354063,0.20832341531254572
random_forest_tuned,r4f2,4,2,119,137,1,0.3840822156830253,0.20832341531254572
random_forest_tuned,r4f2,4,2,120,139,1,0.7326702973544409,0.20832341531254572
random_forest_tuned,r4f2,4,2,132,151,1,0.07097423055560144,0.20832341531254572
random_forest_tuned,r4f2,4,2,133,152,0,0.07530784309036341,0.20832341531254572
random_forest_tuned,r4f2,4,2,134,153,0,0.07599607491274156,0.20832341531254572
random_forest_tuned,r4f2,4,2,135,154,0,0.07691979008645676,0.20832341531254572
random_forest_tuned,r4f2,4,2,136,155,0,0.18391232777752387,0.20832341531254572
random_forest_tuned,r4f2,4,2,137,156,1,0.8347472347483957,0.20832341531254572
random_forest_tuned,r4f2,4,2,138,157,0,0.07845230803367892,0.20832341531254572
random_forest_tuned,r4f2,4,2,139,158,0,0.05460654885458641,0.20832341531254572
random_forest_tuned,r4f2,4,2,140,159,0,0.05107788199454865,0.20832341531254572
random_forest_tuned,r4f2,4,2,141,160,0,0.04623841590508257,0.20832341531254572
random_forest_tuned,r4f2,4,2,146,165,0,0.7246594891606504,0.20832341531254572
random_forest_tuned,r4f2,4,2,152,171,0,0.07745682712349379,0.20832341531254572
random_forest_tuned,r4f2,4,2,153,172,0,0.26428897427917025,0.20832341531254572
random_forest_tuned,r4f2,4,2,154,173,1,0.7318915950177561,0.20832341531254572
random_forest_tuned,r4f2,4,2,170,189,0,0.06891073849210937,0.20832341531254572
random_forest_tuned,r4f2,4,2,171,190,0,0.07515264056930722,0.20832341531254572
random_forest_tuned,r4f2,4,2,172,191,0,0.29901511873441705,0.20832341531254572
random_forest_tuned,r4f2,4,2,183,202,0,0.2098363362021899,0.20832341531254572
random_forest_tuned,r4f2,4,2,184,203,0,0.20254723979723982,0.20832341531254572
random_forest_tuned,r4f2,4,2,185,204,1,0.25378169288953617,0.20832341531254572
random_forest_tuned,r4f2,4,2,186,205,1,0.24330947066731393,0.20832341531254572
random_forest_tuned,r4f2,4,2,187,206,1,0.28749129973149584,0.20832341531254572
random_forest_tuned,r4f2,4,2,188,207,1,0.3655743925645885,0.20832341531254572
random_forest_tuned,r4f2,4,2,189,208,1,0.2969357441759403,0.20832341531254572
random_forest_tuned,r4f2,4,2,190,209,0,0.06560410359429968,0.20832341531254572
random_forest_tuned,r4f2,4,2,191,211,0,0.19898501897521506,0.20832341531254572
random_forest_tuned,r4f2,4,2,193,213,0,0.07204902196568863,0.20832341531254572
random_forest_tuned,r4f2,4,2,194,214,0,0.4865160030171641,0.20832341531254572
random_forest_tuned,r4f2,4,2,195,215,0,0.01844050502187592,0.20832341531254572
random_forest_tuned,r4f2,4,2,196,216,0,0.010515151515151517,0.20832341531254572
random_forest_tuned,r4f2,4,2,207,228,0,0.3217947046599007,0.20832341531254572
random_forest_tuned,r4f2,4,2,208,229,1,0.5559246765398727,0.20832341531254572
random_forest_tuned,r4f2,4,2,209,230,0,0.3230337972666404,0.20832341531254572
random_forest_tuned,r4f2,4,2,219,241,0,0.028903796519650176,0.20832341531254572
random_forest_tuned,r4f2,4,2,220,243,0,0.6098729676755996,0.20832341531254572
random_forest_tuned,r4f2,4,2,226,249,0,0.4184378010925326,0.20832341531254572
random_forest_tuned,r4f2,4,2,228,251,0,0.43056108927304576,0.20832341531254572
random_forest_tuned,r4f2,4,2,229,252,1,0.424181459643416,0.20832341531254572
random_forest_tuned,r4f2,4,2,250,273,0,0.32501261937046255,0.20832341531254572
random_forest_tuned,r4f2,4,2,251,274,0,0.4409513026914987,0.20832341531254572
random_forest_tuned,r4f3,4,3,8,19,1,0.98,0.2
random_forest_tuned,r4f3,4,3,9,20,1,0.96,0.2
random_forest_tuned,r4f3,4,3,10,21,1,0.96,0.2
random_forest_tuned,r4f3,4,3,11,22,1,0.9566666666666667,0.2
random_forest_tuned,r4f3,4,3,12,23,1,0.97,0.2
random_forest_tuned,r4f3,4,3,25,37,1,0.8566666666666667,0.2
random_forest_tuned,r4f3,4,3,26,38,1,0.8666666666666667,0.2
random_forest_tuned,r4f3,4,3,27,39,1,0.9666666666666667,0.2
random_forest_tuned,r4f3,4,3,45,58,0,0.37333333333333335,0.2
random_forest_tuned,r4f3,4,3,46,59,0,0.23666666666666666,0.2
random_forest_tuned,r4f3,4,3,47,60,0,0.30333333333333334,0.2
random_forest_tuned,r4f3,4,3,48,61,0,0.38,0.2
random_forest_tuned,r4f3,4,3,49,62,0,0.08333333333333333,0.2
random_forest_tuned,r4f3,4,3,50,63,1,0.6033333333333334,0.2
random_forest_tuned,r4f3,4,3,51,64,0,0.26,0.2
random_forest_tuned,r4f3,4,3,62,75,0,0.04666666666666667,0.2
random_forest_tuned,r4f3,4,3,63,76,0,0.06333333333333334,0.2
random_forest_tuned,r4f3,4,3,66,79,0,0.30666666666666664,0.2
random_forest_tuned,r4f3,4,3,67,82,0,0.01,0.2
random_forest_tuned,r4f3,4,3,85,102,0,0.23,0.2
random_forest_tuned,r4f3,4,3,86,103,0,0.18333333333333332,0.2
random_forest_tuned,r4f3,4,3,92,109,0,0.06666666666666667,0.2
random_forest_tuned,r4f3,4,3,93,110,0,0.12,0.2
random_forest_tuned,r4f3,4,3,94,111,1,0.11666666666666667,0.2
random_forest_tuned,r4f3,4,3,95,112,1,0.18666666666666668,0.2
random_forest_tuned,r4f3,4,3,96,113,0,0.12,0.2
random_forest_tuned,r4f3,4,3,97,115,0,0.08,0.2
random_forest_tuned,r4f3,4,3,98,116,0,0.07333333333333333,0.2
random_forest_tuned,r4f3,4,3,99,117,0,0.13,0.2
random_forest_tuned,r4f3,4,3,100,118,0,0.12,0.2
random_forest_tuned,r4f3,4,3,142,161,0,0.06,0.2
random_forest_tuned,r4f3,4,3,143,162,0,0.013333333333333334,0.2
random_forest_tuned,r4f3,4,3,144,163,0,0.02,0.2
random_forest_tuned,r4f3,4,3,145,164,0,0.016666666666666666,0.2
random_forest_tuned,r4f3,4,3,161,180,0,0.03666666666666667,0.2
random_forest_tuned,r4f3,4,3,162,181,0,0.11666666666666667,0.2
random_forest_tuned,r4f3,4,3,163,182,1,0.6666666666666666,0.2
random_forest_tuned,r4f3,4,3,168,187,0,0.07666666666666666,0.2
random_forest_tuned,r4f3,4,3,169,188,0,0.03333333333333333,0.2
random_forest_tuned,r4f3,4,3,197,217,0,0.013333333333333334,0.2
random_forest_tuned,r4f3,4,3,198,218,0,0.006666666666666667,0.2
random_forest_tuned,r4f3,4,3,204,225,0,0.043333333333333335,0.2
random_forest_tuned,r4f3,4,3,210,231,1,0.18333333333333332,0.2
random_forest_tuned,r4f3,4,3,221,244,0,0.043333333333333335,0.2
random_forest_tuned,r4f3,4,3,222,245,0,0.0033333333333333335,0.2
random_forest_tuned,r4f4,4,4,17,29,1,0.7783798220298221,0.18346081696081692
random_forest_tuned,r4f4,4,4,18,30,0,0.8484925999926,0.18346081696081692
random_forest_tuned,r4f4,4,4,19,31,1,0.8438361823361824,0.18346081696081692
random_forest_tuned,r4f4,4,4,20,32,1,0.8980083435083435,0.18346081696081692
random_forest_tuned,r4f4,4,4,32,44,1,0.8329419191919193,0.18346081696081692
random_forest_tuned,r4f4,4,4,33,45,0,0.784730045880046,0.18346081696081692
random_forest_tuned,r4f4,4,4,40,52,1,0.8051232193732196,0.18346081696081692
random_forest_tuned,r4f4,4,4,78,94,0,0.6000025252525253,0.18346081696081692
random_forest_tuned,r4f4,4,4,79,95,0,0.6746017316017315,0.18346081696081692
random_forest_tuned,r4f4,4,4,81,98,0,0.7012512025012027,0.18346081696081692
random_forest_tuned,r4f4,4,4,82,99,0,0.7087551707551708,0.18346081696081692
random_forest_tuned,r4f4,4,4,83,100,0,0.6411202501202502,0.18346081696081692
random_forest_tuned,r4f4,4,4,84,101,0,0.641072631072631,0.18346081696081692
random_forest_tuned,r4f4,4,4,89,106,1,0.7589509379509379,0.18346081696081692
random_forest_tuned,r4f4,4,4,91,108,1,0.7036943241943244,0.18346081696081692
random_forest_tuned,r4f4,4,4,107,125,0,0.0529100529100529,0.18346081696081692
random_forest_tuned,r4f4,4,4,108,126,0,0.020854497354497355,0.18346081696081692
random_forest_tuned,r4f4,4,4,109,127,0,0.04402116402116402,0.18346081696081692
random_forest_tuned,r4f4,4,4,110,128,0,0.040243386243386234,0.18346081696081692
random_forest_tuned,r4f4,4,4,111,129,0,0.07662830687830685,0.18346081696081692
random_forest_tuned,r4f4,4,4,112,130,0,0.07381746031746032,0.18346081696081692
random_forest_tuned,r4f4,4,4,128,147,0,0.024187830687830685,0.18346081696081692
random_forest_tuned,r4f4,4,4,155,174,1,0.6684650072150072,0.18346081696081692
random_forest_tuned,r4f4,4,4,156,175,1,0.6594072871572872,0.18346081696081692
random_forest_tuned,r4f4,4,4,157,176,0,0.8017487604987606,0.18346081696081692
random_forest_tuned,r4f4,4,4,158,177,0,0.8859630462130461,0.18346081696081692
random_forest_tuned,r4f4,4,4,159,178,0,0.5466306286306285,0.18346081696081692
random_forest_tuned,r4f4,4,4,160,179,1,0.6947902005402007,0.18346081696081692
random_forest_tuned,r4f4,4,4,164,183,0,0.611071104821105,0.18346081696081692
random_forest_tuned,r4f4,4,4,165,184,0,0.7528834776334776,0.18346081696081692
random_forest_tuned,r4f4,4,4,166,185,0,0.7302489177489178,0.18346081696081692
random_forest_tuned,r4f4,4,4,167,186,0,0.6912560125060127,0.18346081696081692
random_forest_tuned,r4f4,4,4,173,192,0,0.03675925925925925,0.18346081696081692
random_forest_tuned,r4f4,4,4,174,193,0,0.03107275132275132,0.18346081696081692
random_forest_tuned,r4f4,4,4,175,194,0,0.09645634920634923,0.18346081696081692
random_forest_tuned,r4f4,4,4,176,195,0,0.08942328042328043,0.18346081696081692
random_forest_tuned,r4f4,4,4,202,222,0,0.09049218374218373,0.18346081696081692
random_forest_tuned,r4f4,4,4,203,224,1,0.5949809634809634,0.18346081696081692
random_forest_tuned,r4f4,4,4,227,250,1,0.4646748436748436,0.18346081696081692
random_forest_tuned,r4f4,4,4,230,253,0,0.42438643578643576,0.18346081696081692
random_forest_tuned,r4f4,4,4,231,254,1,0.43219336219336213,0.18346081696081692
random_forest_tuned,r4f4,4,4,237,260,0,0.15155904280904284,0.18346081696081692
random_forest_tuned,r4f4,4,4,238,261,0,0.09513576238576237,0.18346081696081692
random_forest_tuned,r4f4,4,4,239,262,0,0.1396418951418952,0.18346081696081692
random_forest_tuned,r4f4,4,4,240,263,0,0.07084391534391536,0.18346081696081692
xgboost_tuned,r0f0,0,0,13,25,1,0.9079033136367798,0.1892697811126709
xgboost_tuned,r0f0,0,0,14,26,1,0.9426556825637817,0.1892697811126709
xgboost_tuned,r0f0,0,0,15,27,1,0.8872601389884949,0.1892697811126709
xgboost_tuned,r0f0,0,0,16,28,1,0.9421980977058411,0.1892697811126709
xgboost_tuned,r0f0,0,0,24,36,0,0.14629803597927094,0.1892697811126709
xgboost_tuned,r0f0,0,0,28,40,1,0.856744110584259,0.1892697811126709
xgboost_tuned,r0f0,0,0,29,41,1,0.8122719526290894,0.1892697811126709
xgboost_tuned,r0f0,0,0,30,42,1,0.9409253001213074,0.1892697811126709
xgboost_tuned,r0f0,0,0,31,43,1,0.9440464377403259,0.1892697811126709
xgboost_tuned,r0f0,0,0,41,54,0,0.2249021977186203,0.1892697811126709
xgboost_tuned,r0f0,0,0,42,55,1,0.1739838570356369,0.1892697811126709
xgboost_tuned,r0f0,0,0,43,56,1,0.23227547109127045,0.1892697811126709
xgboost_tuned,r0f0,0,0,44,57,0,0.3695348799228668,0.1892697811126709
xgboost_tuned,r0f0,0,0,62,75,0,0.01785394735634327,0.1892697811126709
xgboost_tuned,r0f0,0,0,63,76,0,0.020395172759890556,0.1892697811126709
xgboost_tuned,r0f0,0,0,66,79,0,0.2344907969236374,0.1892697811126709
xgboost_tuned,r0f0,0,0,67,82,0,0.013858303427696228,0.1892697811126709
xgboost_tuned,r0f0,0,0,78,94,0,0.5436295866966248,0.1892697811126709
xgboost_tuned,r0f0,0,0,79,95,0,0.5923529863357544,0.1892697811126709
xgboost_tuned,r0f0,0,0,96,113,0,0.060867536813020706,0.1892697811126709
xgboost_tuned,r0f0,0,0,97,115,0,0.05517689511179924,0.1892697811126709
xgboost_tuned,r0f0,0,0,98,116,0,0.04575267806649208,0.1892697811126709
xgboost_tuned,r0f0,0,0,99,117,0,0.03202332928776741,0.1892697811126709
xgboost_tuned,r0f0,0,0,100,118,0,0.08301233500242233,0.1892697811126709
xgboost_tuned,r0f0,0,0,101,119,0,0.047241900116205215,0.1892697811126709
xgboost_tuned,r0f0,0,0,102,120,0,0.050914764404296875,0.1892697811126709
xgboost_tuned,r0f0,0,0,103,121,0,0.024042122066020966,0.1892697811126709
xgboost_tuned,r0f0,0,0,104,122,0,0.021468782797455788,0.1892697811126709
xgboost_tuned,r0f0,0,0,105,123,0,0.024042122066020966,0.1892697811126709
xgboost_tuned,r0f0,0,0,106,124,0,0.007969113066792488,0.1892697811126709
xgboost_tuned,r0f0,0,0,138,157,0,0.026855962350964546,0.1892697811126709
xgboost_tuned,r0f0,0,0,139,158,0,0.02010619081556797,0.1892697811126709
xgboost_tuned,r0f0,0,0,140,159,0,0.00987046118825674,0.1892697811126709
xgboost_tuned,r0f0,0,0,141,160,0,0.012714056298136711,0.1892697811126709
xgboost_tuned,r0f0,0,0,155,174,1,0.8647103905677795,0.1892697811126709
xgboost_tuned,r0f0,0,0,156,175,1,0.842659056186676,0.1892697811126709
xgboost_tuned,r0f0,0,0,157,176,0,0.8659645318984985,0.1892697811126709
xgboost_tuned,r0f0,0,0,158,177,0,0.878219723701477,0.1892697811126709
xgboost_tuned,r0f0,0,0,161,180,0,0.1729934960603714,0.1892697811126709
xgboost_tuned,r0f0,0,0,162,181,0,0.3666670024394989,0.1892697811126709
xgboost_tuned,r0f0,0,0,163,182,1,0.7920575737953186,0.1892697811126709
xgboost_tuned,r0f0,0,0,168,187,0,0.08387875556945801,0.1892697811126709
xgboost_tuned,r0f0,0,0,169,188,0,0.04758119583129883,0.1892697811126709
xgboost_tuned,r0f0,0,0,197,217,0,0.019197992980480194,0.1892697811126709
xgboost_tuned,r0f0,0,0,198,218,0,0.007826535031199455,0.1892697811126709
xgboost_tuned,r0f0,0,0,250,273,0,0.28433939814567566,0.1892697811126709
xgboost_tuned,r0f0,0,0,251,274,0,0.8271765112876892,0.1892697811126709
xgboost_tuned,r0f1,0,1,52,65,0,0.028582250699400902,0.1673249900341034
xgboost_tuned,r0f1,0,1,53,66,0,0.01261616125702858,0.1673249900341034
xgboost_tuned,r0f1,0,1,54,67,0,0.034262701869010925,0.1673249900341034
xgboost_tuned,r0f1,0,1,55,68,0,0.035172488540410995,0.1673249900341034
xgboost_tuned,r0f1,0,1,57,70,0,0.03447208181023598,0.1673249900341034
xgboost_tuned,r0f1,0,1,58,71,0,0.08314476907253265,0.1673249900341034
xgboost_tuned,r0f1,0,1,59,72,1,0.6801417469978333,0.1673249900341034
xgboost_tuned,r0f1,0,1,60,73,0,0.03447208181023598,0.1673249900341034
xgboost_tuned,r0f1,0,1,61,74,1,0.7215195298194885,0.1673249900341034
xgboost_tuned,r0f1,0,1,72,88,1,0.7573717832565308,0.1673249900341034
xgboost_tuned,r0f1,0,1,73,89,1,0.8201484680175781,0.1673249900341034
xgboost_tuned,r0f1,0,1,74,90,1,0.81120765209198,0.1673249900341034
xgboost_tuned,r0f1,0,1,75,91,1,0.8270447254180908,0.1673249900341034
xgboost_tuned,r0f1,0,1,76,92,1,0.47028854489326477,0.1673249900341034
xgboost_tuned,r0f1,0,1,77,93,1,0.9430314302444458,0.1673249900341034
xgboost_tuned,r0f1,0,1,80,97,1,0.1718931645154953,0.1673249900341034
xgboost_tuned,r0f1,0,1,87,104,0,0.16359123587608337,0.1673249900341034
xgboost_tuned,r0f1,0,1,88,105,1,0.1718931645154953,0.1673249900341034
xgboost_tuned,r0f1,0,1,90,107,1,0.13606928288936615,0.1673249900341034
xgboost_tuned,r0f1,0,1,107,125,0,0.027676453813910484,0.1673249900341034
xgboost_tuned,r0f1,0,1,108,126,0,0.006019013002514839,0.1673249900341034
xgboost_tuned,r0f1,0,1,109,127,0,0.009188886731863022,0.1673249900341034
xgboost_tuned,r0f1,0,1,110,128,0,0.017563318833708763,0.1673249900341034
xgboost_tuned,r0f1,0,1,111,129,0,0.014338999055325985,0.1673249900341034
xgboost_tuned,r0f1,0,1,112,130,0,0.03842836245894432,0.1673249900341034
xgboost_tuned,r0f1,0,1,128,147,0,0.0066911326721310616,0.1673249900341034
xgboost_tuned,r0f1,0,1,173,192,0,0.017567425966262817,0.1673249900341034
xgboost_tuned,r0f1,0,1,174,193,0,0.00522742560133338,0.1673249900341034
xgboost_tuned,r0f1,0,1,175,194,0,0.05262251943349838,0.1673249900341034
xgboost_tuned,r0f1,0,1,176,195,0,0.09157464653253555,0.1673249900341034
xgboost_tuned,r0f1,0,1,192,212,0,0.16617628931999207,0.1673249900341034
xgboost_tuned,r0f1,0,1,204,225,0,0.0502900555729866,0.1673249900341034
xgboost_tuned,r0f1,0,1,210,231,1,0.15838931500911713,0.1673249900341034
xgboost_tuned,r0f1,0,1,221,244,0,0.0660029798746109,0.1673249900341034
xgboost_tuned,r0f1,0,1,222,245,0,0.013624250888824463,0.1673249900341034
xgboost_tuned,r0f1,0,1,226,249,0,0.31392788887023926,0.1673249900341034
xgboost_tuned,r0f1,0,1,227,250,1,0.3035336434841156,0.1673249900341034
xgboost_tuned,r0f1,0,1,228,251,0,0.2748100161552429,0.1673249900341034
xgboost_tuned,r0f1,0,1,229,252,1,0.2748100161552429,0.1673249900341034
xgboost_tuned,r0f1,0,1,230,253,0,0.09826577454805374,0.1673249900341034
xgboost_tuned,r0f1,0,1,231,254,1,0.10362943261861801,0.1673249900341034
xgboost_tuned,r0f1,0,1,237,260,0,0.052788298577070236,0.1673249900341034
xgboost_tuned,r0f1,0,1,238,261,0,0.04794355109333992,0.1673249900341034
xgboost_tuned,r0f1,0,1,239,262,0,0.081517294049263,0.1673249900341034
xgboost_tuned,r0f1,0,1,240,263,0,0.01856044866144657,0.1673249900341034
xgboost_tuned,r0f2,0,2,17,29,1,0.8250815272331238,0.2613009214401245
xgboost_tuned,r0f2,0,2,18,30,0,0.8251494765281677,0.2613009214401245
xgboost_tuned,r0f2,0,2,19,31,1,0.896362841129303,0.2613009214401245
xgboost_tuned,r0f2,0,2,20,32,1,0.9106751680374146,0.2613009214401245
xgboost_tuned,r0f2,0,2,32,44,1,0.7561861872673035,0.2613009214401245
xgboost_tuned,r0f2,0,2,33,45,0,0.8458611369132996,0.2613009214401245
xgboost_tuned,r0f2,0,2,40,52,1,0.8209901452064514,0.2613009214401245
xgboost_tuned,r0f2,0,2,56,69,1,0.5596736073493958,0.2613009214401245
xgboost_tuned,r0f2,0,2,64,77,0,0.03163369745016098,0.2613009214401245
xgboost_tuned,r0f2,0,2,65,78,0,0.02973741851747036,0.2613009214401245
xgboost_tuned,r0f2,0,2,68,84,0,0.05411357060074806,0.2613009214401245
xgboost_tuned,r0f2,0,2,69,85,0,0.0545695424079895,0.2613009214401245
xgboost_tuned,r0f2,0,2,70,86,0,0.03034714050590992,0.2613009214401245
xgboost_tuned,r0f2,0,2,71,87,0,0.03769921883940697,0.2613009214401245
xgboost_tuned,r0f2,0,2,81,98,0,0.6093732714653015,0.2613009214401245
xgboost_tuned,r0f2,0,2,82,99,0,0.6093732714653015,0.2613009214401245
xgboost_tuned,r0f2,0,2,83,100,0,0.5646430850028992,0.2613009214401245
xgboost_tuned,r0f2,0,2,84,101,0,0.6605738997459412,0.2613009214401245
xgboost_tuned,r0f2,0,2,89,106,1,0.7387773990631104,0.2613009214401245
xgboost_tuned,r0f2,0,2,91,108,1,0.7006728053092957,0.2613009214401245
xgboost_tuned,r0f2,0,2,159,178,0,0.5233404040336609,0.2613009214401245
xgboost_tuned,r0f2,0,2,160,179,1,0.8384926319122314,0.2613009214401245
xgboost_tuned,r0f2,0,2,164,183,0,0.4080764055252075,0.2613009214401245
xgboost_tuned,r0f2,0,2,165,184,0,0.6853978633880615,0.2613009214401245
xgboost_tuned,r0f2,0,2,166,185,0,0.6140812635421753,0.2613009214401245
xgboost_tuned,r0f2,0,2,167,186,0,0.5873056650161743,0.2613009214401245
xgboost_tuned,r0f2,0,2,193,213,0,0.04808668792247772,0.2613009214401245
xgboost_tuned,r0f2,0,2,194,214,0,0.3964841067790985,0.2613009214401245
xgboost_tuned,r0f2,0,2,195,215,0,0.07159509509801865,0.2613009214401245
xgboost_tuned,r0f2,0,2,196,216,0,0.025617877021431923,0.2613009214401245
xgboost_tuned,r0f2,0,2,199,219,0,0.021865271031856537,0.2613009214401245
xgboost_tuned,r0f2,0,2,200,220,0,0.06707683950662613,0.2613009214401245
xgboost_tuned,r0f2,0,2,201,221,0,0.10395915061235428,0.2613009214401245
xgboost_tuned,r0f2,0,2,205,226,0,0.008422808721661568,0.2613009214401245
xgboost_tuned,r0f2,0,2,206,227,0,0.00880565494298935,0.2613009214401245
xgboost_tuned,r0f2,0,2,211,232,0,0.02943527139723301,0.2613009214401245
xgboost_tuned,r0f2,0,2,212,233,1,0.2049386203289032,0.2613009214401245
xgboost_tuned,r0f2,0,2,213,234,1,0.2049386203289032,0.2613009214401245
xgboost_tuned,r0f2,0,2,214,235,0,0.05049457401037216,0.2613009214401245
xgboost_tuned,r0f2,0,2,215,236,0,0.1652042716741562,0.2613009214401245
xgboost_tuned,r0f2,0,2,216,238,1,0.1652042716741562,0.2613009214401245
xgboost_tuned,r0f2,0,2,217,239,0,0.017091598361730576,0.2613009214401245
xgboost_tuned,r0f2,0,2,218,240,0,0.017091598361730576,0.2613009214401245
xgboost_tuned,r0f2,0,2,246,269,0,0.1304318904876709,0.2613009214401245
xgboost_tuned,r0f2,0,2,247,270,1,0.1304318904876709,0.2613009214401245
xgboost_tuned,r0f2,0,2,248,271,0,0.0077682361006736755,0.2613009214401245
xgboost_tuned,r0f2,0,2,249,272,0,0.0077682361006736755,0.2613009214401245
xgboost_tuned,r0f3,0,3,0,1,1,0.7345836758613586,0.1983763873577118
xgboost_tuned,r0f3,0,3,1,2,0,0.28045597672462463,0.1983763873577118
xgboost_tuned,r0f3,0,3,2,3,0,0.7297571897506714,0.1983763873577118
xgboost_tuned,r0f3,0,3,3,4,0,0.276132196187973,0.1983763873577118
xgboost_tuned,r0f3,0,3,4,5,0,0.276132196187973,0.1983763873577118
xgboost_tuned,r0f3,0,3,5,6,0,0.19652032852172852,0.1983763873577118
xgboost_tuned,r0f3,0,3,6,7,1,0.3801273703575134,0.1983763873577118
xgboost_tuned,r0f3,0,3,7,8,1,0.23733022809028625,0.1983763873577118
xgboost_tuned,r0f3,0,3,8,19,1,0.8879308104515076,0.1983763873577118
xgboost_tuned,r0f3,0,3,9,20,1,0.8649531602859497,0.1983763873577118
xgboost_tuned,r0f3,0,3,10,21,1,0.852676272392273,0.1983763873577118
xgboost_tuned,r0f3,0,3,11,22,1,0.8488126397132874,0.1983763873577118
xgboost_tuned,r0f3,0,3,12,23,1,0.869940996170044,0.1983763873577118
xgboost_tuned,r0f3,0,3,21,33,0,0.2117752581834793,0.1983763873577118
xgboost_tuned,r0f3,0,3,22,34,0,0.25646787881851196,0.1983763873577118
xgboost_tuned,r0f3,0,3,23,35,0,0.359026700258255,0.1983763873577118
xgboost_tuned,r0f3,0,3,25,37,1,0.7369171977043152,0.1983763873577118
xgboost_tuned,r0f3,0,3,26,38,1,0.692404568195343,0.1983763873577118
xgboost_tuned,r0f3,0,3,27,39,1,0.8099049925804138,0.1983763873577118
xgboost_tuned,r0f3,0,3,34,46,1,0.2175437957048416,0.1983763873577118
xgboost_tuned,r0f3,0,3,35,47,1,0.4422949254512787,0.1983763873577118
xgboost_tuned,r0f3,0,3,36,48,1,0.20639555156230927,0.1983763873577118
xgboost_tuned,r0f3,0,3,37,49,0,0.2336280643939972,0.1983763873577118
xgboost_tuned,r0f3,0,3,38,50,0,0.3193298280239105,0.1983763873577118
xgboost_tuned,r0f3,0,3,39,51,1,0.4024084508419037,0.1983763873577118
xgboost_tuned,r0f3,0,3,121,140,0,0.05768802762031555,0.1983763873577118
xgboost_tuned,r0f3,0,3,122,141,0,0.03956291452050209,0.1983763873577118
xgboost_tuned,r0f3,0,3,123,142,0,0.09595344960689545,0.1983763873577118
xgboost_tuned,r0f3,0,3,124,143,0,0.12292692065238953,0.1983763873577118
xgboost_tuned,r0f3,0,3,125,144,0,0.1367780864238739,0.1983763873577118
xgboost_tuned,r0f3,0,3,126,145,0,0.16302087903022766,0.1983763873577118
xgboost_tuned,r0f3,0,3,127,146,0,0.18077193200588226,0.1983763873577118
xgboost_tuned,r0f3,0,3,129,148,1,0.2551115155220032,0.1983763873577118
xgboost_tuned,r0f3,0,3,130,149,1,0.5678911805152893,0.1983763873577118
xgboost_tuned,r0f3,0,3,131,150,0,0.36719125509262085,0.1983763873577118
xgboost_tuned,r0f3,0,3,147,166,0,0.03797250613570213,0.1983763873577118
xgboost_tuned,r0f3,0,3,148,167,0,0.098716601729393,0.1983763873577118
xgboost_tuned,r0f3,0,3,149,168,1,0.23270902037620544,0.1983763873577118
xgboost_tuned,r0f3,0,3,150,169,0,0.27252212166786194,0.1983763873577118
xgboost_tuned,r0f3,0,3,151,170,0,0.2548608183860779,0.1983763873577118
xgboost_tuned,r0f3,0,3,177,196,0,0.2406221181154251,0.1983763873577118
xgboost_tuned,r0f3,0,3,178,197,0,0.1993326097726822,0.1983763873577118
xgboost_tuned,r0f3,0,3,179,198,1,0.37102222442626953,0.1983763873577118
xgboost_tuned,r0f3,0,3,180,199,0,0.21417264640331268,0.1983763873577118
xgboost_tuned,r0f3,0,3,181,200,0,0.17734351754188538,0.1983763873577118
xgboost_tuned,r0f3,0,3,182,201,0,0.14990010857582092,0.1983763873577118
xgboost_tuned,r0f3,0,3,183,202,0,0.20646457374095917,0.1983763873577118
xgboost_tuned,r0f3,0,3,184,203,0,0.18415439128875732,0.1983763873577118
xgboost_tuned,r0f3,0,3,185,204,1,0.23152098059654236,0.1983763873577118
xgboost_tuned,r0f3,0,3,186,205,1,0.22631299495697021,0.1983763873577118
xgboost_tuned,r0f3,0,3,187,206,1,0.23135899007320404,0.1983763873577118
xgboost_tuned,r0f3,0,3,188,207,1,0.26067307591438293,0.1983763873577118
xgboost_tuned,r0f3,0,3,189,208,1,0.24294766783714294,0.1983763873577118
xgboost_tuned,r0f3,0,3,207,228,0,0.4393709897994995,0.1983763873577118
xgboost_tuned,r0f3,0,3,208,229,1,0.42303502559661865,0.1983763873577118
xgboost_tuned,r0f3,0,3,209,230,0,0.3224051296710968,0.1983763873577118
xgboost_tuned,r0f3,0,3,219,241,0,0.04434364289045334,0.1983763873577118
xgboost_tuned,r0f3,0,3,220,243,0,0.681024432182312,0.1983763873577118
xgboost_tuned,r0f3,0,3,225,248,0,0.04566836729645729,0.1983763873577118
xgboost_tuned,r0f3,0,3,232,255,0,0.25878793001174927,0.1983763873577118
xgboost_tuned,r0f3,0,3,233,256,0,0.25878793001174927,0.1983763873577118
xgboost_tuned,r0f3,0,3,234,257,0,0.2698228061199188,0.1983763873577118
xgboost_tuned,r0f3,0,3,235,258,0,0.2771848738193512,0.1983763873577118
xgboost_tuned,r0f3,0,3,236,259,0,0.267022967338562,0.1983763873577118
xgboost_tuned,r0f3,0,3,241,264,0,0.07680616527795792,0.1983763873577118
xgboost_tuned,r0f3,0,3,242,265,0,0.08495086431503296,0.1983763873577118
xgboost_tuned,r0f3,0,3,243,266,0,0.2099633514881134,0.1983763873577118
xgboost_tuned,r0f3,0,3,244,267,0,0.4076131284236908,0.1983763873577118
xgboost_tuned,r0f3,0,3,245,268,0,0.3326427936553955,0.1983763873577118
xgboost_tuned,r0f4,0,4,45,58,0,0.013725616969168186,0.11716204881668091
xgboost_tuned,r0f4,0,4,46,59,0,0.010314387269318104,0.11716204881668091
xgboost_tuned,r0f4,0,4,47,60,0,0.016600539907813072,0.11716204881668091
xgboost_tuned,r0f4,0,4,48,61,0,0.013725616969168186,0.11716204881668091
xgboost_tuned,r0f4,0,4,49,62,0,0.028931865468621254,0.11716204881668091
xgboost_tuned,r0f4,0,4,50,63,1,0.8512671589851379,0.11716204881668091
xgboost_tuned,r0f4,0,4,51,64,0,0.4357599914073944,0.11716204881668091
xgboost_tuned,r0f4,0,4,85,102,0,0.060667093843221664,0.11716204881668091
xgboost_tuned,r0f4,0,4,86,103,0,0.045295942574739456,0.11716204881668091
xgboost_tuned,r0f4,0,4,92,109,0,0.06900523602962494,0.11716204881668091
xgboost_tuned,r0f4,0,4,93,110,0,0.03542876988649368,0.11716204881668091
xgboost_tuned,r0f4,0,4,94,111,1,0.08342640846967697,0.11716204881668091
xgboost_tuned,r0f4,0,4,95,112,1,0.045214369893074036,0.11716204881668091
xgboost_tuned,r0f4,0,4,113,131,1,0.908522367477417,0.11716204881668091
xgboost_tuned,r0f4,0,4,114,132,1,0.9344623684883118,0.11716204881668091
xgboost_tuned,r0f4,0,4,115,133,1,0.16487443447113037,0.11716204881668091
xgboost_tuned,r0f4,0,4,116,134,0,0.12640099227428436,0.11716204881668091
xgboost_tuned,r0f4,0,4,117,135,1,0.9157705307006836,0.11716204881668091
xgboost_tuned,r0f4,0,4,118,136,1,0.37464234232902527,0.11716204881668091
xgboost_tuned,r0f4,0,4,119,137,1,0.28486931324005127,0.11716204881668091
xgboost_tuned,r0f4,0,4,120,139,1,0.9306655526161194,0.11716204881668091
xgboost_tuned,r0f4,0,4,132,151,1,0.014037137851119041,0.11716204881668091
xgboost_tuned,r0f4,0,4,133,152,0,0.003479165956377983,0.11716204881668091
xgboost_tuned,r0f4,0,4,134,153,0,0.020221257582306862,0.11716204881668091
xgboost_tuned,r0f4,0,4,135,154,0,0.015134517103433609,0.11716204881668091
xgboost_tuned,r0f4,0,4,136,155,0,0.34002184867858887,0.11716204881668091
xgboost_tuned,r0f4,0,4,137,156,1,0.8218116760253906,0.11716204881668091
xgboost_tuned,r0f4,0,4,142,161,0,0.0031455170828849077,0.11716204881668091
xgboost_tuned,r0f4,0,4,143,162,0,0.0019268637988716364,0.11716204881668091
xgboost_tuned,r0f4,0,4,144,163,0,0.006329159252345562,0.11716204881668091
xgboost_tuned,r0f4,0,4,145,164,0,0.005084649194031954,0.11716204881668091
xgboost_tuned,r0f4,0,4,146,165,0,0.8218116760253906,0.11716204881668091
xgboost_tuned,r0f4,0,4,152,171,0,0.009553581476211548,0.11716204881668091
xgboost_tuned,r0f4,0,4,153,172,0,0.12666727602481842,0.11716204881668091
xgboost_tuned,r0f4,0,4,154,173,1,0.6552819013595581,0.11716204881668091
xgboost_tuned,r0f4,0,4,170,189,0,0.006252487190067768,0.11716204881668091
xgboost_tuned,r0f4,0,4,171,190,0,0.010816738940775394,0.11716204881668091
xgboost_tuned,r0f4,0,4,172,191,0,0.06799785792827606,0.11716204881668091
xgboost_tuned,r0f4,0,4,190,209,0,0.01303454302251339,0.11716204881668091
xgboost_tuned,r0f4,0,4,191,211,0,0.11549615859985352,0.11716204881668091
xgboost_tuned,r0f4,0,4,202,222,0,0.019940558820962906,0.11716204881668091
xgboost_tuned,r0f4,0,4,203,224,1,0.9522678852081299,0.11716204881668091
xgboost_tuned,r0f4,0,4,223,246,0,0.00043794329394586384,0.11716204881668091
xgboost_tuned,r0f4,0,4,224,247,0,0.006483233533799648,0.11716204881668091
xgboost_tuned,r1f0,1,0,8,19,1,0.9402520060539246,0.1675906479358673
xgboost_tuned,r1f0,1,0,9,20,1,0.9199158549308777,0.1675906479358673
xgboost_tuned,r1f0,1,0,10,21,1,0.9199158549308777,0.1675906479358673
xgboost_tuned,r1f0,1,0,11,22,1,0.9199158549308777,0.1675906479358673
xgboost_tuned,r1f0,1,0,12,23,1,0.9642819762229919,0.1675906479358673
xgboost_tuned,r1f0,1,0,25,37,1,0.6930683255195618,0.1675906479358673
xgboost_tuned,r1f0,1,0,26,38,1,0.7241575717926025,0.1675906479358673
xgboost_tuned,r1f0,1,0,27,39,1,0.9288051724433899,0.1675906479358673
xgboost_tuned,r1f0,1,0,45,58,0,0.09212116152048111,0.1675906479358673
xgboost_tuned,r1f0,1,0,46,59,0,0.06111976131796837,0.1675906479358673
xgboost_tuned,r1f0,1,0,47,60,0,0.11052430421113968,0.1675906479358673
xgboost_tuned,r1f0,1,0,48,61,0,0.09212116152048111,0.1675906479358673
xgboost_tuned,r1f0,1,0,49,62,0,0.1494678556919098,0.1675906479358673
xgboost_tuned,r1f0,1,0,50,63,1,0.6283277869224548,0.1675906479358673
xgboost_tuned,r1f0,1,0,51,64,0,0.2324458509683609,0.1675906479358673
xgboost_tuned,r1f0,1,0,62,75,0,0.03059195540845394,0.1675906479358673
xgboost_tuned,r1f0,1,0,63,76,0,0.04042882099747658,0.1675906479358673
xgboost_tuned,r1f0,1,0,66,79,0,0.11498206108808517,0.1675906479358673
xgboost_tuned,r1f0,1,0,67,82,0,0.01794058457016945,0.1675906479358673
xgboost_tuned,r1f0,1,0,85,102,0,0.11009488999843597,0.1675906479358673
xgboost_tuned,r1f0,1,0,86,103,0,0.07453648000955582,0.1675906479358673
xgboost_tuned,r1f0,1,0,92,109,0,0.11209475249052048,0.1675906479358673
xgboost_tuned,r1f0,1,0,93,110,0,0.12323562800884247,0.1675906479358673
xgboost_tuned,r1f0,1,0,94,111,1,0.11538152396678925,0.1675906479358673
xgboost_tuned,r1f0,1,0,95,112,1,0.07091156393289566,0.1675906479358673
xgboost_tuned,r1f0,1,0,142,161,0,0.014176390133798122,0.1675906479358673
xgboost_tuned,r1f0,1,0,143,162,0,0.010074409656226635,0.1675906479358673
xgboost_tuned,r1f0,1,0,144,163,0,0.012026848271489143,0.1675906479358673
xgboost_tuned,r1f0,1,0,145,164,0,0.012026848271489143,0.1675906479358673
xgboost_tuned,r1f0,1,0,161,180,0,0.12552739679813385,0.1675906479358673
xgboost_tuned,r1f0,1,0,162,181,0,0.18862256407737732,0.1675906479358673
xgboost_tuned,r1f0,1,0,163,182,1,0.8485593199729919,0.1675906479358673
xgboost_tuned,r1f0,1,0,168,187,0,0.06718584150075912,0.1675906479358673
xgboost_tuned,r1f0,1,0,169,188,0,0.036132875829935074,0.1675906479358673
xgboost_tuned,r1f0,1,0,197,217,0,0.019086487591266632,0.1675906479358673
xgboost_tuned,r1f0,1,0,198,218,0,0.016418764367699623,0.1675906479358673
xgboost_tuned,r1f0,1,0,204,225,0,0.0618998184800148,0.1675906479358673
xgboost_tuned,r1f0,1,0,210,231,1,0.23434023559093475,0.1675906479358673
xgboost_tuned,r1f0,1,0,219,241,0,0.01342516578733921,0.1675906479358673
xgboost_tuned,r1f0,1,0,220,243,0,0.8397408723831177,0.1675906479358673
xgboost_tuned,r1f0,1,0,241,264,0,0.019125740975141525,0.1675906479358673
xgboost_tuned,r1f0,1,0,242,265,0,0.019453581422567368,0.1675906479358673
xgboost_tuned,r1f0,1,0,243,266,0,0.025348689407110214,0.1675906479358673
xgboost_tuned,r1f0,1,0,244,267,0,0.29939183592796326,0.1675906479358673
xgboost_tuned,r1f0,1,0,245,268,0,0.21252456307411194,0.1675906479358673
xgboost_tuned,r1f1,1,1,0,1,1,0.4922551214694977,0.12670305371284485
xgboost_tuned,r1f1,1,1,1,2,0,0.45548930764198303,0.12670305371284485
xgboost_tuned,r1f1,1,1,2,3,0,0.4764295816421509,0.12670305371284485
xgboost_tuned,r1f1,1,1,3,4,0,0.4290841519832611,0.12670305371284485
xgboost_tuned,r1f1,1,1,4,5,0,0.4290841519832611,0.12670305371284485
xgboost_tuned,r1f1,1,1,5,6,0,0.1523406207561493,0.12670305371284485
xgboost_tuned,r1f1,1,1,6,7,1,0.8317859768867493,0.12670305371284485
xgboost_tuned,r1f1,1,1,7,8,1,0.3862571716308594,0.12670305371284485
xgboost_tuned,r1f1,1,1,21,33,0,0.1674821376800537,0.12670305371284485
xgboost_tuned,r1f1,1,1,22,34,0,0.14764073491096497,0.12670305371284485
xgboost_tuned,r1f1,1,1,23,35,0,0.2327347695827484,0.12670305371284485
xgboost_tuned,r1f1,1,1,34,46,1,0.11236865818500519,0.12670305371284485
xgboost_tuned,r1f1,1,1,35,47,1,0.28193145990371704,0.12670305371284485
xgboost_tuned,r1f1,1,1,36,48,1,0.14764073491096497,0.12670305371284485
xgboost_tuned,r1f1,1,1,37,49,0,0.23260724544525146,0.12670305371284485
xgboost_tuned,r1f1,1,1,38,50,0,0.2327347695827484,0.12670305371284485
xgboost_tuned,r1f1,1,1,39,51,1,0.43810707330703735,0.12670305371284485
xgboost_tuned,r1f1,1,1,52,65,0,0.028234289959073067,0.12670305371284485
xgboost_tuned,r1f1,1,1,53,66,0,0.017770016565918922,0.12670305371284485
xgboost_tuned,r1f1,1,1,54,67,0,0.02865779772400856,0.12670305371284485
xgboost_tuned,r1f1,1,1,55,68,0,0.014261949807405472,0.12670305371284485
xgboost_tuned,r1f1,1,1,57,70,0,0.05367617681622505,0.12670305371284485
xgboost_tuned,r1f1,1,1,58,71,0,0.10548029094934464,0.12670305371284485
xgboost_tuned,r1f1,1,1,59,72,1,0.5452515482902527,0.12670305371284485
xgboost_tuned,r1f1,1,1,60,73,0,0.05367617681622505,0.12670305371284485
xgboost_tuned,r1f1,1,1,61,74,1,0.5601712465286255,0.12670305371284485
xgboost_tuned,r1f1,1,1,80,97,1,0.21530021727085114,0.12670305371284485
xgboost_tuned,r1f1,1,1,87,104,0,0.21530021727085114,0.12670305371284485
xgboost_tuned,r1f1,1,1,88,105,1,0.21917766332626343,0.12670305371284485
xgboost_tuned,r1f1,1,1,90,107,1,0.2351355105638504,0.12670305371284485
xgboost_tuned,r1f1,1,1,107,125,0,0.023016640916466713,0.12670305371284485
xgboost_tuned,r1f1,1,1,108,126,0,0.015283345244824886,0.12670305371284485
xgboost_tuned,r1f1,1,1,109,127,0,0.013506755232810974,0.12670305371284485
xgboost_tuned,r1f1,1,1,110,128,0,0.040132272988557816,0.12670305371284485
xgboost_tuned,r1f1,1,1,111,129,0,0.018850093707442284,0.12670305371284485
xgboost_tuned,r1f1,1,1,112,130,0,0.041191525757312775,0.12670305371284485
xgboost_tuned,r1f1,1,1,113,131,1,0.8489914536476135,0.12670305371284485
xgboost_tuned,r1f1,1,1,114,132,1,0.47660204768180847,0.12670305371284485
xgboost_tuned,r1f1,1,1,115,133,1,0.24362094700336456,0.12670305371284485
xgboost_tuned,r1f1,1,1,116,134,0,0.23801542818546295,0.12670305371284485
xgboost_tuned,r1f1,1,1,117,135,1,0.46836110949516296,0.12670305371284485
xgboost_tuned,r1f1,1,1,118,136,1,0.27611657977104187,0.12670305371284485
xgboost_tuned,r1f1,1,1,119,137,1,0.24362094700336456,0.12670305371284485
xgboost_tuned,r1f1,1,1,120,139,1,0.8139715790748596,0.12670305371284485
xgboost_tuned,r1f1,1,1,128,147,0,0.012633547186851501,0.12670305371284485
xgboost_tuned,r1f1,1,1,138,157,0,0.036322031170129776,0.12670305371284485
xgboost_tuned,r1f1,1,1,139,158,0,0.03155072033405304,0.12670305371284485
xgboost_tuned,r1f1,1,1,140,159,0,0.010444819927215576,0.12670305371284485
xgboost_tuned,r1f1,1,1,141,160,0,0.011954697780311108,0.12670305371284485
xgboost_tuned,r1f1,1,1,183,202,0,0.13253813982009888,0.12670305371284485
xgboost_tuned,r1f1,1,1,184,203,0,0.144523024559021,0.12670305371284485
xgboost_tuned,r1f1,1,1,185,204,1,0.23864997923374176,0.12670305371284485
xgboost_tuned,r1f1,1,1,186,205,1,0.22888897359371185,0.12670305371284485
xgboost_tuned,r1f1,1,1,187,206,1,0.3301892876625061,0.12670305371284485
xgboost_tuned,r1f1,1,1,188,207,1,0.5576506853103638,0.12670305371284485
xgboost_tuned,r1f1,1,1,189,208,1,0.4098070561885834,0.12670305371284485
xgboost_tuned,r1f1,1,1,190,209,0,0.04394622892141342,0.12670305371284485
xgboost_tuned,r1f1,1,1,191,211,0,0.12442455440759659,0.12670305371284485
xgboost_tuned,r1f1,1,1,192,212,0,0.1816169023513794,0.12670305371284485
xgboost_tuned,r1f1,1,1,207,228,0,0.2015400379896164,0.12670305371284485
xgboost_tuned,r1f1,1,1,208,229,1,0.4482538402080536,0.12670305371284485
xgboost_tuned,r1f1,1,1,209,230,0,0.2327347695827484,0.12670305371284485
xgboost_tuned,r1f1,1,1,214,235,0,0.04530712962150574,0.12670305371284485
xgboost_tuned,r1f1,1,1,215,236,0,0.3608613908290863,0.12670305371284485
xgboost_tuned,r1f1,1,1,216,238,1,0.3608613908290863,0.12670305371284485
xgboost_tuned,r1f1,1,1,217,239,0,0.009861302562057972,0.12670305371284485
xgboost_tuned,r1f1,1,1,218,240,0,0.00840015895664692,0.12670305371284485
xgboost_tuned,r1f2,1,2,24,36,0,0.2347167283296585,0.1795632243156433
xgboost_tuned,r1f2,1,2,41,54,0,0.17734703421592712,0.1795632243156433
xgboost_tuned,r1f2,1,2,42,55,1,0.19808462262153625,0.1795632243156433
xgboost_tuned,r1f2,1,2,43,56,1,0.3109646439552307,0.1795632243156433
xgboost_tuned,r1f2,1,2,44,57,0,0.44020262360572815,0.1795632243156433
xgboost_tuned,r1f2,1,2,72,88,1,0.9305833578109741,0.1795632243156433
xgboost_tuned,r1f2,1,2,73,89,1,0.9242153167724609,0.1795632243156433
xgboost_tuned,r1f2,1,2,74,90,1,0.9281815886497498,0.1795632243156433
xgboost_tuned,r1f2,1,2,75,91,1,0.936079204082489,0.1795632243156433
xgboost_tuned,r1f2,1,2,76,92,1,0.8106275200843811,0.1795632243156433
xgboost_tuned,r1f2,1,2,77,93,1,0.9546907544136047,0.1795632243156433
xgboost_tuned,r1f2,1,2,78,94,0,0.6767698526382446,0.1795632243156433
xgboost_tuned,r1f2,1,2,79,95,0,0.7293872833251953,0.1795632243156433
xgboost_tuned,r1f2,1,2,96,113,0,0.052097756415605545,0.1795632243156433
xgboost_tuned,r1f2,1,2,97,115,0,0.04989030957221985,0.1795632243156433
xgboost_tuned,r1f2,1,2,98,116,0,0.04874939098954201,0.1795632243156433
xgboost_tuned,r1f2,1,2,99,117,0,0.031082667410373688,0.1795632243156433
xgboost_tuned,r1f2,1,2,100,118,0,0.07112375646829605,0.1795632243156433
xgboost_tuned,r1f2,1,2,121,140,0,0.014014441519975662,0.1795632243156433
xgboost_tuned,r1f2,1,2,122,141,0,0.008139651268720627,0.1795632243156433
xgboost_tuned,r1f2,1,2,123,142,0,0.06795501708984375,0.1795632243156433
xgboost_tuned,r1f2,1,2,124,143,0,0.06509975343942642,0.1795632243156433
xgboost_tuned,r1f2,1,2,132,151,1,0.01621188223361969,0.1795632243156433
xgboost_tuned,r1f2,1,2,133,152,0,0.01570839062333107,0.1795632243156433
xgboost_tuned,r1f2,1,2,134,153,0,0.026891501620411873,0.1795632243156433
xgboost_tuned,r1f2,1,2,135,154,0,0.033746130764484406,0.1795632243156433
xgboost_tuned,r1f2,1,2,136,155,0,0.24374882876873016,0.1795632243156433
xgboost_tuned,r1f2,1,2,137,156,1,0.8294245004653931,0.1795632243156433
xgboost_tuned,r1f2,1,2,146,165,0,0.825798749923706,0.1795632243156433
xgboost_tuned,r1f2,1,2,147,166,0,0.006321489345282316,0.1795632243156433
xgboost_tuned,r1f2,1,2,148,167,0,0.027689160779118538,0.1795632243156433
xgboost_tuned,r1f2,1,2,152,171,0,0.02751385234296322,0.1795632243156433
xgboost_tuned,r1f2,1,2,153,172,0,0.32911819219589233,0.1795632243156433
xgboost_tuned,r1f2,1,2,154,173,1,0.6966478228569031,0.1795632243156433
xgboost_tuned,r1f2,1,2,155,174,1,0.8531634211540222,0.1795632243156433
xgboost_tuned,r1f2,1,2,156,175,1,0.8233996629714966,0.1795632243156433
xgboost_tuned,r1f2,1,2,157,176,0,0.8940199613571167,0.1795632243156433
xgboost_tuned,r1f2,1,2,158,177,0,0.8983685374259949,0.1795632243156433
xgboost_tuned,r1f2,1,2,170,189,0,0.012537674978375435,0.1795632243156433
xgboost_tuned,r1f2,1,2,171,190,0,0.016589941456913948,0.1795632243156433
xgboost_tuned,r1f2,1,2,172,191,0,0.16113325953483582,0.1795632243156433
xgboost_tuned,r1f2,1,2,173,192,0,0.012066897936165333,0.1795632243156433
xgboost_tuned,r1f2,1,2,174,193,0,0.009182598441839218,0.1795632243156433
xgboost_tuned,r1f2,1,2,175,194,0,0.09924410283565521,0.1795632243156433
xgboost_tuned,r1f2,1,2,176,195,0,0.1907583624124527,0.1795632243156433
xgboost_tuned,r1f2,1,2,227,250,1,0.1735682636499405,0.1795632243156433
xgboost_tuned,r1f2,1,2,230,253,0,0.09592330455780029,0.1795632243156433
xgboost_tuned,r1f2,1,2,231,254,1,0.11183418333530426,0.1795632243156433
xgboost_tuned,r1f3,1,3,13,25,1,0.8933797478675842,0.2215954214334488
xgboost_tuned,r1f3,1,3,14,26,1,0.9378739595413208,0.2215954214334488
xgboost_tuned,r1f3,1,3,15,27,1,0.881279706954956,0.2215954214334488
xgboost_tuned,r1f3,1,3,16,28,1,0.9600676894187927,0.2215954214334488
xgboost_tuned,r1f3,1,3,28,40,1,0.7567896842956543,0.2215954214334488
xgboost_tuned,r1f3,1,3,29,41,1,0.8263700604438782,0.2215954214334488
xgboost_tuned,r1f3,1,3,30,42,1,0.9245147109031677,0.2215954214334488
xgboost_tuned,r1f3,1,3,31,43,1,0.9208364486694336,0.2215954214334488
xgboost_tuned,r1f3,1,3,56,69,1,0.6251910328865051,0.2215954214334488
xgboost_tuned,r1f3,1,3,64,77,0,0.014574125409126282,0.2215954214334488
xgboost_tuned,r1f3,1,3,65,78,0,0.017416002228856087,0.2215954214334488
xgboost_tuned,r1f3,1,3,101,119,0,0.036654867231845856,0.2215954214334488
xgboost_tuned,r1f3,1,3,102,120,0,0.036864522844552994,0.2215954214334488
xgboost_tuned,r1f3,1,3,103,121,0,0.019112762063741684,0.2215954214334488
xgboost_tuned,r1f3,1,3,104,122,0,0.017155759036540985,0.2215954214334488
xgboost_tuned,r1f3,1,3,105,123,0,0.019112762063741684,0.2215954214334488
xgboost_tuned,r1f3,1,3,106,124,0,0.009005828760564327,0.2215954214334488
xgboost_tuned,r1f3,1,3,193,213,0,0.03607992082834244,0.2215954214334488
xgboost_tuned,r1f3,1,3,194,214,0,0.38182345032691956,0.2215954214334488
xgboost_tuned,r1f3,1,3,195,215,0,0.06150225177407265,0.2215954214334488
xgboost_tuned,r1f3,1,3,196,216,0,0.012471863068640232,0.2215954214334488
xgboost_tuned,r1f3,1,3,202,222,0,0.03491687774658203,0.2215954214334488
xgboost_tuned,r1f3,1,3,203,224,1,0.6264621615409851,0.2215954214334488
xgboost_tuned,r1f3,1,3,205,226,0,0.011169075034558773,0.2215954214334488
xgboost_tuned,r1f3,1,3,206,227,0,0.011185829527676105,0.2215954214334488
xgboost_tuned,r1f3,1,3,211,232,0,0.06487381458282471,0.2215954214334488
xgboost_tuned,r1f3,1,3,212,233,1,0.3171924352645874,0.2215954214334488
xgboost_tuned,r1f3,1,3,213,234,1,0.31936952471733093,0.2215954214334488
xgboost_tuned,r1f3,1,3,221,244,0,0.056766998022794724,0.2215954214334488
xgboost_tuned,r1f3,1,3,222,245,0,0.01577579975128174,0.2215954214334488
xgboost_tuned,r1f3,1,3,223,246,0,0.005508140195161104,0.2215954214334488
xgboost_tuned,r1f3,1,3,224,247,0,0.04599447548389435,0.2215954214334488
xgboost_tuned,r1f3,1,3,232,255,0,0.5108603835105896,0.2215954214334488
xgboost_tuned,r1f3,1,3,233,256,0,0.5158110857009888,0.2215954214334488
xgboost_tuned,r1f3,1,3,234,257,0,0.42609429359436035,0.2215954214334488
xgboost_tuned,r1f3,1,3,235,258,0,0.6061797142028809,0.2215954214334488
xgboost_tuned,r1f3,1,3,236,259,0,0.7671297192573547,0.2215954214334488
xgboost_tuned,r1f3,1,3,237,260,0,0.09499358385801315,0.2215954214334488
xgboost_tuned,r1f3,1,3,238,261,0,0.15761388838291168,0.2215954214334488
xgboost_tuned,r1f3,1,3,239,262,0,0.14860866963863373,0.2215954214334488
xgboost_tuned,r1f3,1,3,240,263,0,0.08040641248226166,0.2215954214334488
xgboost_tuned,r1f3,1,3,246,269,0,0.16622169315814972,0.2215954214334488
xgboost_tuned,r1f3,1,3,247,270,1,0.25732430815696716,0.2215954214334488
xgboost_tuned,r1f3,1,3,248,271,0,0.021247902885079384,0.2215954214334488
xgboost_tuned,r1f3,1,3,249,272,0,0.020593421533703804,0.2215954214334488
xgboost_tuned,r1f3,1,3,250,273,0,0.3514593541622162,0.2215954214334488
xgboost_tuned,r1f3,1,3,251,274,0,0.870224118232727,0.2215954214334488
xgboost_tuned,r1f4,1,4,17,29,1,0.7392789125442505,0.33516061305999756
xgboost_tuned,r1f4,1,4,18,30,0,0.7380290627479553,0.33516061305999756
xgboost_tuned,r1f4,1,4,19,31,1,0.8325501680374146,0.33516061305999756
xgboost_tuned,r1f4,1,4,20,32,1,0.9217826128005981,0.33516061305999756
xgboost_tuned,r1f4,1,4,32,44,1,0.7813296318054199,0.33516061305999756
xgboost_tuned,r1f4,1,4,33,45,0,0.7852829694747925,0.33516061305999756
xgboost_tuned,r1f4,1,4,40,52,1,0.7015166282653809,0.33516061305999756
xgboost_tuned,r1f4,1,4,68,84,0,0.052268628031015396,0.33516061305999756
xgboost_tuned,r1f4,1,4,69,85,0,0.034744516015052795,0.33516061305999756
xgboost_tuned,r1f4,1,4,70,86,0,0.025212235748767853,0.33516061305999756
xgboost_tuned,r1f4,1,4,71,87,0,0.0258155707269907,0.33516061305999756
xgboost_tuned,r1f4,1,4,81,98,0,0.5525571703910828,0.33516061305999756
xgboost_tuned,r1f4,1,4,82,99,0,0.5958146452903748,0.33516061305999756
xgboost_tuned,r1f4,1,4,83,100,0,0.3454991281032562,0.33516061305999756
xgboost_tuned,r1f4,1,4,84,101,0,0.5653911828994751,0.33516061305999756
xgboost_tuned,r1f4,1,4,89,106,1,0.7173486351966858,0.33516061305999756
xgboost_tuned,r1f4,1,4,91,108,1,0.7627134919166565,0.33516061305999756
xgboost_tuned,r1f4,1,4,125,144,0,0.06730810552835464,0.33516061305999756
xgboost_tuned,r1f4,1,4,126,145,0,0.04999804496765137,0.33516061305999756
xgboost_tuned,r1f4,1,4,127,146,0,0.07328503578901291,0.33516061305999756
xgboost_tuned,r1f4,1,4,129,148,1,0.5217571258544922,0.33516061305999756
xgboost_tuned,r1f4,1,4,130,149,1,0.8754667043685913,0.33516061305999756
xgboost_tuned,r1f4,1,4,131,150,0,0.3757382035255432,0.33516061305999756
xgboost_tuned,r1f4,1,4,149,168,1,0.14242157340049744,0.33516061305999756
xgboost_tuned,r1f4,1,4,150,169,0,0.193811297416687,0.33516061305999756
xgboost_tuned,r1f4,1,4,151,170,0,0.290077269077301,0.33516061305999756
xgboost_tuned,r1f4,1,4,159,178,0,0.5213825702667236,0.33516061305999756
xgboost_tuned,r1f4,1,4,160,179,1,0.8324165344238281,0.33516061305999756
xgboost_tuned,r1f4,1,4,164,183,0,0.5468018651008606,0.33516061305999756
xgboost_tuned,r1f4,1,4,165,184,0,0.7170932292938232,0.33516061305999756
xgboost_tuned,r1f4,1,4,166,185,0,0.5366817116737366,0.33516061305999756
xgboost_tuned,r1f4,1,4,167,186,0,0.5068804025650024,0.33516061305999756
xgboost_tuned,r1f4,1,4,177,196,0,0.4538950026035309,0.33516061305999756
xgboost_tuned,r1f4,1,4,178,197,0,0.2478116899728775,0.33516061305999756
xgboost_tuned,r1f4,1,4,179,198,1,0.6987742781639099,0.33516061305999756
xgboost_tuned,r1f4,1,4,180,199,0,0.428826242685318,0.33516061305999756
xgboost_tuned,r1f4,1,4,181,200,0,0.18050600588321686,0.33516061305999756
xgboost_tuned,r1f4,1,4,182,201,0,0.21996431052684784,0.33516061305999756
xgboost_tuned,r1f4,1,4,199,219,0,0.005252145696431398,0.33516061305999756
xgboost_tuned,r1f4,1,4,200,220,0,0.018538421019911766,0.33516061305999756
xgboost_tuned,r1f4,1,4,201,221,0,0.06421426683664322,0.33516061305999756
xgboost_tuned,r1f4,1,4,225,248,0,0.012923981994390488,0.33516061305999756
xgboost_tuned,r1f4,1,4,226,249,0,0.365657776594162,0.33516061305999756
xgboost_tuned,r1f4,1,4,228,251,0,0.4853728711605072,0.33516061305999756
xgboost_tuned,r1f4,1,4,229,252,1,0.5690140724182129,0.33516061305999756
xgboost_tuned,r2f0,2,0,13,25,1,0.9002322554588318,0.1337062567472458
xgboost_tuned,r2f0,2,0,14,26,1,0.9415827989578247,0.1337062567472458
xgboost_tuned,r2f0,2,0,15,27,1,0.880818784236908,0.1337062567472458
xgboost_tuned,r2f0,2,0,16,28,1,0.9579101800918579,0.1337062567472458
xgboost_tuned,r2f0,2,0,28,40,1,0.7255108952522278,0.1337062567472458
xgboost_tuned,r2f0,2,0,29,41,1,0.8000169992446899,0.1337062567472458
xgboost_tuned,r2f0,2,0,30,42,1,0.9114369750022888,0.1337062567472458
xgboost_tuned,r2f0,2,0,31,43,1,0.9114369750022888,0.1337062567472458
xgboost_tuned,r2f0,2,0,52,65,0,0.026952680200338364,0.1337062567472458
xgboost_tuned,r2f0,2,0,53,66,0,0.01243898831307888,0.1337062567472458
xgboost_tuned,r2f0,2,0,54,67,0,0.02758459374308586,0.1337062567472458
xgboost_tuned,r2f0,2,0,55,68,0,0.02804688550531864,0.1337062567472458
xgboost_tuned,r2f0,2,0,57,70,0,0.02355927787721157,0.1337062567472458
xgboost_tuned,r2f0,2,0,58,71,0,0.07706891000270844,0.1337062567472458
xgboost_tuned,r2f0,2,0,59,72,1,0.6190221309661865,0.1337062567472458
xgboost_tuned,r2f0,2,0,60,73,0,0.02355927787721157,0.1337062567472458
xgboost_tuned,r2f0,2,0,61,74,1,0.65524822473526,0.1337062567472458
xgboost_tuned,r2f0,2,0,85,102,0,0.11114540696144104,0.1337062567472458
xgboost_tuned,r2f0,2,0,86,103,0,0.06470748782157898,0.1337062567472458
xgboost_tuned,r2f0,2,0,92,109,0,0.15195772051811218,0.1337062567472458
xgboost_tuned,r2f0,2,0,93,110,0,0.06251353770494461,0.1337062567472458
xgboost_tuned,r2f0,2,0,94,111,1,0.10841699689626694,0.1337062567472458
xgboost_tuned,r2f0,2,0,95,112,1,0.09379523247480392,0.1337062567472458
xgboost_tuned,r2f0,2,0,96,113,0,0.05328444764018059,0.1337062567472458
xgboost_tuned,r2f0,2,0,97,115,0,0.04264729842543602,0.1337062567472458
xgboost_tuned,r2f0,2,0,98,116,0,0.02562880702316761,0.1337062567472458
xgboost_tuned,r2f0,2,0,99,117,0,0.04158858582377434,0.1337062567472458
xgboost_tuned,r2f0,2,0,100,118,0,0.07579335570335388,0.1337062567472458
xgboost_tuned,r2f0,2,0,149,168,1,0.08920350670814514,0.1337062567472458
xgboost_tuned,r2f0,2,0,150,169,0,0.09663375467061996,0.1337062567472458
xgboost_tuned,r2f0,2,0,151,170,0,0.29606181383132935,0.1337062567472458
xgboost_tuned,r2f0,2,0,192,212,0,0.16684503853321075,0.1337062567472458
xgboost_tuned,r2f0,2,0,204,225,0,0.043447013944387436,0.1337062567472458
xgboost_tuned,r2f0,2,0,210,231,1,0.15897315740585327,0.1337062567472458
xgboost_tuned,r2f0,2,0,223,246,0,0.004021173343062401,0.1337062567472458
xgboost_tuned,r2f0,2,0,224,247,0,0.04223570600152016,0.1337062567472458
xgboost_tuned,r2f0,2,0,225,248,0,0.026940783485770226,0.1337062567472458
xgboost_tuned,r2f0,2,0,237,260,0,0.08512577414512634,0.1337062567472458
xgboost_tuned,r2f0,2,0,238,261,0,0.1369379162788391,0.1337062567472458
xgboost_tuned,r2f0,2,0,239,262,0,0.09177486598491669,0.1337062567472458
xgboost_tuned,r2f0,2,0,240,263,0,0.04224420338869095,0.1337062567472458
xgboost_tuned,r2f0,2,0,241,264,0,0.04461268335580826,0.1337062567472458
xgboost_tuned,r2f0,2,0,242,265,0,0.016429264098405838,0.1337062567472458
xgboost_tuned,r2f0,2,0,243,266,0,0.11366613209247589,0.1337062567472458
xgboost_tuned,r2f0,2,0,244,267,0,0.4601450562477112,0.1337062567472458
xgboost_tuned,r2f0,2,0,245,268,0,0.5093125104904175,0.1337062567472458
xgboost_tuned,r2f1,2,1,45,58,0,0.06094067543745041,0.2123793214559555
xgboost_tuned,r2f1,2,1,46,59,0,0.023989267647266388,0.2123793214559555
xgboost_tuned,r2f1,2,1,47,60,0,0.05750208720564842,0.2123793214559555
xgboost_tuned,r2f1,2,1,48,61,0,0.06094067543745041,0.2123793214559555
xgboost_tuned,r2f1,2,1,49,62,0,0.046288132667541504,0.2123793214559555
xgboost_tuned,r2f1,2,1,50,63,1,0.7006733417510986,0.2123793214559555
xgboost_tuned,r2f1,2,1,51,64,0,0.21636353433132172,0.2123793214559555
xgboost_tuned,r2f1,2,1,107,125,0,0.014949402771890163,0.2123793214559555
xgboost_tuned,r2f1,2,1,108,126,0,0.0080728055909276,0.2123793214559555
xgboost_tuned,r2f1,2,1,109,127,0,0.010426762513816357,0.2123793214559555
xgboost_tuned,r2f1,2,1,110,128,0,0.0191038865596056,0.2123793214559555
xgboost_tuned,r2f1,2,1,111,129,0,0.013901784084737301,0.2123793214559555
xgboost_tuned,r2f1,2,1,112,130,0,0.031404752284288406,0.2123793214559555
xgboost_tuned,r2f1,2,1,113,131,1,0.8936005234718323,0.2123793214559555
xgboost_tuned,r2f1,2,1,114,132,1,0.7331404685974121,0.2123793214559555
xgboost_tuned,r2f1,2,1,115,133,1,0.2393491417169571,0.2123793214559555
xgboost_tuned,r2f1,2,1,116,134,0,0.23198163509368896,0.2123793214559555
xgboost_tuned,r2f1,2,1,117,135,1,0.7638501524925232,0.2123793214559555
xgboost_tuned,r2f1,2,1,118,136,1,0.36846834421157837,0.2123793214559555
xgboost_tuned,r2f1,2,1,119,137,1,0.33476758003234863,0.2123793214559555
xgboost_tuned,r2f1,2,1,120,139,1,0.9014851450920105,0.2123793214559555
xgboost_tuned,r2f1,2,1,128,147,0,0.007589675951749086,0.2123793214559555
xgboost_tuned,r2f1,2,1,173,192,0,0.021664032712578773,0.2123793214559555
xgboost_tuned,r2f1,2,1,174,193,0,0.007212553173303604,0.2123793214559555
xgboost_tuned,r2f1,2,1,175,194,0,0.07940265536308289,0.2123793214559555
xgboost_tuned,r2f1,2,1,176,195,0,0.13769309222698212,0.2123793214559555
xgboost_tuned,r2f1,2,1,202,222,0,0.020393824204802513,0.2123793214559555
xgboost_tuned,r2f1,2,1,203,224,1,0.6652422547340393,0.2123793214559555
xgboost_tuned,r2f1,2,1,205,226,0,0.00900918710976839,0.2123793214559555
xgboost_tuned,r2f1,2,1,206,227,0,0.008233165368437767,0.2123793214559555
xgboost_tuned,r2f1,2,1,211,232,0,0.04676832631230354,0.2123793214559555
xgboost_tuned,r2f1,2,1,212,233,1,0.28778836131095886,0.2123793214559555
xgboost_tuned,r2f1,2,1,213,234,1,0.28778836131095886,0.2123793214559555
xgboost_tuned,r2f1,2,1,214,235,0,0.04684599116444588,0.2123793214559555
xgboost_tuned,r2f1,2,1,215,236,0,0.20306620001792908,0.2123793214559555
xgboost_tuned,r2f1,2,1,216,238,1,0.2140529453754425,0.2123793214559555
xgboost_tuned,r2f1,2,1,217,239,0,0.022816872224211693,0.2123793214559555
xgboost_tuned,r2f1,2,1,218,240,0,0.022816872224211693,0.2123793214559555
xgboost_tuned,r2f1,2,1,232,255,0,0.4564065933227539,0.2123793214559555
xgboost_tuned,r2f1,2,1,233,256,0,0.4564065933227539,0.2123793214559555
xgboost_tuned,r2f1,2,1,234,257,0,0.45964884757995605,0.2123793214559555
xgboost_tuned,r2f1,2,1,235,258,0,0.4802117645740509,0.2123793214559555
xgboost_tuned,r2f1,2,1,236,259,0,0.7170230150222778,0.2123793214559555
xgboost_tuned,r2f1,2,1,246,269,0,0.2131797969341278,0.2123793214559555
xgboost_tuned,r2f1,2,1,247,270,1,0.23242737352848053,0.2123793214559555
xgboost_tuned,r2f1,2,1,248,271,0,0.016291897743940353,0.2123793214559555
xgboost_tuned,r2f1,2,1,249,272,0,0.01261970866471529,0.2123793214559555
xgboost_tuned,r2f2,2,2,0,1,1,0.6835785508155823,0.18475739657878876
xgboost_tuned,r2f2,2,2,1,2,0,0.6889199614524841,0.18475739657878876
xgboost_tuned,r2f2,2,2,2,3,0,0.708414614200592,0.18475739657878876
xgboost_tuned,r2f2,2,2,3,4,0,0.6753019690513611,0.18475739657878876
xgboost_tuned,r2f2,2,2,4,5,0,0.6753019690513611,0.18475739657878876
xgboost_tuned,r2f2,2,2,5,6,0,0.3323969841003418,0.18475739657878876
xgboost_tuned,r2f2,2,2,6,7,1,0.9146976470947266,0.18475739657878876
xgboost_tuned,r2f2,2,2,7,8,1,0.6328644156455994,0.18475739657878876
xgboost_tuned,r2f2,2,2,17,29,1,0.874275803565979,0.18475739657878876
xgboost_tuned,r2f2,2,2,18,30,0,0.9037427306175232,0.18475739657878876
xgboost_tuned,r2f2,2,2,19,31,1,0.9454837441444397,0.18475739657878876
xgboost_tuned,r2f2,2,2,20,32,1,0.9599114656448364,0.18475739657878876
xgboost_tuned,r2f2,2,2,21,33,0,0.3648914098739624,0.18475739657878876
xgboost_tuned,r2f2,2,2,22,34,0,0.2795769274234772,0.18475739657878876
xgboost_tuned,r2f2,2,2,23,35,0,0.42068177461624146,0.18475739657878876
xgboost_tuned,r2f2,2,2,32,44,1,0.819367527961731,0.18475739657878876
xgboost_tuned,r2f2,2,2,33,45,0,0.8719248175621033,0.18475739657878876
xgboost_tuned,r2f2,2,2,34,46,1,0.35778582096099854,0.18475739657878876
xgboost_tuned,r2f2,2,2,35,47,1,0.7118047475814819,0.18475739657878876
xgboost_tuned,r2f2,2,2,36,48,1,0.26217496395111084,0.18475739657878876
xgboost_tuned,r2f2,2,2,37,49,0,0.4566369950771332,0.18475739657878876
xgboost_tuned,r2f2,2,2,38,50,0,0.40259477496147156,0.18475739657878876
xgboost_tuned,r2f2,2,2,39,51,1,0.7690963745117188,0.18475739657878876
xgboost_tuned,r2f2,2,2,40,52,1,0.8073165416717529,0.18475739657878876
xgboost_tuned,r2f2,2,2,125,144,0,0.0958457961678505,0.18475739657878876
xgboost_tuned,r2f2,2,2,126,145,0,0.17296680808067322,0.18475739657878876
xgboost_tuned,r2f2,2,2,127,146,0,0.1200786754488945,0.18475739657878876
xgboost_tuned,r2f2,2,2,129,148,1,0.5515280961990356,0.18475739657878876
xgboost_tuned,r2f2,2,2,130,149,1,0.9020808935165405,0.18475739657878876
xgboost_tuned,r2f2,2,2,131,150,0,0.4744161367416382,0.18475739657878876
xgboost_tuned,r2f2,2,2,132,151,1,0.015271120704710484,0.18475739657878876
xgboost_tuned,r2f2,2,2,133,152,0,0.02507111057639122,0.18475739657878876
xgboost_tuned,r2f2,2,2,134,153,0,0.02214752696454525,0.18475739657878876
xgboost_tuned,r2f2,2,2,135,154,0,0.04523307457566261,0.18475739657878876
xgboost_tuned,r2f2,2,2,136,155,0,0.13252483308315277,0.18475739657878876
xgboost_tuned,r2f2,2,2,137,156,1,0.7306665182113647,0.18475739657878876
xgboost_tuned,r2f2,2,2,142,161,0,0.007548952009528875,0.18475739657878876
xgboost_tuned,r2f2,2,2,143,162,0,0.010667442344129086,0.18475739657878876
xgboost_tuned,r2f2,2,2,144,163,0,0.01188670564442873,0.18475739657878876
xgboost_tuned,r2f2,2,2,145,164,0,0.01188670564442873,0.18475739657878876
xgboost_tuned,r2f2,2,2,146,165,0,0.7306665182113647,0.18475739657878876
xgboost_tuned,r2f2,2,2,152,171,0,0.04190530255436897,0.18475739657878876
xgboost_tuned,r2f2,2,2,153,172,0,0.13472966849803925,0.18475739657878876
xgboost_tuned,r2f2,2,2,154,173,1,0.6461014747619629,0.18475739657878876
xgboost_tuned,r2f2,2,2,170,189,0,0.014115060679614544,0.18475739657878876
xgboost_tuned,r2f2,2,2,171,190,0,0.018180565908551216,0.18475739657878876
xgboost_tuned,r2f2,2,2,172,191,0,0.24265094101428986,0.18475739657878876
xgboost_tuned,r2f2,2,2,177,196,0,0.3870009481906891,0.18475739657878876
xgboost_tuned,r2f2,2,2,178,197,0,0.41150522232055664,0.18475739657878876
xgboost_tuned,r2f2,2,2,179,198,1,0.874793529510498,0.18475739657878876
xgboost_tuned,r2f2,2,2,180,199,0,0.19033867120742798,0.18475739657878876
xgboost_tuned,r2f2,2,2,181,200,0,0.12334734201431274,0.18475739657878876
xgboost_tuned,r2f2,2,2,182,201,0,0.12283194065093994,0.18475739657878876
xgboost_tuned,r2f2,2,2,183,202,0,0.3816443383693695,0.18475739657878876
xgboost_tuned,r2f2,2,2,184,203,0,0.30813878774642944,0.18475739657878876
xgboost_tuned,r2f2,2,2,185,204,1,0.33780738711357117,0.18475739657878876
xgboost_tuned,r2f2,2,2,186,205,1,0.33566200733184814,0.18475739657878876
xgboost_tuned,r2f2,2,2,187,206,1,0.6107407212257385,0.18475739657878876
xgboost_tuned,r2f2,2,2,188,207,1,0.6980167627334595,0.18475739657878876
xgboost_tuned,r2f2,2,2,189,208,1,0.6328644156455994,0.18475739657878876
xgboost_tuned,r2f2,2,2,190,209,0,0.06147675961256027,0.18475739657878876
xgboost_tuned,r2f2,2,2,191,211,0,0.08724468946456909,0.18475739657878876
xgboost_tuned,r2f2,2,2,207,228,0,0.6864915490150452,0.18475739657878876
xgboost_tuned,r2f2,2,2,208,229,1,0.7820481061935425,0.18475739657878876
xgboost_tuned,r2f2,2,2,209,230,0,0.3993656635284424,0.18475739657878876
xgboost_tuned,r2f2,2,2,250,273,0,0.36876651644706726,0.18475739657878876
xgboost_tuned,r2f2,2,2,251,274,0,0.6620199084281921,0.18475739657878876
xgboost_tuned,r2f3,2,3,8,19,1,0.9665021896362305,0.16773450374603271
xgboost_tuned,r2f3,2,3,9,20,1,0.9648856520652771,0.16773450374603271
xgboost_tuned,r2f3,2,3,10,21,1,0.9608348608016968,0.16773450374603271
xgboost_tuned,r2f3,2,3,11,22,1,0.9608348608016968,0.16773450374603271
xgboost_tuned,r2f3,2,3,12,23,1,0.9679821729660034,0.16773450374603271
xgboost_tuned,r2f3,2,3,25,37,1,0.8506101369857788,0.16773450374603271
xgboost_tuned,r2f3,2,3,26,38,1,0.8941287994384766,0.16773450374603271
xgboost_tuned,r2f3,2,3,27,39,1,0.9145903587341309,0.16773450374603271
xgboost_tuned,r2f3,2,3,56,69,1,0.851064145565033,0.16773450374603271
xgboost_tuned,r2f3,2,3,62,75,0,0.01606997475028038,0.16773450374603271
xgboost_tuned,r2f3,2,3,63,76,0,0.016676513478159904,0.16773450374603271
xgboost_tuned,r2f3,2,3,64,77,0,0.015479611232876778,0.16773450374603271
xgboost_tuned,r2f3,2,3,65,78,0,0.010016695596277714,0.16773450374603271
xgboost_tuned,r2f3,2,3,66,79,0,0.19166098535060883,0.16773450374603271
xgboost_tuned,r2f3,2,3,67,82,0,0.007008877582848072,0.16773450374603271
xgboost_tuned,r2f3,2,3,78,94,0,0.7776389718055725,0.16773450374603271
xgboost_tuned,r2f3,2,3,79,95,0,0.7499467134475708,0.16773450374603271
xgboost_tuned,r2f3,2,3,101,119,0,0.036788858473300934,0.16773450374603271
xgboost_tuned,r2f3,2,3,102,120,0,0.03556027263402939,0.16773450374603271
xgboost_tuned,r2f3,2,3,103,121,0,0.02479362301528454,0.16773450374603271
xgboost_tuned,r2f3,2,3,104,122,0,0.022843632847070694,0.16773450374603271
xgboost_tuned,r2f3,2,3,105,123,0,0.02479362301528454,0.16773450374603271
xgboost_tuned,r2f3,2,3,106,124,0,0.0073122489266097546,0.16773450374603271
xgboost_tuned,r2f3,2,3,121,140,0,0.023999886587262154,0.16773450374603271
xgboost_tuned,r2f3,2,3,122,141,0,0.007074093446135521,0.16773450374603271
xgboost_tuned,r2f3,2,3,123,142,0,0.07077807188034058,0.16773450374603271
xgboost_tuned,r2f3,2,3,124,143,0,0.0470447763800621,0.16773450374603271
xgboost_tuned,r2f3,2,3,155,174,1,0.9233614802360535,0.16773450374603271
xgboost_tuned,r2f3,2,3,156,175,1,0.8719222545623779,0.16773450374603271
xgboost_tuned,r2f3,2,3,157,176,0,0.9527035355567932,0.16773450374603271
xgboost_tuned,r2f3,2,3,158,177,0,0.9570934176445007,0.16773450374603271
xgboost_tuned,r2f3,2,3,193,213,0,0.038227278739213943,0.16773450374603271
xgboost_tuned,r2f3,2,3,194,214,0,0.5668725967407227,0.16773450374603271
xgboost_tuned,r2f3,2,3,195,215,0,0.09588408470153809,0.16773450374603271
xgboost_tuned,r2f3,2,3,196,216,0,0.010722555220127106,0.16773450374603271
xgboost_tuned,r2f3,2,3,197,217,0,0.021133432164788246,0.16773450374603271
xgboost_tuned,r2f3,2,3,198,218,0,0.005481190048158169,0.16773450374603271
xgboost_tuned,r2f3,2,3,219,241,0,0.013667264021933079,0.16773450374603271
xgboost_tuned,r2f3,2,3,220,243,0,0.6587220430374146,0.16773450374603271
xgboost_tuned,r2f3,2,3,226,249,0,0.5802362561225891,0.16773450374603271
xgboost_tuned,r2f3,2,3,227,250,1,0.2990111708641052,0.16773450374603271
xgboost_tuned,r2f3,2,3,228,251,0,0.5461578965187073,0.16773450374603271
xgboost_tuned,r2f3,2,3,229,252,1,0.5680074095726013,0.16773450374603271
xgboost_tuned,r2f3,2,3,230,253,0,0.12413473427295685,0.16773450374603271
xgboost_tuned,r2f3,2,3,231,254,1,0.14869791269302368,0.16773450374603271
xgboost_tuned,r2f4,2,4,24,36,0,0.13898129761219025,0.19363273680210114
xgboost_tuned,r2f4,2,4,41,54,0,0.1654607206583023,0.19363273680210114
xgboost_tuned,r2f4,2,4,42,55,1,0.1692386120557785,0.19363273680210114
xgboost_tuned,r2f4,2,4,43,56,1,0.26132509112358093,0.19363273680210114
xgboost_tuned,r2f4,2,4,44,57,0,0.32553136348724365,0.19363273680210114
xgboost_tuned,r2f4,2,4,68,84,0,0.08185525983572006,0.19363273680210114
xgboost_tuned,r2f4,2,4,69,85,0,0.04054993763566017,0.19363273680210114
xgboost_tuned,r2f4,2,4,70,86,0,0.01833300292491913,0.19363273680210114
xgboost_tuned,r2f4,2,4,71,87,0,0.027897993102669716,0.19363273680210114
xgboost_tuned,r2f4,2,4,72,88,1,0.6775221824645996,0.19363273680210114
xgboost_tuned,r2f4,2,4,73,89,1,0.7414220571517944,0.19363273680210114
xgboost_tuned,r2f4,2,4,74,90,1,0.7733656167984009,0.19363273680210114
xgboost_tuned,r2f4,2,4,75,91,1,0.7769368290901184,0.19363273680210114
xgboost_tuned,r2f4,2,4,76,92,1,0.6348692774772644,0.19363273680210114
xgboost_tuned,r2f4,2,4,77,93,1,0.9160863161087036,0.19363273680210114
xgboost_tuned,r2f4,2,4,80,97,1,0.4287174344062805,0.19363273680210114
xgboost_tuned,r2f4,2,4,81,98,0,0.543462872505188,0.19363273680210114
xgboost_tuned,r2f4,2,4,82,99,0,0.5309770703315735,0.19363273680210114
xgboost_tuned,r2f4,2,4,83,100,0,0.4199633300304413,0.19363273680210114
xgboost_tuned,r2f4,2,4,84,101,0,0.6059781312942505,0.19363273680210114
xgboost_tuned,r2f4,2,4,87,104,0,0.43569695949554443,0.19363273680210114
xgboost_tuned,r2f4,2,4,88,105,1,0.5198309421539307,0.19363273680210114
xgboost_tuned,r2f4,2,4,89,106,1,0.5657432079315186,0.19363273680210114
xgboost_tuned,r2f4,2,4,90,107,1,0.38013342022895813,0.19363273680210114
xgboost_tuned,r2f4,2,4,91,108,1,0.6665910482406616,0.19363273680210114
xgboost_tuned,r2f4,2,4,138,157,0,0.031104043126106262,0.19363273680210114
xgboost_tuned,r2f4,2,4,139,158,0,0.02289985679090023,0.19363273680210114
xgboost_tuned,r2f4,2,4,140,159,0,0.017562594264745712,0.19363273680210114
xgboost_tuned,r2f4,2,4,141,160,0,0.02104497328400612,0.19363273680210114
xgboost_tuned,r2f4,2,4,147,166,0,0.006708640139549971,0.19363273680210114
xgboost_tuned,r2f4,2,4,148,167,0,0.021096207201480865,0.19363273680210114
xgboost_tuned,r2f4,2,4,159,178,0,0.4590069055557251,0.19363273680210114
xgboost_tuned,r2f4,2,4,160,179,1,0.8310835957527161,0.19363273680210114
xgboost_tuned,r2f4,2,4,161,180,0,0.14348703622817993,0.19363273680210114
xgboost_tuned,r2f4,2,4,162,181,0,0.3886801600456238,0.19363273680210114
xgboost_tuned,r2f4,2,4,163,182,1,0.7506762742996216,0.19363273680210114
xgboost_tuned,r2f4,2,4,164,183,0,0.4384470283985138,0.19363273680210114
xgboost_tuned,r2f4,2,4,165,184,0,0.6008880138397217,0.19363273680210114
xgboost_tuned,r2f4,2,4,166,185,0,0.5121757388114929,0.19363273680210114
xgboost_tuned,r2f4,2,4,167,186,0,0.4465825855731964,0.19363273680210114
xgboost_tuned,r2f4,2,4,168,187,0,0.06488541513681412,0.19363273680210114
xgboost_tuned,r2f4,2,4,169,188,0,0.04803203046321869,0.19363273680210114
xgboost_tuned,r2f4,2,4,199,219,0,0.012808148749172688,0.19363273680210114
xgboost_tuned,r2f4,2,4,200,220,0,0.03971117362380028,0.19363273680210114
xgboost_tuned,r2f4,2,4,201,221,0,0.09613647311925888,0.19363273680210114
xgboost_tuned,r2f4,2,4,221,244,0,0.026238614693284035,0.19363273680210114
xgboost_tuned,r2f4,2,4,222,245,0,0.019997727125883102,0.19363273680210114
xgboost_tuned,r3f0,3,0,0,1,1,0.5188946723937988,0.1562330275774002
xgboost_tuned,r3f0,3,0,1,2,0,0.5159962773323059,0.1562330275774002
xgboost_tuned,r3f0,3,0,2,3,0,0.539789080619812,0.1562330275774002
xgboost_tuned,r3f0,3,0,3,4,0,0.5329018235206604,0.1562330275774002
xgboost_tuned,r3f0,3,0,4,5,0,0.5329018235206604,0.1562330275774002
xgboost_tuned,r3f0,3,0,5,6,0,0.18041153252124786,0.1562330275774002
xgboost_tuned,r3f0,3,0,6,7,1,0.912189245223999,0.1562330275774002
xgboost_tuned,r3f0,3,0,7,8,1,0.45973050594329834,0.1562330275774002
xgboost_tuned,r3f0,3,0,13,25,1,0.8830277919769287,0.1562330275774002
xgboost_tuned,r3f0,3,0,14,26,1,0.8881096839904785,0.1562330275774002
xgboost_tuned,r3f0,3,0,15,27,1,0.8852399587631226,0.1562330275774002
xgboost_tuned,r3f0,3,0,16,28,1,0.9516496658325195,0.1562330275774002
xgboost_tuned,r3f0,3,0,21,33,0,0.20591868460178375,0.1562330275774002
xgboost_tuned,r3f0,3,0,22,34,0,0.11490228772163391,0.1562330275774002
xgboost_tuned,r3f0,3,0,23,35,0,0.264229416847229,0.1562330275774002
xgboost_tuned,r3f0,3,0,28,40,1,0.5962328314781189,0.1562330275774002
xgboost_tuned,r3f0,3,0,29,41,1,0.823706328868866,0.1562330275774002
xgboost_tuned,r3f0,3,0,30,42,1,0.8585973978042603,0.1562330275774002
xgboost_tuned,r3f0,3,0,31,43,1,0.8448951244354248,0.1562330275774002
xgboost_tuned,r3f0,3,0,34,46,1,0.1403319537639618,0.1562330275774002
xgboost_tuned,r3f0,3,0,35,47,1,0.4140617847442627,0.1562330275774002
xgboost_tuned,r3f0,3,0,36,48,1,0.10707615315914154,0.1562330275774002
xgboost_tuned,r3f0,3,0,37,49,0,0.3642733693122864,0.1562330275774002
xgboost_tuned,r3f0,3,0,38,50,0,0.279390811920166,0.1562330275774002
xgboost_tuned,r3f0,3,0,39,51,1,0.7378963828086853,0.1562330275774002
xgboost_tuned,r3f0,3,0,56,69,1,0.6985571384429932,0.1562330275774002
xgboost_tuned,r3f0,3,0,62,75,0,0.01864861324429512,0.1562330275774002
xgboost_tuned,r3f0,3,0,63,76,0,0.016055243089795113,0.1562330275774002
xgboost_tuned,r3f0,3,0,64,77,0,0.020336376503109932,0.1562330275774002
xgboost_tuned,r3f0,3,0,65,78,0,0.012824172154068947,0.1562330275774002
xgboost_tuned,r3f0,3,0,66,79,0,0.0862656757235527,0.1562330275774002
xgboost_tuned,r3f0,3,0,67,82,0,0.008437552489340305,0.1562330275774002
xgboost_tuned,r3f0,3,0,101,119,0,0.06380537152290344,0.1562330275774002
xgboost_tuned,r3f0,3,0,102,120,0,0.06366746127605438,0.1562330275774002
xgboost_tuned,r3f0,3,0,103,121,0,0.02532804012298584,0.1562330275774002
xgboost_tuned,r3f0,3,0,104,122,0,0.035815127193927765,0.1562330275774002
xgboost_tuned,r3f0,3,0,105,123,0,0.02532804012298584,0.1562330275774002
xgboost_tuned,r3f0,3,0,106,124,0,0.017013603821396828,0.1562330275774002
xgboost_tuned,r3f0,3,0,142,161,0,0.027357639744877815,0.1562330275774002
xgboost_tuned,r3f0,3,0,143,162,0,0.01613098755478859,0.1562330275774002
xgboost_tuned,r3f0,3,0,144,163,0,0.02150697261095047,0.1562330275774002
xgboost_tuned,r3f0,3,0,145,164,0,0.020376328378915787,0.1562330275774002
xgboost_tuned,r3f0,3,0,161,180,0,0.2494288682937622,0.1562330275774002
xgboost_tuned,r3f0,3,0,162,181,0,0.4833803176879883,0.1562330275774002
xgboost_tuned,r3f0,3,0,163,182,1,0.864710807800293,0.1562330275774002
xgboost_tuned,r3f0,3,0,168,187,0,0.11021021008491516,0.1562330275774002
xgboost_tuned,r3f0,3,0,169,188,0,0.07303188741207123,0.1562330275774002
xgboost_tuned,r3f0,3,0,183,202,0,0.1914091855287552,0.1562330275774002
xgboost_tuned,r3f0,3,0,184,203,0,0.18286606669425964,0.1562330275774002
xgboost_tuned,r3f0,3,0,185,204,1,0.2689110338687897,0.1562330275774002
xgboost_tuned,r3f0,3,0,186,205,1,0.2689110338687897,0.1562330275774002
xgboost_tuned,r3f0,3,0,187,206,1,0.4456462562084198,0.1562330275774002
xgboost_tuned,r3f0,3,0,188,207,1,0.7535240650177002,0.1562330275774002
xgboost_tuned,r3f0,3,0,189,208,1,0.5750430822372437,0.1562330275774002
xgboost_tuned,r3f0,3,0,193,213,0,0.047400686889886856,0.1562330275774002
xgboost_tuned,r3f0,3,0,194,214,0,0.5378496646881104,0.1562330275774002
xgboost_tuned,r3f0,3,0,195,215,0,0.022182991728186607,0.1562330275774002
xgboost_tuned,r3f0,3,0,196,216,0,0.008573350496590137,0.1562330275774002
xgboost_tuned,r3f0,3,0,197,217,0,0.023434927687048912,0.1562330275774002
xgboost_tuned,r3f0,3,0,198,218,0,0.009690118953585625,0.1562330275774002
xgboost_tuned,r3f0,3,0,207,228,0,0.39704424142837524,0.1562330275774002
xgboost_tuned,r3f0,3,0,208,229,1,0.7378963828086853,0.1562330275774002
xgboost_tuned,r3f0,3,0,209,230,0,0.24909482896327972,0.1562330275774002
xgboost_tuned,r3f0,3,0,246,269,0,0.14482875168323517,0.1562330275774002
xgboost_tuned,r3f0,3,0,247,270,1,0.14482875168323517,0.1562330275774002
xgboost_tuned,r3f0,3,0,248,271,0,0.009351693093776703,0.1562330275774002
xgboost_tuned,r3f0,3,0,249,272,0,0.009351693093776703,0.1562330275774002
xgboost_tuned,r3f1,3,1,52,65,0,0.02715408056974411,0.15111500024795532
xgboost_tuned,r3f1,3,1,53,66,0,0.011337583884596825,0.15111500024795532
xgboost_tuned,r3f1,3,1,54,67,0,0.02653641067445278,0.15111500024795532
xgboost_tuned,r3f1,3,1,55,68,0,0.06994982808828354,0.15111500024795532
xgboost_tuned,r3f1,3,1,57,70,0,0.02123531699180603,0.15111500024795532
xgboost_tuned,r3f1,3,1,58,71,0,0.12759460508823395,0.15111500024795532
xgboost_tuned,r3f1,3,1,59,72,1,0.5386658906936646,0.15111500024795532
xgboost_tuned,r3f1,3,1,60,73,0,0.02123531699180603,0.15111500024795532
xgboost_tuned,r3f1,3,1,61,74,1,0.7452912926673889,0.15111500024795532
xgboost_tuned,r3f1,3,1,68,84,0,0.05852140486240387,0.15111500024795532
xgboost_tuned,r3f1,3,1,69,85,0,0.01091920118778944,0.15111500024795532
xgboost_tuned,r3f1,3,1,70,86,0,0.005946678575128317,0.15111500024795532
xgboost_tuned,r3f1,3,1,71,87,0,0.014811686240136623,0.15111500024795532
xgboost_tuned,r3f1,3,1,72,88,1,0.9074616432189941,0.15111500024795532
xgboost_tuned,r3f1,3,1,73,89,1,0.9194995164871216,0.15111500024795532
xgboost_tuned,r3f1,3,1,74,90,1,0.9248843789100647,0.15111500024795532
xgboost_tuned,r3f1,3,1,75,91,1,0.9476052522659302,0.15111500024795532
xgboost_tuned,r3f1,3,1,76,92,1,0.33041733503341675,0.15111500024795532
xgboost_tuned,r3f1,3,1,77,93,1,0.9823165535926819,0.15111500024795532
xgboost_tuned,r3f1,3,1,80,97,1,0.22445209324359894,0.15111500024795532
xgboost_tuned,r3f1,3,1,87,104,0,0.22445209324359894,0.15111500024795532
xgboost_tuned,r3f1,3,1,88,105,1,0.18975435197353363,0.15111500024795532
xgboost_tuned,r3f1,3,1,90,107,1,0.09211639314889908,0.15111500024795532
xgboost_tuned,r3f1,3,1,192,212,0,0.15949536859989166,0.15111500024795532
xgboost_tuned,r3f1,3,1,199,219,0,0.0028953447472304106,0.15111500024795532
xgboost_tuned,r3f1,3,1,200,220,0,0.01348347682505846,0.15111500024795532
xgboost_tuned,r3f1,3,1,201,221,0,0.03997106850147247,0.15111500024795532
xgboost_tuned,r3f1,3,1,204,225,0,0.03521578013896942,0.15111500024795532
xgboost_tuned,r3f1,3,1,210,231,1,0.21200604736804962,0.15111500024795532
xgboost_tuned,r3f1,3,1,214,235,0,0.005325143691152334,0.15111500024795532
xgboost_tuned,r3f1,3,1,215,236,0,0.1836780160665512,0.15111500024795532
xgboost_tuned,r3f1,3,1,216,238,1,0.17326129972934723,0.15111500024795532
xgboost_tuned,r3f1,3,1,217,239,0,0.005819123703986406,0.15111500024795532
xgboost_tuned,r3f1,3,1,218,240,0,0.003961246460676193,0.15111500024795532
xgboost_tuned,r3f1,3,1,223,246,0,0.0003372550418134779,0.15111500024795532
xgboost_tuned,r3f1,3,1,224,247,0,0.006729175802320242,0.15111500024795532
xgboost_tuned,r3f1,3,1,225,248,0,0.013282721862196922,0.15111500024795532
xgboost_tuned,r3f1,3,1,226,249,0,0.4535800814628601,0.15111500024795532
xgboost_tuned,r3f1,3,1,228,251,0,0.4273397624492645,0.15111500024795532
xgboost_tuned,r3f1,3,1,229,252,1,0.5182375907897949,0.15111500024795532
xgboost_tuned,r3f1,3,1,241,264,0,0.02309008128941059,0.15111500024795532
xgboost_tuned,r3f1,3,1,242,265,0,0.0065749641507864,0.15111500024795532
xgboost_tuned,r3f1,3,1,243,266,0,0.06026771292090416,0.15111500024795532
xgboost_tuned,r3f1,3,1,244,267,0,0.49970942735671997,0.15111500024795532
xgboost_tuned,r3f1,3,1,245,268,0,0.4917048215866089,0.15111500024795532
xgboost_tuned,r3f2,3,2,24,36,0,0.19335846602916718,0.10378684848546982
xgboost_tuned,r3f2,3,2,41,54,0,0.1228971853852272,0.10378684848546982
xgboost_tuned,r3f2,3,2,42,55,1,0.11490949243307114,0.10378684848546982
xgboost_tuned,r3f2,3,2,43,56,1,0.2768855690956116,0.10378684848546982
xgboost_tuned,r3f2,3,2,44,57,0,0.34793326258659363,0.10378684848546982
xgboost_tuned,r3f2,3,2,45,58,0,0.05007064715027809,0.10378684848546982
xgboost_tuned,r3f2,3,2,46,59,0,0.01656428910791874,0.10378684848546982
xgboost_tuned,r3f2,3,2,47,60,0,0.033014990389347076,0.10378684848546982
xgboost_tuned,r3f2,3,2,48,61,0,0.05007064715027809,0.10378684848546982
xgboost_tuned,r3f2,3,2,49,62,0,0.05794180557131767,0.10378684848546982
xgboost_tuned,r3f2,3,2,50,63,1,0.6172980070114136,0.10378684848546982
xgboost_tuned,r3f2,3,2,51,64,0,0.29534295201301575,0.10378684848546982
xgboost_tuned,r3f2,3,2,113,131,1,0.9328058362007141,0.10378684848546982
xgboost_tuned,r3f2,3,2,114,132,1,0.8470807075500488,0.10378684848546982
xgboost_tuned,r3f2,3,2,115,133,1,0.38628673553466797,0.10378684848546982
xgboost_tuned,r3f2,3,2,116,134,0,0.1900198757648468,0.10378684848546982
xgboost_tuned,r3f2,3,2,117,135,1,0.7502164840698242,0.10378684848546982
xgboost_tuned,r3f2,3,2,118,136,1,0.348897248506546,0.10378684848546982
xgboost_tuned,r3f2,3,2,119,137,1,0.348897248506546,0.10378684848546982
xgboost_tuned,r3f2,3,2,120,139,1,0.918938159942627,0.10378684848546982
xgboost_tuned,r3f2,3,2,132,151,1,0.01679288223385811,0.10378684848546982
xgboost_tuned,r3f2,3,2,133,152,0,0.012271628715097904,0.10378684848546982
xgboost_tuned,r3f2,3,2,134,153,0,0.020902099087834358,0.10378684848546982
xgboost_tuned,r3f2,3,2,135,154,0,0.033463288098573685,0.10378684848546982
xgboost_tuned,r3f2,3,2,136,155,0,0.2272365540266037,0.10378684848546982
xgboost_tuned,r3f2,3,2,137,156,1,0.8895715475082397,0.10378684848546982
xgboost_tuned,r3f2,3,2,146,165,0,0.6282855868339539,0.10378684848546982
xgboost_tuned,r3f2,3,2,149,168,1,0.14348822832107544,0.10378684848546982
xgboost_tuned,r3f2,3,2,150,169,0,0.19394464790821075,0.10378684848546982
xgboost_tuned,r3f2,3,2,151,170,0,0.21892940998077393,0.10378684848546982
xgboost_tuned,r3f2,3,2,152,171,0,0.027446089312434196,0.10378684848546982
xgboost_tuned,r3f2,3,2,153,172,0,0.2779615521430969,0.10378684848546982
xgboost_tuned,r3f2,3,2,154,173,1,0.8065425753593445,0.10378684848546982
xgboost_tuned,r3f2,3,2,170,189,0,0.017163721844553947,0.10378684848546982
xgboost_tuned,r3f2,3,2,171,190,0,0.014672516845166683,0.10378684848546982
xgboost_tuned,r3f2,3,2,172,191,0,0.1727735698223114,0.10378684848546982
xgboost_tuned,r3f2,3,2,190,209,0,0.02499372698366642,0.10378684848546982
xgboost_tuned,r3f2,3,2,191,211,0,0.0839436873793602,0.10378684848546982
xgboost_tuned,r3f2,3,2,221,244,0,0.01298651285469532,0.10378684848546982
xgboost_tuned,r3f2,3,2,222,245,0,0.0063182879239320755,0.10378684848546982
xgboost_tuned,r3f2,3,2,237,260,0,0.0352107472717762,0.10378684848546982
xgboost_tuned,r3f2,3,2,238,261,0,0.050863418728113174,0.10378684848546982
xgboost_tuned,r3f2,3,2,239,262,0,0.031620241701602936,0.10378684848546982
xgboost_tuned,r3f2,3,2,240,263,0,0.02351638861000538,0.10378684848546982
xgboost_tuned,r3f2,3,2,250,273,0,0.36408206820487976,0.10378684848546982
xgboost_tuned,r3f2,3,2,251,274,0,0.8164809942245483,0.10378684848546982
xgboost_tuned,r3f3,3,3,8,19,1,0.9620605707168579,0.26677101850509644
xgboost_tuned,r3f3,3,3,9,20,1,0.9291092753410339,0.26677101850509644
xgboost_tuned,r3f3,3,3,10,21,1,0.9277645945549011,0.26677101850509644
xgboost_tuned,r3f3,3,3,11,22,1,0.9277645945549011,0.26677101850509644
xgboost_tuned,r3f3,3,3,12,23,1,0.9555761218070984,0.26677101850509644
xgboost_tuned,r3f3,3,3,25,37,1,0.7723231315612793,0.26677101850509644
xgboost_tuned,r3f3,3,3,26,38,1,0.8225996494293213,0.26677101850509644
xgboost_tuned,r3f3,3,3,27,39,1,0.9601726531982422,0.26677101850509644
xgboost_tuned,r3f3,3,3,81,98,0,0.6801512837409973,0.26677101850509644
xgboost_tuned,r3f3,3,3,82,99,0,0.700756311416626,0.26677101850509644
xgboost_tuned,r3f3,3,3,83,100,0,0.622808039188385,0.26677101850509644
xgboost_tuned,r3f3,3,3,84,101,0,0.7201073169708252,0.26677101850509644
xgboost_tuned,r3f3,3,3,89,106,1,0.6900118589401245,0.26677101850509644
xgboost_tuned,r3f3,3,3,91,108,1,0.7580336928367615,0.26677101850509644
xgboost_tuned,r3f3,3,3,96,113,0,0.11447847634553909,0.26677101850509644
xgboost_tuned,r3f3,3,3,97,115,0,0.10506007075309753,0.26677101850509644
xgboost_tuned,r3f3,3,3,98,116,0,0.07472250610589981,0.26677101850509644
xgboost_tuned,r3f3,3,3,99,117,0,0.06502599269151688,0.26677101850509644
xgboost_tuned,r3f3,3,3,100,118,0,0.11585146188735962,0.26677101850509644
xgboost_tuned,r3f3,3,3,138,157,0,0.022517342120409012,0.26677101850509644
xgboost_tuned,r3f3,3,3,139,158,0,0.01835828274488449,0.26677101850509644
xgboost_tuned,r3f3,3,3,140,159,0,0.017902005463838577,0.26677101850509644
xgboost_tuned,r3f3,3,3,141,160,0,0.02388053573668003,0.26677101850509644
xgboost_tuned,r3f3,3,3,147,166,0,0.00962640717625618,0.26677101850509644
xgboost_tuned,r3f3,3,3,148,167,0,0.010154428891837597,0.26677101850509644
xgboost_tuned,r3f3,3,3,159,178,0,0.6555506587028503,0.26677101850509644
xgboost_tuned,r3f3,3,3,160,179,1,0.8263620734214783,0.26677101850509644
xgboost_tuned,r3f3,3,3,164,183,0,0.5469935536384583,0.26677101850509644
xgboost_tuned,r3f3,3,3,165,184,0,0.7183980345726013,0.26677101850509644
xgboost_tuned,r3f3,3,3,166,185,0,0.6525521874427795,0.26677101850509644
xgboost_tuned,r3f3,3,3,167,186,0,0.5561058521270752,0.26677101850509644
xgboost_tuned,r3f3,3,3,202,222,0,0.05767432600259781,0.26677101850509644
xgboost_tuned,r3f3,3,3,203,224,1,0.5659690499305725,0.26677101850509644
xgboost_tuned,r3f3,3,3,205,226,0,0.008729925379157066,0.26677101850509644
xgboost_tuned,r3f3,3,3,206,227,0,0.008664493449032307,0.26677101850509644
xgboost_tuned,r3f3,3,3,211,232,0,0.026749033480882645,0.26677101850509644
xgboost_tuned,r3f3,3,3,212,233,1,0.19030670821666718,0.26677101850509644
xgboost_tuned,r3f3,3,3,213,234,1,0.19030670821666718,0.26677101850509644
xgboost_tuned,r3f3,3,3,219,241,0,0.011603129096329212,0.26677101850509644
xgboost_tuned,r3f3,3,3,220,243,0,0.6449519991874695,0.26677101850509644
xgboost_tuned,r3f3,3,3,232,255,0,0.21270760893821716,0.26677101850509644
xgboost_tuned,r3f3,3,3,233,256,0,0.21270760893821716,0.26677101850509644
xgboost_tuned,r3f3,3,3,234,257,0,0.20547111332416534,0.26677101850509644
xgboost_tuned,r3f3,3,3,235,258,0,0.40933457016944885,0.26677101850509644
xgboost_tuned,r3f3,3,3,236,259,0,0.5035536289215088,0.26677101850509644
xgboost_tuned,r3f4,3,4,17,29,1,0.6954662203788757,0.15476612746715546
xgboost_tuned,r3f4,3,4,18,30,0,0.9024328589439392,0.15476612746715546
xgboost_tuned,r3f4,3,4,19,31,1,0.9013927578926086,0.15476612746715546
xgboost_tuned,r3f4,3,4,20,32,1,0.9600096940994263,0.15476612746715546
xgboost_tuned,r3f4,3,4,32,44,1,0.6389612555503845,0.15476612746715546
xgboost_tuned,r3f4,3,4,33,45,0,0.8614043593406677,0.15476612746715546
xgboost_tuned,r3f4,3,4,40,52,1,0.8660058379173279,0.15476612746715546
xgboost_tuned,r3f4,3,4,78,94,0,0.5276522040367126,0.15476612746715546
xgboost_tuned,r3f4,3,4,79,95,0,0.7980251908302307,0.15476612746715546
xgboost_tuned,r3f4,3,4,85,102,0,0.11373873054981232,0.15476612746715546
xgboost_tuned,r3f4,3,4,86,103,0,0.10209904611110687,0.15476612746715546
xgboost_tuned,r3f4,3,4,92,109,0,0.1332848221063614,0.15476612746715546
xgboost_tuned,r3f4,3,4,93,110,0,0.1798844188451767,0.15476612746715546
xgboost_tuned,r3f4,3,4,94,111,1,0.1864432990550995,0.15476612746715546
xgboost_tuned,r3f4,3,4,95,112,1,0.05431020259857178,0.15476612746715546
xgboost_tuned,r3f4,3,4,107,125,0,0.026957184076309204,0.15476612746715546
xgboost_tuned,r3f4,3,4,108,126,0,0.018996722996234894,0.15476612746715546
xgboost_tuned,r3f4,3,4,109,127,0,0.02467210777103901,0.15476612746715546
xgboost_tuned,r3f4,3,4,110,128,0,0.044521864503622055,0.15476612746715546
xgboost_tuned,r3f4,3,4,111,129,0,0.04115927964448929,0.15476612746715546
xgboost_tuned,r3f4,3,4,112,130,0,0.06291747093200684,0.15476612746715546
xgboost_tuned,r3f4,3,4,121,140,0,0.006283399183303118,0.15476612746715546
xgboost_tuned,r3f4,3,4,122,141,0,0.004540170542895794,0.15476612746715546
xgboost_tuned,r3f4,3,4,123,142,0,0.017037641257047653,0.15476612746715546
xgboost_tuned,r3f4,3,4,124,143,0,0.021548129618167877,0.15476612746715546
xgboost_tuned,r3f4,3,4,125,144,0,0.07334861159324646,0.15476612746715546
xgboost_tuned,r3f4,3,4,126,145,0,0.05094856768846512,0.15476612746715546
xgboost_tuned,r3f4,3,4,127,146,0,0.05246613919734955,0.15476612746715546
xgboost_tuned,r3f4,3,4,128,147,0,0.02779298834502697,0.15476612746715546
xgboost_tuned,r3f4,3,4,129,148,1,0.2637205421924591,0.15476612746715546
xgboost_tuned,r3f4,3,4,130,149,1,0.750970184803009,0.15476612746715546
xgboost_tuned,r3f4,3,4,131,150,0,0.2782440483570099,0.15476612746715546
xgboost_tuned,r3f4,3,4,155,174,1,0.689888060092926,0.15476612746715546
xgboost_tuned,r3f4,3,4,156,175,1,0.6913783550262451,0.15476612746715546
xgboost_tuned,r3f4,3,4,157,176,0,0.9036712050437927,0.15476612746715546
xgboost_tuned,r3f4,3,4,158,177,0,0.9394956231117249,0.15476612746715546
xgboost_tuned,r3f4,3,4,173,192,0,0.026723461225628853,0.15476612746715546
xgboost_tuned,r3f4,3,4,174,193,0,0.01872779056429863,0.15476612746715546
xgboost_tuned,r3f4,3,4,175,194,0,0.18432743847370148,0.15476612746715546
xgboost_tuned,r3f4,3,4,176,195,0,0.25760388374328613,0.15476612746715546
xgboost_tuned,r3f4,3,4,177,196,0,0.4232686758041382,0.15476612746715546
xgboost_tuned,r3f4,3,4,178,197,0,0.35728201270103455,0.15476612746715546
xgboost_tuned,r3f4,3,4,179,198,1,0.6166965961456299,0.15476612746715546
xgboost_tuned,r3f4,3,4,180,199,0,0.30209997296333313,0.15476612746715546
xgboost_tuned,r3f4,3,4,181,200,0,0.17747803032398224,0.15476612746715546
xgboost_tuned,r3f4,3,4,182,201,0,0.16107094287872314,0.15476612746715546
xgboost_tuned,r3f4,3,4,227,250,1,0.08228609710931778,0.15476612746715546
xgboost_tuned,r3f4,3,4,230,253,0,0.04486207291483879,0.15476612746715546
xgboost_tuned,r3f4,3,4,231,254,1,0.048465944826602936,0.15476612746715546
xgboost_tuned,r4f0,4,0,13,25,1,0.9109176397323608,0.19164469838142395
xgboost_tuned,r4f0,4,0,14,26,1,0.9376558661460876,0.19164469838142395
xgboost_tuned,r4f0,4,0,15,27,1,0.851869523525238,0.19164469838142395
xgboost_tuned,r4f0,4,0,16,28,1,0.9651626348495483,0.19164469838142395
xgboost_tuned,r4f0,4,0,24,36,0,0.15478335320949554,0.19164469838142395
xgboost_tuned,r4f0,4,0,28,40,1,0.8018672466278076,0.19164469838142395
xgboost_tuned,r4f0,4,0,29,41,1,0.9083402752876282,0.19164469838142395
xgboost_tuned,r4f0,4,0,30,42,1,0.9692313075065613,0.19164469838142395
xgboost_tuned,r4f0,4,0,31,43,1,0.9715375900268555,0.19164469838142395
xgboost_tuned,r4f0,4,0,41,54,0,0.3354490399360657,0.19164469838142395
xgboost_tuned,r4f0,4,0,42,55,1,0.3627506196498871,0.19164469838142395
xgboost_tuned,r4f0,4,0,43,56,1,0.24590671062469482,0.19164469838142395
xgboost_tuned,r4f0,4,0,44,57,0,0.5691055059432983,0.19164469838142395
xgboost_tuned,r4f0,4,0,101,119,0,0.05967964977025986,0.19164469838142395
xgboost_tuned,r4f0,4,0,102,120,0,0.05263863876461983,0.19164469838142395
xgboost_tuned,r4f0,4,0,103,121,0,0.02138666994869709,0.19164469838142395
xgboost_tuned,r4f0,4,0,104,122,0,0.018219901248812675,0.19164469838142395
xgboost_tuned,r4f0,4,0,105,123,0,0.02138666994869709,0.19164469838142395
xgboost_tuned,r4f0,4,0,106,124,0,0.008566130883991718,0.19164469838142395
xgboost_tuned,r4f0,4,0,125,144,0,0.038835812360048294,0.19164469838142395
xgboost_tuned,r4f0,4,0,126,145,0,0.021768974140286446,0.19164469838142395
xgboost_tuned,r4f0,4,0,127,146,0,0.04325013607740402,0.19164469838142395
xgboost_tuned,r4f0,4,0,129,148,1,0.32967710494995117,0.19164469838142395
xgboost_tuned,r4f0,4,0,130,149,1,0.814390242099762,0.19164469838142395
xgboost_tuned,r4f0,4,0,131,150,0,0.292455792427063,0.19164469838142395
xgboost_tuned,r4f0,4,0,149,168,1,0.17602914571762085,0.19164469838142395
xgboost_tuned,r4f0,4,0,150,169,0,0.22752711176872253,0.19164469838142395
xgboost_tuned,r4f0,4,0,151,170,0,0.3821614682674408,0.19164469838142395
xgboost_tuned,r4f0,4,0,177,196,0,0.41965171694755554,0.19164469838142395
xgboost_tuned,r4f0,4,0,178,197,0,0.14254598319530487,0.19164469838142395
xgboost_tuned,r4f0,4,0,179,198,1,0.5170109868049622,0.19164469838142395
xgboost_tuned,r4f0,4,0,180,199,0,0.32790032029151917,0.19164469838142395
xgboost_tuned,r4f0,4,0,181,200,0,0.1670057624578476,0.19164469838142395
xgboost_tuned,r4f0,4,0,182,201,0,0.13923311233520508,0.19164469838142395
xgboost_tuned,r4f0,4,0,214,235,0,0.032850224524736404,0.19164469838142395
xgboost_tuned,r4f0,4,0,215,236,0,0.1445932239294052,0.19164469838142395
xgboost_tuned,r4f0,4,0,216,238,1,0.21890725195407867,0.19164469838142395
xgboost_tuned,r4f0,4,0,217,239,0,0.03084321692585945,0.19164469838142395
xgboost_tuned,r4f0,4,0,218,240,0,0.024941110983490944,0.19164469838142395
xgboost_tuned,r4f0,4,0,223,246,0,0.0038134651258587837,0.19164469838142395
xgboost_tuned,r4f0,4,0,224,247,0,0.016304543241858482,0.19164469838142395
xgboost_tuned,r4f0,4,0,225,248,0,0.011067738756537437,0.19164469838142395
xgboost_tuned,r4f0,4,0,232,255,0,0.3809865117073059,0.19164469838142395
xgboost_tuned,r4f0,4,0,233,256,0,0.3809865117073059,0.19164469838142395
xgboost_tuned,r4f0,4,0,234,257,0,0.3182617127895355,0.19164469838142395
xgboost_tuned,r4f0,4,0,235,258,0,0.6298739910125732,0.19164469838142395
xgboost_tuned,r4f0,4,0,236,259,0,0.6896263360977173,0.19164469838142395
xgboost_tuned,r4f1,4,1,52,65,0,0.026415761560201645,0.15906597673892975
xgboost_tuned,r4f1,4,1,53,66,0,0.02580329217016697,0.15906597673892975
xgboost_tuned,r4f1,4,1,54,67,0,0.028056006878614426,0.15906597673892975
xgboost_tuned,r4f1,4,1,55,68,0,0.07712198793888092,0.15906597673892975
xgboost_tuned,r4f1,4,1,57,70,0,0.02877737581729889,0.15906597673892975
xgboost_tuned,r4f1,4,1,58,71,0,0.07712198793888092,0.15906597673892975
xgboost_tuned,r4f1,4,1,59,72,1,0.4353829026222229,0.15906597673892975
xgboost_tuned,r4f1,4,1,60,73,0,0.02877737581729889,0.15906597673892975
xgboost_tuned,r4f1,4,1,61,74,1,0.45873528718948364,0.15906597673892975
xgboost_tuned,r4f1,4,1,68,84,0,0.07308685034513474,0.15906597673892975
xgboost_tuned,r4f1,4,1,69,85,0,0.03502913564443588,0.15906597673892975
xgboost_tuned,r4f1,4,1,70,86,0,0.018831487745046616,0.15906597673892975
xgboost_tuned,r4f1,4,1,71,87,0,0.01862422376871109,0.15906597673892975
xgboost_tuned,r4f1,4,1,72,88,1,0.7336033582687378,0.15906597673892975
xgboost_tuned,r4f1,4,1,73,89,1,0.6639267802238464,0.15906597673892975
xgboost_tuned,r4f1,4,1,74,90,1,0.7351492047309875,0.15906597673892975
xgboost_tuned,r4f1,4,1,75,91,1,0.7328936457633972,0.15906597673892975
xgboost_tuned,r4f1,4,1,76,92,1,0.33335426449775696,0.15906597673892975
xgboost_tuned,r4f1,4,1,77,93,1,0.9259135127067566,0.15906597673892975
xgboost_tuned,r4f1,4,1,80,97,1,0.17156362533569336,0.15906597673892975
xgboost_tuned,r4f1,4,1,87,104,0,0.18414336442947388,0.15906597673892975
xgboost_tuned,r4f1,4,1,88,105,1,0.17946840822696686,0.15906597673892975
xgboost_tuned,r4f1,4,1,90,107,1,0.18686538934707642,0.15906597673892975
xgboost_tuned,r4f1,4,1,121,140,0,0.010331740602850914,0.15906597673892975
xgboost_tuned,r4f1,4,1,122,141,0,0.008360948413610458,0.15906597673892975
xgboost_tuned,r4f1,4,1,123,142,0,0.05824180319905281,0.15906597673892975
xgboost_tuned,r4f1,4,1,124,143,0,0.05824180319905281,0.15906597673892975
xgboost_tuned,r4f1,4,1,147,166,0,0.006326922215521336,0.15906597673892975
xgboost_tuned,r4f1,4,1,148,167,0,0.037833452224731445,0.15906597673892975
xgboost_tuned,r4f1,4,1,192,212,0,0.22671349346637726,0.15906597673892975
xgboost_tuned,r4f1,4,1,199,219,0,0.009219438768923283,0.15906597673892975
xgboost_tuned,r4f1,4,1,200,220,0,0.03498707711696625,0.15906597673892975
xgboost_tuned,r4f1,4,1,201,221,0,0.06667835265398026,0.15906597673892975
xgboost_tuned,r4f1,4,1,205,226,0,0.012079250998795033,0.15906597673892975
xgboost_tuned,r4f1,4,1,206,227,0,0.008296034298837185,0.15906597673892975
xgboost_tuned,r4f1,4,1,211,232,0,0.03594880923628807,0.15906597673892975
xgboost_tuned,r4f1,4,1,212,233,1,0.4849071204662323,0.15906597673892975
xgboost_tuned,r4f1,4,1,213,234,1,0.4849071204662323,0.15906597673892975
xgboost_tuned,r4f1,4,1,241,264,0,0.02365921624004841,0.15906597673892975
xgboost_tuned,r4f1,4,1,242,265,0,0.01386591698974371,0.15906597673892975
xgboost_tuned,r4f1,4,1,243,266,0,0.08204956352710724,0.15906597673892975
xgboost_tuned,r4f1,4,1,244,267,0,0.3040819764137268,0.15906597673892975
xgboost_tuned,r4f1,4,1,245,268,0,0.3040819764137268,0.15906597673892975
xgboost_tuned,r4f1,4,1,246,269,0,0.24665136635303497,0.15906597673892975
xgboost_tuned,r4f1,4,1,247,270,1,0.24665136635303497,0.15906597673892975
xgboost_tuned,r4f1,4,1,248,271,0,0.01582849770784378,0.15906597673892975
xgboost_tuned,r4f1,4,1,249,272,0,0.01178667601197958,0.15906597673892975
xgboost_tuned,r4f2,4,2,0,1,1,0.8111401796340942,0.08657454699277878
xgboost_tuned,r4f2,4,2,1,2,0,0.6978199481964111,0.08657454699277878
xgboost_tuned,r4f2,4,2,2,3,0,0.7892551422119141,0.08657454699277878
xgboost_tuned,r4f2,4,2,3,4,0,0.689516007900238,0.08657454699277878
xgboost_tuned,r4f2,4,2,4,5,0,0.689516007900238,0.08657454699277878
xgboost_tuned,r4f2,4,2,5,6,0,0.27021896839141846,0.08657454699277878
xgboost_tuned,r4f2,4,2,6,7,1,0.9687570929527283,0.08657454699277878
xgboost_tuned,r4f2,4,2,7,8,1,0.6508309841156006,0.08657454699277878
xgboost_tuned,r4f2,4,2,21,33,0,0.3497439920902252,0.08657454699277878
xgboost_tuned,r4f2,4,2,22,34,0,0.1396254152059555,0.08657454699277878
xgboost_tuned,r4f2,4,2,23,35,0,0.34984010457992554,0.08657454699277878
xgboost_tuned,r4f2,4,2,34,46,1,0.09322638809680939,0.08657454699277878
xgboost_tuned,r4f2,4,2,35,47,1,0.4402850270271301,0.08657454699277878
xgboost_tuned,r4f2,4,2,36,48,1,0.08836625516414642,0.08657454699277878
xgboost_tuned,r4f2,4,2,37,49,0,0.6228108406066895,0.08657454699277878
xgboost_tuned,r4f2,4,2,38,50,0,0.2501324415206909,0.08657454699277878
xgboost_tuned,r4f2,4,2,39,51,1,0.381124347448349,0.08657454699277878
xgboost_tuned,r4f2,4,2,56,69,1,0.9225523471832275,0.08657454699277878
xgboost_tuned,r4f2,4,2,64,77,0,0.004007410723716021,0.08657454699277878
xgboost_tuned,r4f2,4,2,65,78,0,0.006174385081976652,0.08657454699277878
xgboost_tuned,r4f2,4,2,113,131,1,0.9761468768119812,0.08657454699277878
xgboost_tuned,r4f2,4,2,114,132,1,0.8124151229858398,0.08657454699277878
xgboost_tuned,r4f2,4,2,115,133,1,0.2853378653526306,0.08657454699277878
xgboost_tuned,r4f2,4,2,116,134,0,0.16512197256088257,0.08657454699277878
xgboost_tuned,r4f2,4,2,117,135,1,0.48605209589004517,0.08657454699277878
xgboost_tuned,r4f2,4,2,118,136,1,0.212602898478508,0.08657454699277878
xgboost_tuned,r4f2,4,2,119,137,1,0.20448420941829681,0.08657454699277878
xgboost_tuned,r4f2,4,2,120,139,1,0.9606791138648987,0.08657454699277878
xgboost_tuned,r4f2,4,2,132,151,1,0.01011750940233469,0.08657454699277878
xgboost_tuned,r4f2,4,2,133,152,0,0.010424023494124413,0.08657454699277878
xgboost_tuned,r4f2,4,2,134,153,0,0.011944231577217579,0.08657454699277878
xgboost_tuned,r4f2,4,2,135,154,0,0.012450819835066795,0.08657454699277878
xgboost_tuned,r4f2,4,2,136,155,0,0.09849809110164642,0.08657454699277878
xgboost_tuned,r4f2,4,2,137,156,1,0.9475367069244385,0.08657454699277878
xgboost_tuned,r4f2,4,2,138,157,0,0.007141554728150368,0.08657454699277878
xgboost_tuned,r4f2,4,2,139,158,0,0.004264616407454014,0.08657454699277878
xgboost_tuned,r4f2,4,2,140,159,0,0.006597351748496294,0.08657454699277878
xgboost_tuned,r4f2,4,2,141,160,0,0.0059737260453403,0.08657454699277878
xgboost_tuned,r4f2,4,2,146,165,0,0.9050918221473694,0.08657454699277878
xgboost_tuned,r4f2,4,2,152,171,0,0.012450819835066795,0.08657454699277878
xgboost_tuned,r4f2,4,2,153,172,0,0.06241676211357117,0.08657454699277878
xgboost_tuned,r4f2,4,2,154,173,1,0.8912474513053894,0.08657454699277878
xgboost_tuned,r4f2,4,2,170,189,0,0.01011750940233469,0.08657454699277878
xgboost_tuned,r4f2,4,2,171,190,0,0.009650778025388718,0.08657454699277878
xgboost_tuned,r4f2,4,2,172,191,0,0.44383957982063293,0.08657454699277878
xgboost_tuned,r4f2,4,2,183,202,0,0.26506155729293823,0.08657454699277878
xgboost_tuned,r4f2,4,2,184,203,0,0.2787461280822754,0.08657454699277878
xgboost_tuned,r4f2,4,2,185,204,1,0.4197922646999359,0.08657454699277878
xgboost_tuned,r4f2,4,2,186,205,1,0.3937395215034485,0.08657454699277878
xgboost_tuned,r4f2,4,2,187,206,1,0.6508309841156006,0.08657454699277878
xgboost_tuned,r4f2,4,2,188,207,1,0.6796278953552246,0.08657454699277878
xgboost_tuned,r4f2,4,2,189,208,1,0.6508309841156006,0.08657454699277878
xgboost_tuned,r4f2,4,2,190,209,0,0.01880631037056446,0.08657454699277878
xgboost_tuned,r4f2,4,2,191,211,0,0.10079578310251236,0.08657454699277878
xgboost_tuned,r4f2,4,2,193,213,0,0.03289907053112984,0.08657454699277878
xgboost_tuned,r4f2,4,2,194,214,0,0.847792387008667,0.08657454699277878
xgboost_tuned,r4f2,4,2,195,215,0,0.009123563766479492,0.08657454699277878
xgboost_tuned,r4f2,4,2,196,216,0,0.004101510159671307,0.08657454699277878
xgboost_tuned,r4f2,4,2,207,228,0,0.334057480096817,0.08657454699277878
xgboost_tuned,r4f2,4,2,208,229,1,0.35508397221565247,0.08657454699277878
xgboost_tuned,r4f2,4,2,209,230,0,0.25904616713523865,0.08657454699277878
xgboost_tuned,r4f2,4,2,219,241,0,0.006167205981910229,0.08657454699277878
xgboost_tuned,r4f2,4,2,220,243,0,0.6737456917762756,0.08657454699277878
xgboost_tuned,r4f2,4,2,226,249,0,0.45953673124313354,0.08657454699277878
xgboost_tuned,r4f2,4,2,228,251,0,0.6447375416755676,0.08657454699277878
xgboost_tuned,r4f2,4,2,229,252,1,0.6971901655197144,0.08657454699277878
xgboost_tuned,r4f2,4,2,250,273,0,0.4248625636100769,0.08657454699277878
xgboost_tuned,r4f2,4,2,251,274,0,0.6789642572402954,0.08657454699277878
xgboost_tuned,r4f3,4,3,8,19,1,0.9675461649894714,0.13761349022388458
xgboost_tuned,r4f3,4,3,9,20,1,0.9538908004760742,0.13761349022388458
xgboost_tuned,r4f3,4,3,10,21,1,0.9535309076309204,0.13761349022388458
xgboost_tuned,r4f3,4,3,11,22,1,0.9535309076309204,0.13761349022388458
xgboost_tuned,r4f3,4,3,12,23,1,0.9778384566307068,0.13761349022388458
xgboost_tuned,r4f3,4,3,25,37,1,0.6105924844741821,0.13761349022388458
xgboost_tuned,r4f3,4,3,26,38,1,0.7907627820968628,0.13761349022388458
xgboost_tuned,r4f3,4,3,27,39,1,0.941664457321167,0.13761349022388458
xgboost_tuned,r4f3,4,3,45,58,0,0.09263257682323456,0.13761349022388458
xgboost_tuned,r4f3,4,3,46,59,0,0.03286568820476532,0.13761349022388458
xgboost_tuned,r4f3,4,3,47,60,0,0.08424495905637741,0.13761349022388458
xgboost_tuned,r4f3,4,3,48,61,0,0.09263257682323456,0.13761349022388458
xgboost_tuned,r4f3,4,3,49,62,0,0.07945325970649719,0.13761349022388458
xgboost_tuned,r4f3,4,3,50,63,1,0.7673016786575317,0.13761349022388458
xgboost_tuned,r4f3,4,3,51,64,0,0.2990270256996155,0.13761349022388458
xgboost_tuned,r4f3,4,3,62,75,0,0.017592765390872955,0.13761349022388458
xgboost_tuned,r4f3,4,3,63,76,0,0.01763550564646721,0.13761349022388458
xgboost_tuned,r4f3,4,3,66,79,0,0.18905574083328247,0.13761349022388458
xgboost_tuned,r4f3,4,3,67,82,0,0.011816739104688168,0.13761349022388458
xgboost_tuned,r4f3,4,3,85,102,0,0.08491317927837372,0.13761349022388458
xgboost_tuned,r4f3,4,3,86,103,0,0.06409325450658798,0.13761349022388458
xgboost_tuned,r4f3,4,3,92,109,0,0.1407211720943451,0.13761349022388458
xgboost_tuned,r4f3,4,3,93,110,0,0.07449059188365936,0.13761349022388458
xgboost_tuned,r4f3,4,3,94,111,1,0.11710693687200546,0.13761349022388458
xgboost_tuned,r4f3,4,3,95,112,1,0.0952017605304718,0.13761349022388458
xgboost_tuned,r4f3,4,3,96,113,0,0.05973482131958008,0.13761349022388458
xgboost_tuned,r4f3,4,3,97,115,0,0.052881449460983276,0.13761349022388458
xgboost_tuned,r4f3,4,3,98,116,0,0.02941468171775341,0.13761349022388458
xgboost_tuned,r4f3,4,3,99,117,0,0.03185238689184189,0.13761349022388458
xgboost_tuned,r4f3,4,3,100,118,0,0.05311351269483566,0.13761349022388458
xgboost_tuned,r4f3,4,3,142,161,0,0.04319700226187706,0.13761349022388458
xgboost_tuned,r4f3,4,3,143,162,0,0.013982579112052917,0.13761349022388458
xgboost_tuned,r4f3,4,3,144,163,0,0.017783554270863533,0.13761349022388458
xgboost_tuned,r4f3,4,3,145,164,0,0.017156925052404404,0.13761349022388458
xgboost_tuned,r4f3,4,3,161,180,0,0.057215768843889236,0.13761349022388458
xgboost_tuned,r4f3,4,3,162,181,0,0.08408705145120621,0.13761349022388458
xgboost_tuned,r4f3,4,3,163,182,1,0.43365350365638733,0.13761349022388458
xgboost_tuned,r4f3,4,3,168,187,0,0.02810497023165226,0.13761349022388458
xgboost_tuned,r4f3,4,3,169,188,0,0.005534828640520573,0.13761349022388458
xgboost_tuned,r4f3,4,3,197,217,0,0.02298114448785782,0.13761349022388458
xgboost_tuned,r4f3,4,3,198,218,0,0.0051235174760222435,0.13761349022388458
xgboost_tuned,r4f3,4,3,204,225,0,0.028280382975935936,0.13761349022388458
xgboost_tuned,r4f3,4,3,210,231,1,0.09309817105531693,0.13761349022388458
xgboost_tuned,r4f3,4,3,221,244,0,0.05726495757699013,0.13761349022388458
xgboost_tuned,r4f3,4,3,222,245,0,0.008398252539336681,0.13761349022388458
xgboost_tuned,r4f4,4,4,17,29,1,0.8140554428100586,0.22572588920593262
xgboost_tuned,r4f4,4,4,18,30,0,0.7817797660827637,0.22572588920593262
xgboost_tuned,r4f4,4,4,19,31,1,0.8625370264053345,0.22572588920593262
xgboost_tuned,r4f4,4,4,20,32,1,0.8817708492279053,0.22572588920593262
xgboost_tuned,r4f4,4,4,32,44,1,0.7588171362876892,0.22572588920593262
xgboost_tuned,r4f4,4,4,33,45,0,0.8195362091064453,0.22572588920593262
xgboost_tuned,r4f4,4,4,40,52,1,0.8134037256240845,0.22572588920593262
xgboost_tuned,r4f4,4,4,78,94,0,0.6143565773963928,0.22572588920593262
xgboost_tuned,r4f4,4,4,79,95,0,0.7753140926361084,0.22572588920593262
xgboost_tuned,r4f4,4,4,81,98,0,0.8542941212654114,0.22572588920593262
xgboost_tuned,r4f4,4,4,82,99,0,0.8134521842002869,0.22572588920593262
xgboost_tuned,r4f4,4,4,83,100,0,0.7701843976974487,0.22572588920593262
xgboost_tuned,r4f4,4,4,84,101,0,0.8222876787185669,0.22572588920593262
xgboost_tuned,r4f4,4,4,89,106,1,0.8352830410003662,0.22572588920593262
xgboost_tuned,r4f4,4,4,91,108,1,0.8626181483268738,0.22572588920593262
xgboost_tuned,r4f4,4,4,107,125,0,0.08054838329553604,0.22572588920593262
xgboost_tuned,r4f4,4,4,108,126,0,0.0313093438744545,0.22572588920593262
xgboost_tuned,r4f4,4,4,109,127,0,0.046147774904966354,0.22572588920593262
xgboost_tuned,r4f4,4,4,110,128,0,0.0462278313934803,0.22572588920593262
xgboost_tuned,r4f4,4,4,111,129,0,0.10273632407188416,0.22572588920593262
xgboost_tuned,r4f4,4,4,112,130,0,0.17345671355724335,0.22572588920593262
xgboost_tuned,r4f4,4,4,128,147,0,0.041346561163663864,0.22572588920593262
xgboost_tuned,r4f4,4,4,155,174,1,0.766182541847229,0.22572588920593262
xgboost_tuned,r4f4,4,4,156,175,1,0.7344949245452881,0.22572588920593262
xgboost_tuned,r4f4,4,4,157,176,0,0.9110972285270691,0.22572588920593262
xgboost_tuned,r4f4,4,4,158,177,0,0.8903197646141052,0.22572588920593262
xgboost_tuned,r4f4,4,4,159,178,0,0.5442762970924377,0.22572588920593262
xgboost_tuned,r4f4,4,4,160,179,1,0.8655083179473877,0.22572588920593262
xgboost_tuned,r4f4,4,4,164,183,0,0.7444824576377869,0.22572588920593262
xgboost_tuned,r4f4,4,4,165,184,0,0.8146457076072693,0.22572588920593262
xgboost_tuned,r4f4,4,4,166,185,0,0.7294802665710449,0.22572588920593262
xgboost_tuned,r4f4,4,4,167,186,0,0.7028515934944153,0.22572588920593262
xgboost_tuned,r4f4,4,4,173,192,0,0.027846695855259895,0.22572588920593262
xgboost_tuned,r4f4,4,4,174,193,0,0.01641702465713024,0.22572588920593262
xgboost_tuned,r4f4,4,4,175,194,0,0.12462586909532547,0.22572588920593262
xgboost_tuned,r4f4,4,4,176,195,0,0.18914344906806946,0.22572588920593262
xgboost_tuned,r4f4,4,4,202,222,0,0.057332850992679596,0.22572588920593262
xgboost_tuned,r4f4,4,4,203,224,1,0.7240430116653442,0.22572588920593262
xgboost_tuned,r4f4,4,4,227,250,1,0.4986015558242798,0.22572588920593262
xgboost_tuned,r4f4,4,4,230,253,0,0.263725608587265,0.22572588920593262
xgboost_tuned,r4f4,4,4,231,254,1,0.2747284770011902,0.22572588920593262
xgboost_tuned,r4f4,4,4,237,260,0,0.04505419731140137,0.22572588920593262
xgboost_tuned,r4f4,4,4,238,261,0,0.05246833339333534,0.22572588920593262
xgboost_tuned,r4f4,4,4,239,262,0,0.03124038502573967,0.22572588920593262
xgboost_tuned,r4f4,4,4,240,263,0,0.019278768450021744,0.22572588920593262
