model,split,repeat,fold,row,test_id,y_true,p_sustained,threshold
majority_baseline,r0f0,0,0,13,25,1,0.32682926829268294,0.3142857142857143
majority_baseline,r0f0,0,0,14,26,1,0.32682926829268294,0.3142857142857143
majority_baseline,r0f0,0,0,15,27,1,0.32682926829268294,0.3142857142857143
majority_baseline,r0f0,0,0,16,28,1,0.32682926829268294,0.3142857142857143
majority_baseline,r0f0,0,0,24,36,0,0.32682926829268294,0.3142857142857143
majority_baseline,r0f0,0,0,28,40,1,0.32682926829268294,0.3142857142857143
majority_baseline,r0f0,0,0,29,41,1,0.32682926829268294,0.3142857142857143
majority_baseline,r0f0,0,0,30,42,1,0.32682926829268294,0.3142857142857143
majority_baseline,r0f0,0,0,31,43,1,0.32682926829268294,0.3142857142857143
majority_baseline,r0f0,0,0,41,54,0,0.32682926829268294,0.3142857142857143
majority_baseline,r0f0,0,0,42,55,1,0.32682926829268294,0.3142857142857143
majority_baseline,r0f0,0,0,43,56,1,0.32682926829268294,0.3142857142857143
majority_baseline,r0f0,0,0,44,57,0,0.32682926829268294,0.3142857142857143
majority_baseline,r0f0,0,0,62,75,0,0.32682926829268294,0.3142857142857143
majority_baseline,r0f0,0,0,63,76,0,0.32682926829268294,0.3142857142857143
majority_baseline,r0f0,0,0,66,79,0,0.32682926829268294,0.3142857142857143
majority_baseline,r0f0,0,0,67,82,0,0.32682926829268294,0.3142857142857143
majority_baseline,r0f0,0,0,78,94,0,0.32682926829268294,0.3142857142857143
majority_baseline,r0f0,0,0,79,95,0,0.32682926829268294,0.3142857142857143
majority_baseline,r0f0,0,0,96,113,0,0.32682926829268294,0.3142857142857143
majority_baseline,r0f0,0,0,97,115,0,0.32682926829268294,0.3142857142857143
majority_baseline,r0f0,0,0,98,116,0,0.32682926829268294,0.3142857142857143
majority_baseline,r0f0,0,0,99,117,0,0.32682926829268294,0.3142857142857143
majority_baseline,r0f0,0,0,100,118,0,0.32682926829268294,0.3142857142857143
majority_baseline,r0f0,0,0,101,119,0,0.32682926829268294,0.3142857142857143
majority_baseline,r0f0,0,0,102,120,0,0.32682926829268294,0.3142857142857143
majority_baseline,r0f0,0,0,103,121,0,0.32682926829268294,0.3142857142857143
majority_baseline,r0f0,0,0,104,122,0,0.32682926829268294,0.3142857142857143
majority_baseline,r0f0,0,0,105,123,0,0.32682926829268294,0.3142857142857143
majority_baseline,r0f0,0,0,106,124,0,0.32682926829268294,0.3142857142857143
majority_baseline,r0f0,0,0,138,157,0,0.32682926829268294,0.3142857142857143
majority_baseline,r0f0,0,0,139,158,0,0.32682926829268294,0.3142857142857143
majority_baseline,r0f0,0,0,140,159,0,0.32682926829268294,0.3142857142857143
majority_baseline,r0f0,0,0,141,160,0,0.32682926829268294,0.3142857142857143
majority_baseline,r0f0,0,0,155,174,1,0.32682926829268294,0.3142857142857143
majority_baseline,r0f0,0,0,156,175,1,0.32682926829268294,0.3142857142857143
majority_baseline,r0f0,0,0,157,176,0,0.32682926829268294,0.3142857142857143
majority_baseline,r0f0,0,0,158,177,0,0.32682926829268294,0.3142857142857143
majority_baseline,r0f0,0,0,161,180,0,0.32682926829268294,0.3142857142857143
majority_baseline,r0f0,0,0,162,181,0,0.32682926829268294,0.3142857142857143
majority_baseline,r0f0,0,0,163,182,1,0.32682926829268294,0.3142857142857143
majority_baseline,r0f0,0,0,168,187,0,0.32682926829268294,0.3142857142857143
majority_baseline,r0f0,0,0,169,188,0,0.32682926829268294,0.3142857142857143
majority_baseline,r0f0,0,0,197,217,0,0.32682926829268294,0.3142857142857143
majority_baseline,r0f0,0,0,198,218,0,0.32682926829268294,0.3142857142857143
majority_baseline,r0f0,0,0,250,273,0,0.32682926829268294,0.3142857142857143
majority_baseline,r0f0,0,0,251,274,0,0.32682926829268294,0.3142857142857143
majority_baseline,r0f1,0,1,52,65,0,0.3140096618357488,0.2907801418439716
majority_baseline,r0f1,0,1,53,66,0,0.3140096618357488,0.2907801418439716
majority_baseline,r0f1,0,1,54,67,0,0.3140096618357488,0.2907801418439716
majority_baseline,r0f1,0,1,55,68,0,0.3140096618357488,0.2907801418439716
majority_baseline,r0f1,0,1,57,70,0,0.3140096618357488,0.2907801418439716
majority_baseline,r0f1,0,1,58,71,0,0.3140096618357488,0.2907801418439716
majority_baseline,r0f1,0,1,59,72,1,0.3140096618357488,0.2907801418439716
majority_baseline,r0f1,0,1,60,73,0,0.3140096618357488,0.2907801418439716
majority_baseline,r0f1,0,1,61,74,1,0.3140096618357488,0.2907801418439716
majority_baseline,r0f1,0,1,72,88,1,0.3140096618357488,0.2907801418439716
majority_baseline,r0f1,0,1,73,89,1,0.3140096618357488,0.2907801418439716
majority_baseline,r0f1,0,1,74,90,1,0.3140096618357488,0.2907801418439716
majority_baseline,r0f1,0,1,75,91,1,0.3140096618357488,0.2907801418439716
majority_baseline,r0f1,0,1,76,92,1,0.3140096618357488,0.2907801418439716
majority_baseline,r0f1,0,1,77,93,1,0.3140096618357488,0.2907801418439716
majority_baseline,r0f1,0,1,80,97,1,0.3140096618357488,0.2907801418439716
majority_baseline,r0f1,0,1,87,104,0,0.3140096618357488,0.2907801418439716
majority_baseline,r0f1,0,1,88,105,1,0.3140096618357488,0.2907801418439716
majority_baseline,r0f1,0,1,90,107,1,0.3140096618357488,0.2907801418439716
majority_baseline,r0f1,0,1,107,125,0,0.3140096618357488,0.2907801418439716
majority_baseline,r0f1,0,1,108,126,0,0.3140096618357488,0.2907801418439716
majority_baseline,r0f1,0,1,109,127,0,0.3140096618357488,0.2907801418439716
majority_baseline,r0f1,0,1,110,128,0,0.3140096618357488,0.2907801418439716
majority_baseline,r0f1,0,1,111,129,0,0.3140096618357488,0.2907801418439716
majority_baseline,r0f1,0,1,112,130,0,0.3140096618357488,0.2907801418439716
majority_baseline,r0f1,0,1,128,147,0,0.3140096618357488,0.2907801418439716
majority_baseline,r0f1,0,1,173,192,0,0.3140096618357488,0.2907801418439716
majority_baseline,r0f1,0,1,174,193,0,0.3140096618357488,0.2907801418439716
majority_baseline,r0f1,0,1,175,194,0,0.3140096618357488,0.2907801418439716
majority_baseline,r0f1,0,1,176,195,0,0.3140096618357488,0.2907801418439716
majority_baseline,r0f1,0,1,192,212,0,0.3140096618357488,0.2907801418439716
majority_baseline,r0f1,0,1,204,225,0,0.3140096618357488,0.2907801418439716
majority_baseline,r0f1,0,1,210,231,1,0.3140096618357488,0.2907801418439716
majority_baseline,r0f1,0,1,221,244,0,0.3140096618357488,0.2907801418439716
majority_baseline,r0f1,0,1,222,245,0,0.3140096618357488,0.2907801418439716
majority_baseline,r0f1,0,1,226,249,0,0.3140096618357488,0.2907801418439716
majority_baseline,r0f1,0,1,227,250,1,0.3140096618357488,0.2907801418439716
majority_baseline,r0f1,0,1,228,251,0,0.3140096618357488,0.2907801418439716
majority_baseline,r0f1,0,1,229,252,1,0.3140096618357488,0.2907801418439716
majority_baseline,r0f1,0,1,230,253,0,0.3140096618357488,0.2907801418439716
majority_baseline,r0f1,0,1,231,254,1,0.3140096618357488,0.2907801418439716
majority_baseline,r0f1,0,1,237,260,0,0.3140096618357488,0.2907801418439716
majority_baseline,r0f1,0,1,238,261,0,0.3140096618357488,0.2907801418439716
majority_baseline,r0f1,0,1,239,262,0,0.3140096618357488,0.2907801418439716
majority_baseline,r0f1,0,1,240,263,0,0.3140096618357488,0.2907801418439716
majority_baseline,r0f2,0,2,17,29,1,0.32682926829268294,0.29927007299270075
majority_baseline,r0f2,0,2,18,30,0,0.32682926829268294,0.29927007299270075
majority_baseline,r0f2,0,2,19,31,1,0.32682926829268294,0.29927007299270075
majority_baseline,r0f2,0,2,20,32,1,0.32682926829268294,0.29927007299270075
majority_baseline,r0f2,0,2,32,44,1,0.32682926829268294,0.29927007299270075
majority_baseline,r0f2,0,2,33,45,0,0.32682926829268294,0.29927007299270075
majority_baseline,r0f2,0,2,40,52,1,0.32682926829268294,0.29927007299270075
majority_baseline,r0f2,0,2,56,69,1,0.32682926829268294,0.29927007299270075
majority_baseline,r0f2,0,2,64,77,0,0.32682926829268294,0.29927007299270075
majority_baseline,r0f2,0,2,65,78,0,0.32682926829268294,0.29927007299270075
majority_baseline,r0f2,0,2,68,84,0,0.32682926829268294,0.29927007299270075
majority_baseline,r0f2,0,2,69,85,0,0.32682926829268294,0.29927007299270075
majority_baseline,r0f2,0,2,70,86,0,0.32682926829268294,0.29927007299270075
majority_baseline,r0f2,0,2,71,87,0,0.32682926829268294,0.29927007299270075
majority_baseline,r0f2,0,2,81,98,0,0.32682926829268294,0.29927007299270075
majority_baseline,r0f2,0,2,82,99,0,0.32682926829268294,0.29927007299270075
majority_baseline,r0f2,0,2,83,100,0,0.32682926829268294,0.29927007299270075
majority_baseline,r0f2,0,2,84,101,0,0.32682926829268294,0.29927007299270075
majority_baseline,r0f2,0,2,89,106,1,0.32682926829268294,0.29927007299270075
majority_baseline,r0f2,0,2,91,108,1,0.32682926829268294,0.29927007299270075
majority_baseline,r0f2,0,2,159,178,0,0.32682926829268294,0.29927007299270075
majority_baseline,r0f2,0,2,160,179,1,0.32682926829268294,0.29927007299270075
majority_baseline,r0f2,0,2,164,183,0,0.32682926829268294,0.29927007299270075
majority_baseline,r0f2,0,2,165,184,0,0.32682926829268294,0.29927007299270075
majority_baseline,r0f2,0,2,166,185,0,0.32682926829268294,0.29927007299270075
majority_baseline,r0f2,0,2,167,186,0,0.32682926829268294,0.29927007299270075
majority_baseline,r0f2,0,2,193,213,0,0.32682926829268294,0.29927007299270075
majority_baseline,r0f2,0,2,194,214,0,0.32682926829268294,0.29927007299270075
majority_baseline,r0f2,0,2,195,215,0,0.32682926829268294,0.29927007299270075
majority_baseline,r0f2,0,2,196,216,0,0.32682926829268294,0.29927007299270075
majority_baseline,r0f2,0,2,199,219,0,0.32682926829268294,0.29927007299270075
majority_baseline,r0f2,0,2,200,220,0,0.32682926829268294,0.29927007299270075
majority_baseline,r0f2,0,2,201,221,0,0.32682926829268294,0.29927007299270075
majority_baseline,r0f2,0,2,205,226,0,0.32682926829268294,0.29927007299270075
majority_baseline,r0f2,0,2,206,227,0,0.32682926829268294,0.29927007299270075
majority_baseline,r0f2,0,2,211,232,0,0.32682926829268294,0.29927007299270075
majority_baseline,r0f2,0,2,212,233,1,0.32682926829268294,0.29927007299270075
majority_baseline,r0f2,0,2,213,234,1,0.32682926829268294,0.29927007299270075
majority_baseline,r0f2,0,2,214,235,0,0.32682926829268294,0.29927007299270075
majority_baseline,r0f2,0,2,215,236,0,0.32682926829268294,0.29927007299270075
majority_baseline,r0f2,0,2,216,238,1,0.32682926829268294,0.29927007299270075
majority_baseline,r0f2,0,2,217,239,0,0.32682926829268294,0.29927007299270075
majority_baseline,r0f2,0,2,218,240,0,0.32682926829268294,0.29927007299270075
majority_baseline,r0f2,0,2,246,269,0,0.32682926829268294,0.29927007299270075
majority_baseline,r0f2,0,2,247,270,1,0.32682926829268294,0.29927007299270075
majority_baseline,r0f2,0,2,248,271,0,0.32682926829268294,0.29927007299270075
majority_baseline,r0f2,0,2,249,272,0,0.32682926829268294,0.29927007299270075
majority_baseline,r0f3,0,3,0,1,1,0.3005464480874317,0.2949640287769784
majority_baseline,r0f3,0,3,1,2,0,0.3005464480874317,0.2949640287769784
majority_baseline,r0f3,0,3,2,3,0,0.3005464480874317,0.2949640287769784
majority_baseline,r0f3,0,3,3,4,0,0.3005464480874317,0.2949640287769784
majority_baseline,r0f3,0,3,4,5,0,0.3005464480874317,0.2949640287769784
majority_baseline,r0f3,0,3,5,6,0,0.3005464480874317,0.2949640287769784
majority_baseline,r0f3,0,3,6,7,1,0.3005464480874317,0.2949640287769784
majority_baseline,r0f3,0,3,7,8,1,0.3005464480874317,0.2949640287769784
majority_baseline,r0f3,0,3,8,19,1,0.3005464480874317,0.2949640287769784
majority_baseline,r0f3,0,3,9,20,1,0.3005464480874317,0.2949640287769784
majority_baseline,r0f3,0,3,10,21,1,0.3005464480874317,0.2949640287769784
majority_baseline,r0f3,0,3,11,22,1,0.3005464480874317,0.2949640287769784
majority_baseline,r0f3,0,3,12,23,1,0.3005464480874317,0.2949640287769784
majority_baseline,r0f3,0,3,21,33,0,0.3005464480874317,0.2949640287769784
majority_baseline,r0f3,0,3,22,34,0,0.3005464480874317,0.2949640287769784
majority_baseline,r0f3,0,3,23,35,0,0.3005464480874317,0.2949640287769784
majority_baseline,r0f3,0,3,25,37,1,0.3005464480874317,0.2949640287769784
majority_baseline,r0f3,0,3,26,38,1,0.3005464480874317,0.2949640287769784
majority_baseline,r0f3,0,3,27,39,1,0.3005464480874317,0.2949640287769784
majority_baseline,r0f3,0,3,34,46,1,0.3005464480874317,0.2949640287769784
majority_baseline,r0f3,0,3,35,47,1,0.3005464480874317,0.2949640287769784
majority_baseline,r0f3,0,3,36,48,1,0.3005464480874317,0.2949640287769784
majority_baseline,r0f3,0,3,37,49,0,0.3005464480874317,0.2949640287769784
majority_baseline,r0f3,0,3,38,50,0,0.3005464480874317,0.2949640287769784
majority_baseline,r0f3,0,3,39,51,1,0.3005464480874317,0.2949640287769784
majority_baseline,r0f3,0,3,121,140,0,0.3005464480874317,0.2949640287769784
majority_baseline,r0f3,0,3,122,141,0,0.3005464480874317,0.2949640287769784
majority_baseline,r0f3,0,3,123,142,0,0.3005464480874317,0.2949640287769784
majority_baseline,r0f3,0,3,124,143,0,0.3005464480874317,0.2949640287769784
majority_baseline,r0f3,0,3,125,144,0,0.3005464480874317,0.2949640287769784
majority_baseline,r0f3,0,3,126,145,0,0.3005464480874317,0.2949640287769784
majority_baseline,r0f3,0,3,127,146,0,0.3005464480874317,0.2949640287769784
majority_baseline,r0f3,0,3,129,148,1,0.3005464480874317,0.2949640287769784
majority_baseline,r0f3,0,3,130,149,1,0.3005464480874317,0.2949640287769784
majority_baseline,r0f3,0,3,131,150,0,0.3005464480874317,0.2949640287769784
majority_baseline,r0f3,0,3,147,166,0,0.3005464480874317,0.2949640287769784
majority_baseline,r0f3,0,3,148,167,0,0.3005464480874317,0.2949640287769784
majority_baseline,r0f3,0,3,149,168,1,0.3005464480874317,0.2949640287769784
majority_baseline,r0f3,0,3,150,169,0,0.3005464480874317,0.2949640287769784
majority_baseline,r0f3,0,3,151,170,0,0.3005464480874317,0.2949640287769784
majority_baseline,r0f3,0,3,177,196,0,0.3005464480874317,0.2949640287769784
majority_baseline,r0f3,0,3,178,197,0,0.3005464480874317,0.2949640287769784
majority_baseline,r0f3,0,3,179,198,1,0.3005464480874317,0.2949640287769784
majority_baseline,r0f3,0,3,180,199,0,0.3005464480874317,0.2949640287769784
majority_baseline,r0f3,0,3,181,200,0,0.3005464480874317,0.2949640287769784
majority_baseline,r0f3,0,3,182,201,0,0.3005464480874317,0.2949640287769784
majority_baseline,r0f3,0,3,183,202,0,0.3005464480874317,0.2949640287769784
majority_baseline,r0f3,0,3,184,203,0,0.3005464480874317,0.2949640287769784
majority_baseline,r0f3,0,3,185,204,1,0.3005464480874317,0.2949640287769784
majority_baseline,r0f3,0,3,186,205,1,0.3005464480874317,0.2949640287769784
majority_baseline,r0f3,0,3,187,206,1,0.3005464480874317,0.2949640287769784
majority_baseline,r0f3,0,3,188,207,1,0.3005464480874317,0.2949640287769784
majority_baseline,r0f3,0,3,189,208,1,0.3005464480874317,0.2949640287769784
majority_baseline,r0f3,0,3,207,228,0,0.3005464480874317,0.2949640287769784
majority_baseline,r0f3,0,3,208,229,1,0.3005464480874317,0.2949640287769784
majority_baseline,r0f3,0,3,209,230,0,0.3005464480874317,0.2949640287769784
majority_baseline,r0f3,0,3,219,241,0,0.3005464480874317,0.2949640287769784
majority_baseline,r0f3,0,3,220,243,0,0.3005464480874317,0.2949640287769784
majority_baseline,r0f3,0,3,225,248,0,0.3005464480874317,0.2949640287769784
majority_baseline,r0f3,0,3,232,255,0,0.3005464480874317,0.2949640287769784
majority_baseline,r0f3,0,3,233,256,0,0.3005464480874317,0.2949640287769784
majority_baseline,r0f3,0,3,234,257,0,0.3005464480874317,0.2949640287769784
majority_baseline,r0f3,0,3,235,258,0,0.3005464480874317,0.2949640287769784
majority_baseline,r0f3,0,3,236,259,0,0.3005464480874317,0.2949640287769784
majority_baseline,r0f3,0,3,241,264,0,0.3005464480874317,0.2949640287769784
majority_baseline,r0f3,0,3,242,265,0,0.3005464480874317,0.2949640287769784
majority_baseline,r0f3,0,3,243,266,0,0.3005464480874317,0.2949640287769784
majority_baseline,r0f3,0,3,244,267,0,0.3005464480874317,0.2949640287769784
majority_baseline,r0f3,0,3,245,268,0,0.3005464480874317,0.2949640287769784
majority_baseline,r0f4,0,4,45,58,0,0.3173076923076923,0.2978723404255319
majority_baseline,r0f4,0,4,46,59,0,0.3173076923076923,0.2978723404255319
majority_baseline,r0f4,0,4,47,60,0,0.3173076923076923,0.2978723404255319
majority_baseline,r0f4,0,4,48,61,0,0.3173076923076923,0.2978723404255319
majority_baseline,r0f4,0,4,49,62,0,0.3173076923076923,0.2978723404255319
majority_baseline,r0f4,0,4,50,63,1,0.3173076923076923,0.2978723404255319
majority_baseline,r0f4,0,4,51,64,0,0.3173076923076923,0.2978723404255319
majority_baseline,r0f4,0,4,85,102,0,0.3173076923076923,0.2978723404255319
majority_baseline,r0f4,0,4,86,103,0,0.3173076923076923,0.2978723404255319
majority_baseline,r0f4,0,4,92,109,0,0.3173076923076923,0.2978723404255319
majority_baseline,r0f4,0,4,93,110,0,0.3173076923076923,0.2978723404255319
majority_baseline,r0f4,0,4,94,111,1,0.3173076923076923,0.2978723404255319
majority_baseline,r0f4,0,4,95,112,1,0.3173076923076923,0.2978723404255319
majority_baseline,r0f4,0,4,113,131,1,0.3173076923076923,0.2978723404255319
majority_baseline,r0f4,0,4,114,132,1,0.3173076923076923,0.2978723404255319
majority_baseline,r0f4,0,4,115,133,1,0.3173076923076923,0.2978723404255319
majority_baseline,r0f4,0,4,116,134,0,0.3173076923076923,0.2978723404255319
majority_baseline,r0f4,0,4,117,135,1,0.3173076923076923,0.2978723404255319
majority_baseline,r0f4,0,4,118,136,1,0.3173076923076923,0.2978723404255319
majority_baseline,r0f4,0,4,119,137,1,0.3173076923076923,0.2978723404255319
majority_baseline,r0f4,0,4,120,139,1,0.3173076923076923,0.2978723404255319
majority_baseline,r0f4,0,4,132,151,1,0.3173076923076923,0.2978723404255319
majority_baseline,r0f4,0,4,133,152,0,0.3173076923076923,0.2978723404255319
majority_baseline,r0f4,0,4,134,153,0,0.3173076923076923,0.2978723404255319
majority_baseline,r0f4,0,4,135,154,0,0.3173076923076923,0.2978723404255319
majority_baseline,r0f4,0,4,136,155,0,0.3173076923076923,0.2978723404255319
majority_baseline,r0f4,0,4,137,156,1,0.3173076923076923,0.2978723404255319
majority_baseline,r0f4,0,4,142,161,0,0.3173076923076923,0.2978723404255319
majority_baseline,r0f4,0,4,143,162,0,0.3173076923076923,0.2978723404255319
majority_baseline,r0f4,0,4,144,163,0,0.3173076923076923,0.2978723404255319
majority_baseline,r0f4,0,4,145,164,0,0.3173076923076923,0.2978723404255319
majority_baseline,r0f4,0,4,146,165,0,0.3173076923076923,0.2978723404255319
majority_baseline,r0f4,0,4,152,171,0,0.3173076923076923,0.2978723404255319
majority_baseline,r0f4,0,4,153,172,0,0.3173076923076923,0.2978723404255319
majority_baseline,r0f4,0,4,154,173,1,0.3173076923076923,0.2978723404255319
majority_baseline,r0f4,0,4,170,189,0,0.3173076923076923,0.2978723404255319
majority_baseline,r0f4,0,4,171,190,0,0.3173076923076923,0.2978723404255319
majority_baseline,r0f4,0,4,172,191,0,0.3173076923076923,0.2978723404255319
majority_baseline,r0f4,0,4,190,209,0,0.3173076923076923,0.2978723404255319
majority_baseline,r0f4,0,4,191,211,0,0.3173076923076923,0.2978723404255319
majority_baseline,r0f4,0,4,202,222,0,0.3173076923076923,0.2978723404255319
majority_baseline,r0f4,0,4,203,224,1,0.3173076923076923,0.2978723404255319
majority_baseline,r0f4,0,4,223,246,0,0.3173076923076923,0.2978723404255319
majority_baseline,r0f4,0,4,224,247,0,0.3173076923076923,0.2978723404255319
majority_baseline,r1f0,1,0,8,19,1,0.32367149758454106,0.3006993006993007
majority_baseline,r1f0,1,0,9,20,1,0.32367149758454106,0.3006993006993007
majority_baseline,r1f0,1,0,10,21,1,0.32367149758454106,0.3006993006993007
majority_baseline,r1f0,1,0,11,22,1,0.32367149758454106,0.3006993006993007
majority_baseline,r1f0,1,0,12,23,1,0.32367149758454106,0.3006993006993007
majority_baseline,r1f0,1,0,25,37,1,0.32367149758454106,0.3006993006993007
majority_baseline,r1f0,1,0,26,38,1,0.32367149758454106,0.3006993006993007
majority_baseline,r1f0,1,0,27,39,1,0.32367149758454106,0.3006993006993007
majority_baseline,r1f0,1,0,45,58,0,0.32367149758454106,0.3006993006993007
majority_baseline,r1f0,1,0,46,59,0,0.32367149758454106,0.3006993006993007
majority_baseline,r1f0,1,0,47,60,0,0.32367149758454106,0.3006993006993007
majority_baseline,r1f0,1,0,48,61,0,0.32367149758454106,0.3006993006993007
majority_baseline,r1f0,1,0,49,62,0,0.32367149758454106,0.3006993006993007
majority_baseline,r1f0,1,0,50,63,1,0.32367149758454106,0.3006993006993007
majority_baseline,r1f0,1,0,51,64,0,0.32367149758454106,0.3006993006993007
majority_baseline,r1f0,1,0,62,75,0,0.32367149758454106,0.3006993006993007
majority_baseline,r1f0,1,0,63,76,0,0.32367149758454106,0.3006993006993007
majority_baseline,r1f0,1,0,66,79,0,0.32367149758454106,0.3006993006993007
majority_baseline,r1f0,1,0,67,82,0,0.32367149758454106,0.3006993006993007
majority_baseline,r1f0,1,0,85,102,0,0.32367149758454106,0.3006993006993007
majority_baseline,r1f0,1,0,86,103,0,0.32367149758454106,0.3006993006993007
majority_baseline,r1f0,1,0,92,109,0,0.32367149758454106,0.3006993006993007
majority_baseline,r1f0,1,0,93,110,0,0.32367149758454106,0.3006993006993007
majority_baseline,r1f0,1,0,94,111,1,0.32367149758454106,0.3006993006993007
majority_baseline,r1f0,1,0,95,112,1,0.32367149758454106,0.3006993006993007
majority_baseline,r1f0,1,0,142,161,0,0.32367149758454106,0.3006993006993007
majority_baseline,r1f0,1,0,143,162,0,0.32367149758454106,0.3006993006993007
majority_baseline,r1f0,1,0,144,163,0,0.32367149758454106,0.3006993006993007
majority_baseline,r1f0,1,0,145,164,0,0.32367149758454106,0.3006993006993007
majority_baseline,r1f0,1,0,161,180,0,0.32367149758454106,0.3006993006993007
majority_baseline,r1f0,1,0,162,181,0,0.32367149758454106,0.3006993006993007
majority_baseline,r1f0,1,0,163,182,1,0.32367149758454106,0.3006993006993007
majority_baseline,r1f0,1,0,168,187,0,0.32367149758454106,0.3006993006993007
majority_baseline,r1f0,1,0,169,188,0,0.32367149758454106,0.3006993006993007
majority_baseline,r1f0,1,0,197,217,0,0.32367149758454106,0.3006993006993007
majority_baseline,r1f0,1,0,198,218,0,0.32367149758454106,0.3006993006993007
majority_baseline,r1f0,1,0,204,225,0,0.32367149758454106,0.3006993006993007
majority_baseline,r1f0,1,0,210,231,1,0.32367149758454106,0.3006993006993007
majority_baseline,r1f0,1,0,219,241,0,0.32367149758454106,0.3006993006993007
majority_baseline,r1f0,1,0,220,243,0,0.32367149758454106,0.3006993006993007
majority_baseline,r1f0,1,0,241,264,0,0.32367149758454106,0.3006993006993007
majority_baseline,r1f0,1,0,242,265,0,0.32367149758454106,0.3006993006993007
majority_baseline,r1f0,1,0,243,266,0,0.32367149758454106,0.3006993006993007
majority_baseline,r1f0,1,0,244,267,0,0.32367149758454106,0.3006993006993007
majority_baseline,r1f0,1,0,245,268,0,0.32367149758454106,0.3006993006993007
majority_baseline,r1f1,1,1,0,1,1,0.2918918918918919,0.2857142857142857
majority_baseline,r1f1,1,1,1,2,0,0.2918918918918919,0.2857142857142857
majority_baseline,r1f1,1,1,2,3,0,0.2918918918918919,0.2857142857142857
majority_baseline,r1f1,1,1,3,4,0,0.2918918918918919,0.2857142857142857
majority_baseline,r1f1,1,1,4,5,0,0.2918918918918919,0.2857142857142857
majority_baseline,r1f1,1,1,5,6,0,0.2918918918918919,0.2857142857142857
majority_baseline,r1f1,1,1,6,7,1,0.2918918918918919,0.2857142857142857
majority_baseline,r1f1,1,1,7,8,1,0.2918918918918919,0.2857142857142857
majority_baseline,r1f1,1,1,21,33,0,0.2918918918918919,0.2857142857142857
majority_baseline,r1f1,1,1,22,34,0,0.2918918918918919,0.2857142857142857
majority_baseline,r1f1,1,1,23,35,0,0.2918918918918919,0.2857142857142857
majority_baseline,r1f1,1,1,34,46,1,0.2918918918918919,0.2857142857142857
majority_baseline,r1f1,1,1,35,47,1,0.2918918918918919,0.2857142857142857
majority_baseline,r1f1,1,1,36,48,1,0.2918918918918919,0.2857142857142857
majority_baseline,r1f1,1,1,37,49,0,0.2918918918918919,0.2857142857142857
majority_baseline,r1f1,1,1,38,50,0,0.2918918918918919,0.2857142857142857
majority_baseline,r1f1,1,1,39,51,1,0.2918918918918919,0.2857142857142857
majority_baseline,r1f1,1,1,52,65,0,0.2918918918918919,0.2857142857142857
majority_baseline,r1f1,1,1,53,66,0,0.2918918918918919,0.2857142857142857
majority_baseline,r1f1,1,1,54,67,0,0.2918918918918919,0.2857142857142857
majority_baseline,r1f1,1,1,55,68,0,0.2918918918918919,0.2857142857142857
majority_baseline,r1f1,1,1,57,70,0,0.2918918918918919,0.2857142857142857
majority_baseline,r1f1,1,1,58,71,0,0.2918918918918919,0.2857142857142857
majority_baseline,r1f1,1,1,59,72,1,0.2918918918918919,0.2857142857142857
majority_baseline,r1f1,1,1,60,73,0,0.2918918918918919,0.2857142857142857
majority_baseline,r1f1,1,1,61,74,1,0.2918918918918919,0.2857142857142857
majority_baseline,r1f1,1,1,80,97,1,0.2918918918918919,0.2857142857142857
majority_baseline,r1f1,1,1,87,104,0,0.2918918918918919,0.2857142857142857
majority_baseline,r1f1,1,1,88,105,1,0.2918918918918919,0.2857142857142857
majority_baseline,r1f1,1,1,90,107,1,0.2918918918918919,0.2857142857142857
majority_baseline,r1f1,1,1,107,125,0,0.2918918918918919,0.2857142857142857
majority_baseline,r1f1,1,1,108,126,0,0.2918918918918919,0.2857142857142857
majority_baseline,r1f1,1,1,109,127,0,0.2918918918918919,0.2857142857142857
majority_baseline,r1f1,1,1,110,128,0,0.2918918918918919,0.2857142857142857
majority_baseline,r1f1,1,1,111,129,0,0.2918918918918919,0.2857142857142857
majority_baseline,r1f1,1,1,112,130,0,0.2918918918918919,0.2857142857142857
majority_baseline,r1f1,1,1,113,131,1,0.2918918918918919,0.2857142857142857
majority_baseline,r1f1,1,1,114,132,1,0.2918918918918919,0.2857142857142857
majority_baseline,r1f1,1,1,115,133,1,0.2918918918918919,0.2857142857142857
majority_baseline,r1f1,1,1,116,134,0,0.2918918918918919,0.2857142857142857
majority_baseline,r1f1,1,1,117,135,1,0.2918918918918919,0.2857142857142857
majority_baseline,r1f1,1,1,118,136,1,0.2918918918918919,0.2857142857142857
majority_baseline,r1f1,1,1,119,137,1,0.2918918918918919,0.2857142857142857
majority_baseline,r1f1,1,1,120,139,1,0.2918918918918919,0.2857142857142857
majority_baseline,r1f1,1,1,128,147,0,0.2918918918918919,0.2857142857142857
majority_baseline,r1f1,1,1,138,157,0,0.2918918918918919,0.2857142857142857
majority_baseline,r1f1,1,1,139,158,0,0.2918918918918919,0.2857142857142857
majority_baseline,r1f1,1,1,140,159,0,0.2918918918918919,0.2857142857142857
majority_baseline,r1f1,1,1,141,160,0,0.2918918918918919,0.2857142857142857
majority_baseline,r1f1,1,1,183,202,0,0.2918918918918919,0.2857142857142857
majority_baseline,r1f1,1,1,184,203,0,0.2918918918918919,0.2857142857142857
majority_baseline,r1f1,1,1,185,204,1,0.2918918918918919,0.2857142857142857
majority_baseline,r1f1,1,1,186,205,1,0.2918918918918919,0.2857142857142857
majority_baseline,r1f1,1,1,187,206,1,0.2918918918918919,0.2857142857142857
majority_baseline,r1f1,1,1,188,207,1,0.2918918918918919,0.2857142857142857
majority_baseline,r1f1,1,1,189,208,1,0.2918918918918919,0.2857142857142857
majority_baseline,r1f1,1,1,190,209,0,0.2918918918918919,0.2857142857142857
majority_baseline,r1f1,1,1,191,211,0,0.2918918918918919,0.2857142857142857
majority_baseline,r1f1,1,1,192,212,0,0.2918918918918919,0.2857142857142857
majority_baseline,r1f1,1,1,207,228,0,0.2918918918918919,0.2857142857142857
majority_baseline,r1f1,1,1,208,229,1,0.2918918918918919,0.2857142857142857
majority_baseline,r1f1,1,1,209,230,0,0.2918918918918919,0.2857142857142857
majority_baseline,r1f1,1,1,214,235,0,0.2918918918918919,0.2857142857142857
majority_baseline,r1f1,1,1,215,236,0,0.2918918918918919,0.2857142857142857
majority_baseline,r1f1,1,1,216,238,1,0.2918918918918919,0.2857142857142857
majority_baseline,r1f1,1,1,217,239,0,0.2918918918918919,0.2857142857142857
majority_baseline,r1f1,1,1,218,240,0,0.2918918918918919,0.2857142857142857
majority_baseline,r1f2,1,2,24,36,0,0.31862745098039214,0.30434782608695654
majority_baseline,r1f2,1,2,41,54,0,0.31862745098039214,0.30434782608695654
majority_baseline,r1f2,1,2,42,55,1,0.31862745098039214,0.30434782608695654
majority_baseline,r1f2,1,2,43,56,1,0.31862745098039214,0.30434782608695654
majority_baseline,r1f2,1,2,44,57,0,0.31862745098039214,0.30434782608695654
majority_baseline,r1f2,1,2,72,88,1,0.31862745098039214,0.30434782608695654
majority_baseline,r1f2,1,2,73,89,1,0.31862745098039214,0.30434782608695654
majority_baseline,r1f2,1,2,74,90,1,0.31862745098039214,0.30434782608695654
majority_baseline,r1f2,1,2,75,91,1,0.31862745098039214,0.30434782608695654
majority_baseline,r1f2,1,2,76,92,1,0.31862745098039214,0.30434782608695654
majority_baseline,r1f2,1,2,77,93,1,0.31862745098039214,0.30434782608695654
majority_baseline,r1f2,1,2,78,94,0,0.31862745098039214,0.30434782608695654
majority_baseline,r1f2,1,2,79,95,0,0.31862745098039214,0.30434782608695654
majority_baseline,r1f2,1,2,96,113,0,0.31862745098039214,0.30434782608695654
majority_baseline,r1f2,1,2,97,115,0,0.31862745098039214,0.30434782608695654
majority_baseline,r1f2,1,2,98,116,0,0.31862745098039214,0.30434782608695654
majority_baseline,r1f2,1,2,99,117,0,0.31862745098039214,0.30434782608695654
majority_baseline,r1f2,1,2,100,118,0,0.31862745098039214,0.30434782608695654
majority_baseline,r1f2,1,2,121,140,0,0.31862745098039214,0.30434782608695654
majority_baseline,r1f2,1,2,122,141,0,0.31862745098039214,0.30434782608695654
majority_baseline,r1f2,1,2,123,142,0,0.31862745098039214,0.30434782608695654
majority_baseline,r1f2,1,2,124,143,0,0.31862745098039214,0.30434782608695654
majority_baseline,r1f2,1,2,132,151,1,0.31862745098039214,0.30434782608695654
majority_baseline,r1f2,1,2,133,152,0,0.31862745098039214,0.30434782608695654
majority_baseline,r1f2,1,2,134,153,0,0.31862745098039214,0.30434782608695654
majority_baseline,r1f2,1,2,135,154,0,0.31862745098039214,0.30434782608695654
majority_baseline,r1f2,1,2,136,155,0,0.31862745098039214,0.30434782608695654
majority_baseline,r1f2,1,2,137,156,1,0.31862745098039214,0.30434782608695654
majority_baseline,r1f2,1,2,146,165,0,0.31862745098039214,0.30434782608695654
majority_baseline,r1f2,1,2,147,166,0,0.31862745098039214,0.30434782608695654
majority_baseline,r1f2,1,2,148,167,0,0.31862745098039214,0.30434782608695654
majority_baseline,r1f2,1,2,152,171,0,0.31862745098039214,0.30434782608695654
majority_baseline,r1f2,1,2,153,172,0,0.31862745098039214,0.30434782608695654
majority_baseline,r1f2,1,2,154,173,1,0.31862745098039214,0.30434782608695654
majority_baseline,r1f2,1,2,155,174,1,0.31862745098039214,0.30434782608695654
majority_baseline,r1f2,1,2,156,175,1,0.31862745098039214,0.30434782608695654
majority_baseline,r1f2,1,2,157,176,0,0.31862745098039214,0.30434782608695654
majority_baseline,r1f2,1,2,158,177,0,0.31862745098039214,0.30434782608695654
majority_baseline,r1f2,1,2,170,189,0,0.31862745098039214,0.30434782608695654
majority_baseline,r1f2,1,2,171,190,0,0.31862745098039214,0.30434782608695654
majority_baseline,r1f2,1,2,172,191,0,0.31862745098039214,0.30434782608695654
majority_baseline,r1f2,1,2,173,192,0,0.31862745098039214,0.30434782608695654
majority_baseline,r1f2,1,2,174,193,0,0.31862745098039214,0.30434782608695654
majority_baseline,r1f2,1,2,175,194,0,0.31862745098039214,0.30434782608695654
majority_baseline,r1f2,1,2,176,195,0,0.31862745098039214,0.30434782608695654
majority_baseline,r1f2,1,2,227,250,1,0.31862745098039214,0.30434782608695654
majority_baseline,r1f2,1,2,230,253,0,0.31862745098039214,0.30434782608695654
majority_baseline,r1f2,1,2,231,254,1,0.31862745098039214,0.30434782608695654
majority_baseline,r1f3,1,3,13,25,1,0.32682926829268294,0.30935251798561153
majority_baseline,r1f3,1,3,14,26,1,0.32682926829268294,0.30935251798561153
majority_baseline,r1f3,1,3,15,27,1,0.32682926829268294,0.30935251798561153
majority_baseline,r1f3,1,3,16,28,1,0.32682926829268294,0.30935251798561153
majority_baseline,r1f3,1,3,28,40,1,0.32682926829268294,0.30935251798561153
majority_baseline,r1f3,1,3,29,41,1,0.32682926829268294,0.30935251798561153
majority_baseline,r1f3,1,3,30,42,1,0.32682926829268294,0.30935251798561153
majority_baseline,r1f3,1,3,31,43,1,0.32682926829268294,0.30935251798561153
majority_baseline,r1f3,1,3,56,69,1,0.32682926829268294,0.30935251798561153
majority_baseline,r1f3,1,3,64,77,0,0.32682926829268294,0.30935251798561153
majority_baseline,r1f3,1,3,65,78,0,0.32682926829268294,0.30935251798561153
majority_baseline,r1f3,1,3,101,119,0,0.32682926829268294,0.30935251798561153
majority_baseline,r1f3,1,3,102,120,0,0.32682926829268294,0.30935251798561153
majority_baseline,r1f3,1,3,103,121,0,0.32682926829268294,0.30935251798561153
majority_baseline,r1f3,1,3,104,122,0,0.32682926829268294,0.30935251798561153
majority_baseline,r1f3,1,3,105,123,0,0.32682926829268294,0.30935251798561153
majority_baseline,r1f3,1,3,106,124,0,0.32682926829268294,0.30935251798561153
majority_baseline,r1f3,1,3,193,213,0,0.32682926829268294,0.30935251798561153
majority_baseline,r1f3,1,3,194,214,0,0.32682926829268294,0.30935251798561153
majority_baseline,r1f3,1,3,195,215,0,0.32682926829268294,0.30935251798561153
majority_baseline,r1f3,1,3,196,216,0,0.32682926829268294,0.30935251798561153
majority_baseline,r1f3,1,3,202,222,0,0.32682926829268294,0.30935251798561153
majority_baseline,r1f3,1,3,203,224,1,0.32682926829268294,0.30935251798561153
majority_baseline,r1f3,1,3,205,226,0,0.32682926829268294,0.30935251798561153
majority_baseline,r1f3,1,3,206,227,0,0.32682926829268294,0.30935251798561153
majority_baseline,r1f3,1,3,211,232,0,0.32682926829268294,0.30935251798561153
majority_baseline,r1f3,1,3,212,233,1,0.32682926829268294,0.30935251798561153
majority_baseline,r1f3,1,3,213,234,1,0.32682926829268294,0.30935251798561153
majority_baseline,r1f3,1,3,221,244,0,0.32682926829268294,0.30935251798561153
majority_baseline,r1f3,1,3,222,245,0,0.32682926829268294,0.30935251798561153
majority_baseline,r1f3,1,3,223,246,0,0.32682926829268294,0.30935251798561153
majority_baseline,r1f3,1,3,224,247,0,0.32682926829268294,0.30935251798561153
majority_baseline,r1f3,1,3,232,255,0,0.32682926829268294,0.30935251798561153
majority_baseline,r1f3,1,3,233,256,0,0.32682926829268294,0.30935251798561153
majority_baseline,r1f3,1,3,234,257,0,0.32682926829268294,0.30935251798561153
majority_baseline,r1f3,1,3,235,258,0,0.32682926829268294,0.30935251798561153
majority_baseline,r1f3,1,3,236,259,0,0.32682926829268294,0.30935251798561153
majority_baseline,r1f3,1,3,237,260,0,0.32682926829268294,0.30935251798561153
majority_baseline,r1f3,1,3,238,261,0,0.32682926829268294,0.30935251798561153
majority_baseline,r1f3,1,3,239,262,0,0.32682926829268294,0.30935251798561153
majority_baseline,r1f3,1,3,240,263,0,0.32682926829268294,0.30935251798561153
majority_baseline,r1f3,1,3,246,269,0,0.32682926829268294,0.30935251798561153
majority_baseline,r1f3,1,3,247,270,1,0.32682926829268294,0.30935251798561153
majority_baseline,r1f3,1,3,248,271,0,0.32682926829268294,0.30935251798561153
majority_baseline,r1f3,1,3,249,272,0,0.32682926829268294,0.30935251798561153
majority_baseline,r1f3,1,3,250,273,0,0.32682926829268294,0.30935251798561153
majority_baseline,r1f3,1,3,251,274,0,0.32682926829268294,0.30935251798561153
majority_baseline,r1f4,1,4,17,29,1,0.32367149758454106,0.302158273381295
majority_baseline,r1f4,1,4,18,30,0,0.32367149758454106,0.302158273381295
majority_baseline,r1f4,1,4,19,31,1,0.32367149758454106,0.302158273381295
majority_baseline,r1f4,1,4,20,32,1,0.32367149758454106,0.302158273381295
majority_baseline,r1f4,1,4,32,44,1,0.32367149758454106,0.302158273381295
majority_baseline,r1f4,1,4,33,45,0,0.32367149758454106,0.302158273381295
majority_baseline,r1f4,1,4,40,52,1,0.32367149758454106,0.302158273381295
majority_baseline,r1f4,1,4,68,84,0,0.32367149758454106,0.302158273381295
majority_baseline,r1f4,1,4,69,85,0,0.32367149758454106,0.302158273381295
majority_baseline,r1f4,1,4,70,86,0,0.32367149758454106,0.302158273381295
majority_baseline,r1f4,1,4,71,87,0,0.32367149758454106,0.302158273381295
majority_baseline,r1f4,1,4,81,98,0,0.32367149758454106,0.302158273381295
majority_baseline,r1f4,1,4,82,99,0,0.32367149758454106,0.302158273381295
majority_baseline,r1f4,1,4,83,100,0,0.32367149758454106,0.302158273381295
majority_baseline,r1f4,1,4,84,101,0,0.32367149758454106,0.302158273381295
majority_baseline,r1f4,1,4,89,106,1,0.32367149758454106,0.302158273381295
majority_baseline,r1f4,1,4,91,108,1,0.32367149758454106,0.302158273381295
majority_baseline,r1f4,1,4,125,144,0,0.32367149758454106,0.302158273381295
majority_baseline,r1f4,1,4,126,145,0,0.32367149758454106,0.302158273381295
majority_baseline,r1f4,1,4,127,146,0,0.32367149758454106,0.302158273381295
majority_baseline,r1f4,1,4,129,148,1,0.32367149758454106,0.302158273381295
majority_baseline,r1f4,1,4,130,149,1,0.32367149758454106,0.302158273381295
majority_baseline,r1f4,1,4,131,150,0,0.32367149758454106,0.302158273381295
majority_baseline,r1f4,1,4,149,168,1,0.32367149758454106,0.302158273381295
majority_baseline,r1f4,1,4,150,169,0,0.32367149758454106,0.302158273381295
majority_baseline,r1f4,1,4,151,170,0,0.32367149758454106,0.302158273381295
majority_baseline,r1f4,1,4,159,178,0,0.32367149758454106,0.302158273381295
majority_baseline,r1f4,1,4,160,179,1,0.32367149758454106,0.302158273381295
majority_baseline,r1f4,1,4,164,183,0,0.32367149758454106,0.302158273381295
majority_baseline,r1f4,1,4,165,184,0,0.32367149758454106,0.302158273381295
majority_baseline,r1f4,1,4,166,185,0,0.32367149758454106,0.302158273381295
majority_baseline,r1f4,1,4,167,186,0,0.32367149758454106,0.302158273381295
majority_baseline,r1f4,1,4,177,196,0,0.32367149758454106,0.302158273381295
majority_baseline,r1f4,1,4,178,197,0,0.32367149758454106,0.302158273381295
majority_baseline,r1f4,1,4,179,198,1,0.32367149758454106,0.302158273381295
majority_baseline,r1f4,1,4,180,199,0,0.32367149758454106,0.302158273381295
majority_baseline,r1f4,1,4,181,200,0,0.32367149758454106,0.302158273381295
majority_baseline,r1f4,1,4,182,201,0,0.32367149758454106,0.302158273381295
majority_baseline,r1f4,1,4,199,219,0,0.32367149758454106,0.302158273381295
majority_baseline,r1f4,1,4,200,220,0,0.32367149758454106,0.302158273381295
majority_baseline,r1f4,1,4,201,221,0,0.32367149758454106,0.302158273381295
majority_baseline,r1f4,1,4,225,248,0,0.32367149758454106,0.302158273381295
majority_baseline,r1f4,1,4,226,249,0,0.32367149758454106,0.302158273381295
majority_baseline,r1f4,1,4,228,251,0,0.32367149758454106,0.302158273381295
majority_baseline,r1f4,1,4,229,252,1,0.32367149758454106,0.302158273381295
majority_baseline,r2f0,2,0,13,25,1,0.32038834951456313,0.3037037037037037
majority_baseline,r2f0,2,0,14,26,1,0.32038834951456313,0.3037037037037037
majority_baseline,r2f0,2,0,15,27,1,0.32038834951456313,0.3037037037037037
majority_baseline,r2f0,2,0,16,28,1,0.32038834951456313,0.3037037037037037
majority_baseline,r2f0,2,0,28,40,1,0.32038834951456313,0.3037037037037037
majority_baseline,r2f0,2,0,29,41,1,0.32038834951456313,0.3037037037037037
majority_baseline,r2f0,2,0,30,42,1,0.32038834951456313,0.3037037037037037
majority_baseline,r2f0,2,0,31,43,1,0.32038834951456313,0.3037037037037037
majority_baseline,r2f0,2,0,52,65,0,0.32038834951456313,0.3037037037037037
majority_baseline,r2f0,2,0,53,66,0,0.32038834951456313,0.3037037037037037
majority_baseline,r2f0,2,0,54,67,0,0.32038834951456313,0.3037037037037037
majority_baseline,r2f0,2,0,55,68,0,0.32038834951456313,0.3037037037037037
majority_baseline,r2f0,2,0,57,70,0,0.32038834951456313,0.3037037037037037
majority_baseline,r2f0,2,0,58,71,0,0.32038834951456313,0.3037037037037037
majority_baseline,r2f0,2,0,59,72,1,0.32038834951456313,0.3037037037037037
majority_baseline,r2f0,2,0,60,73,0,0.32038834951456313,0.3037037037037037
majority_baseline,r2f0,2,0,61,74,1,0.32038834951456313,0.3037037037037037
majority_baseline,r2f0,2,0,85,102,0,0.32038834951456313,0.3037037037037037
majority_baseline,r2f0,2,0,86,103,0,0.32038834951456313,0.3037037037037037
majority_baseline,r2f0,2,0,92,109,0,0.32038834951456313,0.3037037037037037
majority_baseline,r2f0,2,0,93,110,0,0.32038834951456313,0.3037037037037037
majority_baseline,r2f0,2,0,94,111,1,0.32038834951456313,0.3037037037037037
majority_baseline,r2f0,2,0,95,112,1,0.32038834951456313,0.3037037037037037
majority_baseline,r2f0,2,0,96,113,0,0.32038834951456313,0.3037037037037037
majority_baseline,r2f0,2,0,97,115,0,0.32038834951456313,0.3037037037037037
majority_baseline,r2f0,2,0,98,116,0,0.32038834951456313,0.3037037037037037
majority_baseline,r2f0,2,0,99,117,0,0.32038834951456313,0.3037037037037037
majority_baseline,r2f0,2,0,100,118,0,0.32038834951456313,0.3037037037037037
majority_baseline,r2f0,2,0,149,168,1,0.32038834951456313,0.3037037037037037
majority_baseline,r2f0,2,0,150,169,0,0.32038834951456313,0.3037037037037037
majority_baseline,r2f0,2,0,151,170,0,0.32038834951456313,0.3037037037037037
majority_baseline,r2f0,2,0,192,212,0,0.32038834951456313,0.3037037037037037
majority_baseline,r2f0,2,0,204,225,0,0.32038834951456313,0.3037037037037037
majority_baseline,r2f0,2,0,210,231,1,0.32038834951456313,0.3037037037037037
majority_baseline,r2f0,2,0,223,246,0,0.32038834951456313,0.3037037037037037
majority_baseline,r2f0,2,0,224,247,0,0.32038834951456313,0.3037037037037037
majority_baseline,r2f0,2,0,225,248,0,0.32038834951456313,0.3037037037037037
majority_baseline,r2f0,2,0,237,260,0,0.32038834951456313,0.3037037037037037
majority_baseline,r2f0,2,0,238,261,0,0.32038834951456313,0.3037037037037037
majority_baseline,r2f0,2,0,239,262,0,0.32038834951456313,0.3037037037037037
majority_baseline,r2f0,2,0,240,263,0,0.32038834951456313,0.3037037037037037
majority_baseline,r2f0,2,0,241,264,0,0.32038834951456313,0.3037037037037037
majority_baseline,r2f0,2,0,242,265,0,0.32038834951456313,0.3037037037037037
majority_baseline,r2f0,2,0,243,266,0,0.32038834951456313,0.3037037037037037
majority_baseline,r2f0,2,0,244,267,0,0.32038834951456313,0.3037037037037037
majority_baseline,r2f0,2,0,245,268,0,0.32038834951456313,0.3037037037037037
majority_baseline,r2f1,2,1,45,58,0,0.32682926829268294,0.3
majority_baseline,r2f1,2,1,46,59,0,0.32682926829268294,0.3
majority_baseline,r2f1,2,1,47,60,0,0.32682926829268294,0.3
majority_baseline,r2f1,2,1,48,61,0,0.32682926829268294,0.3
majority_baseline,r2f1,2,1,49,62,0,0.32682926829268294,0.3
majority_baseline,r2f1,2,1,50,63,1,0.32682926829268294,0.3
majority_baseline,r2f1,2,1,51,64,0,0.32682926829268294,0.3
majority_baseline,r2f1,2,1,107,125,0,0.32682926829268294,0.3
majority_baseline,r2f1,2,1,108,126,0,0.32682926829268294,0.3
majority_baseline,r2f1,2,1,109,127,0,0.32682926829268294,0.3
majority_baseline,r2f1,2,1,110,128,0,0.32682926829268294,0.3
majority_baseline,r2f1,2,1,111,129,0,0.32682926829268294,0.3
majority_baseline,r2f1,2,1,112,130,0,0.32682926829268294,0.3
majority_baseline,r2f1,2,1,113,131,1,0.32682926829268294,0.3
majority_baseline,r2f1,2,1,114,132,1,0.32682926829268294,0.3
majority_baseline,r2f1,2,1,115,133,1,0.32682926829268294,0.3
majority_baseline,r2f1,2,1,116,134,0,0.32682926829268294,0.3
majority_baseline,r2f1,2,1,117,135,1,0.32682926829268294,0.3
majority_baseline,r2f1,2,1,118,136,1,0.32682926829268294,0.3
majority_baseline,r2f1,2,1,119,137,1,0.32682926829268294,0.3
majority_baseline,r2f1,2,1,120,139,1,0.32682926829268294,0.3
majority_baseline,r2f1,2,1,128,147,0,0.32682926829268294,0.3
majority_baseline,r2f1,2,1,173,192,0,0.32682926829268294,0.3
majority_baseline,r2f1,2,1,174,193,0,0.32682926829268294,0.3
majority_baseline,r2f1,2,1,175,194,0,0.32682926829268294,0.3
majority_baseline,r2f1,2,1,176,195,0,0.32682926829268294,0.3
majority_baseline,r2f1,2,1,202,222,0,0.32682926829268294,0.3
majority_baseline,r2f1,2,1,203,224,1,0.32682926829268294,0.3
majority_baseline,r2f1,2,1,205,226,0,0.32682926829268294,0.3
majority_baseline,r2f1,2,1,206,227,0,0.32682926829268294,0.3
majority_baseline,r2f1,2,1,211,232,0,0.32682926829268294,0.3
majority_baseline,r2f1,2,1,212,233,1,0.32682926829268294,0.3
majority_baseline,r2f1,2,1,213,234,1,0.32682926829268294,0.3
majority_baseline,r2f1,2,1,214,235,0,0.32682926829268294,0.3
majority_baseline,r2f1,2,1,215,236,0,0.32682926829268294,0.3
majority_baseline,r2f1,2,1,216,238,1,0.32682926829268294,0.3
majority_baseline,r2f1,2,1,217,239,0,0.32682926829268294,0.3
majority_baseline,r2f1,2,1,218,240,0,0.32682926829268294,0.3
majority_baseline,r2f1,2,1,232,255,0,0.32682926829268294,0.3
majority_baseline,r2f1,2,1,233,256,0,0.32682926829268294,0.3
majority_baseline,r2f1,2,1,234,257,0,0.32682926829268294,0.3
majority_baseline,r2f1,2,1,235,258,0,0.32682926829268294,0.3
majority_baseline,r2f1,2,1,236,259,0,0.32682926829268294,0.3
majority_baseline,r2f1,2,1,246,269,0,0.32682926829268294,0.3
majority_baseline,r2f1,2,1,247,270,1,0.32682926829268294,0.3
majority_baseline,r2f1,2,1,248,271,0,0.32682926829268294,0.3
majority_baseline,r2f1,2,1,249,272,0,0.32682926829268294,0.3
majority_baseline,r2f2,2,2,0,1,1,0.3027027027027027,0.2978723404255319
majority_baseline,r2f2,2,2,1,2,0,0.3027027027027027,0.2978723404255319
majority_baseline,r2f2,2,2,2,3,0,0.3027027027027027,0.2978723404255319
majority_baseline,r2f2,2,2,3,4,0,0.3027027027027027,0.2978723404255319
majority_baseline,r2f2,2,2,4,5,0,0.3027027027027027,0.2978723404255319
majority_baseline,r2f2,2,2,5,6,0,0.3027027027027027,0.2978723404255319
majority_baseline,r2f2,2,2,6,7,1,0.3027027027027027,0.2978723404255319
majority_baseline,r2f2,2,2,7,8,1,0.3027027027027027,0.2978723404255319
majority_baseline,r2f2,2,2,17,29,1,0.3027027027027027,0.2978723404255319
majority_baseline,r2f2,2,2,18,30,0,0.3027027027027027,0.2978723404255319
majority_baseline,r2f2,2,2,19,31,1,0.3027027027027027,0.2978723404255319
majority_baseline,r2f2,2,2,20,32,1,0.3027027027027027,0.2978723404255319
majority_baseline,r2f2,2,2,21,33,0,0.3027027027027027,0.2978723404255319
majority_baseline,r2f2,2,2,22,34,0,0.3027027027027027,0.2978723404255319
majority_baseline,r2f2,2,2,23,35,0,0.3027027027027027,0.2978723404255319
majority_baseline,r2f2,2,2,32,44,1,0.3027027027027027,0.2978723404255319
majority_baseline,r2f2,2,2,33,45,0,0.3027027027027027,0.2978723404255319
majority_baseline,r2f2,2,2,34,46,1,0.3027027027027027,0.2978723404255319
majority_baseline,r2f2,2,2,35,47,1,0.3027027027027027,0.2978723404255319
majority_baseline,r2f2,2,2,36,48,1,0.3027027027027027,0.2978723404255319
majority_baseline,r2f2,2,2,37,49,0,0.3027027027027027,0.2978723404255319
majority_baseline,r2f2,2,2,38,50,0,0.3027027027027027,0.2978723404255319
majority_baseline,r2f2,2,2,39,51,1,0.3027027027027027,0.2978723404255319
majority_baseline,r2f2,2,2,40,52,1,0.3027027027027027,0.2978723404255319
majority_baseline,r2f2,2,2,125,144,0,0.3027027027027027,0.2978723404255319
majority_baseline,r2f2,2,2,126,145,0,0.3027027027027027,0.2978723404255319
majority_baseline,r2f2,2,2,127,146,0,0.3027027027027027,0.2978723404255319
majority_baseline,r2f2,2,2,129,148,1,0.3027027027027027,0.2978723404255319
majority_baseline,r2f2,2,2,130,149,1,0.3027027027027027,0.2978723404255319
majority_baseline,r2f2,2,2,131,150,0,0.3027027027027027,0.2978723404255319
majority_baseline,r2f2,2,2,132,151,1,0.3027027027027027,0.2978723404255319
majority_baseline,r2f2,2,2,133,152,0,0.3027027027027027,0.2978723404255319
majority_baseline,r2f2,2,2,134,153,0,0.3027027027027027,0.2978723404255319
majority_baseline,r2f2,2,2,135,154,0,0.3027027027027027,0.2978723404255319
majority_baseline,r2f2,2,2,136,155,0,0.3027027027027027,0.2978723404255319
majority_baseline,r2f2,2,2,137,156,1,0.3027027027027027,0.2978723404255319
majority_baseline,r2f2,2,2,142,161,0,0.3027027027027027,0.2978723404255319
majority_baseline,r2f2,2,2,143,162,0,0.3027027027027027,0.2978723404255319
majority_baseline,r2f2,2,2,144,163,0,0.3027027027027027,0.2978723404255319
majority_baseline,r2f2,2,2,145,164,0,0.3027027027027027,0.2978723404255319
majority_baseline,r2f2,2,2,146,165,0,0.3027027027027027,0.2978723404255319
majority_baseline,r2f2,2,2,152,171,0,0.3027027027027027,0.2978723404255319
majority_baseline,r2f2,2,2,153,172,0,0.3027027027027027,0.2978723404255319
majority_baseline,r2f2,2,2,154,173,1,0.3027027027027027,0.2978723404255319
majority_baseline,r2f2,2,2,170,189,0,0.3027027027027027,0.2978723404255319
majority_baseline,r2f2,2,2,171,190,0,0.3027027027027027,0.2978723404255319
majority_baseline,r2f2,2,2,172,191,0,0.3027027027027027,0.2978723404255319
majority_baseline,r2f2,2,2,177,196,0,0.3027027027027027,0.2978723404255319
majority_baseline,r2f2,2,2,178,197,0,0.3027027027027027,0.2978723404255319
majority_baseline,r2f2,2,2,179,198,1,0.3027027027027027,0.2978723404255319
majority_baseline,r2f2,2,2,180,199,0,0.3027027027027027,0.2978723404255319
majority_baseline,r2f2,2,2,181,200,0,0.3027027027027027,0.2978723404255319
majority_baseline,r2f2,2,2,182,201,0,0.3027027027027027,0.2978723404255319
majority_baseline,r2f2,2,2,183,202,0,0.3027027027027027,0.2978723404255319
majority_baseline,r2f2,2,2,184,203,0,0.3027027027027027,0.2978723404255319
majority_baseline,r2f2,2,2,185,204,1,0.3027027027027027,0.2978723404255319
majority_baseline,r2f2,2,2,186,205,1,0.3027027027027027,0.2978723404255319
majority_baseline,r2f2,2,2,187,206,1,0.3027027027027027,0.2978723404255319
majority_baseline,r2f2,2,2,188,207,1,0.3027027027027027,0.2978723404255319
majority_baseline,r2f2,2,2,189,208,1,0.3027027027027027,0.2978723404255319
majority_baseline,r2f2,2,2,190,209,0,0.3027027027027027,0.2978723404255319
majority_baseline,r2f2,2,2,191,211,0,0.3027027027027027,0.2978723404255319
majority_baseline,r2f2,2,2,207,228,0,0.3027027027027027,0.2978723404255319
majority_baseline,r2f2,2,2,208,229,1,0.3027027027027027,0.2978723404255319
majority_baseline,r2f2,2,2,209,230,0,0.3027027027027027,0.2978723404255319
majority_baseline,r2f2,2,2,250,273,0,0.3027027027027027,0.2978723404255319
majority_baseline,r2f2,2,2,251,274,0,0.3027027027027027,0.2978723404255319
majority_baseline,r2f3,2,3,8,19,1,0.3188405797101449,0.2907801418439716
majority_baseline,r2f3,2,3,9,20,1,0.3188405797101449,0.2907801418439716
majority_baseline,r2f3,2,3,10,21,1,0.3188405797101449,0.2907801418439716
majority_baseline,r2f3,2,3,11,22,1,0.3188405797101449,0.2907801418439716
majority_baseline,r2f3,2,3,12,23,1,0.3188405797101449,0.2907801418439716
majority_baseline,r2f3,2,3,25,37,1,0.3188405797101449,0.2907801418439716
majority_baseline,r2f3,2,3,26,38,1,0.3188405797101449,0.2907801418439716
majority_baseline,r2f3,2,3,27,39,1,0.3188405797101449,0.2907801418439716
majority_baseline,r2f3,2,3,56,69,1,0.3188405797101449,0.2907801418439716
majority_baseline,r2f3,2,3,62,75,0,0.3188405797101449,0.2907801418439716
majority_baseline,r2f3,2,3,63,76,0,0.3188405797101449,0.2907801418439716
majority_baseline,r2f3,2,3,64,77,0,0.3188405797101449,0.2907801418439716
majority_baseline,r2f3,2,3,65,78,0,0.3188405797101449,0.2907801418439716
majority_baseline,r2f3,2,3,66,79,0,0.3188405797101449,0.2907801418439716
majority_baseline,r2f3,2,3,67,82,0,0.3188405797101449,0.2907801418439716
majority_baseline,r2f3,2,3,78,94,0,0.3188405797101449,0.2907801418439716
majority_baseline,r2f3,2,3,79,95,0,0.3188405797101449,0.2907801418439716
majority_baseline,r2f3,2,3,101,119,0,0.3188405797101449,0.2907801418439716
majority_baseline,r2f3,2,3,102,120,0,0.3188405797101449,0.2907801418439716
majority_baseline,r2f3,2,3,103,121,0,0.3188405797101449,0.2907801418439716
majority_baseline,r2f3,2,3,104,122,0,0.3188405797101449,0.2907801418439716
majority_baseline,r2f3,2,3,105,123,0,0.3188405797101449,0.2907801418439716
majority_baseline,r2f3,2,3,106,124,0,0.3188405797101449,0.2907801418439716
majority_baseline,r2f3,2,3,121,140,0,0.3188405797101449,0.2907801418439716
majority_baseline,r2f3,2,3,122,141,0,0.3188405797101449,0.2907801418439716
majority_baseline,r2f3,2,3,123,142,0,0.3188405797101449,0.2907801418439716
majority_baseline,r2f3,2,3,124,143,0,0.3188405797101449,0.2907801418439716
majority_baseline,r2f3,2,3,155,174,1,0.3188405797101449,0.2907801418439716
majority_baseline,r2f3,2,3,156,175,1,0.3188405797101449,0.2907801418439716
majority_baseline,r2f3,2,3,157,176,0,0.3188405797101449,0.2907801418439716
majority_baseline,r2f3,2,3,158,177,0,0.3188405797101449,0.2907801418439716
majority_baseline,r2f3,2,3,193,213,0,0.3188405797101449,0.2907801418439716
majority_baseline,r2f3,2,3,194,214,0,0.3188405797101449,0.2907801418439716
majority_baseline,r2f3,2,3,195,215,0,0.3188405797101449,0.2907801418439716
majority_baseline,r2f3,2,3,196,216,0,0.3188405797101449,0.2907801418439716
majority_baseline,r2f3,2,3,197,217,0,0.3188405797101449,0.2907801418439716
majority_baseline,r2f3,2,3,198,218,0,0.3188405797101449,0.2907801418439716
majority_baseline,r2f3,2,3,219,241,0,0.3188405797101449,0.2907801418439716
majority_baseline,r2f3,2,3,220,243,0,0.3188405797101449,0.2907801418439716
majority_baseline,r2f3,2,3,226,249,0,0.3188405797101449,0.2907801418439716
majority_baseline,r2f3,2,3,227,250,1,0.3188405797101449,0.2907801418439716
majority_baseline,r2f3,2,3,228,251,0,0.3188405797101449,0.2907801418439716
majority_baseline,r2f3,2,3,229,252,1,0.3188405797101449,0.2907801418439716
majority_baseline,r2f3,2,3,230,253,0,0.3188405797101449,0.2907801418439716
majority_baseline,r2f3,2,3,231,254,1,0.3188405797101449,0.2907801418439716
majority_baseline,r2f4,2,4,24,36,0,0.3170731707317073,0.30935251798561153
majority_baseline,r2f4,2,4,41,54,0,0.3170731707317073,0.30935251798561153
majority_baseline,r2f4,2,4,42,55,1,0.3170731707317073,0.30935251798561153
majority_baseline,r2f4,2,4,43,56,1,0.3170731707317073,0.30935251798561153
majority_baseline,r2f4,2,4,44,57,0,0.3170731707317073,0.30935251798561153
majority_baseline,r2f4,2,4,68,84,0,0.3170731707317073,0.30935251798561153
majority_baseline,r2f4,2,4,69,85,0,0.3170731707317073,0.30935251798561153
majority_baseline,r2f4,2,4,70,86,0,0.3170731707317073,0.30935251798561153
majority_baseline,r2f4,2,4,71,87,0,0.3170731707317073,0.30935251798561153
majority_baseline,r2f4,2,4,72,88,1,0.3170731707317073,0.30935251798561153
majority_baseline,r2f4,2,4,73,89,1,0.3170731707317073,0.30935251798561153
majority_baseline,r2f4,2,4,74,90,1,0.3170731707317073,0.30935251798561153
majority_baseline,r2f4,2,4,75,91,1,0.3170731707317073,0.30935251798561153
majority_baseline,r2f4,2,4,76,92,1,0.3170731707317073,0.30935251798561153
majority_baseline,r2f4,2,4,77,93,1,0.3170731707317073,0.30935251798561153
majority_baseline,r2f4,2,4,80,97,1,0.3170731707317073,0.30935251798561153
majority_baseline,r2f4,2,4,81,98,0,0.3170731707317073,0.30935251798561153
majority_baseline,r2f4,2,4,82,99,0,0.3170731707317073,0.30935251798561153
majority_baseline,r2f4,2,4,83,100,0,0.3170731707317073,0.30935251798561153
majority_baseline,r2f4,2,4,84,101,0,0.3170731707317073,0.30935251798561153
majority_baseline,r2f4,2,4,87,104,0,0.3170731707317073,0.30935251798561153
majority_baseline,r2f4,2,4,88,105,1,0.3170731707317073,0.30935251798561153
majority_baseline,r2f4,2,4,89,106,1,0.3170731707317073,0.30935251798561153
majority_baseline,r2f4,2,4,90,107,1,0.3170731707317073,0.30935251798561153
majority_baseline,r2f4,2,4,91,108,1,0.3170731707317073,0.30935251798561153
majority_baseline,r2f4,2,4,138,157,0,0.3170731707317073,0.30935251798561153
majority_baseline,r2f4,2,4,139,158,0,0.3170731707317073,0.30935251798561153
majority_baseline,r2f4,2,4,140,159,0,0.3170731707317073,0.30935251798561153
majority_baseline,r2f4,2,4,141,160,0,0.3170731707317073,0.30935251798561153
majority_baseline,r2f4,2,4,147,166,0,0.3170731707317073,0.30935251798561153
majority_baseline,r2f4,2,4,148,167,0,0.3170731707317073,0.30935251798561153
majority_baseline,r2f4,2,4,159,178,0,0.3170731707317073,0.30935251798561153
majority_baseline,r2f4,2,4,160,179,1,0.3170731707317073,0.30935251798561153
majority_baseline,r2f4,2,4,161,180,0,0.3170731707317073,0.30935251798561153
majority_baseline,r2f4,2,4,162,181,0,0.3170731707317073,0.30935251798561153
majority_baseline,r2f4,2,4,163,182,1,0.3170731707317073,0.30935251798561153
majority_baseline,r2f4,2,4,164,183,0,0.3170731707317073,0.30935251798561153
majority_baseline,r2f4,2,4,165,184,0,0.3170731707317073,0.30935251798561153
majority_baseline,r2f4,2,4,166,185,0,0.3170731707317073,0.30935251798561153
majority_baseline,r2f4,2,4,167,186,0,0.3170731707317073,0.30935251798561153
majority_baseline,r2f4,2,4,168,187,0,0.3170731707317073,0.30935251798561153
majority_baseline,r2f4,2,4,169,188,0,0.3170731707317073,0.30935251798561153
majority_baseline,r2f4,2,4,199,219,0,0.3170731707317073,0.30935251798561153
majority_baseline,r2f4,2,4,200,220,0,0.3170731707317073,0.30935251798561153
majority_baseline,r2f4,2,4,201,221,0,0.3170731707317073,0.30935251798561153
majority_baseline,r2f4,2,4,221,244,0,0.3170731707317073,0.30935251798561153
majority_baseline,r2f4,2,4,222,245,0,0.3170731707317073,0.30935251798561153
majority_baseline,r3f0,3,0,0,1,1,0.3027027027027027,0.2949640287769784
majority_baseline,r3f0,3,0,1,2,0,0.3027027027027027,0.2949640287769784
majority_baseline,r3f0,3,0,2,3,0,0.3027027027027027,0.2949640287769784
majority_baseline,r3f0,3,0,3,4,0,0.3027027027027027,0.2949640287769784
majority_baseline,r3f0,3,0,4,5,0,0.3027027027027027,0.2949640287769784
majority_baseline,r3f0,3,0,5,6,0,0.3027027027027027,0.2949640287769784
majority_baseline,r3f0,3,0,6,7,1,0.3027027027027027,0.2949640287769784
majority_baseline,r3f0,3,0,7,8,1,0.3027027027027027,0.2949640287769784
majority_baseline,r3f0,3,0,13,25,1,0.3027027027027027,0.2949640287769784
majority_baseline,r3f0,3,0,14,26,1,0.3027027027027027,0.2949640287769784
majority_baseline,r3f0,3,0,15,27,1,0.3027027027027027,0.2949640287769784
majority_baseline,r3f0,3,0,16,28,1,0.3027027027027027,0.2949640287769784
majority_baseline,r3f0,3,0,21,33,0,0.3027027027027027,0.2949640287769784
majority_baseline,r3f0,3,0,22,34,0,0.3027027027027027,0.2949640287769784
majority_baseline,r3f0,3,0,23,35,0,0.3027027027027027,0.2949640287769784
majority_baseline,r3f0,3,0,28,40,1,0.3027027027027027,0.2949640287769784
majority_baseline,r3f0,3,0,29,41,1,0.3027027027027027,0.2949640287769784
majority_baseline,r3f0,3,0,30,42,1,0.3027027027027027,0.2949640287769784
majority_baseline,r3f0,3,0,31,43,1,0.3027027027027027,0.2949640287769784
majority_baseline,r3f0,3,0,34,46,1,0.3027027027027027,0.2949640287769784
majority_baseline,r3f0,3,0,35,47,1,0.3027027027027027,0.2949640287769784
majority_baseline,r3f0,3,0,36,48,1,0.3027027027027027,0.2949640287769784
majority_baseline,r3f0,3,0,37,49,0,0.3027027027027027,0.2949640287769784
majority_baseline,r3f0,3,0,38,50,0,0.3027027027027027,0.2949640287769784
majority_baseline,r3f0,3,0,39,51,1,0.3027027027027027,0.2949640287769784
majority_baseline,r3f0,3,0,56,69,1,0.3027027027027027,0.2949640287769784
majority_baseline,r3f0,3,0,62,75,0,0.3027027027027027,0.2949640287769784
majority_baseline,r3f0,3,0,63,76,0,0.3027027027027027,0.2949640287769784
majority_baseline,r3f0,3,0,64,77,0,0.3027027027027027,0.2949640287769784
majority_baseline,r3f0,3,0,65,78,0,0.3027027027027027,0.2949640287769784
majority_baseline,r3f0,3,0,66,79,0,0.3027027027027027,0.2949640287769784
majority_baseline,r3f0,3,0,67,82,0,0.3027027027027027,0.2949640287769784
majority_baseline,r3f0,3,0,101,119,0,0.3027027027027027,0.2949640287769784
majority_baseline,r3f0,3,0,102,120,0,0.3027027027027027,0.2949640287769784
majority_baseline,r3f0,3,0,103,121,0,0.3027027027027027,0.2949640287769784
majority_baseline,r3f0,3,0,104,122,0,0.3027027027027027,0.2949640287769784
majority_baseline,r3f0,3,0,105,123,0,0.3027027027027027,0.2949640287769784
majority_baseline,r3f0,3,0,106,124,0,0.3027027027027027,0.2949640287769784
majority_baseline,r3f0,3,0,142,161,0,0.3027027027027027,0.2949640287769784
majority_baseline,r3f0,3,0,143,162,0,0.3027027027027027,0.2949640287769784
majority_baseline,r3f0,3,0,144,163,0,0.3027027027027027,0.2949640287769784
majority_baseline,r3f0,3,0,145,164,0,0.3027027027027027,0.2949640287769784
majority_baseline,r3f0,3,0,161,180,0,0.3027027027027027,0.2949640287769784
majority_baseline,r3f0,3,0,162,181,0,0.3027027027027027,0.2949640287769784
majority_baseline,r3f0,3,0,163,182,1,0.3027027027027027,0.2949640287769784
majority_baseline,r3f0,3,0,168,187,0,0.3027027027027027,0.2949640287769784
majority_baseline,r3f0,3,0,169,188,0,0.3027027027027027,0.2949640287769784
majority_baseline,r3f0,3,0,183,202,0,0.3027027027027027,0.2949640287769784
majority_baseline,r3f0,3,0,184,203,0,0.3027027027027027,0.2949640287769784
majority_baseline,r3f0,3,0,185,204,1,0.3027027027027027,0.2949640287769784
majority_baseline,r3f0,3,0,186,205,1,0.3027027027027027,0.2949640287769784
majority_baseline,r3f0,3,0,187,206,1,0.3027027027027027,0.2949640287769784
majority_baseline,r3f0,3,0,188,207,1,0.3027027027027027,0.2949640287769784
majority_baseline,r3f0,3,0,189,208,1,0.3027027027027027,0.2949640287769784
majority_baseline,r3f0,3,0,193,213,0,0.3027027027027027,0.2949640287769784
majority_baseline,r3f0,3,0,194,214,0,0.3027027027027027,0.2949640287769784
majority_baseline,r3f0,3,0,195,215,0,0.3027027027027027,0.2949640287769784
majority_baseline,r3f0,3,0,196,216,0,0.3027027027027027,0.2949640287769784
majority_baseline,r3f0,3,0,197,217,0,0.3027027027027027,0.2949640287769784
majority_baseline,r3f0,3,0,198,218,0,0.3027027027027027,0.2949640287769784
majority_baseline,r3f0,3,0,207,228,0,0.3027027027027027,0.2949640287769784
majority_baseline,r3f0,3,0,208,229,1,0.3027027027027027,0.2949640287769784
majority_baseline,r3f0,3,0,209,230,0,0.3027027027027027,0.2949640287769784
majority_baseline,r3f0,3,0,246,269,0,0.3027027027027027,0.2949640287769784
majority_baseline,r3f0,3,0,247,270,1,0.3027027027027027,0.2949640287769784
majority_baseline,r3f0,3,0,248,271,0,0.3027027027027027,0.2949640287769784
majority_baseline,r3f0,3,0,249,272,0,0.3027027027027027,0.2949640287769784
majority_baseline,r3f1,3,1,52,65,0,0.3188405797101449,0.30935251798561153
majority_baseline,r3f1,3,1,53,66,0,0.3188405797101449,0.30935251798561153
majority_baseline,r3f1,3,1,54,67,0,0.3188405797101449,0.30935251798561153
majority_baseline,r3f1,3,1,55,68,0,0.3188405797101449,0.30935251798561153
majority_baseline,r3f1,3,1,57,70,0,0.3188405797101449,0.30935251798561153
majority_baseline,r3f1,3,1,58,71,0,0.3188405797101449,0.30935251798561153
majority_baseline,r3f1,3,1,59,72,1,0.3188405797101449,0.30935251798561153
majority_baseline,r3f1,3,1,60,73,0,0.3188405797101449,0.30935251798561153
majority_baseline,r3f1,3,1,61,74,1,0.3188405797101449,0.30935251798561153
majority_baseline,r3f1,3,1,68,84,0,0.3188405797101449,0.30935251798561153
majority_baseline,r3f1,3,1,69,85,0,0.3188405797101449,0.30935251798561153
majority_baseline,r3f1,3,1,70,86,0,0.3188405797101449,0.30935251798561153
majority_baseline,r3f1,3,1,71,87,0,0.3188405797101449,0.30935251798561153
majority_baseline,r3f1,3,1,72,88,1,0.3188405797101449,0.30935251798561153
majority_baseline,r3f1,3,1,73,89,1,0.3188405797101449,0.30935251798561153
majority_baseline,r3f1,3,1,74,90,1,0.3188405797101449,0.30935251798561153
majority_baseline,r3f1,3,1,75,91,1,0.3188405797101449,0.30935251798561153
majority_baseline,r3f1,3,1,76,92,1,0.3188405797101449,0.30935251798561153
majority_baseline,r3f1,3,1,77,93,1,0.3188405797101449,0.30935251798561153
majority_baseline,r3f1,3,1,80,97,1,0.3188405797101449,0.30935251798561153
majority_baseline,r3f1,3,1,87,104,0,0.3188405797101449,0.30935251798561153
majority_baseline,r3f1,3,1,88,105,1,0.3188405797101449,0.30935251798561153
majority_baseline,r3f1,3,1,90,107,1,0.3188405797101449,0.30935251798561153
majority_baseline,r3f1,3,1,192,212,0,0.3188405797101449,0.30935251798561153
majority_baseline,r3f1,3,1,199,219,0,0.3188405797101449,0.30935251798561153
majority_baseline,r3f1,3,1,200,220,0,0.3188405797101449,0.30935251798561153
majority_baseline,r3f1,3,1,201,221,0,0.3188405797101449,0.30935251798561153
majority_baseline,r3f1,3,1,204,225,0,0.3188405797101449,0.30935251798561153
majority_baseline,r3f1,3,1,210,231,1,0.3188405797101449,0.30935251798561153
majority_baseline,r3f1,3,1,214,235,0,0.3188405797101449,0.30935251798561153
majority_baseline,r3f1,3,1,215,236,0,0.3188405797101449,0.30935251798561153
majority_baseline,r3f1,3,1,216,238,1,0.3188405797101449,0.30935251798561153
majority_baseline,r3f1,3,1,217,239,0,0.3188405797101449,0.30935251798561153
majority_baseline,r3f1,3,1,218,240,0,0.3188405797101449,0.30935251798561153
majority_baseline,r3f1,3,1,223,246,0,0.3188405797101449,0.30935251798561153
majority_baseline,r3f1,3,1,224,247,0,0.3188405797101449,0.30935251798561153
majority_baseline,r3f1,3,1,225,248,0,0.3188405797101449,0.30935251798561153
majority_baseline,r3f1,3,1,226,249,0,0.3188405797101449,0.30935251798561153
majority_baseline,r3f1,3,1,228,251,0,0.3188405797101449,0.30935251798561153
majority_baseline,r3f1,3,1,229,252,1,0.3188405797101449,0.30935251798561153
majority_baseline,r3f1,3,1,241,264,0,0.3188405797101449,0.30935251798561153
majority_baseline,r3f1,3,1,242,265,0,0.3188405797101449,0.30935251798561153
majority_baseline,r3f1,3,1,243,266,0,0.3188405797101449,0.30935251798561153
majority_baseline,r3f1,3,1,244,267,0,0.3188405797101449,0.30935251798561153
majority_baseline,r3f1,3,1,245,268,0,0.3188405797101449,0.30935251798561153
majority_baseline,r3f2,3,2,24,36,0,0.32038834951456313,0.3161764705882353
majority_baseline,r3f2,3,2,41,54,0,0.32038834951456313,0.3161764705882353
majority_baseline,r3f2,3,2,42,55,1,0.32038834951456313,0.3161764705882353
majority_baseline,r3f2,3,2,43,56,1,0.32038834951456313,0.3161764705882353
majority_baseline,r3f2,3,2,44,57,0,0.32038834951456313,0.3161764705882353
majority_baseline,r3f2,3,2,45,58,0,0.32038834951456313,0.3161764705882353
majority_baseline,r3f2,3,2,46,59,0,0.32038834951456313,0.3161764705882353
majority_baseline,r3f2,3,2,47,60,0,0.32038834951456313,0.3161764705882353
majority_baseline,r3f2,3,2,48,61,0,0.32038834951456313,0.3161764705882353
majority_baseline,r3f2,3,2,49,62,0,0.32038834951456313,0.3161764705882353
majority_baseline,r3f2,3,2,50,63,1,0.32038834951456313,0.3161764705882353
majority_baseline,r3f2,3,2,51,64,0,0.32038834951456313,0.3161764705882353
majority_baseline,r3f2,3,2,113,131,1,0.32038834951456313,0.3161764705882353
majority_baseline,r3f2,3,2,114,132,1,0.32038834951456313,0.3161764705882353
majority_baseline,r3f2,3,2,115,133,1,0.32038834951456313,0.3161764705882353
majority_baseline,r3f2,3,2,116,134,0,0.32038834951456313,0.3161764705882353
majority_baseline,r3f2,3,2,117,135,1,0.32038834951456313,0.3161764705882353
majority_baseline,r3f2,3,2,118,136,1,0.32038834951456313,0.3161764705882353
majority_baseline,r3f2,3,2,119,137,1,0.32038834951456313,0.3161764705882353
majority_baseline,r3f2,3,2,120,139,1,0.32038834951456313,0.3161764705882353
majority_baseline,r3f2,3,2,132,151,1,0.32038834951456313,0.3161764705882353
majority_baseline,r3f2,3,2,133,152,0,0.32038834951456313,0.3161764705882353
majority_baseline,r3f2,3,2,134,153,0,0.32038834951456313,0.3161764705882353
majority_baseline,r3f2,3,2,135,154,0,0.32038834951456313,0.3161764705882353
majority_baseline,r3f2,3,2,136,155,0,0.32038834951456313,0.3161764705882353
majority_baseline,r3f2,3,2,137,156,1,0.32038834951456313,0.3161764705882353
majority_baseline,r3f2,3,2,146,165,0,0.32038834951456313,0.3161764705882353
majority_baseline,r3f2,3,2,149,168,1,0.32038834951456313,0.3161764705882353
majority_baseline,r3f2,3,2,150,169,0,0.32038834951456313,0.3161764705882353
majority_baseline,r3f2,3,2,151,170,0,0.32038834951456313,0.3161764705882353
majority_baseline,r3f2,3,2,152,171,0,0.32038834951456313,0.3161764705882353
majority_baseline,r3f2,3,2,153,172,0,0.32038834951456313,0.3161764705882353
majority_baseline,r3f2,3,2,154,173,1,0.32038834951456313,0.3161764705882353
majority_baseline,r3f2,3,2,170,189,0,0.32038834951456313,0.3161764705882353
majority_baseline,r3f2,3,2,171,190,0,0.32038834951456313,0.3161764705882353
majority_baseline,r3f2,3,2,172,191,0,0.32038834951456313,0.3161764705882353
majority_baseline,r3f2,3,2,190,209,0,0.32038834951456313,0.3161764705882353
majority_baseline,r3f2,3,2,191,211,0,0.32038834951456313,0.3161764705882353
majority_baseline,r3f2,3,2,221,244,0,0.32038834951456313,0.3161764705882353
majority_baseline,r3f2,3,2,222,245,0,0.32038834951456313,0.3161764705882353
majority_baseline,r3f2,3,2,237,260,0,0.32038834951456313,0.3161764705882353
majority_baseline,r3f2,3,2,238,261,0,0.32038834951456313,0.3161764705882353
majority_baseline,r3f2,3,2,239,262,0,0.32038834951456313,0.3161764705882353
majority_baseline,r3f2,3,2,240,263,0,0.32038834951456313,0.3161764705882353
majority_baseline,r3f2,3,2,250,273,0,0.32038834951456313,0.3161764705882353
majority_baseline,r3f2,3,2,251,274,0,0.32038834951456313,0.3161764705882353
majority_baseline,r3f3,3,3,8,19,1,0.3188405797101449,0.2857142857142857
majority_baseline,r3f3,3,3,9,20,1,0.3188405797101449,0.2857142857142857
majority_baseline,r3f3,3,3,10,21,1,0.3188405797101449,0.2857142857142857
majority_baseline,r3f3,3,3,11,22,1,0.3188405797101449,0.2857142857142857
majority_baseline,r3f3,3,3,12,23,1,0.3188405797101449,0.2857142857142857
majority_baseline,r3f3,3,3,25,37,1,0.3188405797101449,0.2857142857142857
majority_baseline,r3f3,3,3,26,38,1,0.3188405797101449,0.2857142857142857
majority_baseline,r3f3,3,3,27,39,1,0.3188405797101449,0.2857142857142857
majority_baseline,r3f3,3,3,81,98,0,0.3188405797101449,0.2857142857142857
majority_baseline,r3f3,3,3,82,99,0,0.3188405797101449,0.2857142857142857
majority_baseline,r3f3,3,3,83,100,0,0.3188405797101449,0.2857142857142857
majority_baseline,r3f3,3,3,84,101,0,0.3188405797101449,0.2857142857142857
majority_baseline,r3f3,3,3,89,106,1,0.3188405797101449,0.2857142857142857
majority_baseline,r3f3,3,3,91,108,1,0.3188405797101449,0.2857142857142857
majority_baseline,r3f3,3,3,96,113,0,0.3188405797101449,0.2857142857142857
majority_baseline,r3f3,3,3,97,115,0,0.3188405797101449,0.2857142857142857
majority_baseline,r3f3,3,3,98,116,0,0.3188405797101449,0.2857142857142857
majority_baseline,r3f3,3,3,99,117,0,0.3188405797101449,0.2857142857142857
majority_baseline,r3f3,3,3,100,118,0,0.3188405797101449,0.2857142857142857
majority_baseline,r3f3,3,3,138,157,0,0.3188405797101449,0.2857142857142857
majority_baseline,r3f3,3,3,139,158,0,0.3188405797101449,0.2857142857142857
majority_baseline,r3f3,3,3,140,159,0,0.3188405797101449,0.2857142857142857
majority_baseline,r3f3,3,3,141,160,0,0.3188405797101449,0.2857142857142857
majority_baseline,r3f3,3,3,147,166,0,0.3188405797101449,0.2857142857142857
majority_baseline,r3f3,3,3,148,167,0,0.3188405797101449,0.2857142857142857
majority_baseline,r3f3,3,3,159,178,0,0.3188405797101449,0.2857142857142857
majority_baseline,r3f3,3,3,160,179,1,0.3188405797101449,0.2857142857142857
majority_baseline,r3f3,3,3,164,183,0,0.3188405797101449,0.2857142857142857
majority_baseline,r3f3,3,3,165,184,0,0.3188405797101449,0.2857142857142857
majority_baseline,r3f3,3,3,166,185,0,0.3188405797101449,0.2857142857142857
majority_baseline,r3f3,3,3,167,186,0,0.3188405797101449,0.2857142857142857
majority_baseline,r3f3,3,3,202,222,0,0.3188405797101449,0.2857142857142857
majority_baseline,r3f3,3,3,203,224,1,0.3188405797101449,0.2857142857142857
majority_baseline,r3f3,3,3,205,226,0,0.3188405797101449,0.2857142857142857
majority_baseline,r3f3,3,3,206,227,0,0.3188405797101449,0.2857142857142857
majority_baseline,r3f3,3,3,211,232,0,0.3188405797101449,0.2857142857142857
majority_baseline,r3f3,3,3,212,233,1,0.3188405797101449,0.2857142857142857
majority_baseline,r3f3,3,3,213,234,1,0.3188405797101449,0.2857142857142857
majority_baseline,r3f3,3,3,219,241,0,0.3188405797101449,0.2857142857142857
majority_baseline,r3f3,3,3,220,243,0,0.3188405797101449,0.2857142857142857
majority_baseline,r3f3,3,3,232,255,0,0.3188405797101449,0.2857142857142857
majority_baseline,r3f3,3,3,233,256,0,0.3188405797101449,0.2857142857142857
majority_baseline,r3f3,3,3,234,257,0,0.3188405797101449,0.2857142857142857
majority_baseline,r3f3,3,3,235,258,0,0.3188405797101449,0.2857142857142857
majority_baseline,r3f3,3,3,236,259,0,0.3188405797101449,0.2857142857142857
majority_baseline,r3f4,3,4,17,29,1,0.3251231527093596,0.29927007299270075
majority_baseline,r3f4,3,4,18,30,0,0.3251231527093596,0.29927007299270075
majority_baseline,r3f4,3,4,19,31,1,0.3251231527093596,0.29927007299270075
majority_baseline,r3f4,3,4,20,32,1,0.3251231527093596,0.29927007299270075
majority_baseline,r3f4,3,4,32,44,1,0.3251231527093596,0.29927007299270075
majority_baseline,r3f4,3,4,33,45,0,0.3251231527093596,0.29927007299270075
majority_baseline,r3f4,3,4,40,52,1,0.3251231527093596,0.29927007299270075
majority_baseline,r3f4,3,4,78,94,0,0.3251231527093596,0.29927007299270075
majority_baseline,r3f4,3,4,79,95,0,0.3251231527093596,0.29927007299270075
majority_baseline,r3f4,3,4,85,102,0,0.3251231527093596,0.29927007299270075
majority_baseline,r3f4,3,4,86,103,0,0.3251231527093596,0.29927007299270075
majority_baseline,r3f4,3,4,92,109,0,0.3251231527093596,0.29927007299270075
majority_baseline,r3f4,3,4,93,110,0,0.3251231527093596,0.29927007299270075
majority_baseline,r3f4,3,4,94,111,1,0.3251231527093596,0.29927007299270075
majority_baseline,r3f4,3,4,95,112,1,0.3251231527093596,0.29927007299270075
majority_baseline,r3f4,3,4,107,125,0,0.3251231527093596,0.29927007299270075
majority_baseline,r3f4,3,4,108,126,0,0.3251231527093596,0.29927007299270075
majority_baseline,r3f4,3,4,109,127,0,0.3251231527093596,0.29927007299270075
majority_baseline,r3f4,3,4,110,128,0,0.3251231527093596,0.29927007299270075
majority_baseline,r3f4,3,4,111,129,0,0.3251231527093596,0.29927007299270075
majority_baseline,r3f4,3,4,112,130,0,0.3251231527093596,0.29927007299270075
majority_baseline,r3f4,3,4,121,140,0,0.3251231527093596,0.29927007299270075
majority_baseline,r3f4,3,4,122,141,0,0.3251231527093596,0.29927007299270075
majority_baseline,r3f4,3,4,123,142,0,0.3251231527093596,0.29927007299270075
majority_baseline,r3f4,3,4,124,143,0,0.3251231527093596,0.29927007299270075
majority_baseline,r3f4,3,4,125,144,0,0.3251231527093596,0.29927007299270075
majority_baseline,r3f4,3,4,126,145,0,0.3251231527093596,0.29927007299270075
majority_baseline,r3f4,3,4,127,146,0,0.3251231527093596,0.29927007299270075
majority_baseline,r3f4,3,4,128,147,0,0.3251231527093596,0.29927007299270075
majority_baseline,r3f4,3,4,129,148,1,0.3251231527093596,0.29927007299270075
majority_baseline,r3f4,3,4,130,149,1,0.3251231527093596,0.29927007299270075
majority_baseline,r3f4,3,4,131,150,0,0.3251231527093596,0.29927007299270075
majority_baseline,r3f4,3,4,155,174,1,0.3251231527093596,0.29927007299270075
majority_baseline,r3f4,3,4,156,175,1,0.3251231527093596,0.29927007299270075
majority_baseline,r3f4,3,4,157,176,0,0.3251231527093596,0.29927007299270075
majority_baseline,r3f4,3,4,158,177,0,0.3251231527093596,0.29927007299270075
majority_baseline,r3f4,3,4,173,192,0,0.3251231527093596,0.29927007299270075
majority_baseline,r3f4,3,4,174,193,0,0.3251231527093596,0.29927007299270075
majority_baseline,r3f4,3,4,175,194,0,0.3251231527093596,0.29927007299270075
majority_baseline,r3f4,3,4,176,195,0,0.3251231527093596,0.29927007299270075
majority_baseline,r3f4,3,4,177,196,0,0.3251231527093596,0.29927007299270075
majority_baseline,r3f4,3,4,178,197,0,0.3251231527093596,0.29927007299270075
majority_baseline,r3f4,3,4,179,198,1,0.3251231527093596,0.29927007299270075
majority_baseline,r3f4,3,4,180,199,0,0.3251231527093596,0.29927007299270075
majority_baseline,r3f4,3,4,181,200,0,0.3251231527093596,0.29927007299270075
majority_baseline,r3f4,3,4,182,201,0,0.3251231527093596,0.29927007299270075
majority_baseline,r3f4,3,4,227,250,1,0.3251231527093596,0.29927007299270075
majority_baseline,r3f4,3,4,230,253,0,0.3251231527093596,0.29927007299270075
majority_baseline,r3f4,3,4,231,254,1,0.3251231527093596,0.29927007299270075
majority_baseline,r4f0,4,0,13,25,1,0.3170731707317073,0.29285714285714287
majority_baseline,r4f0,4,0,14,26,1,0.3170731707317073,0.29285714285714287
majority_baseline,r4f0,4,0,15,27,1,0.3170731707317073,0.29285714285714287
majority_baseline,r4f0,4,0,16,28,1,0.3170731707317073,0.29285714285714287
majority_baseline,r4f0,4,0,24,36,0,0.3170731707317073,0.29285714285714287
majority_baseline,r4f0,4,0,28,40,1,0.3170731707317073,0.29285714285714287
majority_baseline,r4f0,4,0,29,41,1,0.3170731707317073,0.29285714285714287
majority_baseline,r4f0,4,0,30,42,1,0.3170731707317073,0.29285714285714287
majority_baseline,r4f0,4,0,31,43,1,0.3170731707317073,0.29285714285714287
majority_baseline,r4f0,4,0,41,54,0,0.3170731707317073,0.29285714285714287
majority_baseline,r4f0,4,0,42,55,1,0.3170731707317073,0.29285714285714287
majority_baseline,r4f0,4,0,43,56,1,0.3170731707317073,0.29285714285714287
majority_baseline,r4f0,4,0,44,57,0,0.3170731707317073,0.29285714285714287
majority_baseline,r4f0,4,0,101,119,0,0.3170731707317073,0.29285714285714287
majority_baseline,r4f0,4,0,102,120,0,0.3170731707317073,0.29285714285714287
majority_baseline,r4f0,4,0,103,121,0,0.3170731707317073,0.29285714285714287
majority_baseline,r4f0,4,0,104,122,0,0.3170731707317073,0.29285714285714287
majority_baseline,r4f0,4,0,105,123,0,0.3170731707317073,0.29285714285714287
majority_baseline,r4f0,4,0,106,124,0,0.3170731707317073,0.29285714285714287
majority_baseline,r4f0,4,0,125,144,0,0.3170731707317073,0.29285714285714287
majority_baseline,r4f0,4,0,126,145,0,0.3170731707317073,0.29285714285714287
majority_baseline,r4f0,4,0,127,146,0,0.3170731707317073,0.29285714285714287
majority_baseline,r4f0,4,0,129,148,1,0.3170731707317073,0.29285714285714287
majority_baseline,r4f0,4,0,130,149,1,0.3170731707317073,0.29285714285714287
majority_baseline,r4f0,4,0,131,150,0,0.3170731707317073,0.29285714285714287
majority_baseline,r4f0,4,0,149,168,1,0.3170731707317073,0.29285714285714287
majority_baseline,r4f0,4,0,150,169,0,0.3170731707317073,0.29285714285714287
majority_baseline,r4f0,4,0,151,170,0,0.3170731707317073,0.29285714285714287
majority_baseline,r4f0,4,0,177,196,0,0.3170731707317073,0.29285714285714287
majority_baseline,r4f0,4,0,178,197,0,0.3170731707317073,0.29285714285714287
majority_baseline,r4f0,4,0,179,198,1,0.3170731707317073,0.29285714285714287
majority_baseline,r4f0,4,0,180,199,0,0.3170731707317073,0.29285714285714287
majority_baseline,r4f0,4,0,181,200,0,0.3170731707317073,0.29285714285714287
majority_baseline,r4f0,4,0,182,201,0,0.3170731707317073,0.29285714285714287
majority_baseline,r4f0,4,0,214,235,0,0.3170731707317073,0.29285714285714287
majority_baseline,r4f0,4,0,215,236,0,0.3170731707317073,0.29285714285714287
majority_baseline,r4f0,4,0,216,238,1,0.3170731707317073,0.29285714285714287
majority_baseline,r4f0,4,0,217,239,0,0.3170731707317073,0.29285714285714287
majority_baseline,r4f0,4,0,218,240,0,0.3170731707317073,0.29285714285714287
majority_baseline,r4f0,4,0,223,246,0,0.3170731707317073,0.29285714285714287
majority_baseline,r4f0,4,0,224,247,0,0.3170731707317073,0.29285714285714287
majority_baseline,r4f0,4,0,225,248,0,0.3170731707317073,0.29285714285714287
majority_baseline,r4f0,4,0,232,255,0,0.3170731707317073,0.29285714285714287
majority_baseline,r4f0,4,0,233,256,0,0.3170731707317073,0.29285714285714287
majority_baseline,r4f0,4,0,234,257,0,0.3170731707317073,0.29285714285714287
majority_baseline,r4f0,4,0,235,258,0,0.3170731707317073,0.29285714285714287
majority_baseline,r4f0,4,0,236,259,0,0.3170731707317073,0.29285714285714287
majority_baseline,r4f1,4,1,52,65,0,0.32195121951219513,0.29927007299270075
majority_baseline,r4f1,4,1,53,66,0,0.32195121951219513,0.29927007299270075
majority_baseline,r4f1,4,1,54,67,0,0.32195121951219513,0.29927007299270075
majority_baseline,r4f1,4,1,55,68,0,0.32195121951219513,0.29927007299270075
majority_baseline,r4f1,4,1,57,70,0,0.32195121951219513,0.29927007299270075
majority_baseline,r4f1,4,1,58,71,0,0.32195121951219513,0.29927007299270075
majority_baseline,r4f1,4,1,59,72,1,0.32195121951219513,0.29927007299270075
majority_baseline,r4f1,4,1,60,73,0,0.32195121951219513,0.29927007299270075
majority_baseline,r4f1,4,1,61,74,1,0.32195121951219513,0.29927007299270075
majority_baseline,r4f1,4,1,68,84,0,0.32195121951219513,0.29927007299270075
majority_baseline,r4f1,4,1,69,85,0,0.32195121951219513,0.29927007299270075
majority_baseline,r4f1,4,1,70,86,0,0.32195121951219513,0.29927007299270075
majority_baseline,r4f1,4,1,71,87,0,0.32195121951219513,0.29927007299270075
majority_baseline,r4f1,4,1,72,88,1,0.32195121951219513,0.29927007299270075
majority_baseline,r4f1,4,1,73,89,1,0.32195121951219513,0.29927007299270075
majority_baseline,r4f1,4,1,74,90,1,0.32195121951219513,0.29927007299270075
majority_baseline,r4f1,4,1,75,91,1,0.32195121951219513,0.29927007299270075
majority_baseline,r4f1,4,1,76,92,1,0.32195121951219513,0.29927007299270075
majority_baseline,r4f1,4,1,77,93,1,0.32195121951219513,0.29927007299270075
majority_baseline,r4f1,4,1,80,97,1,0.32195121951219513,0.29927007299270075
majority_baseline,r4f1,4,1,87,104,0,0.32195121951219513,0.29927007299270075
majority_baseline,r4f1,4,1,88,105,1,0.32195121951219513,0.29927007299270075
majority_baseline,r4f1,4,1,90,107,1,0.32195121951219513,0.29927007299270075
majority_baseline,r4f1,4,1,121,140,0,0.32195121951219513,0.29927007299270075
majority_baseline,r4f1,4,1,122,141,0,0.32195121951219513,0.29927007299270075
majority_baseline,r4f1,4,1,123,142,0,0.32195121951219513,0.29927007299270075
majority_baseline,r4f1,4,1,124,143,0,0.32195121951219513,0.29927007299270075
majority_baseline,r4f1,4,1,147,166,0,0.32195121951219513,0.29927007299270075
majority_baseline,r4f1,4,1,148,167,0,0.32195121951219513,0.29927007299270075
majority_baseline,r4f1,4,1,192,212,0,0.32195121951219513,0.29927007299270075
majority_baseline,r4f1,4,1,199,219,0,0.32195121951219513,0.29927007299270075
majority_baseline,r4f1,4,1,200,220,0,0.32195121951219513,0.29927007299270075
majority_baseline,r4f1,4,1,201,221,0,0.32195121951219513,0.29927007299270075
majority_baseline,r4f1,4,1,205,226,0,0.32195121951219513,0.29927007299270075
majority_baseline,r4f1,4,1,206,227,0,0.32195121951219513,0.29927007299270075
majority_baseline,r4f1,4,1,211,232,0,0.32195121951219513,0.29927007299270075
majority_baseline,r4f1,4,1,212,233,1,0.32195121951219513,0.29927007299270075
majority_baseline,r4f1,4,1,213,234,1,0.32195121951219513,0.29927007299270075
majority_baseline,r4f1,4,1,241,264,0,0.32195121951219513,0.29927007299270075
majority_baseline,r4f1,4,1,242,265,0,0.32195121951219513,0.29927007299270075
majority_baseline,r4f1,4,1,243,266,0,0.32195121951219513,0.29927007299270075
majority_baseline,r4f1,4,1,244,267,0,0.32195121951219513,0.29927007299270075
majority_baseline,r4f1,4,1,245,268,0,0.32195121951219513,0.29927007299270075
majority_baseline,r4f1,4,1,246,269,0,0.32195121951219513,0.29927007299270075
majority_baseline,r4f1,4,1,247,270,1,0.32195121951219513,0.29927007299270075
majority_baseline,r4f1,4,1,248,271,0,0.32195121951219513,0.29927007299270075
majority_baseline,r4f1,4,1,249,272,0,0.32195121951219513,0.29927007299270075
majority_baseline,r4f2,4,2,0,1,1,0.29891304347826086,0.29285714285714287
majority_baseline,r4f2,4,2,1,2,0,0.29891304347826086,0.29285714285714287
majority_baseline,r4f2,4,2,2,3,0,0.29891304347826086,0.29285714285714287
majority_baseline,r4f2,4,2,3,4,0,0.29891304347826086,0.29285714285714287
majority_baseline,r4f2,4,2,4,5,0,0.29891304347826086,0.29285714285714287
majority_baseline,r4f2,4,2,5,6,0,0.29891304347826086,0.29285714285714287
majority_baseline,r4f2,4,2,6,7,1,0.29891304347826086,0.29285714285714287
majority_baseline,r4f2,4,2,7,8,1,0.29891304347826086,0.29285714285714287
majority_baseline,r4f2,4,2,21,33,0,0.29891304347826086,0.29285714285714287
majority_baseline,r4f2,4,2,22,34,0,0.29891304347826086,0.29285714285714287
majority_baseline,r4f2,4,2,23,35,0,0.29891304347826086,0.29285714285714287
majority_baseline,r4f2,4,2,34,46,1,0.29891304347826086,0.29285714285714287
majority_baseline,r4f2,4,2,35,47,1,0.29891304347826086,0.29285714285714287
majority_baseline,r4f2,4,2,36,48,1,0.29891304347826086,0.29285714285714287
majority_baseline,r4f2,4,2,37,49,0,0.29891304347826086,0.29285714285714287
majority_baseline,r4f2,4,2,38,50,0,0.29891304347826086,0.29285714285714287
majority_baseline,r4f2,4,2,39,51,1,0.29891304347826086,0.29285714285714287
majority_baseline,r4f2,4,2,56,69,1,0.29891304347826086,0.29285714285714287
majority_baseline,r4f2,4,2,64,77,0,0.29891304347826086,0.29285714285714287
majority_baseline,r4f2,4,2,65,78,0,0.29891304347826086,0.29285714285714287
majority_baseline,r4f2,4,2,113,131,1,0.29891304347826086,0.29285714285714287
majority_baseline,r4f2,4,2,114,132,1,0.29891304347826086,0.29285714285714287
majority_baseline,r4f2,4,2,115,133,1,0.29891304347826086,0.29285714285714287
majority_baseline,r4f2,4,2,116,134,0,0.29891304347826086,0.29285714285714287
majority_baseline,r4f2,4,2,117,135,1,0.29891304347826086,0.29285714285714287
majority_baseline,r4f2,4,2,118,136,1,0.29891304347826086,0.29285714285714287
majority_baseline,r4f2,4,2,119,137,1,0.29891304347826086,0.29285714285714287
majority_baseline,r4f2,4,2,120,139,1,0.29891304347826086,0.29285714285714287
majority_baseline,r4f2,4,2,132,151,1,0.29891304347826086,0.29285714285714287
majority_baseline,r4f2,4,2,133,152,0,0.29891304347826086,0.29285714285714287
majority_baseline,r4f2,4,2,134,153,0,0.29891304347826086,0.29285714285714287
majority_baseline,r4f2,4,2,135,154,0,0.29891304347826086,0.29285714285714287
majority_baseline,r4f2,4,2,136,155,0,0.29891304347826086,0.29285714285714287
majority_baseline,r4f2,4,2,137,156,1,0.29891304347826086,0.29285714285714287
majority_baseline,r4f2,4,2,138,157,0,0.29891304347826086,0.29285714285714287
majority_baseline,r4f2,4,2,139,158,0,0.29891304347826086,0.29285714285714287
majority_baseline,r4f2,4,2,140,159,0,0.29891304347826086,0.29285714285714287
majority_baseline,r4f2,4,2,141,160,0,0.29891304347826086,0.29285714285714287
majority_baseline,r4f2,4,2,146,165,0,0.29891304347826086,0.29285714285714287
majority_baseline,r4f2,4,2,152,171,0,0.29891304347826086,0.29285714285714287
majority_baseline,r4f2,4,2,153,172,0,0.29891304347826086,0.29285714285714287
majority_baseline,r4f2,4,2,154,173,1,0.29891304347826086,0.29285714285714287
majority_baseline,r4f2,4,2,170,189,0,0.29891304347826086,0.29285714285714287
majority_baseline,r4f2,4,2,171,190,0,0.29891304347826086,0.29285714285714287
majority_baseline,r4f2,4,2,172,191,0,0.29891304347826086,0.29285714285714287
majority_baseline,r4f2,4,2,183,202,0,0.29891304347826086,0.29285714285714287
majority_baseline,r4f2,4,2,184,203,0,0.29891304347826086,0.29285714285714287
majority_baseline,r4f2,4,2,185,204,1,0.29891304347826086,0.29285714285714287
majority_baseline,r4f2,4,2,186,205,1,0.29891304347826086,0.29285714285714287
majority_baseline,r4f2,4,2,187,206,1,0.29891304347826086,0.29285714285714287
majority_baseline,r4f2,4,2,188,207,1,0.29891304347826086,0.29285714285714287
majority_baseline,r4f2,4,2,189,208,1,0.29891304347826086,0.29285714285714287
majority_baseline,r4f2,4,2,190,209,0,0.29891304347826086,0.29285714285714287
majority_baseline,r4f2,4,2,191,211,0,0.29891304347826086,0.29285714285714287
majority_baseline,r4f2,4,2,193,213,0,0.29891304347826086,0.29285714285714287
majority_baseline,r4f2,4,2,194,214,0,0.29891304347826086,0.29285714285714287
majority_baseline,r4f2,4,2,195,215,0,0.29891304347826086,0.29285714285714287
majority_baseline,r4f2,4,2,196,216,0,0.29891304347826086,0.29285714285714287
majority_baseline,r4f2,4,2,207,228,0,0.29891304347826086,0.29285714285714287
majority_baseline,r4f2,4,2,208,229,1,0.29891304347826086,0.29285714285714287
majority_baseline,r4f2,4,2,209,230,0,0.29891304347826086,0.29285714285714287
majority_baseline,r4f2,4,2,219,241,0,0.29891304347826086,0.29285714285714287
majority_baseline,r4f2,4,2,220,243,0,0.29891304347826086,0.29285714285714287
majority_baseline,r4f2,4,2,226,249,0,0.29891304347826086,0.29285714285714287
majority_baseline,r4f2,4,2,228,251,0,0.29891304347826086,0.29285714285714287
majority_baseline,r4f2,4,2,229,252,1,0.29891304347826086,0.29285714285714287
majority_baseline,r4f2,4,2,250,273,0,0.29891304347826086,0.29285714285714287
majority_baseline,r4f2,4,2,251,274,0,0.29891304347826086,0.29285714285714287
majority_baseline,r4f3,4,3,8,19,1,0.32367149758454106,0.3049645390070922
majority_baseline,r4f3,4,3,9,20,1,0.32367149758454106,0.3049645390070922
majority_baseline,r4f3,4,3,10,21,1,0.32367149758454106,0.3049645390070922
majority_baseline,r4f3,4,3,11,22,1,0.32367149758454106,0.3049645390070922
majority_baseline,r4f3,4,3,12,23,1,0.32367149758454106,0.3049645390070922
majority_baseline,r4f3,4,3,25,37,1,0.32367149758454106,0.3049645390070922
majority_baseline,r4f3,4,3,26,38,1,0.32367149758454106,0.3049645390070922
majority_baseline,r4f3,4,3,27,39,1,0.32367149758454106,0.3049645390070922
majority_baseline,r4f3,4,3,45,58,0,0.32367149758454106,0.3049645390070922
majority_baseline,r4f3,4,3,46,59,0,0.32367149758454106,0.3049645390070922
majority_baseline,r4f3,4,3,47,60,0,0.32367149758454106,0.3049645390070922
majority_baseline,r4f3,4,3,48,61,0,0.32367149758454106,0.3049645390070922
majority_baseline,r4f3,4,3,49,62,0,0.32367149758454106,0.3049645390070922
majority_baseline,r4f3,4,3,50,63,1,0.32367149758454106,0.3049645390070922
majority_baseline,r4f3,4,3,51,64,0,0.32367149758454106,0.3049645390070922
majority_baseline,r4f3,4,3,62,75,0,0.32367149758454106,0.3049645390070922
majority_baseline,r4f3,4,3,63,76,0,0.32367149758454106,0.3049645390070922
majority_baseline,r4f3,4,3,66,79,0,0.32367149758454106,0.3049645390070922
majority_baseline,r4f3,4,3,67,82,0,0.32367149758454106,0.3049645390070922
majority_baseline,r4f3,4,3,85,102,0,0.32367149758454106,0.3049645390070922
majority_baseline,r4f3,4,3,86,103,0,0.32367149758454106,0.3049645390070922
majority_baseline,r4f3,4,3,92,109,0,0.32367149758454106,0.3049645390070922
majority_baseline,r4f3,4,3,93,110,0,0.32367149758454106,0.3049645390070922
majority_baseline,r4f3,4,3,94,111,1,0.32367149758454106,0.3049645390070922
majority_baseline,r4f3,4,3,95,112,1,0.32367149758454106,0.3049645390070922
majority_baseline,r4f3,4,3,96,113,0,0.32367149758454106,0.3049645390070922
majority_baseline,r4f3,4,3,97,115,0,0.32367149758454106,0.3049645390070922
majority_baseline,r4f3,4,3,98,116,0,0.32367149758454106,0.3049645390070922
majority_baseline,r4f3,4,3,99,117,0,0.32367149758454106,0.3049645390070922
majority_baseline,r4f3,4,3,100,118,0,0.32367149758454106,0.3049645390070922
majority_baseline,r4f3,4,3,142,161,0,0.32367149758454106,0.3049645390070922
majority_baseline,r4f3,4,3,143,162,0,0.32367149758454106,0.3049645390070922
majority_baseline,r4f3,4,3,144,163,0,0.32367149758454106,0.3049645390070922
majority_baseline,r4f3,4,3,145,164,0,0.32367149758454106,0.3049645390070922
majority_baseline,r4f3,4,3,161,180,0,0.32367149758454106,0.3049645390070922
majority_baseline,r4f3,4,3,162,181,0,0.32367149758454106,0.3049645390070922
majority_baseline,r4f3,4,3,163,182,1,0.32367149758454106,0.3049645390070922
majority_baseline,r4f3,4,3,168,187,0,0.32367149758454106,0.3049645390070922
majority_baseline,r4f3,4,3,169,188,0,0.32367149758454106,0.3049645390070922
majority_baseline,r4f3,4,3,197,217,0,0.32367149758454106,0.3049645390070922
majority_baseline,r4f3,4,3,198,218,0,0.32367149758454106,0.3049645390070922
majority_baseline,r4f3,4,3,204,225,0,0.32367149758454106,0.3049645390070922
majority_baseline,r4f3,4,3,210,231,1,0.32367149758454106,0.3049645390070922
majority_baseline,r4f3,4,3,221,244,0,0.32367149758454106,0.3049645390070922
majority_baseline,r4f3,4,3,222,245,0,0.32367149758454106,0.3049645390070922
majority_baseline,r4f4,4,4,17,29,1,0.32367149758454106,0.302158273381295
majority_baseline,r4f4,4,4,18,30,0,0.32367149758454106,0.302158273381295
majority_baseline,r4f4,4,4,19,31,1,0.32367149758454106,0.302158273381295
majority_baseline,r4f4,4,4,20,32,1,0.32367149758454106,0.302158273381295
majority_baseline,r4f4,4,4,32,44,1,0.32367149758454106,0.302158273381295
majority_baseline,r4f4,4,4,33,45,0,0.32367149758454106,0.302158273381295
majority_baseline,r4f4,4,4,40,52,1,0.32367149758454106,0.302158273381295
majority_baseline,r4f4,4,4,78,94,0,0.32367149758454106,0.302158273381295
majority_baseline,r4f4,4,4,79,95,0,0.32367149758454106,0.302158273381295
majority_baseline,r4f4,4,4,81,98,0,0.32367149758454106,0.302158273381295
majority_baseline,r4f4,4,4,82,99,0,0.32367149758454106,0.302158273381295
majority_baseline,r4f4,4,4,83,100,0,0.32367149758454106,0.302158273381295
majority_baseline,r4f4,4,4,84,101,0,0.32367149758454106,0.302158273381295
majority_baseline,r4f4,4,4,89,106,1,0.32367149758454106,0.302158273381295
majority_baseline,r4f4,4,4,91,108,1,0.32367149758454106,0.302158273381295
majority_baseline,r4f4,4,4,107,125,0,0.32367149758454106,0.302158273381295
majority_baseline,r4f4,4,4,108,126,0,0.32367149758454106,0.302158273381295
majority_baseline,r4f4,4,4,109,127,0,0.32367149758454106,0.302158273381295
majority_baseline,r4f4,4,4,110,128,0,0.32367149758454106,0.302158273381295
majority_baseline,r4f4,4,4,111,129,0,0.32367149758454106,0.302158273381295
majority_baseline,r4f4,4,4,112,130,0,0.32367149758454106,0.302158273381295
majority_baseline,r4f4,4,4,128,147,0,0.32367149758454106,0.302158273381295
majority_baseline,r4f4,4,4,155,174,1,0.32367149758454106,0.302158273381295
majority_baseline,r4f4,4,4,156,175,1,0.32367149758454106,0.302158273381295
majority_baseline,r4f4,4,4,157,176,0,0.32367149758454106,0.302158273381295
majority_baseline,r4f4,4,4,158,177,0,0.32367149758454106,0.302158273381295
majority_baseline,r4f4,4,4,159,178,0,0.32367149758454106,0.302158273381295
majority_baseline,r4f4,4,4,160,179,1,0.32367149758454106,0.302158273381295
majority_baseline,r4f4,4,4,164,183,0,0.32367149758454106,0.302158273381295
majority_baseline,r4f4,4,4,165,184,0,0.32367149758454106,0.302158273381295
majority_baseline,r4f4,4,4,166,185,0,0.32367149758454106,0.302158273381295
majority_baseline,r4f4,4,4,167,186,0,0.32367149758454106,0.302158273381295
majority_baseline,r4f4,4,4,173,192,0,0.32367149758454106,0.302158273381295
majority_baseline,r4f4,4,4,174,193,0,0.32367149758454106,0.302158273381295
majority_baseline,r4f4,4,4,175,194,0,0.32367149758454106,0.302158273381295
majority_baseline,r4f4,4,4,176,195,0,0.32367149758454106,0.302158273381295
majority_baseline,r4f4,4,4,202,222,0,0.32367149758454106,0.302158273381295
majority_baseline,r4f4,4,4,203,224,1,0.32367149758454106,0.302158273381295
majority_baseline,r4f4,4,4,227,250,1,0.32367149758454106,0.302158273381295
majority_baseline,r4f4,4,4,230,253,0,0.32367149758454106,0.302158273381295
majority_baseline,r4f4,4,4,231,254,1,0.32367149758454106,0.302158273381295
majority_baseline,r4f4,4,4,237,260,0,0.32367149758454106,0.302158273381295
majority_baseline,r4f4,4,4,238,261,0,0.32367149758454106,0.302158273381295
majority_baseline,r4f4,4,4,239,262,0,0.32367149758454106,0.302158273381295
majority_baseline,r4f4,4,4,240,263,0,0.32367149758454106,0.302158273381295
o2_only_logreg,r0f0,0,0,13,25,1,0.8953197645591454,0.185943095356208
o2_only_logreg,r0f0,0,0,14,26,1,0.8953197645591454,0.185943095356208
o2_only_logreg,r0f0,0,0,15,27,1,0.8953197645591454,0.185943095356208
o2_only_logreg,r0f0,0,0,16,28,1,0.8953197645591454,0.185943095356208
o2_only_logreg,r0f0,0,0,24,36,0,0.30016178457305576,0.185943095356208
o2_only_logreg,r0f0,0,0,28,40,1,0.8953197645591454,0.185943095356208
o2_only_logreg,r0f0,0,0,29,41,1,0.8953197645591454,0.185943095356208
o2_only_logreg,r0f0,0,0,30,42,1,0.8953197645591454,0.185943095356208
o2_only_logreg,r0f0,0,0,31,43,1,0.8953197645591454,0.185943095356208
o2_only_logreg,r0f0,0,0,41,54,0,0.30016178457305576,0.185943095356208
o2_only_logreg,r0f0,0,0,42,55,1,0.30016178457305576,0.185943095356208
o2_only_logreg,r0f0,0,0,43,56,1,0.30016178457305576,0.185943095356208
o2_only_logreg,r0f0,0,0,44,57,0,0.30016178457305576,0.185943095356208
o2_only_logreg,r0f0,0,0,62,75,0,0.05014043855692503,0.185943095356208
o2_only_logreg,r0f0,0,0,63,76,0,0.05014043855692503,0.185943095356208
o2_only_logreg,r0f0,0,0,66,79,0,0.05014043855692503,0.185943095356208
o2_only_logreg,r0f0,0,0,67,82,0,0.05014043855692503,0.185943095356208
o2_only_logreg,r0f0,0,0,78,94,0,0.5867610564958687,0.185943095356208
o2_only_logreg,r0f0,0,0,79,95,0,0.5867610564958687,0.185943095356208
o2_only_logreg,r0f0,0,0,96,113,0,0.30016178457305576,0.185943095356208
o2_only_logreg,r0f0,0,0,97,115,0,0.30016178457305576,0.185943095356208
o2_only_logreg,r0f0,0,0,98,116,0,0.30016178457305576,0.185943095356208
o2_only_logreg,r0f0,0,0,99,117,0,0.30016178457305576,0.185943095356208
o2_only_logreg,r0f0,0,0,100,118,0,0.30016178457305576,0.185943095356208
o2_only_logreg,r0f0,0,0,101,119,0,0.1907588004370742,0.185943095356208
o2_only_logreg,r0f0,0,0,102,120,0,0.1907588004370742,0.185943095356208
o2_only_logreg,r0f0,0,0,103,121,0,0.1907588004370742,0.185943095356208
o2_only_logreg,r0f0,0,0,104,122,0,0.1907588004370742,0.185943095356208
o2_only_logreg,r0f0,0,0,105,123,0,0.1907588004370742,0.185943095356208
o2_only_logreg,r0f0,0,0,106,124,0,0.1907588004370742,0.185943095356208
o2_only_logreg,r0f0,0,0,138,157,0,0.11469590754494265,0.185943095356208
o2_only_logreg,r0f0,0,0,139,158,0,0.11469590754494265,0.185943095356208
o2_only_logreg,r0f0,0,0,140,159,0,0.11469590754494265,0.185943095356208
o2_only_logreg,r0f0,0,0,141,160,0,0.11469590754494265,0.185943095356208
o2_only_logreg,r0f0,0,0,155,174,1,0.5867610564958687,0.185943095356208
o2_only_logreg,r0f0,0,0,156,175,1,0.5867610564958687,0.185943095356208
o2_only_logreg,r0f0,0,0,157,176,0,0.5867610564958687,0.185943095356208
o2_only_logreg,r0f0,0,0,158,177,0,0.5867610564958687,0.185943095356208
o2_only_logreg,r0f0,0,0,161,180,0,0.2412557125427658,0.185943095356208
o2_only_logreg,r0f0,0,0,162,181,0,0.2412557125427658,0.185943095356208
o2_only_logreg,r0f0,0,0,163,182,1,0.2412557125427658,0.185943095356208
o2_only_logreg,r0f0,0,0,168,187,0,0.2412557125427658,0.185943095356208
o2_only_logreg,r0f0,0,0,169,188,0,0.2412557125427658,0.185943095356208
o2_only_logreg,r0f0,0,0,197,217,0,0.05014043855692503,0.185943095356208
o2_only_logreg,r0f0,0,0,198,218,0,0.05014043855692503,0.185943095356208
o2_only_logreg,r0f0,0,0,250,273,0,0.3665031855794203,0.185943095356208
o2_only_logreg,r0f0,0,0,251,274,0,0.3665031855794203,0.185943095356208
o2_only_logreg,r0f1,0,1,52,65,0,0.07396320234095513,0.16312595357175944
o2_only_logreg,r0f1,0,1,53,66,0,0.07396320234095513,0.16312595357175944
o2_only_logreg,r0f1,0,1,54,67,0,0.07396320234095513,0.16312595357175944
o2_only_logreg,r0f1,0,1,55,68,0,0.07396320234095513,0.16312595357175944
o2_only_logreg,r0f1,0,1,57,70,0,0.07396320234095513,0.16312595357175944
o2_only_logreg,r0f1,0,1,58,71,0,0.07396320234095513,0.16312595357175944
o2_only_logreg,r0f1,0,1,59,72,1,0.07396320234095513,0.16312595357175944
o2_only_logreg,r0f1,0,1,60,73,0,0.07396320234095513,0.16312595357175944
o2_only_logreg,r0f1,0,1,61,74,1,0.07396320234095513,0.16312595357175944
o2_only_logreg,r0f1,0,1,72,88,1,0.6157323378219413,0.16312595357175944
o2_only_logreg,r0f1,0,1,73,89,1,0.6157323378219413,0.16312595357175944
o2_only_logreg,r0f1,0,1,74,90,1,0.6157323378219413,0.16312595357175944
o2_only_logreg,r0f1,0,1,75,91,1,0.6157323378219413,0.16312595357175944
o2_only_logreg,r0f1,0,1,76,92,1,0.6157323378219413,0.16312595357175944
o2_only_logreg,r0f1,0,1,77,93,1,0.6157323378219413,0.16312595357175944
o2_only_logreg,r0f1,0,1,80,97,1,0.46797120465731956,0.16312595357175944
o2_only_logreg,r0f1,0,1,87,104,0,0.46797120465731956,0.16312595357175944
o2_only_logreg,r0f1,0,1,88,105,1,0.46797120465731956,0.16312595357175944
o2_only_logreg,r0f1,0,1,90,107,1,0.46797120465731956,0.16312595357175944
o2_only_logreg,r0f1,0,1,107,125,0,0.1270184119274244,0.16312595357175944
o2_only_logreg,r0f1,0,1,108,126,0,0.1270184119274244,0.16312595357175944
o2_only_logreg,r0f1,0,1,109,127,0,0.1270184119274244,0.16312595357175944
o2_only_logreg,r0f1,0,1,110,128,0,0.1270184119274244,0.16312595357175944
o2_only_logreg,r0f1,0,1,111,129,0,0.1270184119274244,0.16312595357175944
o2_only_logreg,r0f1,0,1,112,130,0,0.1270184119274244,0.16312595357175944
o2_only_logreg,r0f1,0,1,128,147,0,0.1270184119274244,0.16312595357175944
o2_only_logreg,r0f1,0,1,173,192,0,0.1270184119274244,0.16312595357175944
o2_only_logreg,r0f1,0,1,174,193,0,0.1270184119274244,0.16312595357175944
o2_only_logreg,r0f1,0,1,175,194,0,0.1270184119274244,0.16312595357175944
o2_only_logreg,r0f1,0,1,176,195,0,0.1270184119274244,0.16312595357175944
o2_only_logreg,r0f1,0,1,192,212,0,0.07396320234095513,0.16312595357175944
o2_only_logreg,r0f1,0,1,204,225,0,0.20952043013085014,0.16312595357175944
o2_only_logreg,r0f1,0,1,210,231,1,0.20952043013085014,0.16312595357175944
o2_only_logreg,r0f1,0,1,221,244,0,0.07396320234095513,0.16312595357175944
o2_only_logreg,r0f1,0,1,222,245,0,0.07396320234095513,0.16312595357175944
o2_only_logreg,r0f1,0,1,226,249,0,0.5427928235712803,0.16312595357175944
o2_only_logreg,r0f1,0,1,227,250,1,0.46797120465731956,0.16312595357175944
o2_only_logreg,r0f1,0,1,228,251,0,0.5427928235712803,0.16312595357175944
o2_only_logreg,r0f1,0,1,229,252,1,0.5427928235712803,0.16312595357175944
o2_only_logreg,r0f1,0,1,230,253,0,0.46797120465731956,0.16312595357175944
o2_only_logreg,r0f1,0,1,231,254,1,0.46797120465731956,0.16312595357175944
o2_only_logreg,r0f1,0,1,237,260,0,0.2634843267518981,0.16312595357175944
o2_only_logreg,r0f1,0,1,238,261,0,0.2634843267518981,0.16312595357175944
o2_only_logreg,r0f1,0,1,239,262,0,0.2634843267518981,0.16312595357175944
o2_only_logreg,r0f1,0,1,240,263,0,0.2634843267518981,0.16312595357175944
o2_only_logreg,r0f2,0,2,17,29,1,0.9644627008541352,0.21545283510171986
o2_only_logreg,r0f2,0,2,18,30,0,0.9644627008541352,0.21545283510171986
o2_only_logreg,r0f2,0,2,19,31,1,0.9644627008541352,0.21545283510171986
o2_only_logreg,r0f2,0,2,20,32,1,0.9644627008541352,0.21545283510171986
o2_only_logreg,r0f2,0,2,32,44,1,0.9644627008541352,0.21545283510171986
o2_only_logreg,r0f2,0,2,33,45,0,0.9644627008541352,0.21545283510171986
o2_only_logreg,r0f2,0,2,40,52,1,0.9644627008541352,0.21545283510171986
o2_only_logreg,r0f2,0,2,56,69,1,0.027401721860369984,0.21545283510171986
o2_only_logreg,r0f2,0,2,64,77,0,0.027401721860369984,0.21545283510171986
o2_only_logreg,r0f2,0,2,65,78,0,0.027401721860369984,0.21545283510171986
o2_only_logreg,r0f2,0,2,68,84,0,0.011795640828778455,0.21545283510171986
o2_only_logreg,r0f2,0,2,69,85,0,0.011795640828778455,0.21545283510171986
o2_only_logreg,r0f2,0,2,70,86,0,0.011795640828778455,0.21545283510171986
o2_only_logreg,r0f2,0,2,71,87,0,0.011795640828778455,0.21545283510171986
o2_only_logreg,r0f2,0,2,81,98,0,0.5732708110412792,0.21545283510171986
o2_only_logreg,r0f2,0,2,82,99,0,0.5732708110412792,0.21545283510171986
o2_only_logreg,r0f2,0,2,83,100,0,0.5732708110412792,0.21545283510171986
o2_only_logreg,r0f2,0,2,84,101,0,0.5732708110412792,0.21545283510171986
o2_only_logreg,r0f2,0,2,89,106,1,0.5732708110412792,0.21545283510171986
o2_only_logreg,r0f2,0,2,91,108,1,0.5732708110412792,0.21545283510171986
o2_only_logreg,r0f2,0,2,159,178,0,0.5732708110412792,0.21545283510171986
o2_only_logreg,r0f2,0,2,160,179,1,0.5732708110412792,0.21545283510171986
o2_only_logreg,r0f2,0,2,164,183,0,0.5732708110412792,0.21545283510171986
o2_only_logreg,r0f2,0,2,165,184,0,0.5732708110412792,0.21545283510171986
o2_only_logreg,r0f2,0,2,166,185,0,0.5732708110412792,0.21545283510171986
o2_only_logreg,r0f2,0,2,167,186,0,0.5732708110412792,0.21545283510171986
o2_only_logreg,r0f2,0,2,193,213,0,0.027401721860369984,0.21545283510171986
o2_only_logreg,r0f2,0,2,194,214,0,0.027401721860369984,0.21545283510171986
o2_only_logreg,r0f2,0,2,195,215,0,0.027401721860369984,0.21545283510171986
o2_only_logreg,r0f2,0,2,196,216,0,0.027401721860369984,0.21545283510171986
o2_only_logreg,r0f2,0,2,199,219,0,0.011795640828778455,0.21545283510171986
o2_only_logreg,r0f2,0,2,200,220,0,0.011795640828778455,0.21545283510171986
o2_only_logreg,r0f2,0,2,201,221,0,0.011795640828778455,0.21545283510171986
o2_only_logreg,r0f2,0,2,205,226,0,0.13566440680167638,0.21545283510171986
o2_only_logreg,r0f2,0,2,206,227,0,0.13566440680167638,0.21545283510171986
o2_only_logreg,r0f2,0,2,211,232,0,0.13566440680167638,0.21545283510171986
o2_only_logreg,r0f2,0,2,212,233,1,0.13566440680167638,0.21545283510171986
o2_only_logreg,r0f2,0,2,213,234,1,0.13566440680167638,0.21545283510171986
o2_only_logreg,r0f2,0,2,214,235,0,0.0926941724733638,0.21545283510171986
o2_only_logreg,r0f2,0,2,215,236,0,0.0926941724733638,0.21545283510171986
o2_only_logreg,r0f2,0,2,216,238,1,0.0926941724733638,0.21545283510171986
o2_only_logreg,r0f2,0,2,217,239,0,0.0926941724733638,0.21545283510171986
o2_only_logreg,r0f2,0,2,218,240,0,0.0926941724733638,0.21545283510171986
o2_only_logreg,r0f2,0,2,246,269,0,0.0926941724733638,0.21545283510171986
o2_only_logreg,r0f2,0,2,247,270,1,0.0926941724733638,0.21545283510171986
o2_only_logreg,r0f2,0,2,248,271,0,0.0926941724733638,0.21545283510171986
o2_only_logreg,r0f2,0,2,249,272,0,0.0926941724733638,0.21545283510171986
o2_only_logreg,r0f3,0,3,0,1,1,0.3366896527865563,0.12935478473684717
o2_only_logreg,r0f3,0,3,1,2,0,0.3366896527865563,0.12935478473684717
o2_only_logreg,r0f3,0,3,2,3,0,0.3366896527865563,0.12935478473684717
o2_only_logreg,r0f3,0,3,3,4,0,0.3366896527865563,0.12935478473684717
o2_only_logreg,r0f3,0,3,4,5,0,0.3366896527865563,0.12935478473684717
o2_only_logreg,r0f3,0,3,5,6,0,0.3366896527865563,0.12935478473684717
o2_only_logreg,r0f3,0,3,6,7,1,0.3366896527865563,0.12935478473684717
o2_only_logreg,r0f3,0,3,7,8,1,0.3366896527865563,0.12935478473684717
o2_only_logreg,r0f3,0,3,8,19,1,0.9616347204326662,0.12935478473684717
o2_only_logreg,r0f3,0,3,9,20,1,0.9616347204326662,0.12935478473684717
o2_only_logreg,r0f3,0,3,10,21,1,0.9616347204326662,0.12935478473684717
o2_only_logreg,r0f3,0,3,11,22,1,0.9616347204326662,0.12935478473684717
o2_only_logreg,r0f3,0,3,12,23,1,0.9616347204326662,0.12935478473684717
o2_only_logreg,r0f3,0,3,21,33,0,0.3366896527865563,0.12935478473684717
o2_only_logreg,r0f3,0,3,22,34,0,0.3366896527865563,0.12935478473684717
o2_only_logreg,r0f3,0,3,23,35,0,0.3366896527865563,0.12935478473684717
o2_only_logreg,r0f3,0,3,25,37,1,0.9616347204326662,0.12935478473684717
o2_only_logreg,r0f3,0,3,26,38,1,0.9616347204326662,0.12935478473684717
o2_only_logreg,r0f3,0,3,27,39,1,0.9616347204326662,0.12935478473684717
o2_only_logreg,r0f3,0,3,34,46,1,0.3366896527865563,0.12935478473684717
o2_only_logreg,r0f3,0,3,35,47,1,0.3366896527865563,0.12935478473684717
o2_only_logreg,r0f3,0,3,36,48,1,0.3366896527865563,0.12935478473684717
o2_only_logreg,r0f3,0,3,37,49,0,0.3366896527865563,0.12935478473684717
o2_only_logreg,r0f3,0,3,38,50,0,0.3366896527865563,0.12935478473684717
o2_only_logreg,r0f3,0,3,39,51,1,0.3366896527865563,0.12935478473684717
o2_only_logreg,r0f3,0,3,121,140,0,0.07742351252507398,0.12935478473684717
o2_only_logreg,r0f3,0,3,122,141,0,0.07742351252507398,0.12935478473684717
o2_only_logreg,r0f3,0,3,123,142,0,0.07742351252507398,0.12935478473684717
o2_only_logreg,r0f3,0,3,124,143,0,0.07742351252507398,0.12935478473684717
o2_only_logreg,r0f3,0,3,125,144,0,0.2732793184845764,0.12935478473684717
o2_only_logreg,r0f3,0,3,126,145,0,0.2732793184845764,0.12935478473684717
o2_only_logreg,r0f3,0,3,127,146,0,0.2732793184845764,0.12935478473684717
o2_only_logreg,r0f3,0,3,129,148,1,0.2732793184845764,0.12935478473684717
o2_only_logreg,r0f3,0,3,130,149,1,0.2732793184845764,0.12935478473684717
o2_only_logreg,r0f3,0,3,131,150,0,0.2732793184845764,0.12935478473684717
o2_only_logreg,r0f3,0,3,147,166,0,0.05853313385587227,0.12935478473684717
o2_only_logreg,r0f3,0,3,148,167,0,0.05853313385587227,0.12935478473684717
o2_only_logreg,r0f3,0,3,149,168,1,0.3366896527865563,0.12935478473684717
o2_only_logreg,r0f3,0,3,150,169,0,0.3366896527865563,0.12935478473684717
o2_only_logreg,r0f3,0,3,151,170,0,0.3366896527865563,0.12935478473684717
o2_only_logreg,r0f3,0,3,177,196,0,0.2732793184845764,0.12935478473684717
o2_only_logreg,r0f3,0,3,178,197,0,0.2732793184845764,0.12935478473684717
o2_only_logreg,r0f3,0,3,179,198,1,0.2732793184845764,0.12935478473684717
o2_only_logreg,r0f3,0,3,180,199,0,0.2732793184845764,0.12935478473684717
o2_only_logreg,r0f3,0,3,181,200,0,0.2732793184845764,0.12935478473684717
o2_only_logreg,r0f3,0,3,182,201,0,0.2732793184845764,0.12935478473684717
o2_only_logreg,r0f3,0,3,183,202,0,0.3366896527865563,0.12935478473684717
o2_only_logreg,r0f3,0,3,184,203,0,0.3366896527865563,0.12935478473684717
o2_only_logreg,r0f3,0,3,185,204,1,0.3366896527865563,0.12935478473684717
o2_only_logreg,r0f3,0,3,186,205,1,0.3366896527865563,0.12935478473684717
o2_only_logreg,r0f3,0,3,187,206,1,0.3366896527865563,0.12935478473684717
o2_only_logreg,r0f3,0,3,188,207,1,0.3366896527865563,0.12935478473684717
o2_only_logreg,r0f3,0,3,189,208,1,0.3366896527865563,0.12935478473684717
o2_only_logreg,r0f3,0,3,207,228,0,0.3366896527865563,0.12935478473684717
o2_only_logreg,r0f3,0,3,208,229,1,0.3366896527865563,0.12935478473684717
o2_only_logreg,r0f3,0,3,209,230,0,0.3366896527865563,0.12935478473684717
o2_only_logreg,r0f3,0,3,219,241,0,0.10175148321582908,0.12935478473684717
o2_only_logreg,r0f3,0,3,220,243,0,0.10175148321582908,0.12935478473684717
o2_only_logreg,r0f3,0,3,225,248,0,0.04403179916280056,0.12935478473684717
o2_only_logreg,r0f3,0,3,232,255,0,0.3366896527865563,0.12935478473684717
o2_only_logreg,r0f3,0,3,233,256,0,0.3366896527865563,0.12935478473684717
o2_only_logreg,r0f3,0,3,234,257,0,0.3366896527865563,0.12935478473684717
o2_only_logreg,r0f3,0,3,235,258,0,0.3366896527865563,0.12935478473684717
o2_only_logreg,r0f3,0,3,236,259,0,0.3366896527865563,0.12935478473684717
o2_only_logreg,r0f3,0,3,241,264,0,0.17108167176580166,0.12935478473684717
o2_only_logreg,r0f3,0,3,242,265,0,0.17108167176580166,0.12935478473684717
o2_only_logreg,r0f3,0,3,243,266,0,0.17108167176580166,0.12935478473684717
o2_only_logreg,r0f3,0,3,244,267,0,0.17108167176580166,0.12935478473684717
o2_only_logreg,r0f3,0,3,245,268,0,0.17108167176580166,0.12935478473684717
o2_only_logreg,r0f4,0,4,45,58,0,0.16097087159880627,0.1393007842084066
o2_only_logreg,r0f4,0,4,46,59,0,0.16097087159880627,0.1393007842084066
o2_only_logreg,r0f4,0,4,47,60,0,0.16097087159880627,0.1393007842084066
o2_only_logreg,r0f4,0,4,48,61,0,0.16097087159880627,0.1393007842084066
o2_only_logreg,r0f4,0,4,49,62,0,0.16097087159880627,0.1393007842084066
o2_only_logreg,r0f4,0,4,50,63,1,0.16097087159880627,0.1393007842084066
o2_only_logreg,r0f4,0,4,51,64,0,0.16097087159880627,0.1393007842084066
o2_only_logreg,r0f4,0,4,85,102,0,0.3211465399283373,0.1393007842084066
o2_only_logreg,r0f4,0,4,86,103,0,0.3211465399283373,0.1393007842084066
o2_only_logreg,r0f4,0,4,92,109,0,0.3211465399283373,0.1393007842084066
o2_only_logreg,r0f4,0,4,93,110,0,0.3211465399283373,0.1393007842084066
o2_only_logreg,r0f4,0,4,94,111,1,0.3211465399283373,0.1393007842084066
o2_only_logreg,r0f4,0,4,95,112,1,0.3211465399283373,0.1393007842084066
o2_only_logreg,r0f4,0,4,113,131,1,0.5384257021880284,0.1393007842084066
o2_only_logreg,r0f4,0,4,114,132,1,0.5384257021880284,0.1393007842084066
o2_only_logreg,r0f4,0,4,115,133,1,0.5384257021880284,0.1393007842084066
o2_only_logreg,r0f4,0,4,116,134,0,0.5384257021880284,0.1393007842084066
o2_only_logreg,r0f4,0,4,117,135,1,0.5384257021880284,0.1393007842084066
o2_only_logreg,r0f4,0,4,118,136,1,0.5384257021880284,0.1393007842084066
o2_only_logreg,r0f4,0,4,119,137,1,0.5384257021880284,0.1393007842084066
o2_only_logreg,r0f4,0,4,120,139,1,0.5384257021880284,0.1393007842084066
o2_only_logreg,r0f4,0,4,132,151,1,0.16097087159880627,0.1393007842084066
o2_only_logreg,r0f4,0,4,133,152,0,0.16097087159880627,0.1393007842084066
o2_only_logreg,r0f4,0,4,134,153,0,0.16097087159880627,0.1393007842084066
o2_only_logreg,r0f4,0,4,135,154,0,0.16097087159880627,0.1393007842084066
o2_only_logreg,r0f4,0,4,136,155,0,0.16097087159880627,0.1393007842084066
o2_only_logreg,r0f4,0,4,137,156,1,0.16097087159880627,0.1393007842084066
o2_only_logreg,r0f4,0,4,142,161,0,0.07218927674549767,0.1393007842084066
o2_only_logreg,r0f4,0,4,143,162,0,0.07218927674549767,0.1393007842084066
o2_only_logreg,r0f4,0,4,144,163,0,0.07218927674549767,0.1393007842084066
o2_only_logreg,r0f4,0,4,145,164,0,0.07218927674549767,0.1393007842084066
o2_only_logreg,r0f4,0,4,146,165,0,0.16097087159880627,0.1393007842084066
o2_only_logreg,r0f4,0,4,152,171,0,0.16097087159880627,0.1393007842084066
o2_only_logreg,r0f4,0,4,153,172,0,0.16097087159880627,0.1393007842084066
o2_only_logreg,r0f4,0,4,154,173,1,0.16097087159880627,0.1393007842084066
o2_only_logreg,r0f4,0,4,170,189,0,0.16097087159880627,0.1393007842084066
o2_only_logreg,r0f4,0,4,171,190,0,0.16097087159880627,0.1393007842084066
o2_only_logreg,r0f4,0,4,172,191,0,0.16097087159880627,0.1393007842084066
o2_only_logreg,r0f4,0,4,190,209,0,0.09511698141263708,0.1393007842084066
o2_only_logreg,r0f4,0,4,191,211,0,0.09511698141263708,0.1393007842084066
o2_only_logreg,r0f4,0,4,202,222,0,0.25935073780856016,0.1393007842084066
o2_only_logreg,r0f4,0,4,203,224,1,0.25935073780856016,0.1393007842084066
o2_only_logreg,r0f4,0,4,223,246,0,0.05445564320144094,0.1393007842084066
o2_only_logreg,r0f4,0,4,224,247,0,0.05445564320144094,0.1393007842084066
o2_only_logreg,r1f0,1,0,8,19,1,0.964294392913253,0.12205825970148061
o2_only_logreg,r1f0,1,0,9,20,1,0.964294392913253,0.12205825970148061
o2_only_logreg,r1f0,1,0,10,21,1,0.964294392913253,0.12205825970148061
o2_only_logreg,r1f0,1,0,11,22,1,0.964294392913253,0.12205825970148061
o2_only_logreg,r1f0,1,0,12,23,1,0.964294392913253,0.12205825970148061
o2_only_logreg,r1f0,1,0,25,37,1,0.964294392913253,0.12205825970148061
o2_only_logreg,r1f0,1,0,26,38,1,0.964294392913253,0.12205825970148061
o2_only_logreg,r1f0,1,0,27,39,1,0.964294392913253,0.12205825970148061
o2_only_logreg,r1f0,1,0,45,58,0,0.1778642190787959,0.12205825970148061
o2_only_logreg,r1f0,1,0,46,59,0,0.1778642190787959,0.12205825970148061
o2_only_logreg,r1f0,1,0,47,60,0,0.1778642190787959,0.12205825970148061
o2_only_logreg,r1f0,1,0,48,61,0,0.1778642190787959,0.12205825970148061
o2_only_logreg,r1f0,1,0,49,62,0,0.1778642190787959,0.12205825970148061
o2_only_logreg,r1f0,1,0,50,63,1,0.1778642190787959,0.12205825970148061
o2_only_logreg,r1f0,1,0,51,64,0,0.1778642190787959,0.12205825970148061
o2_only_logreg,r1f0,1,0,62,75,0,0.045681045349162834,0.12205825970148061
o2_only_logreg,r1f0,1,0,63,76,0,0.045681045349162834,0.12205825970148061
o2_only_logreg,r1f0,1,0,66,79,0,0.045681045349162834,0.12205825970148061
o2_only_logreg,r1f0,1,0,67,82,0,0.045681045349162834,0.12205825970148061
o2_only_logreg,r1f0,1,0,85,102,0,0.348457242359686,0.12205825970148061
o2_only_logreg,r1f0,1,0,86,103,0,0.348457242359686,0.12205825970148061
o2_only_logreg,r1f0,1,0,92,109,0,0.348457242359686,0.12205825970148061
o2_only_logreg,r1f0,1,0,93,110,0,0.348457242359686,0.12205825970148061
o2_only_logreg,r1f0,1,0,94,111,1,0.348457242359686,0.12205825970148061
o2_only_logreg,r1f0,1,0,95,112,1,0.348457242359686,0.12205825970148061
o2_only_logreg,r1f0,1,0,142,161,0,0.0804726251887581,0.12205825970148061
o2_only_logreg,r1f0,1,0,143,162,0,0.0804726251887581,0.12205825970148061
o2_only_logreg,r1f0,1,0,144,163,0,0.0804726251887581,0.12205825970148061
o2_only_logreg,r1f0,1,0,145,164,0,0.0804726251887581,0.12205825970148061
o2_only_logreg,r1f0,1,0,161,180,0,0.22632160750352012,0.12205825970148061
o2_only_logreg,r1f0,1,0,162,181,0,0.22632160750352012,0.12205825970148061
o2_only_logreg,r1f0,1,0,163,182,1,0.22632160750352012,0.12205825970148061
o2_only_logreg,r1f0,1,0,168,187,0,0.22632160750352012,0.12205825970148061
o2_only_logreg,r1f0,1,0,169,188,0,0.22632160750352012,0.12205825970148061
o2_only_logreg,r1f0,1,0,197,217,0,0.045681045349162834,0.12205825970148061
o2_only_logreg,r1f0,1,0,198,218,0,0.045681045349162834,0.12205825970148061
o2_only_logreg,r1f0,1,0,204,225,0,0.22632160750352012,0.12205825970148061
o2_only_logreg,r1f0,1,0,210,231,1,0.22632160750352012,0.12205825970148061
o2_only_logreg,r1f0,1,0,219,241,0,0.10581154936771607,0.12205825970148061
o2_only_logreg,r1f0,1,0,220,243,0,0.10581154936771607,0.12205825970148061
o2_only_logreg,r1f0,1,0,241,264,0,0.1778642190787959,0.12205825970148061
o2_only_logreg,r1f0,1,0,242,265,0,0.1778642190787959,0.12205825970148061
o2_only_logreg,r1f0,1,0,243,266,0,0.1778642190787959,0.12205825970148061
o2_only_logreg,r1f0,1,0,244,267,0,0.1778642190787959,0.12205825970148061
o2_only_logreg,r1f0,1,0,245,268,0,0.1778642190787959,0.12205825970148061
o2_only_logreg,r1f1,1,1,0,1,1,0.2813185217598441,0.14988747340605937
o2_only_logreg,r1f1,1,1,1,2,0,0.2813185217598441,0.14988747340605937
o2_only_logreg,r1f1,1,1,2,3,0,0.2813185217598441,0.14988747340605937
o2_only_logreg,r1f1,1,1,3,4,0,0.2813185217598441,0.14988747340605937
o2_only_logreg,r1f1,1,1,4,5,0,0.2813185217598441,0.14988747340605937
o2_only_logreg,r1f1,1,1,5,6,0,0.2813185217598441,0.14988747340605937
o2_only_logreg,r1f1,1,1,6,7,1,0.2813185217598441,0.14988747340605937
o2_only_logreg,r1f1,1,1,7,8,1,0.2813185217598441,0.14988747340605937
o2_only_logreg,r1f1,1,1,21,33,0,0.2813185217598441,0.14988747340605937
o2_only_logreg,r1f1,1,1,22,34,0,0.2813185217598441,0.14988747340605937
o2_only_logreg,r1f1,1,1,23,35,0,0.2813185217598441,0.14988747340605937
o2_only_logreg,r1f1,1,1,34,46,1,0.2813185217598441,0.14988747340605937
o2_only_logreg,r1f1,1,1,35,47,1,0.2813185217598441,0.14988747340605937
o2_only_logreg,r1f1,1,1,36,48,1,0.2813185217598441,0.14988747340605937
o2_only_logreg,r1f1,1,1,37,49,0,0.2813185217598441,0.14988747340605937
o2_only_logreg,r1f1,1,1,38,50,0,0.2813185217598441,0.14988747340605937
o2_only_logreg,r1f1,1,1,39,51,1,0.2813185217598441,0.14988747340605937
o2_only_logreg,r1f1,1,1,52,65,0,0.0594674411666937,0.14988747340605937
o2_only_logreg,r1f1,1,1,53,66,0,0.0594674411666937,0.14988747340605937
o2_only_logreg,r1f1,1,1,54,67,0,0.0594674411666937,0.14988747340605937
o2_only_logreg,r1f1,1,1,55,68,0,0.0594674411666937,0.14988747340605937
o2_only_logreg,r1f1,1,1,57,70,0,0.0594674411666937,0.14988747340605937
o2_only_logreg,r1f1,1,1,58,71,0,0.0594674411666937,0.14988747340605937
o2_only_logreg,r1f1,1,1,59,72,1,0.0594674411666937,0.14988747340605937
o2_only_logreg,r1f1,1,1,60,73,0,0.0594674411666937,0.14988747340605937
o2_only_logreg,r1f1,1,1,61,74,1,0.0594674411666937,0.14988747340605937
o2_only_logreg,r1f1,1,1,80,97,1,0.4181834067420972,0.14988747340605937
o2_only_logreg,r1f1,1,1,87,104,0,0.4181834067420972,0.14988747340605937
o2_only_logreg,r1f1,1,1,88,105,1,0.4181834067420972,0.14988747340605937
o2_only_logreg,r1f1,1,1,90,107,1,0.4181834067420972,0.14988747340605937
o2_only_logreg,r1f1,1,1,107,125,0,0.10402122372353578,0.14988747340605937
o2_only_logreg,r1f1,1,1,108,126,0,0.10402122372353578,0.14988747340605937
o2_only_logreg,r1f1,1,1,109,127,0,0.10402122372353578,0.14988747340605937
o2_only_logreg,r1f1,1,1,110,128,0,0.10402122372353578,0.14988747340605937
o2_only_logreg,r1f1,1,1,111,129,0,0.10402122372353578,0.14988747340605937
o2_only_logreg,r1f1,1,1,112,130,0,0.10402122372353578,0.14988747340605937
o2_only_logreg,r1f1,1,1,113,131,1,0.4934035355973529,0.14988747340605937
o2_only_logreg,r1f1,1,1,114,132,1,0.4934035355973529,0.14988747340605937
o2_only_logreg,r1f1,1,1,115,133,1,0.4934035355973529,0.14988747340605937
o2_only_logreg,r1f1,1,1,116,134,0,0.4934035355973529,0.14988747340605937
o2_only_logreg,r1f1,1,1,117,135,1,0.4934035355973529,0.14988747340605937
o2_only_logreg,r1f1,1,1,118,136,1,0.4934035355973529,0.14988747340605937
o2_only_logreg,r1f1,1,1,119,137,1,0.4934035355973529,0.14988747340605937
o2_only_logreg,r1f1,1,1,120,139,1,0.4934035355973529,0.14988747340605937
o2_only_logreg,r1f1,1,1,128,147,0,0.10402122372353578,0.14988747340605937
o2_only_logreg,r1f1,1,1,138,157,0,0.07891583278610696,0.14988747340605937
o2_only_logreg,r1f1,1,1,139,158,0,0.07891583278610696,0.14988747340605937
o2_only_logreg,r1f1,1,1,140,159,0,0.07891583278610696,0.14988747340605937
o2_only_logreg,r1f1,1,1,141,160,0,0.07891583278610696,0.14988747340605937
o2_only_logreg,r1f1,1,1,183,202,0,0.2813185217598441,0.14988747340605937
o2_only_logreg,r1f1,1,1,184,203,0,0.2813185217598441,0.14988747340605937
o2_only_logreg,r1f1,1,1,185,204,1,0.2813185217598441,0.14988747340605937
o2_only_logreg,r1f1,1,1,186,205,1,0.2813185217598441,0.14988747340605937
o2_only_logreg,r1f1,1,1,187,206,1,0.2813185217598441,0.14988747340605937
o2_only_logreg,r1f1,1,1,188,207,1,0.2813185217598441,0.14988747340605937
o2_only_logreg,r1f1,1,1,189,208,1,0.2813185217598441,0.14988747340605937
o2_only_logreg,r1f1,1,1,190,209,0,0.07891583278610696,0.14988747340605937
o2_only_logreg,r1f1,1,1,191,211,0,0.07891583278610696,0.14988747340605937
o2_only_logreg,r1f1,1,1,192,212,0,0.0594674411666937,0.14988747340605937
o2_only_logreg,r1f1,1,1,207,228,0,0.2813185217598441,0.14988747340605937
o2_only_logreg,r1f1,1,1,208,229,1,0.2813185217598441,0.14988747340605937
o2_only_logreg,r1f1,1,1,209,230,0,0.2813185217598441,0.14988747340605937
o2_only_logreg,r1f1,1,1,214,235,0,0.10402122372353578,0.14988747340605937
o2_only_logreg,r1f1,1,1,215,236,0,0.10402122372353578,0.14988747340605937
o2_only_logreg,r1f1,1,1,216,238,1,0.10402122372353578,0.14988747340605937
o2_only_logreg,r1f1,1,1,217,239,0,0.10402122372353578,0.14988747340605937
o2_only_logreg,r1f1,1,1,218,240,0,0.10402122372353578,0.14988747340605937
o2_only_logreg,r1f2,1,2,24,36,0,0.2741215433608634,0.18930594956171434
o2_only_logreg,r1f2,1,2,41,54,0,0.2741215433608634,0.18930594956171434
o2_only_logreg,r1f2,1,2,42,55,1,0.2741215433608634,0.18930594956171434
o2_only_logreg,r1f2,1,2,43,56,1,0.2741215433608634,0.18930594956171434
o2_only_logreg,r1f2,1,2,44,57,0,0.2741215433608634,0.18930594956171434
o2_only_logreg,r1f2,1,2,72,88,1,0.6294707176511005,0.18930594956171434
o2_only_logreg,r1f2,1,2,73,89,1,0.6294707176511005,0.18930594956171434
o2_only_logreg,r1f2,1,2,74,90,1,0.6294707176511005,0.18930594956171434
o2_only_logreg,r1f2,1,2,75,91,1,0.6294707176511005,0.18930594956171434
o2_only_logreg,r1f2,1,2,76,92,1,0.6294707176511005,0.18930594956171434
o2_only_logreg,r1f2,1,2,77,93,1,0.6294707176511005,0.18930594956171434
o2_only_logreg,r1f2,1,2,78,94,0,0.5570493051691617,0.18930594956171434
o2_only_logreg,r1f2,1,2,79,95,0,0.5570493051691617,0.18930594956171434
o2_only_logreg,r1f2,1,2,96,113,0,0.2741215433608634,0.18930594956171434
o2_only_logreg,r1f2,1,2,97,115,0,0.2741215433608634,0.18930594956171434
o2_only_logreg,r1f2,1,2,98,116,0,0.2741215433608634,0.18930594956171434
o2_only_logreg,r1f2,1,2,99,117,0,0.2741215433608634,0.18930594956171434
o2_only_logreg,r1f2,1,2,100,118,0,0.2741215433608634,0.18930594956171434
o2_only_logreg,r1f2,1,2,121,140,0,0.0774457252584898,0.18930594956171434
o2_only_logreg,r1f2,1,2,122,141,0,0.0774457252584898,0.18930594956171434
o2_only_logreg,r1f2,1,2,123,142,0,0.0774457252584898,0.18930594956171434
o2_only_logreg,r1f2,1,2,124,143,0,0.0774457252584898,0.18930594956171434
o2_only_logreg,r1f2,1,2,132,151,1,0.17146013985744474,0.18930594956171434
o2_only_logreg,r1f2,1,2,133,152,0,0.17146013985744474,0.18930594956171434
o2_only_logreg,r1f2,1,2,134,153,0,0.17146013985744474,0.18930594956171434
o2_only_logreg,r1f2,1,2,135,154,0,0.17146013985744474,0.18930594956171434
o2_only_logreg,r1f2,1,2,136,155,0,0.17146013985744474,0.18930594956171434
o2_only_logreg,r1f2,1,2,137,156,1,0.17146013985744474,0.18930594956171434
o2_only_logreg,r1f2,1,2,146,165,0,0.17146013985744474,0.18930594956171434
o2_only_logreg,r1f2,1,2,147,166,0,0.05850700559108762,0.18930594956171434
o2_only_logreg,r1f2,1,2,148,167,0,0.05850700559108762,0.18930594956171434
o2_only_logreg,r1f2,1,2,152,171,0,0.17146013985744474,0.18930594956171434
o2_only_logreg,r1f2,1,2,153,172,0,0.17146013985744474,0.18930594956171434
o2_only_logreg,r1f2,1,2,154,173,1,0.17146013985744474,0.18930594956171434
o2_only_logreg,r1f2,1,2,155,174,1,0.5570493051691617,0.18930594956171434
o2_only_logreg,r1f2,1,2,156,175,1,0.5570493051691617,0.18930594956171434
o2_only_logreg,r1f2,1,2,157,176,0,0.5570493051691617,0.18930594956171434
o2_only_logreg,r1f2,1,2,158,177,0,0.5570493051691617,0.18930594956171434
o2_only_logreg,r1f2,1,2,170,189,0,0.17146013985744474,0.18930594956171434
o2_only_logreg,r1f2,1,2,171,190,0,0.17146013985744474,0.18930594956171434
o2_only_logreg,r1f2,1,2,172,191,0,0.17146013985744474,0.18930594956171434
o2_only_logreg,r1f2,1,2,173,192,0,0.13284142956441536,0.18930594956171434
o2_only_logreg,r1f2,1,2,174,193,0,0.13284142956441536,0.18930594956171434
o2_only_logreg,r1f2,1,2,175,194,0,0.13284142956441536,0.18930594956171434
o2_only_logreg,r1f2,1,2,176,195,0,0.13284142956441536,0.18930594956171434
o2_only_logreg,r1f2,1,2,227,250,1,0.4821185592262009,0.18930594956171434
o2_only_logreg,r1f2,1,2,230,253,0,0.4821185592262009,0.18930594956171434
o2_only_logreg,r1f2,1,2,231,254,1,0.4821185592262009,0.18930594956171434
o2_only_logreg,r1f3,1,3,13,25,1,0.9033986812430377,0.15770822150878
o2_only_logreg,r1f3,1,3,14,26,1,0.9033986812430377,0.15770822150878
o2_only_logreg,r1f3,1,3,15,27,1,0.9033986812430377,0.15770822150878
o2_only_logreg,r1f3,1,3,16,28,1,0.9033986812430377,0.15770822150878
o2_only_logreg,r1f3,1,3,28,40,1,0.9033986812430377,0.15770822150878
o2_only_logreg,r1f3,1,3,29,41,1,0.9033986812430377,0.15770822150878
o2_only_logreg,r1f3,1,3,30,42,1,0.9033986812430377,0.15770822150878
o2_only_logreg,r1f3,1,3,31,43,1,0.9033986812430377,0.15770822150878
o2_only_logreg,r1f3,1,3,56,69,1,0.05523468842103122,0.15770822150878
o2_only_logreg,r1f3,1,3,64,77,0,0.05523468842103122,0.15770822150878
o2_only_logreg,r1f3,1,3,65,78,0,0.05523468842103122,0.15770822150878
o2_only_logreg,r1f3,1,3,101,119,0,0.17212857353295258,0.15770822150878
o2_only_logreg,r1f3,1,3,102,120,0,0.17212857353295258,0.15770822150878
o2_only_logreg,r1f3,1,3,103,121,0,0.17212857353295258,0.15770822150878
o2_only_logreg,r1f3,1,3,104,122,0,0.17212857353295258,0.15770822150878
o2_only_logreg,r1f3,1,3,105,123,0,0.17212857353295258,0.15770822150878
o2_only_logreg,r1f3,1,3,106,124,0,0.17212857353295258,0.15770822150878
o2_only_logreg,r1f3,1,3,193,213,0,0.05523468842103122,0.15770822150878
o2_only_logreg,r1f3,1,3,194,214,0,0.05523468842103122,0.15770822150878
o2_only_logreg,r1f3,1,3,195,215,0,0.05523468842103122,0.15770822150878
o2_only_logreg,r1f3,1,3,196,216,0,0.05523468842103122,0.15770822150878
o2_only_logreg,r1f3,1,3,202,222,0,0.281658138875111,0.15770822150878
o2_only_logreg,r1f3,1,3,203,224,1,0.281658138875111,0.15770822150878
o2_only_logreg,r1f3,1,3,205,226,0,0.17212857353295258,0.15770822150878
o2_only_logreg,r1f3,1,3,206,227,0,0.17212857353295258,0.15770822150878
o2_only_logreg,r1f3,1,3,211,232,0,0.17212857353295258,0.15770822150878
o2_only_logreg,r1f3,1,3,212,233,1,0.17212857353295258,0.15770822150878
o2_only_logreg,r1f3,1,3,213,234,1,0.17212857353295258,0.15770822150878
o2_only_logreg,r1f3,1,3,221,244,0,0.0743189981693105,0.15770822150878
o2_only_logreg,r1f3,1,3,222,245,0,0.0743189981693105,0.15770822150878
o2_only_logreg,r1f3,1,3,223,246,0,0.05523468842103122,0.15770822150878
o2_only_logreg,r1f3,1,3,224,247,0,0.05523468842103122,0.15770822150878
o2_only_logreg,r1f3,1,3,232,255,0,0.34999317376065503,0.15770822150878
o2_only_logreg,r1f3,1,3,233,256,0,0.34999317376065503,0.15770822150878
o2_only_logreg,r1f3,1,3,234,257,0,0.34999317376065503,0.15770822150878
o2_only_logreg,r1f3,1,3,235,258,0,0.34999317376065503,0.15770822150878
o2_only_logreg,r1f3,1,3,236,259,0,0.34999317376065503,0.15770822150878
o2_only_logreg,r1f3,1,3,237,260,0,0.281658138875111,0.15770822150878
o2_only_logreg,r1f3,1,3,238,261,0,0.281658138875111,0.15770822150878
o2_only_logreg,r1f3,1,3,239,262,0,0.281658138875111,0.15770822150878
o2_only_logreg,r1f3,1,3,240,263,0,0.281658138875111,0.15770822150878
o2_only_logreg,r1f3,1,3,246,269,0,0.13149569242695422,0.15770822150878
o2_only_logreg,r1f3,1,3,247,270,1,0.13149569242695422,0.15770822150878
o2_only_logreg,r1f3,1,3,248,271,0,0.13149569242695422,0.15770822150878
o2_only_logreg,r1f3,1,3,249,272,0,0.13149569242695422,0.15770822150878
o2_only_logreg,r1f3,1,3,250,273,0,0.34999317376065503,0.15770822150878
o2_only_logreg,r1f3,1,3,251,274,0,0.34999317376065503,0.15770822150878
o2_only_logreg,r1f4,1,4,17,29,1,0.9574792753969572,0.16456919555153754
o2_only_logreg,r1f4,1,4,18,30,0,0.9574792753969572,0.16456919555153754
o2_only_logreg,r1f4,1,4,19,31,1,0.9574792753969572,0.16456919555153754
o2_only_logreg,r1f4,1,4,20,32,1,0.9574792753969572,0.16456919555153754
o2_only_logreg,r1f4,1,4,32,44,1,0.9574792753969572,0.16456919555153754
o2_only_logreg,r1f4,1,4,33,45,0,0.9574792753969572,0.16456919555153754
o2_only_logreg,r1f4,1,4,40,52,1,0.9574792753969572,0.16456919555153754
o2_only_logreg,r1f4,1,4,68,84,0,0.01865993063466645,0.16456919555153754
o2_only_logreg,r1f4,1,4,69,85,0,0.01865993063466645,0.16456919555153754
o2_only_logreg,r1f4,1,4,70,86,0,0.01865993063466645,0.16456919555153754
o2_only_logreg,r1f4,1,4,71,87,0,0.01865993063466645,0.16456919555153754
o2_only_logreg,r1f4,1,4,81,98,0,0.5895736034358376,0.16456919555153754
o2_only_logreg,r1f4,1,4,82,99,0,0.5895736034358376,0.16456919555153754
o2_only_logreg,r1f4,1,4,83,100,0,0.5895736034358376,0.16456919555153754
o2_only_logreg,r1f4,1,4,84,101,0,0.5895736034358376,0.16456919555153754
o2_only_logreg,r1f4,1,4,89,106,1,0.5895736034358376,0.16456919555153754
o2_only_logreg,r1f4,1,4,91,108,1,0.5895736034358376,0.16456919555153754
o2_only_logreg,r1f4,1,4,125,144,0,0.3063429281071848,0.16456919555153754
o2_only_logreg,r1f4,1,4,126,145,0,0.3063429281071848,0.16456919555153754
o2_only_logreg,r1f4,1,4,127,146,0,0.3063429281071848,0.16456919555153754
o2_only_logreg,r1f4,1,4,129,148,1,0.3063429281071848,0.16456919555153754
o2_only_logreg,r1f4,1,4,130,149,1,0.3063429281071848,0.16456919555153754
o2_only_logreg,r1f4,1,4,131,150,0,0.3063429281071848,0.16456919555153754
o2_only_logreg,r1f4,1,4,149,168,1,0.3955327149444933,0.16456919555153754
o2_only_logreg,r1f4,1,4,150,169,0,0.3955327149444933,0.16456919555153754
o2_only_logreg,r1f4,1,4,151,170,0,0.3955327149444933,0.16456919555153754
o2_only_logreg,r1f4,1,4,159,178,0,0.5895736034358376,0.16456919555153754
o2_only_logreg,r1f4,1,4,160,179,1,0.5895736034358376,0.16456919555153754
o2_only_logreg,r1f4,1,4,164,183,0,0.5895736034358376,0.16456919555153754
o2_only_logreg,r1f4,1,4,165,184,0,0.5895736034358376,0.16456919555153754
o2_only_logreg,r1f4,1,4,166,185,0,0.5895736034358376,0.16456919555153754
o2_only_logreg,r1f4,1,4,167,186,0,0.5895736034358376,0.16456919555153754
o2_only_logreg,r1f4,1,4,177,196,0,0.3063429281071848,0.16456919555153754
o2_only_logreg,r1f4,1,4,178,197,0,0.3063429281071848,0.16456919555153754
o2_only_logreg,r1f4,1,4,179,198,1,0.3063429281071848,0.16456919555153754
o2_only_logreg,r1f4,1,4,180,199,0,0.3063429281071848,0.16456919555153754
o2_only_logreg,r1f4,1,4,181,200,0,0.3063429281071848,0.16456919555153754
o2_only_logreg,r1f4,1,4,182,201,0,0.3063429281071848,0.16456919555153754
o2_only_logreg,r1f4,1,4,199,219,0,0.01865993063466645,0.16456919555153754
o2_only_logreg,r1f4,1,4,200,220,0,0.01865993063466645,0.16456919555153754
o2_only_logreg,r1f4,1,4,201,221,0,0.01865993063466645,0.16456919555153754
o2_only_logreg,r1f4,1,4,225,248,0,0.027401274145080805,0.16456919555153754
o2_only_logreg,r1f4,1,4,226,249,0,0.6803458108992585,0.16456919555153754
o2_only_logreg,r1f4,1,4,228,251,0,0.6803458108992585,0.16456919555153754
o2_only_logreg,r1f4,1,4,229,252,1,0.6803458108992585,0.16456919555153754
o2_only_logreg,r2f0,2,0,13,25,1,0.898432434099302,0.18198075434094074
o2_only_logreg,r2f0,2,0,14,26,1,0.898432434099302,0.18198075434094074
o2_only_logreg,r2f0,2,0,15,27,1,0.898432434099302,0.18198075434094074
o2_only_logreg,r2f0,2,0,16,28,1,0.898432434099302,0.18198075434094074
o2_only_logreg,r2f0,2,0,28,40,1,0.898432434099302,0.18198075434094074
o2_only_logreg,r2f0,2,0,29,41,1,0.898432434099302,0.18198075434094074
o2_only_logreg,r2f0,2,0,30,42,1,0.898432434099302,0.18198075434094074
o2_only_logreg,r2f0,2,0,31,43,1,0.898432434099302,0.18198075434094074
o2_only_logreg,r2f0,2,0,52,65,0,0.0756316347390434,0.18198075434094074
o2_only_logreg,r2f0,2,0,53,66,0,0.0756316347390434,0.18198075434094074
o2_only_logreg,r2f0,2,0,54,67,0,0.0756316347390434,0.18198075434094074
o2_only_logreg,r2f0,2,0,55,68,0,0.0756316347390434,0.18198075434094074
o2_only_logreg,r2f0,2,0,57,70,0,0.0756316347390434,0.18198075434094074
o2_only_logreg,r2f0,2,0,58,71,0,0.0756316347390434,0.18198075434094074
o2_only_logreg,r2f0,2,0,59,72,1,0.0756316347390434,0.18198075434094074
o2_only_logreg,r2f0,2,0,60,73,0,0.0756316347390434,0.18198075434094074
o2_only_logreg,r2f0,2,0,61,74,1,0.0756316347390434,0.18198075434094074
o2_only_logreg,r2f0,2,0,85,102,0,0.3475171803402765,0.18198075434094074
o2_only_logreg,r2f0,2,0,86,103,0,0.3475171803402765,0.18198075434094074
o2_only_logreg,r2f0,2,0,92,109,0,0.3475171803402765,0.18198075434094074
o2_only_logreg,r2f0,2,0,93,110,0,0.3475171803402765,0.18198075434094074
o2_only_logreg,r2f0,2,0,94,111,1,0.3475171803402765,0.18198075434094074
o2_only_logreg,r2f0,2,0,95,112,1,0.3475171803402765,0.18198075434094074
o2_only_logreg,r2f0,2,0,96,113,0,0.28045988236576336,0.18198075434094074
o2_only_logreg,r2f0,2,0,97,115,0,0.28045988236576336,0.18198075434094074
o2_only_logreg,r2f0,2,0,98,116,0,0.28045988236576336,0.18198075434094074
o2_only_logreg,r2f0,2,0,99,117,0,0.28045988236576336,0.18198075434094074
o2_only_logreg,r2f0,2,0,100,118,0,0.28045988236576336,0.18198075434094074
o2_only_logreg,r2f0,2,0,149,168,1,0.3475171803402765,0.18198075434094074
o2_only_logreg,r2f0,2,0,150,169,0,0.3475171803402765,0.18198075434094074
o2_only_logreg,r2f0,2,0,151,170,0,0.3475171803402765,0.18198075434094074
o2_only_logreg,r2f0,2,0,192,212,0,0.0756316347390434,0.18198075434094074
o2_only_logreg,r2f0,2,0,204,225,0,0.22194070679794448,0.18198075434094074
o2_only_logreg,r2f0,2,0,210,231,1,0.22194070679794448,0.18198075434094074
o2_only_logreg,r2f0,2,0,223,246,0,0.056495140182126806,0.18198075434094074
o2_only_logreg,r2f0,2,0,224,247,0,0.056495140182126806,0.18198075434094074
o2_only_logreg,r2f0,2,0,225,248,0,0.04198070623536782,0.18198075434094074
o2_only_logreg,r2f0,2,0,237,260,0,0.28045988236576336,0.18198075434094074
o2_only_logreg,r2f0,2,0,238,261,0,0.28045988236576336,0.18198075434094074
o2_only_logreg,r2f0,2,0,239,262,0,0.28045988236576336,0.18198075434094074
o2_only_logreg,r2f0,2,0,240,263,0,0.28045988236576336,0.18198075434094074
o2_only_logreg,r2f0,2,0,241,264,0,0.172701149113001,0.18198075434094074
o2_only_logreg,r2f0,2,0,242,265,0,0.172701149113001,0.18198075434094074
o2_only_logreg,r2f0,2,0,243,266,0,0.172701149113001,0.18198075434094074
o2_only_logreg,r2f0,2,0,244,267,0,0.172701149113001,0.18198075434094074
o2_only_logreg,r2f0,2,0,245,268,0,0.172701149113001,0.18198075434094074
o2_only_logreg,r2f1,2,1,45,58,0,0.16463958485474356,0.2094525292729105
o2_only_logreg,r2f1,2,1,46,59,0,0.16463958485474356,0.2094525292729105
o2_only_logreg,r2f1,2,1,47,60,0,0.16463958485474356,0.2094525292729105
o2_only_logreg,r2f1,2,1,48,61,0,0.16463958485474356,0.2094525292729105
o2_only_logreg,r2f1,2,1,49,62,0,0.16463958485474356,0.2094525292729105
o2_only_logreg,r2f1,2,1,50,63,1,0.16463958485474356,0.2094525292729105
o2_only_logreg,r2f1,2,1,51,64,0,0.16463958485474356,0.2094525292729105
o2_only_logreg,r2f1,2,1,107,125,0,0.126789058264871,0.2094525292729105
o2_only_logreg,r2f1,2,1,108,126,0,0.126789058264871,0.2094525292729105
o2_only_logreg,r2f1,2,1,109,127,0,0.126789058264871,0.2094525292729105
o2_only_logreg,r2f1,2,1,110,128,0,0.126789058264871,0.2094525292729105
o2_only_logreg,r2f1,2,1,111,129,0,0.126789058264871,0.2094525292729105
o2_only_logreg,r2f1,2,1,112,130,0,0.126789058264871,0.2094525292729105
o2_only_logreg,r2f1,2,1,113,131,1,0.5521058459975359,0.2094525292729105
o2_only_logreg,r2f1,2,1,114,132,1,0.5521058459975359,0.2094525292729105
o2_only_logreg,r2f1,2,1,115,133,1,0.5521058459975359,0.2094525292729105
o2_only_logreg,r2f1,2,1,116,134,0,0.5521058459975359,0.2094525292729105
o2_only_logreg,r2f1,2,1,117,135,1,0.5521058459975359,0.2094525292729105
o2_only_logreg,r2f1,2,1,118,136,1,0.5521058459975359,0.2094525292729105
o2_only_logreg,r2f1,2,1,119,137,1,0.5521058459975359,0.2094525292729105
o2_only_logreg,r2f1,2,1,120,139,1,0.5521058459975359,0.2094525292729105
o2_only_logreg,r2f1,2,1,128,147,0,0.126789058264871,0.2094525292729105
o2_only_logreg,r2f1,2,1,173,192,0,0.126789058264871,0.2094525292729105
o2_only_logreg,r2f1,2,1,174,193,0,0.126789058264871,0.2094525292729105
o2_only_logreg,r2f1,2,1,175,194,0,0.126789058264871,0.2094525292729105
o2_only_logreg,r2f1,2,1,176,195,0,0.126789058264871,0.2094525292729105
o2_only_logreg,r2f1,2,1,202,222,0,0.2663914500737555,0.2094525292729105
o2_only_logreg,r2f1,2,1,203,224,1,0.2663914500737555,0.2094525292729105
o2_only_logreg,r2f1,2,1,205,226,0,0.16463958485474356,0.2094525292729105
o2_only_logreg,r2f1,2,1,206,227,0,0.16463958485474356,0.2094525292729105
o2_only_logreg,r2f1,2,1,211,232,0,0.16463958485474356,0.2094525292729105
o2_only_logreg,r2f1,2,1,212,233,1,0.16463958485474356,0.2094525292729105
o2_only_logreg,r2f1,2,1,213,234,1,0.16463958485474356,0.2094525292729105
o2_only_logreg,r2f1,2,1,214,235,0,0.126789058264871,0.2094525292729105
o2_only_logreg,r2f1,2,1,215,236,0,0.126789058264871,0.2094525292729105
o2_only_logreg,r2f1,2,1,216,238,1,0.126789058264871,0.2094525292729105
o2_only_logreg,r2f1,2,1,217,239,0,0.126789058264871,0.2094525292729105
o2_only_logreg,r2f1,2,1,218,240,0,0.126789058264871,0.2094525292729105
o2_only_logreg,r2f1,2,1,232,255,0,0.33016014436992147,0.2094525292729105
o2_only_logreg,r2f1,2,1,233,256,0,0.33016014436992147,0.2094525292729105
o2_only_logreg,r2f1,2,1,234,257,0,0.33016014436992147,0.2094525292729105
o2_only_logreg,r2f1,2,1,235,258,0,0.33016014436992147,0.2094525292729105
o2_only_logreg,r2f1,2,1,236,259,0,0.33016014436992147,0.2094525292729105
o2_only_logreg,r2f1,2,1,246,269,0,0.126789058264871,0.2094525292729105
o2_only_logreg,r2f1,2,1,247,270,1,0.126789058264871,0.2094525292729105
o2_only_logreg,r2f1,2,1,248,271,0,0.126789058264871,0.2094525292729105
o2_only_logreg,r2f1,2,1,249,272,0,0.126789058264871,0.2094525292729105
o2_only_logreg,r2f2,2,2,0,1,1,0.326159623832075,0.12388668098399828
o2_only_logreg,r2f2,2,2,1,2,0,0.326159623832075,0.12388668098399828
o2_only_logreg,r2f2,2,2,2,3,0,0.326159623832075,0.12388668098399828
o2_only_logreg,r2f2,2,2,3,4,0,0.326159623832075,0.12388668098399828
o2_only_logreg,r2f2,2,2,4,5,0,0.326159623832075,0.12388668098399828
o2_only_logreg,r2f2,2,2,5,6,0,0.326159623832075,0.12388668098399828
o2_only_logreg,r2f2,2,2,6,7,1,0.326159623832075,0.12388668098399828
o2_only_logreg,r2f2,2,2,7,8,1,0.326159623832075,0.12388668098399828
o2_only_logreg,r2f2,2,2,17,29,1,0.9196185101034272,0.12388668098399828
o2_only_logreg,r2f2,2,2,18,30,0,0.9196185101034272,0.12388668098399828
o2_only_logreg,r2f2,2,2,19,31,1,0.9196185101034272,0.12388668098399828
o2_only_logreg,r2f2,2,2,20,32,1,0.9196185101034272,0.12388668098399828
o2_only_logreg,r2f2,2,2,21,33,0,0.326159623832075,0.12388668098399828
o2_only_logreg,r2f2,2,2,22,34,0,0.326159623832075,0.12388668098399828
o2_only_logreg,r2f2,2,2,23,35,0,0.326159623832075,0.12388668098399828
o2_only_logreg,r2f2,2,2,32,44,1,0.9196185101034272,0.12388668098399828
o2_only_logreg,r2f2,2,2,33,45,0,0.9196185101034272,0.12388668098399828
o2_only_logreg,r2f2,2,2,34,46,1,0.326159623832075,0.12388668098399828
o2_only_logreg,r2f2,2,2,35,47,1,0.326159623832075,0.12388668098399828
o2_only_logreg,r2f2,2,2,36,48,1,0.326159623832075,0.12388668098399828
o2_only_logreg,r2f2,2,2,37,49,0,0.326159623832075,0.12388668098399828
o2_only_logreg,r2f2,2,2,38,50,0,0.326159623832075,0.12388668098399828
o2_only_logreg,r2f2,2,2,39,51,1,0.326159623832075,0.12388668098399828
o2_only_logreg,r2f2,2,2,40,52,1,0.9196185101034272,0.12388668098399828
o2_only_logreg,r2f2,2,2,125,144,0,0.2540691369449527,0.12388668098399828
o2_only_logreg,r2f2,2,2,126,145,0,0.2540691369449527,0.12388668098399828
o2_only_logreg,r2f2,2,2,127,146,0,0.2540691369449527,0.12388668098399828
o2_only_logreg,r2f2,2,2,129,148,1,0.2540691369449527,0.12388668098399828
o2_only_logreg,r2f2,2,2,130,149,1,0.2540691369449527,0.12388668098399828
o2_only_logreg,r2f2,2,2,131,150,0,0.2540691369449527,0.12388668098399828
o2_only_logreg,r2f2,2,2,132,151,1,0.14431958299416758,0.12388668098399828
o2_only_logreg,r2f2,2,2,133,152,0,0.14431958299416758,0.12388668098399828
o2_only_logreg,r2f2,2,2,134,153,0,0.14431958299416758,0.12388668098399828
o2_only_logreg,r2f2,2,2,135,154,0,0.14431958299416758,0.12388668098399828
o2_only_logreg,r2f2,2,2,136,155,0,0.14431958299416758,0.12388668098399828
o2_only_logreg,r2f2,2,2,137,156,1,0.14431958299416758,0.12388668098399828
o2_only_logreg,r2f2,2,2,142,161,0,0.05550762354816731,0.12388668098399828
o2_only_logreg,r2f2,2,2,143,162,0,0.05550762354816731,0.12388668098399828
o2_only_logreg,r2f2,2,2,144,163,0,0.05550762354816731,0.12388668098399828
o2_only_logreg,r2f2,2,2,145,164,0,0.05550762354816731,0.12388668098399828
o2_only_logreg,r2f2,2,2,146,165,0,0.14431958299416758,0.12388668098399828
o2_only_logreg,r2f2,2,2,152,171,0,0.14431958299416758,0.12388668098399828
o2_only_logreg,r2f2,2,2,153,172,0,0.14431958299416758,0.12388668098399828
o2_only_logreg,r2f2,2,2,154,173,1,0.14431958299416758,0.12388668098399828
o2_only_logreg,r2f2,2,2,170,189,0,0.14431958299416758,0.12388668098399828
o2_only_logreg,r2f2,2,2,171,190,0,0.14431958299416758,0.12388668098399828
o2_only_logreg,r2f2,2,2,172,191,0,0.14431958299416758,0.12388668098399828
o2_only_logreg,r2f2,2,2,177,196,0,0.2540691369449527,0.12388668098399828
o2_only_logreg,r2f2,2,2,178,197,0,0.2540691369449527,0.12388668098399828
o2_only_logreg,r2f2,2,2,179,198,1,0.2540691369449527,0.12388668098399828
o2_only_logreg,r2f2,2,2,180,199,0,0.2540691369449527,0.12388668098399828
o2_only_logreg,r2f2,2,2,181,200,0,0.2540691369449527,0.12388668098399828
o2_only_logreg,r2f2,2,2,182,201,0,0.2540691369449527,0.12388668098399828
o2_only_logreg,r2f2,2,2,183,202,0,0.326159623832075,0.12388668098399828
o2_only_logreg,r2f2,2,2,184,203,0,0.326159623832075,0.12388668098399828
o2_only_logreg,r2f2,2,2,185,204,1,0.326159623832075,0.12388668098399828
o2_only_logreg,r2f2,2,2,186,205,1,0.326159623832075,0.12388668098399828
o2_only_logreg,r2f2,2,2,187,206,1,0.326159623832075,0.12388668098399828
o2_only_logreg,r2f2,2,2,188,207,1,0.326159623832075,0.12388668098399828
o2_only_logreg,r2f2,2,2,189,208,1,0.326159623832075,0.12388668098399828
o2_only_logreg,r2f2,2,2,190,209,0,0.07707940384317849,0.12388668098399828
o2_only_logreg,r2f2,2,2,191,211,0,0.07707940384317849,0.12388668098399828
o2_only_logreg,r2f2,2,2,207,228,0,0.326159623832075,0.12388668098399828
o2_only_logreg,r2f2,2,2,208,229,1,0.326159623832075,0.12388668098399828
o2_only_logreg,r2f2,2,2,209,230,0,0.326159623832075,0.12388668098399828
o2_only_logreg,r2f2,2,2,250,273,0,0.326159623832075,0.12388668098399828
o2_only_logreg,r2f2,2,2,251,274,0,0.326159623832075,0.12388668098399828
o2_only_logreg,r2f3,2,3,8,19,1,0.9762102843898125,0.15305548102442124
o2_only_logreg,r2f3,2,3,9,20,1,0.9762102843898125,0.15305548102442124
o2_only_logreg,r2f3,2,3,10,21,1,0.9762102843898125,0.15305548102442124
o2_only_logreg,r2f3,2,3,11,22,1,0.9762102843898125,0.15305548102442124
o2_only_logreg,r2f3,2,3,12,23,1,0.9762102843898125,0.15305548102442124
o2_only_logreg,r2f3,2,3,25,37,1,0.9762102843898125,0.15305548102442124
o2_only_logreg,r2f3,2,3,26,38,1,0.9762102843898125,0.15305548102442124
o2_only_logreg,r2f3,2,3,27,39,1,0.9762102843898125,0.15305548102442124
o2_only_logreg,r2f3,2,3,56,69,1,0.052726436378274864,0.15305548102442124
o2_only_logreg,r2f3,2,3,62,75,0,0.03847115825643311,0.15305548102442124
o2_only_logreg,r2f3,2,3,63,76,0,0.03847115825643311,0.15305548102442124
o2_only_logreg,r2f3,2,3,64,77,0,0.052726436378274864,0.15305548102442124
o2_only_logreg,r2f3,2,3,65,78,0,0.052726436378274864,0.15305548102442124
o2_only_logreg,r2f3,2,3,66,79,0,0.03847115825643311,0.15305548102442124
o2_only_logreg,r2f3,2,3,67,82,0,0.03847115825643311,0.15305548102442124
o2_only_logreg,r2f3,2,3,78,94,0,0.6018014554014667,0.15305548102442124
o2_only_logreg,r2f3,2,3,79,95,0,0.6018014554014667,0.15305548102442124
o2_only_logreg,r2f3,2,3,101,119,0,0.17251713494847132,0.15305548102442124
o2_only_logreg,r2f3,2,3,102,120,0,0.17251713494847132,0.15305548102442124
o2_only_logreg,r2f3,2,3,103,121,0,0.17251713494847132,0.15305548102442124
o2_only_logreg,r2f3,2,3,104,122,0,0.17251713494847132,0.15305548102442124
o2_only_logreg,r2f3,2,3,105,123,0,0.17251713494847132,0.15305548102442124
o2_only_logreg,r2f3,2,3,106,124,0,0.17251713494847132,0.15305548102442124
o2_only_logreg,r2f3,2,3,121,140,0,0.07186911292374754,0.15305548102442124
o2_only_logreg,r2f3,2,3,122,141,0,0.07186911292374754,0.15305548102442124
o2_only_logreg,r2f3,2,3,123,142,0,0.07186911292374754,0.15305548102442124
o2_only_logreg,r2f3,2,3,124,143,0,0.07186911292374754,0.15305548102442124
o2_only_logreg,r2f3,2,3,155,174,1,0.6018014554014667,0.15305548102442124
o2_only_logreg,r2f3,2,3,156,175,1,0.6018014554014667,0.15305548102442124
o2_only_logreg,r2f3,2,3,157,176,0,0.6018014554014667,0.15305548102442124
o2_only_logreg,r2f3,2,3,158,177,0,0.6018014554014667,0.15305548102442124
o2_only_logreg,r2f3,2,3,193,213,0,0.052726436378274864,0.15305548102442124
o2_only_logreg,r2f3,2,3,194,214,0,0.052726436378274864,0.15305548102442124
o2_only_logreg,r2f3,2,3,195,215,0,0.052726436378274864,0.15305548102442124
o2_only_logreg,r2f3,2,3,196,216,0,0.052726436378274864,0.15305548102442124
o2_only_logreg,r2f3,2,3,197,217,0,0.03847115825643311,0.15305548102442124
o2_only_logreg,r2f3,2,3,198,218,0,0.03847115825643311,0.15305548102442124
o2_only_logreg,r2f3,2,3,219,241,0,0.09724818109435392,0.15305548102442124
o2_only_logreg,r2f3,2,3,220,243,0,0.09724818109435392,0.15305548102442124
o2_only_logreg,r2f3,2,3,226,249,0,0.6018014554014667,0.15305548102442124
o2_only_logreg,r2f3,2,3,227,250,1,0.5206961844694712,0.15305548102442124
o2_only_logreg,r2f3,2,3,228,251,0,0.6018014554014667,0.15305548102442124
o2_only_logreg,r2f3,2,3,229,252,1,0.6018014554014667,0.15305548102442124
o2_only_logreg,r2f3,2,3,230,253,0,0.5206961844694712,0.15305548102442124
o2_only_logreg,r2f3,2,3,231,254,1,0.5206961844694712,0.15305548102442124
o2_only_logreg,r2f4,2,4,24,36,0,0.2767187796390983,0.16486190137756496
o2_only_logreg,r2f4,2,4,41,54,0,0.2767187796390983,0.16486190137756496
o2_only_logreg,r2f4,2,4,42,55,1,0.2767187796390983,0.16486190137756496
o2_only_logreg,r2f4,2,4,43,56,1,0.2767187796390983,0.16486190137756496
o2_only_logreg,r2f4,2,4,44,57,0,0.2767187796390983,0.16486190137756496
o2_only_logreg,r2f4,2,4,68,84,0,0.033901260458297985,0.16486190137756496
o2_only_logreg,r2f4,2,4,69,85,0,0.033901260458297985,0.16486190137756496
o2_only_logreg,r2f4,2,4,70,86,0,0.033901260458297985,0.16486190137756496
o2_only_logreg,r2f4,2,4,71,87,0,0.033901260458297985,0.16486190137756496
o2_only_logreg,r2f4,2,4,72,88,1,0.6300286159287123,0.16486190137756496
o2_only_logreg,r2f4,2,4,73,89,1,0.6300286159287123,0.16486190137756496
o2_only_logreg,r2f4,2,4,74,90,1,0.6300286159287123,0.16486190137756496
o2_only_logreg,r2f4,2,4,75,91,1,0.6300286159287123,0.16486190137756496
o2_only_logreg,r2f4,2,4,76,92,1,0.6300286159287123,0.16486190137756496
o2_only_logreg,r2f4,2,4,77,93,1,0.6300286159287123,0.16486190137756496
o2_only_logreg,r2f4,2,4,80,97,1,0.4837769976922734,0.16486190137756496
o2_only_logreg,r2f4,2,4,81,98,0,0.4837769976922734,0.16486190137756496
o2_only_logreg,r2f4,2,4,82,99,0,0.4837769976922734,0.16486190137756496
o2_only_logreg,r2f4,2,4,83,100,0,0.4837769976922734,0.16486190137756496
o2_only_logreg,r2f4,2,4,84,101,0,0.4837769976922734,0.16486190137756496
o2_only_logreg,r2f4,2,4,87,104,0,0.4837769976922734,0.16486190137756496
o2_only_logreg,r2f4,2,4,88,105,1,0.4837769976922734,0.16486190137756496
o2_only_logreg,r2f4,2,4,89,106,1,0.4837769976922734,0.16486190137756496
o2_only_logreg,r2f4,2,4,90,107,1,0.4837769976922734,0.16486190137756496
o2_only_logreg,r2f4,2,4,91,108,1,0.4837769976922734,0.16486190137756496
o2_only_logreg,r2f4,2,4,138,157,0,0.10383652098376175,0.16486190137756496
o2_only_logreg,r2f4,2,4,139,158,0,0.10383652098376175,0.16486190137756496
o2_only_logreg,r2f4,2,4,140,159,0,0.10383652098376175,0.16486190137756496
o2_only_logreg,r2f4,2,4,141,160,0,0.10383652098376175,0.16486190137756496
o2_only_logreg,r2f4,2,4,147,166,0,0.05994226328013785,0.16486190137756496
o2_only_logreg,r2f4,2,4,148,167,0,0.05994226328013785,0.16486190137756496
o2_only_logreg,r2f4,2,4,159,178,0,0.4837769976922734,0.16486190137756496
o2_only_logreg,r2f4,2,4,160,179,1,0.4837769976922734,0.16486190137756496
o2_only_logreg,r2f4,2,4,161,180,0,0.2210731422460382,0.16486190137756496
o2_only_logreg,r2f4,2,4,162,181,0,0.2210731422460382,0.16486190137756496
o2_only_logreg,r2f4,2,4,163,182,1,0.2210731422460382,0.16486190137756496
o2_only_logreg,r2f4,2,4,164,183,0,0.4837769976922734,0.16486190137756496
o2_only_logreg,r2f4,2,4,165,184,0,0.4837769976922734,0.16486190137756496
o2_only_logreg,r2f4,2,4,166,185,0,0.4837769976922734,0.16486190137756496
o2_only_logreg,r2f4,2,4,167,186,0,0.4837769976922734,0.16486190137756496
o2_only_logreg,r2f4,2,4,168,187,0,0.2210731422460382,0.16486190137756496
o2_only_logreg,r2f4,2,4,169,188,0,0.2210731422460382,0.16486190137756496
o2_only_logreg,r2f4,2,4,199,219,0,0.033901260458297985,0.16486190137756496
o2_only_logreg,r2f4,2,4,200,220,0,0.033901260458297985,0.16486190137756496
o2_only_logreg,r2f4,2,4,201,221,0,0.033901260458297985,0.16486190137756496
o2_only_logreg,r2f4,2,4,221,244,0,0.07915146367480733,0.16486190137756496
o2_only_logreg,r2f4,2,4,222,245,0,0.07915146367480733,0.16486190137756496
o2_only_logreg,r3f0,3,0,0,1,1,0.31002858906626846,0.13654099998408928
o2_only_logreg,r3f0,3,0,1,2,0,0.31002858906626846,0.13654099998408928
o2_only_logreg,r3f0,3,0,2,3,0,0.31002858906626846,0.13654099998408928
o2_only_logreg,r3f0,3,0,3,4,0,0.31002858906626846,0.13654099998408928
o2_only_logreg,r3f0,3,0,4,5,0,0.31002858906626846,0.13654099998408928
o2_only_logreg,r3f0,3,0,5,6,0,0.31002858906626846,0.13654099998408928
o2_only_logreg,r3f0,3,0,6,7,1,0.31002858906626846,0.13654099998408928
o2_only_logreg,r3f0,3,0,7,8,1,0.31002858906626846,0.13654099998408928
o2_only_logreg,r3f0,3,0,13,25,1,0.8717477168205213,0.13654099998408928
o2_only_logreg,r3f0,3,0,14,26,1,0.8717477168205213,0.13654099998408928
o2_only_logreg,r3f0,3,0,15,27,1,0.8717477168205213,0.13654099998408928
o2_only_logreg,r3f0,3,0,16,28,1,0.8717477168205213,0.13654099998408928
o2_only_logreg,r3f0,3,0,21,33,0,0.31002858906626846,0.13654099998408928
o2_only_logreg,r3f0,3,0,22,34,0,0.31002858906626846,0.13654099998408928
o2_only_logreg,r3f0,3,0,23,35,0,0.31002858906626846,0.13654099998408928
o2_only_logreg,r3f0,3,0,28,40,1,0.8717477168205213,0.13654099998408928
o2_only_logreg,r3f0,3,0,29,41,1,0.8717477168205213,0.13654099998408928
o2_only_logreg,r3f0,3,0,30,42,1,0.8717477168205213,0.13654099998408928
o2_only_logreg,r3f0,3,0,31,43,1,0.8717477168205213,0.13654099998408928
o2_only_logreg,r3f0,3,0,34,46,1,0.31002858906626846,0.13654099998408928
o2_only_logreg,r3f0,3,0,35,47,1,0.31002858906626846,0.13654099998408928
o2_only_logreg,r3f0,3,0,36,48,1,0.31002858906626846,0.13654099998408928
o2_only_logreg,r3f0,3,0,37,49,0,0.31002858906626846,0.13654099998408928
o2_only_logreg,r3f0,3,0,38,50,0,0.31002858906626846,0.13654099998408928
o2_only_logreg,r3f0,3,0,39,51,1,0.31002858906626846,0.13654099998408928
o2_only_logreg,r3f0,3,0,56,69,1,0.05152401677888244,0.13654099998408928
o2_only_logreg,r3f0,3,0,62,75,0,0.03861848614835593,0.13654099998408928
o2_only_logreg,r3f0,3,0,63,76,0,0.03861848614835593,0.13654099998408928
o2_only_logreg,r3f0,3,0,64,77,0,0.05152401677888244,0.13654099998408928
o2_only_logreg,r3f0,3,0,65,78,0,0.05152401677888244,0.13654099998408928
o2_only_logreg,r3f0,3,0,66,79,0,0.03861848614835593,0.13654099998408928
o2_only_logreg,r3f0,3,0,67,82,0,0.03861848614835593,0.13654099998408928
o2_only_logreg,r3f0,3,0,101,119,0,0.15375075392829374,0.13654099998408928
o2_only_logreg,r3f0,3,0,102,120,0,0.15375075392829374,0.13654099998408928
o2_only_logreg,r3f0,3,0,103,121,0,0.15375075392829374,0.13654099998408928
o2_only_logreg,r3f0,3,0,104,122,0,0.15375075392829374,0.13654099998408928
o2_only_logreg,r3f0,3,0,105,123,0,0.15375075392829374,0.13654099998408928
o2_only_logreg,r3f0,3,0,106,124,0,0.15375075392829374,0.13654099998408928
o2_only_logreg,r3f0,3,0,142,161,0,0.0684353174236678,0.13654099998408928
o2_only_logreg,r3f0,3,0,143,162,0,0.0684353174236678,0.13654099998408928
o2_only_logreg,r3f0,3,0,144,163,0,0.0684353174236678,0.13654099998408928
o2_only_logreg,r3f0,3,0,145,164,0,0.0684353174236678,0.13654099998408928
o2_only_logreg,r3f0,3,0,161,180,0,0.19723766152805763,0.13654099998408928
o2_only_logreg,r3f0,3,0,162,181,0,0.19723766152805763,0.13654099998408928
o2_only_logreg,r3f0,3,0,163,182,1,0.19723766152805763,0.13654099998408928
o2_only_logreg,r3f0,3,0,168,187,0,0.19723766152805763,0.13654099998408928
o2_only_logreg,r3f0,3,0,169,188,0,0.19723766152805763,0.13654099998408928
o2_only_logreg,r3f0,3,0,183,202,0,0.31002858906626846,0.13654099998408928
o2_only_logreg,r3f0,3,0,184,203,0,0.31002858906626846,0.13654099998408928
o2_only_logreg,r3f0,3,0,185,204,1,0.31002858906626846,0.13654099998408928
o2_only_logreg,r3f0,3,0,186,205,1,0.31002858906626846,0.13654099998408928
o2_only_logreg,r3f0,3,0,187,206,1,0.31002858906626846,0.13654099998408928
o2_only_logreg,r3f0,3,0,188,207,1,0.31002858906626846,0.13654099998408928
o2_only_logreg,r3f0,3,0,189,208,1,0.31002858906626846,0.13654099998408928
o2_only_logreg,r3f0,3,0,193,213,0,0.05152401677888244,0.13654099998408928
o2_only_logreg,r3f0,3,0,194,214,0,0.05152401677888244,0.13654099998408928
o2_only_logreg,r3f0,3,0,195,215,0,0.05152401677888244,0.13654099998408928
o2_only_logreg,r3f0,3,0,196,216,0,0.05152401677888244,0.13654099998408928
o2_only_logreg,r3f0,3,0,197,217,0,0.03861848614835593,0.13654099998408928
o2_only_logreg,r3f0,3,0,198,218,0,0.03861848614835593,0.13654099998408928
o2_only_logreg,r3f0,3,0,207,228,0,0.31002858906626846,0.13654099998408928
o2_only_logreg,r3f0,3,0,208,229,1,0.31002858906626846,0.13654099998408928
o2_only_logreg,r3f0,3,0,209,230,0,0.31002858906626846,0.13654099998408928
o2_only_logreg,r3f0,3,0,246,269,0,0.1184372449908268,0.13654099998408928
o2_only_logreg,r3f0,3,0,247,270,1,0.1184372449908268,0.13654099998408928
o2_only_logreg,r3f0,3,0,248,271,0,0.1184372449908268,0.13654099998408928
o2_only_logreg,r3f0,3,0,249,272,0,0.1184372449908268,0.13654099998408928
o2_only_logreg,r3f1,3,1,52,65,0,0.06646913929511286,0.16146421078907114
o2_only_logreg,r3f1,3,1,53,66,0,0.06646913929511286,0.16146421078907114
o2_only_logreg,r3f1,3,1,54,67,0,0.06646913929511286,0.16146421078907114
o2_only_logreg,r3f1,3,1,55,68,0,0.06646913929511286,0.16146421078907114
o2_only_logreg,r3f1,3,1,57,70,0,0.06646913929511286,0.16146421078907114
o2_only_logreg,r3f1,3,1,58,71,0,0.06646913929511286,0.16146421078907114
o2_only_logreg,r3f1,3,1,59,72,1,0.06646913929511286,0.16146421078907114
o2_only_logreg,r3f1,3,1,60,73,0,0.06646913929511286,0.16146421078907114
o2_only_logreg,r3f1,3,1,61,74,1,0.06646913929511286,0.16146421078907114
o2_only_logreg,r3f1,3,1,68,84,0,0.027067380992821386,0.16146421078907114
o2_only_logreg,r3f1,3,1,69,85,0,0.027067380992821386,0.16146421078907114
o2_only_logreg,r3f1,3,1,70,86,0,0.027067380992821386,0.16146421078907114
o2_only_logreg,r3f1,3,1,71,87,0,0.027067380992821386,0.16146421078907114
o2_only_logreg,r3f1,3,1,72,88,1,0.6201679557243077,0.16146421078907114
o2_only_logreg,r3f1,3,1,73,89,1,0.6201679557243077,0.16146421078907114
o2_only_logreg,r3f1,3,1,74,90,1,0.6201679557243077,0.16146421078907114
o2_only_logreg,r3f1,3,1,75,91,1,0.6201679557243077,0.16146421078907114
o2_only_logreg,r3f1,3,1,76,92,1,0.6201679557243077,0.16146421078907114
o2_only_logreg,r3f1,3,1,77,93,1,0.6201679557243077,0.16146421078907114
o2_only_logreg,r3f1,3,1,80,97,1,0.4659930053732759,0.16146421078907114
o2_only_logreg,r3f1,3,1,87,104,0,0.4659930053732759,0.16146421078907114
o2_only_logreg,r3f1,3,1,88,105,1,0.4659930053732759,0.16146421078907114
o2_only_logreg,r3f1,3,1,90,107,1,0.4659930053732759,0.16146421078907114
o2_only_logreg,r3f1,3,1,192,212,0,0.06646913929511286,0.16146421078907114
o2_only_logreg,r3f1,3,1,199,219,0,0.027067380992821386,0.16146421078907114
o2_only_logreg,r3f1,3,1,200,220,0,0.027067380992821386,0.16146421078907114
o2_only_logreg,r3f1,3,1,201,221,0,0.027067380992821386,0.16146421078907114
o2_only_logreg,r3f1,3,1,204,225,0,0.19952954821217486,0.16146421078907114
o2_only_logreg,r3f1,3,1,210,231,1,0.19952954821217486,0.16146421078907114
o2_only_logreg,r3f1,3,1,214,235,0,0.11756053827080265,0.16146421078907114
o2_only_logreg,r3f1,3,1,215,236,0,0.11756053827080265,0.16146421078907114
o2_only_logreg,r3f1,3,1,216,238,1,0.11756053827080265,0.16146421078907114
o2_only_logreg,r3f1,3,1,217,239,0,0.11756053827080265,0.16146421078907114
o2_only_logreg,r3f1,3,1,218,240,0,0.11756053827080265,0.16146421078907114
o2_only_logreg,r3f1,3,1,223,246,0,0.04947786767127672,0.16146421078907114
o2_only_logreg,r3f1,3,1,224,247,0,0.04947786767127672,0.16146421078907114
o2_only_logreg,r3f1,3,1,225,248,0,0.03665945024914306,0.16146421078907114
o2_only_logreg,r3f1,3,1,226,249,0,0.5441376700946158,0.16146421078907114
o2_only_logreg,r3f1,3,1,228,251,0,0.5441376700946158,0.16146421078907114
o2_only_logreg,r3f1,3,1,229,252,1,0.5441376700946158,0.16146421078907114
o2_only_logreg,r3f1,3,1,241,264,0,0.1541407243571472,0.16146421078907114
o2_only_logreg,r3f1,3,1,242,265,0,0.1541407243571472,0.16146421078907114
o2_only_logreg,r3f1,3,1,243,266,0,0.1541407243571472,0.16146421078907114
o2_only_logreg,r3f1,3,1,244,267,0,0.1541407243571472,0.16146421078907114
o2_only_logreg,r3f1,3,1,245,268,0,0.1541407243571472,0.16146421078907114
o2_only_logreg,r3f2,3,2,24,36,0,0.2669499497414881,0.16681890033975
o2_only_logreg,r3f2,3,2,41,54,0,0.2669499497414881,0.16681890033975
o2_only_logreg,r3f2,3,2,42,55,1,0.2669499497414881,0.16681890033975
o2_only_logreg,r3f2,3,2,43,56,1,0.2669499497414881,0.16681890033975
o2_only_logreg,r3f2,3,2,44,57,0,0.2669499497414881,0.16681890033975
o2_only_logreg,r3f2,3,2,45,58,0,0.16601463854545745,0.16681890033975
o2_only_logreg,r3f2,3,2,46,59,0,0.16601463854545745,0.16681890033975
o2_only_logreg,r3f2,3,2,47,60,0,0.16601463854545745,0.16681890033975
o2_only_logreg,r3f2,3,2,48,61,0,0.16601463854545745,0.16681890033975
o2_only_logreg,r3f2,3,2,49,62,0,0.16601463854545745,0.16681890033975
o2_only_logreg,r3f2,3,2,50,63,1,0.16601463854545745,0.16681890033975
o2_only_logreg,r3f2,3,2,51,64,0,0.16601463854545745,0.16681890033975
o2_only_logreg,r3f2,3,2,113,131,1,0.5492946944739079,0.16681890033975
o2_only_logreg,r3f2,3,2,114,132,1,0.5492946944739079,0.16681890033975
o2_only_logreg,r3f2,3,2,115,133,1,0.5492946944739079,0.16681890033975
o2_only_logreg,r3f2,3,2,116,134,0,0.5492946944739079,0.16681890033975
o2_only_logreg,r3f2,3,2,117,135,1,0.5492946944739079,0.16681890033975
o2_only_logreg,r3f2,3,2,118,136,1,0.5492946944739079,0.16681890033975
o2_only_logreg,r3f2,3,2,119,137,1,0.5492946944739079,0.16681890033975
o2_only_logreg,r3f2,3,2,120,139,1,0.5492946944739079,0.16681890033975
o2_only_logreg,r3f2,3,2,132,151,1,0.16601463854545745,0.16681890033975
o2_only_logreg,r3f2,3,2,133,152,0,0.16601463854545745,0.16681890033975
o2_only_logreg,r3f2,3,2,134,153,0,0.16601463854545745,0.16681890033975
o2_only_logreg,r3f2,3,2,135,154,0,0.16601463854545745,0.16681890033975
o2_only_logreg,r3f2,3,2,136,155,0,0.16601463854545745,0.16681890033975
o2_only_logreg,r3f2,3,2,137,156,1,0.16601463854545745,0.16681890033975
o2_only_logreg,r3f2,3,2,146,165,0,0.16601463854545745,0.16681890033975
o2_only_logreg,r3f2,3,2,149,168,1,0.3300057060144922,0.16681890033975
o2_only_logreg,r3f2,3,2,150,169,0,0.3300057060144922,0.16681890033975
o2_only_logreg,r3f2,3,2,151,170,0,0.3300057060144922,0.16681890033975
o2_only_logreg,r3f2,3,2,152,171,0,0.16601463854545745,0.16681890033975
o2_only_logreg,r3f2,3,2,153,172,0,0.16601463854545745,0.16681890033975
o2_only_logreg,r3f2,3,2,154,173,1,0.16601463854545745,0.16681890033975
o2_only_logreg,r3f2,3,2,170,189,0,0.16601463854545745,0.16681890033975
o2_only_logreg,r3f2,3,2,171,190,0,0.16601463854545745,0.16681890033975
o2_only_logreg,r3f2,3,2,172,191,0,0.16601463854545745,0.16681890033975
o2_only_logreg,r3f2,3,2,190,209,0,0.09813445047296027,0.16681890033975
o2_only_logreg,r3f2,3,2,191,211,0,0.09813445047296027,0.16681890033975
o2_only_logreg,r3f2,3,2,221,244,0,0.07445963958075556,0.16681890033975
o2_only_logreg,r3f2,3,2,222,245,0,0.07445963958075556,0.16681890033975
o2_only_logreg,r3f2,3,2,237,260,0,0.2669499497414881,0.16681890033975
o2_only_logreg,r3f2,3,2,238,261,0,0.2669499497414881,0.16681890033975
o2_only_logreg,r3f2,3,2,239,262,0,0.2669499497414881,0.16681890033975
o2_only_logreg,r3f2,3,2,240,263,0,0.2669499497414881,0.16681890033975
o2_only_logreg,r3f2,3,2,250,273,0,0.3300057060144922,0.16681890033975
o2_only_logreg,r3f2,3,2,251,274,0,0.3300057060144922,0.16681890033975
o2_only_logreg,r3f3,3,3,8,19,1,0.9798794839490365,0.13945120037031017
o2_only_logreg,r3f3,3,3,9,20,1,0.9798794839490365,0.13945120037031017
o2_only_logreg,r3f3,3,3,10,21,1,0.9798794839490365,0.13945120037031017
o2_only_logreg,r3f3,3,3,11,22,1,0.9798794839490365,0.13945120037031017
o2_only_logreg,r3f3,3,3,12,23,1,0.9798794839490365,0.13945120037031017
o2_only_logreg,r3f3,3,3,25,37,1,0.9798794839490365,0.13945120037031017
o2_only_logreg,r3f3,3,3,26,38,1,0.9798794839490365,0.13945120037031017
o2_only_logreg,r3f3,3,3,27,39,1,0.9798794839490365,0.13945120037031017
o2_only_logreg,r3f3,3,3,81,98,0,0.544556882732582,0.13945120037031017
o2_only_logreg,r3f3,3,3,82,99,0,0.544556882732582,0.13945120037031017
o2_only_logreg,r3f3,3,3,83,100,0,0.544556882732582,0.13945120037031017
o2_only_logreg,r3f3,3,3,84,101,0,0.544556882732582,0.13945120037031017
o2_only_logreg,r3f3,3,3,89,106,1,0.544556882732582,0.13945120037031017
o2_only_logreg,r3f3,3,3,91,108,1,0.544556882732582,0.13945120037031017
o2_only_logreg,r3f3,3,3,96,113,0,0.30315999012998374,0.13945120037031017
o2_only_logreg,r3f3,3,3,97,115,0,0.30315999012998374,0.13945120037031017
o2_only_logreg,r3f3,3,3,98,116,0,0.30315999012998374,0.13945120037031017
o2_only_logreg,r3f3,3,3,99,117,0,0.30315999012998374,0.13945120037031017
o2_only_logreg,r3f3,3,3,100,118,0,0.30315999012998374,0.13945120037031017
o2_only_logreg,r3f3,3,3,138,157,0,0.10153439651351832,0.13945120037031017
o2_only_logreg,r3f3,3,3,139,158,0,0.10153439651351832,0.13945120037031017
o2_only_logreg,r3f3,3,3,140,159,0,0.10153439651351832,0.13945120037031017
o2_only_logreg,r3f3,3,3,141,160,0,0.10153439651351832,0.13945120037031017
o2_only_logreg,r3f3,3,3,147,166,0,0.054460055796677787,0.13945120037031017
o2_only_logreg,r3f3,3,3,148,167,0,0.054460055796677787,0.13945120037031017
o2_only_logreg,r3f3,3,3,159,178,0,0.544556882732582,0.13945120037031017
o2_only_logreg,r3f3,3,3,160,179,1,0.544556882732582,0.13945120037031017
o2_only_logreg,r3f3,3,3,164,183,0,0.544556882732582,0.13945120037031017
o2_only_logreg,r3f3,3,3,165,184,0,0.544556882732582,0.13945120037031017
o2_only_logreg,r3f3,3,3,166,185,0,0.544556882732582,0.13945120037031017
o2_only_logreg,r3f3,3,3,167,186,0,0.544556882732582,0.13945120037031017
o2_only_logreg,r3f3,3,3,202,222,0,0.30315999012998374,0.13945120037031017
o2_only_logreg,r3f3,3,3,203,224,1,0.30315999012998374,0.13945120037031017
o2_only_logreg,r3f3,3,3,205,226,0,0.18148882344419554,0.13945120037031017
o2_only_logreg,r3f3,3,3,206,227,0,0.18148882344419554,0.13945120037031017
o2_only_logreg,r3f3,3,3,211,232,0,0.18148882344419554,0.13945120037031017
o2_only_logreg,r3f3,3,3,212,233,1,0.18148882344419554,0.13945120037031017
o2_only_logreg,r3f3,3,3,213,234,1,0.18148882344419554,0.13945120037031017
o2_only_logreg,r3f3,3,3,219,241,0,0.10153439651351832,0.13945120037031017
o2_only_logreg,r3f3,3,3,220,243,0,0.10153439651351832,0.13945120037031017
o2_only_logreg,r3f3,3,3,232,255,0,0.37864670348385265,0.13945120037031017
o2_only_logreg,r3f3,3,3,233,256,0,0.37864670348385265,0.13945120037031017
o2_only_logreg,r3f3,3,3,234,257,0,0.37864670348385265,0.13945120037031017
o2_only_logreg,r3f3,3,3,235,258,0,0.37864670348385265,0.13945120037031017
o2_only_logreg,r3f3,3,3,236,259,0,0.37864670348385265,0.13945120037031017
o2_only_logreg,r3f4,3,4,17,29,1,0.9340807811719601,0.14977598284323618
o2_only_logreg,r3f4,3,4,18,30,0,0.9340807811719601,0.14977598284323618
o2_only_logreg,r3f4,3,4,19,31,1,0.9340807811719601,0.14977598284323618
o2_only_logreg,r3f4,3,4,20,32,1,0.9340807811719601,0.14977598284323618
o2_only_logreg,r3f4,3,4,32,44,1,0.9340807811719601,0.14977598284323618
o2_only_logreg,r3f4,3,4,33,45,0,0.9340807811719601,0.14977598284323618
o2_only_logreg,r3f4,3,4,40,52,1,0.9340807811719601,0.14977598284323618
o2_only_logreg,r3f4,3,4,78,94,0,0.6339010112299702,0.14977598284323618
o2_only_logreg,r3f4,3,4,79,95,0,0.6339010112299702,0.14977598284323618
o2_only_logreg,r3f4,3,4,85,102,0,0.3770513119667653,0.14977598284323618
o2_only_logreg,r3f4,3,4,86,103,0,0.3770513119667653,0.14977598284323618
o2_only_logreg,r3f4,3,4,92,109,0,0.3770513119667653,0.14977598284323618
o2_only_logreg,r3f4,3,4,93,110,0,0.3770513119667653,0.14977598284323618
o2_only_logreg,r3f4,3,4,94,111,1,0.3770513119667653,0.14977598284323618
o2_only_logreg,r3f4,3,4,95,112,1,0.3770513119667653,0.14977598284323618
o2_only_logreg,r3f4,3,4,107,125,0,0.1297114907891765,0.14977598284323618
o2_only_logreg,r3f4,3,4,108,126,0,0.1297114907891765,0.14977598284323618
o2_only_logreg,r3f4,3,4,109,127,0,0.1297114907891765,0.14977598284323618
o2_only_logreg,r3f4,3,4,110,128,0,0.1297114907891765,0.14977598284323618
o2_only_logreg,r3f4,3,4,111,129,0,0.1297114907891765,0.14977598284323618
o2_only_logreg,r3f4,3,4,112,130,0,0.1297114907891765,0.14977598284323618
o2_only_logreg,r3f4,3,4,121,140,0,0.0688668915850508,0.14977598284323618
o2_only_logreg,r3f4,3,4,122,141,0,0.0688668915850508,0.14977598284323618
o2_only_logreg,r3f4,3,4,123,142,0,0.0688668915850508,0.14977598284323618
o2_only_logreg,r3f4,3,4,124,143,0,0.0688668915850508,0.14977598284323618
o2_only_logreg,r3f4,3,4,125,144,0,0.29892122581976305,0.14977598284323618
o2_only_logreg,r3f4,3,4,126,145,0,0.29892122581976305,0.14977598284323618
o2_only_logreg,r3f4,3,4,127,146,0,0.29892122581976305,0.14977598284323618
o2_only_logreg,r3f4,3,4,128,147,0,0.1297114907891765,0.14977598284323618
o2_only_logreg,r3f4,3,4,129,148,1,0.29892122581976305,0.14977598284323618
o2_only_logreg,r3f4,3,4,130,149,1,0.29892122581976305,0.14977598284323618
o2_only_logreg,r3f4,3,4,131,150,0,0.29892122581976305,0.14977598284323618
o2_only_logreg,r3f4,3,4,155,174,1,0.6339010112299702,0.14977598284323618
o2_only_logreg,r3f4,3,4,156,175,1,0.6339010112299702,0.14977598284323618
o2_only_logreg,r3f4,3,4,157,176,0,0.6339010112299702,0.14977598284323618
o2_only_logreg,r3f4,3,4,158,177,0,0.6339010112299702,0.14977598284323618
o2_only_logreg,r3f4,3,4,173,192,0,0.1297114907891765,0.14977598284323618
o2_only_logreg,r3f4,3,4,174,193,0,0.1297114907891765,0.14977598284323618
o2_only_logreg,r3f4,3,4,175,194,0,0.1297114907891765,0.14977598284323618
o2_only_logreg,r3f4,3,4,176,195,0,0.1297114907891765,0.14977598284323618
o2_only_logreg,r3f4,3,4,177,196,0,0.29892122581976305,0.14977598284323618
o2_only_logreg,r3f4,3,4,178,197,0,0.29892122581976305,0.14977598284323618
o2_only_logreg,r3f4,3,4,179,198,1,0.29892122581976305,0.14977598284323618
o2_only_logreg,r3f4,3,4,180,199,0,0.29892122581976305,0.14977598284323618
o2_only_logreg,r3f4,3,4,181,200,0,0.29892122581976305,0.14977598284323618
o2_only_logreg,r3f4,3,4,182,201,0,0.29892122581976305,0.14977598284323618
o2_only_logreg,r3f4,3,4,227,250,1,0.5494953082923579,0.14977598284323618
o2_only_logreg,r3f4,3,4,230,253,0,0.5494953082923579,0.14977598284323618
o2_only_logreg,r3f4,3,4,231,254,1,0.5494953082923579,0.14977598284323618
o2_only_logreg,r4f0,4,0,13,25,1,0.888674696927909,0.18728419396884172
o2_only_logreg,r4f0,4,0,14,26,1,0.888674696927909,0.18728419396884172
o2_only_logreg,r4f0,4,0,15,27,1,0.888674696927909,0.18728419396884172
o2_only_logreg,r4f0,4,0,16,28,1,0.888674696927909,0.18728419396884172
o2_only_logreg,r4f0,4,0,24,36,0,0.2857973194168665,0.18728419396884172
o2_only_logreg,r4f0,4,0,28,40,1,0.888674696927909,0.18728419396884172
o2_only_logreg,r4f0,4,0,29,41,1,0.888674696927909,0.18728419396884172
o2_only_logreg,r4f0,4,0,30,42,1,0.888674696927909,0.18728419396884172
o2_only_logreg,r4f0,4,0,31,43,1,0.888674696927909,0.18728419396884172
o2_only_logreg,r4f0,4,0,41,54,0,0.2857973194168665,0.18728419396884172
o2_only_logreg,r4f0,4,0,42,55,1,0.2857973194168665,0.18728419396884172
o2_only_logreg,r4f0,4,0,43,56,1,0.2857973194168665,0.18728419396884172
o2_only_logreg,r4f0,4,0,44,57,0,0.2857973194168665,0.18728419396884172
o2_only_logreg,r4f0,4,0,101,119,0,0.1802705427923657,0.18728419396884172
o2_only_logreg,r4f0,4,0,102,120,0,0.1802705427923657,0.18728419396884172
o2_only_logreg,r4f0,4,0,103,121,0,0.1802705427923657,0.18728419396884172
o2_only_logreg,r4f0,4,0,104,122,0,0.1802705427923657,0.18728419396884172
o2_only_logreg,r4f0,4,0,105,123,0,0.1802705427923657,0.18728419396884172
o2_only_logreg,r4f0,4,0,106,124,0,0.1802705427923657,0.18728419396884172
o2_only_logreg,r4f0,4,0,125,144,0,0.2857973194168665,0.18728419396884172
o2_only_logreg,r4f0,4,0,126,145,0,0.2857973194168665,0.18728419396884172
o2_only_logreg,r4f0,4,0,127,146,0,0.2857973194168665,0.18728419396884172
o2_only_logreg,r4f0,4,0,129,148,1,0.2857973194168665,0.18728419396884172
o2_only_logreg,r4f0,4,0,130,149,1,0.2857973194168665,0.18728419396884172
o2_only_logreg,r4f0,4,0,131,150,0,0.2857973194168665,0.18728419396884172
o2_only_logreg,r4f0,4,0,149,168,1,0.3505623979682134,0.18728419396884172
o2_only_logreg,r4f0,4,0,150,169,0,0.3505623979682134,0.18728419396884172
o2_only_logreg,r4f0,4,0,151,170,0,0.3505623979682134,0.18728419396884172
o2_only_logreg,r4f0,4,0,177,196,0,0.2857973194168665,0.18728419396884172
o2_only_logreg,r4f0,4,0,178,197,0,0.2857973194168665,0.18728419396884172
o2_only_logreg,r4f0,4,0,179,198,1,0.2857973194168665,0.18728419396884172
o2_only_logreg,r4f0,4,0,180,199,0,0.2857973194168665,0.18728419396884172
o2_only_logreg,r4f0,4,0,181,200,0,0.2857973194168665,0.18728419396884172
o2_only_logreg,r4f0,4,0,182,201,0,0.2857973194168665,0.18728419396884172
o2_only_logreg,r4f0,4,0,214,235,0,0.14017569457920787,0.18728419396884172
o2_only_logreg,r4f0,4,0,215,236,0,0.14017569457920787,0.18728419396884172
o2_only_logreg,r4f0,4,0,216,238,1,0.14017569457920787,0.18728419396884172
o2_only_logreg,r4f0,4,0,217,239,0,0.14017569457920787,0.18728419396884172
o2_only_logreg,r4f0,4,0,218,240,0,0.14017569457920787,0.18728419396884172
o2_only_logreg,r4f0,4,0,223,246,0,0.06228186896218732,0.18728419396884172
o2_only_logreg,r4f0,4,0,224,247,0,0.06228186896218732,0.18728419396884172
o2_only_logreg,r4f0,4,0,225,248,0,0.046927151712555064,0.18728419396884172
o2_only_logreg,r4f0,4,0,232,255,0,0.3505623979682134,0.18728419396884172
o2_only_logreg,r4f0,4,0,233,256,0,0.3505623979682134,0.18728419396884172
o2_only_logreg,r4f0,4,0,234,257,0,0.3505623979682134,0.18728419396884172
o2_only_logreg,r4f0,4,0,235,258,0,0.3505623979682134,0.18728419396884172
o2_only_logreg,r4f0,4,0,236,259,0,0.3505623979682134,0.18728419396884172
o2_only_logreg,r4f1,4,1,52,65,0,0.06434440379795475,0.1448556969290212
o2_only_logreg,r4f1,4,1,53,66,0,0.06434440379795475,0.1448556969290212
o2_only_logreg,r4f1,4,1,54,67,0,0.06434440379795475,0.1448556969290212
o2_only_logreg,r4f1,4,1,55,68,0,0.06434440379795475,0.1448556969290212
o2_only_logreg,r4f1,4,1,57,70,0,0.06434440379795475,0.1448556969290212
o2_only_logreg,r4f1,4,1,58,71,0,0.06434440379795475,0.1448556969290212
o2_only_logreg,r4f1,4,1,59,72,1,0.06434440379795475,0.1448556969290212
o2_only_logreg,r4f1,4,1,60,73,0,0.06434440379795475,0.1448556969290212
o2_only_logreg,r4f1,4,1,61,74,1,0.06434440379795475,0.1448556969290212
o2_only_logreg,r4f1,4,1,68,84,0,0.026186992209658377,0.1448556969290212
o2_only_logreg,r4f1,4,1,69,85,0,0.026186992209658377,0.1448556969290212
o2_only_logreg,r4f1,4,1,70,86,0,0.026186992209658377,0.1448556969290212
o2_only_logreg,r4f1,4,1,71,87,0,0.026186992209658377,0.1448556969290212
o2_only_logreg,r4f1,4,1,72,88,1,0.6113204001696182,0.1448556969290212
o2_only_logreg,r4f1,4,1,73,89,1,0.6113204001696182,0.1448556969290212
o2_only_logreg,r4f1,4,1,74,90,1,0.6113204001696182,0.1448556969290212
o2_only_logreg,r4f1,4,1,75,91,1,0.6113204001696182,0.1448556969290212
o2_only_logreg,r4f1,4,1,76,92,1,0.6113204001696182,0.1448556969290212
o2_only_logreg,r4f1,4,1,77,93,1,0.6113204001696182,0.1448556969290212
o2_only_logreg,r4f1,4,1,80,97,1,0.45683104259987956,0.1448556969290212
o2_only_logreg,r4f1,4,1,87,104,0,0.45683104259987956,0.1448556969290212
o2_only_logreg,r4f1,4,1,88,105,1,0.45683104259987956,0.1448556969290212
o2_only_logreg,r4f1,4,1,90,107,1,0.45683104259987956,0.1448556969290212
o2_only_logreg,r4f1,4,1,121,140,0,0.06434440379795475,0.1448556969290212
o2_only_logreg,r4f1,4,1,122,141,0,0.06434440379795475,0.1448556969290212
o2_only_logreg,r4f1,4,1,123,142,0,0.06434440379795475,0.1448556969290212
o2_only_logreg,r4f1,4,1,124,143,0,0.06434440379795475,0.1448556969290212
o2_only_logreg,r4f1,4,1,147,166,0,0.04788042721219248,0.1448556969290212
o2_only_logreg,r4f1,4,1,148,167,0,0.04788042721219248,0.1448556969290212
o2_only_logreg,r4f1,4,1,192,212,0,0.06434440379795475,0.1448556969290212
o2_only_logreg,r4f1,4,1,199,219,0,0.026186992209658377,0.1448556969290212
o2_only_logreg,r4f1,4,1,200,220,0,0.026186992209658377,0.1448556969290212
o2_only_logreg,r4f1,4,1,201,221,0,0.026186992209658377,0.1448556969290212
o2_only_logreg,r4f1,4,1,205,226,0,0.14956225453938055,0.1448556969290212
o2_only_logreg,r4f1,4,1,206,227,0,0.14956225453938055,0.1448556969290212
o2_only_logreg,r4f1,4,1,211,232,0,0.14956225453938055,0.1448556969290212
o2_only_logreg,r4f1,4,1,212,233,1,0.14956225453938055,0.1448556969290212
o2_only_logreg,r4f1,4,1,213,234,1,0.14956225453938055,0.1448556969290212
o2_only_logreg,r4f1,4,1,241,264,0,0.14956225453938055,0.1448556969290212
o2_only_logreg,r4f1,4,1,242,265,0,0.14956225453938055,0.1448556969290212
o2_only_logreg,r4f1,4,1,243,266,0,0.14956225453938055,0.1448556969290212
o2_only_logreg,r4f1,4,1,244,267,0,0.14956225453938055,0.1448556969290212
o2_only_logreg,r4f1,4,1,245,268,0,0.14956225453938055,0.1448556969290212
o2_only_logreg,r4f1,4,1,246,269,0,0.11394886970349247,0.1448556969290212
o2_only_logreg,r4f1,4,1,247,270,1,0.11394886970349247,0.1448556969290212
o2_only_logreg,r4f1,4,1,248,271,0,0.11394886970349247,0.1448556969290212
o2_only_logreg,r4f1,4,1,249,272,0,0.11394886970349247,0.1448556969290212
o2_only_logreg,r4f2,4,2,0,1,1,0.29546896766285474,0.14697632820034495
o2_only_logreg,r4f2,4,2,1,2,0,0.29546896766285474,0.14697632820034495
o2_only_logreg,r4f2,4,2,2,3,0,0.29546896766285474,0.14697632820034495
o2_only_logreg,r4f2,4,2,3,4,0,0.29546896766285474,0.14697632820034495
o2_only_logreg,r4f2,4,2,4,5,0,0.29546896766285474,0.14697632820034495
o2_only_logreg,r4f2,4,2,5,6,0,0.29546896766285474,0.14697632820034495
o2_only_logreg,r4f2,4,2,6,7,1,0.29546896766285474,0.14697632820034495
o2_only_logreg,r4f2,4,2,7,8,1,0.29546896766285474,0.14697632820034495
o2_only_logreg,r4f2,4,2,21,33,0,0.29546896766285474,0.14697632820034495
o2_only_logreg,r4f2,4,2,22,34,0,0.29546896766285474,0.14697632820034495
o2_only_logreg,r4f2,4,2,23,35,0,0.29546896766285474,0.14697632820034495
o2_only_logreg,r4f2,4,2,34,46,1,0.29546896766285474,0.14697632820034495
o2_only_logreg,r4f2,4,2,35,47,1,0.29546896766285474,0.14697632820034495
o2_only_logreg,r4f2,4,2,36,48,1,0.29546896766285474,0.14697632820034495
o2_only_logreg,r4f2,4,2,37,49,0,0.29546896766285474,0.14697632820034495
o2_only_logreg,r4f2,4,2,38,50,0,0.29546896766285474,0.14697632820034495
o2_only_logreg,r4f2,4,2,39,51,1,0.29546896766285474,0.14697632820034495
o2_only_logreg,r4f2,4,2,56,69,1,0.04472630854217312,0.14697632820034495
o2_only_logreg,r4f2,4,2,64,77,0,0.04472630854217312,0.14697632820034495
o2_only_logreg,r4f2,4,2,65,78,0,0.04472630854217312,0.14697632820034495
o2_only_logreg,r4f2,4,2,113,131,1,0.5176577380180761,0.14697632820034495
o2_only_logreg,r4f2,4,2,114,132,1,0.5176577380180761,0.14697632820034495
o2_only_logreg,r4f2,4,2,115,133,1,0.5176577380180761,0.14697632820034495
o2_only_logreg,r4f2,4,2,116,134,0,0.5176577380180761,0.14697632820034495
o2_only_logreg,r4f2,4,2,117,135,1,0.5176577380180761,0.14697632820034495
o2_only_logreg,r4f2,4,2,118,136,1,0.5176577380180761,0.14697632820034495
o2_only_logreg,r4f2,4,2,119,137,1,0.5176577380180761,0.14697632820034495
o2_only_logreg,r4f2,4,2,120,139,1,0.5176577380180761,0.14697632820034495
o2_only_logreg,r4f2,4,2,132,151,1,0.14080772015136697,0.14697632820034495
o2_only_logreg,r4f2,4,2,133,152,0,0.14080772015136697,0.14697632820034495
o2_only_logreg,r4f2,4,2,134,153,0,0.14080772015136697,0.14697632820034495
o2_only_logreg,r4f2,4,2,135,154,0,0.14080772015136697,0.14697632820034495
o2_only_logreg,r4f2,4,2,136,155,0,0.14080772015136697,0.14697632820034495
o2_only_logreg,r4f2,4,2,137,156,1,0.14080772015136697,0.14697632820034495
o2_only_logreg,r4f2,4,2,138,157,0,0.08054117394122272,0.14697632820034495
o2_only_logreg,r4f2,4,2,139,158,0,0.08054117394122272,0.14697632820034495
o2_only_logreg,r4f2,4,2,140,159,0,0.08054117394122272,0.14697632820034495
o2_only_logreg,r4f2,4,2,141,160,0,0.08054117394122272,0.14697632820034495
o2_only_logreg,r4f2,4,2,146,165,0,0.14080772015136697,0.14697632820034495
o2_only_logreg,r4f2,4,2,152,171,0,0.14080772015136697,0.14697632820034495
o2_only_logreg,r4f2,4,2,153,172,0,0.14080772015136697,0.14697632820034495
o2_only_logreg,r4f2,4,2,154,173,1,0.14080772015136697,0.14697632820034495
o2_only_logreg,r4f2,4,2,170,189,0,0.14080772015136697,0.14697632820034495
o2_only_logreg,r4f2,4,2,171,190,0,0.14080772015136697,0.14697632820034495
o2_only_logreg,r4f2,4,2,172,191,0,0.14080772015136697,0.14697632820034495
o2_only_logreg,r4f2,4,2,183,202,0,0.29546896766285474,0.14697632820034495
o2_only_logreg,r4f2,4,2,184,203,0,0.29546896766285474,0.14697632820034495
o2_only_logreg,r4f2,4,2,185,204,1,0.29546896766285474,0.14697632820034495
o2_only_logreg,r4f2,4,2,186,205,1,0.29546896766285474,0.14697632820034495
o2_only_logreg,r4f2,4,2,187,206,1,0.29546896766285474,0.14697632820034495
o2_only_logreg,r4f2,4,2,188,207,1,0.29546896766285474,0.14697632820034495
o2_only_logreg,r4f2,4,2,189,208,1,0.29546896766285474,0.14697632820034495
o2_only_logreg,r4f2,4,2,190,209,0,0.08054117394122272,0.14697632820034495
o2_only_logreg,r4f2,4,2,191,211,0,0.08054117394122272,0.14697632820034495
o2_only_logreg,r4f2,4,2,193,213,0,0.04472630854217312,0.14697632820034495
o2_only_logreg,r4f2,4,2,194,214,0,0.04472630854217312,0.14697632820034495
o2_only_logreg,r4f2,4,2,195,215,0,0.04472630854217312,0.14697632820034495
o2_only_logreg,r4f2,4,2,196,216,0,0.04472630854217312,0.14697632820034495
o2_only_logreg,r4f2,4,2,207,228,0,0.29546896766285474,0.14697632820034495
o2_only_logreg,r4f2,4,2,208,229,1,0.29546896766285474,0.14697632820034495
o2_only_logreg,r4f2,4,2,209,230,0,0.29546896766285474,0.14697632820034495
o2_only_logreg,r4f2,4,2,219,241,0,0.08054117394122272,0.14697632820034495
o2_only_logreg,r4f2,4,2,220,243,0,0.08054117394122272,0.14697632820034495
o2_only_logreg,r4f2,4,2,226,249,0,0.5176577380180761,0.14697632820034495
o2_only_logreg,r4f2,4,2,228,251,0,0.5176577380180761,0.14697632820034495
o2_only_logreg,r4f2,4,2,229,252,1,0.5176577380180761,0.14697632820034495
o2_only_logreg,r4f2,4,2,250,273,0,0.29546896766285474,0.14697632820034495
o2_only_logreg,r4f2,4,2,251,274,0,0.29546896766285474,0.14697632820034495
o2_only_logreg,r4f3,4,3,8,19,1,0.9662728031970337,0.17652462595435228
o2_only_logreg,r4f3,4,3,9,20,1,0.9662728031970337,0.17652462595435228
o2_only_logreg,r4f3,4,3,10,21,1,0.9662728031970337,0.17652462595435228
o2_only_logreg,r4f3,4,3,11,22,1,0.9662728031970337,0.17652462595435228
o2_only_logreg,r4f3,4,3,12,23,1,0.9662728031970337,0.17652462595435228
o2_only_logreg,r4f3,4,3,25,37,1,0.9662728031970337,0.17652462595435228
o2_only_logreg,r4f3,4,3,26,38,1,0.9662728031970337,0.17652462595435228
o2_only_logreg,r4f3,4,3,27,39,1,0.9662728031970337,0.17652462595435228
o2_only_logreg,r4f3,4,3,45,58,0,0.1784459875169466,0.17652462595435228
o2_only_logreg,r4f3,4,3,46,59,0,0.1784459875169466,0.17652462595435228
o2_only_logreg,r4f3,4,3,47,60,0,0.1784459875169466,0.17652462595435228
o2_only_logreg,r4f3,4,3,48,61,0,0.1784459875169466,0.17652462595435228
o2_only_logreg,r4f3,4,3,49,62,0,0.1784459875169466,0.17652462595435228
o2_only_logreg,r4f3,4,3,50,63,1,0.1784459875169466,0.17652462595435228
o2_only_logreg,r4f3,4,3,51,64,0,0.1784459875169466,0.17652462595435228
o2_only_logreg,r4f3,4,3,62,75,0,0.045107363812201824,0.17652462595435228
o2_only_logreg,r4f3,4,3,63,76,0,0.045107363812201824,0.17652462595435228
o2_only_logreg,r4f3,4,3,66,79,0,0.045107363812201824,0.17652462595435228
o2_only_logreg,r4f3,4,3,67,82,0,0.045107363812201824,0.17652462595435228
o2_only_logreg,r4f3,4,3,85,102,0,0.3517110132841885,0.17652462595435228
o2_only_logreg,r4f3,4,3,86,103,0,0.3517110132841885,0.17652462595435228
o2_only_logreg,r4f3,4,3,92,109,0,0.3517110132841885,0.17652462595435228
o2_only_logreg,r4f3,4,3,93,110,0,0.3517110132841885,0.17652462595435228
o2_only_logreg,r4f3,4,3,94,111,1,0.3517110132841885,0.17652462595435228
o2_only_logreg,r4f3,4,3,95,112,1,0.3517110132841885,0.17652462595435228
o2_only_logreg,r4f3,4,3,96,113,0,0.28563994150770977,0.17652462595435228
o2_only_logreg,r4f3,4,3,97,115,0,0.28563994150770977,0.17652462595435228
o2_only_logreg,r4f3,4,3,98,116,0,0.28563994150770977,0.17652462595435228
o2_only_logreg,r4f3,4,3,99,117,0,0.28563994150770977,0.17652462595435228
o2_only_logreg,r4f3,4,3,100,118,0,0.28563994150770977,0.17652462595435228
o2_only_logreg,r4f3,4,3,142,161,0,0.08000370268589652,0.17652462595435228
o2_only_logreg,r4f3,4,3,143,162,0,0.08000370268589652,0.17652462595435228
o2_only_logreg,r4f3,4,3,144,163,0,0.08000370268589652,0.17652462595435228
o2_only_logreg,r4f3,4,3,145,164,0,0.08000370268589652,0.17652462595435228
o2_only_logreg,r4f3,4,3,161,180,0,0.22762276054266156,0.17652462595435228
o2_only_logreg,r4f3,4,3,162,181,0,0.22762276054266156,0.17652462595435228
o2_only_logreg,r4f3,4,3,163,182,1,0.22762276054266156,0.17652462595435228
o2_only_logreg,r4f3,4,3,168,187,0,0.22762276054266156,0.17652462595435228
o2_only_logreg,r4f3,4,3,169,188,0,0.22762276054266156,0.17652462595435228
o2_only_logreg,r4f3,4,3,197,217,0,0.045107363812201824,0.17652462595435228
o2_only_logreg,r4f3,4,3,198,218,0,0.045107363812201824,0.17652462595435228
o2_only_logreg,r4f3,4,3,204,225,0,0.22762276054266156,0.17652462595435228
o2_only_logreg,r4f3,4,3,210,231,1,0.22762276054266156,0.17652462595435228
o2_only_logreg,r4f3,4,3,221,244,0,0.08000370268589652,0.17652462595435228
o2_only_logreg,r4f3,4,3,222,245,0,0.08000370268589652,0.17652462595435228
o2_only_logreg,r4f4,4,4,17,29,1,0.9596324700452887,0.1521906853174009
o2_only_logreg,r4f4,4,4,18,30,0,0.9596324700452887,0.1521906853174009
o2_only_logreg,r4f4,4,4,19,31,1,0.9596324700452887,0.1521906853174009
o2_only_logreg,r4f4,4,4,20,32,1,0.9596324700452887,0.1521906853174009
o2_only_logreg,r4f4,4,4,32,44,1,0.9596324700452887,0.1521906853174009
o2_only_logreg,r4f4,4,4,33,45,0,0.9596324700452887,0.1521906853174009
o2_only_logreg,r4f4,4,4,40,52,1,0.9596324700452887,0.1521906853174009
o2_only_logreg,r4f4,4,4,78,94,0,0.6935022056566079,0.1521906853174009
o2_only_logreg,r4f4,4,4,79,95,0,0.6935022056566079,0.1521906853174009
o2_only_logreg,r4f4,4,4,81,98,0,0.6045708096939686,0.1521906853174009
o2_only_logreg,r4f4,4,4,82,99,0,0.6045708096939686,0.1521906853174009
o2_only_logreg,r4f4,4,4,83,100,0,0.6045708096939686,0.1521906853174009
o2_only_logreg,r4f4,4,4,84,101,0,0.6045708096939686,0.1521906853174009
o2_only_logreg,r4f4,4,4,89,106,1,0.6045708096939686,0.1521906853174009
o2_only_logreg,r4f4,4,4,91,108,1,0.6045708096939686,0.1521906853174009
o2_only_logreg,r4f4,4,4,107,125,0,0.12703490395447406,0.1521906853174009
o2_only_logreg,r4f4,4,4,108,126,0,0.12703490395447406,0.1521906853174009
o2_only_logreg,r4f4,4,4,109,127,0,0.12703490395447406,0.1521906853174009
o2_only_logreg,r4f4,4,4,110,128,0,0.12703490395447406,0.1521906853174009
o2_only_logreg,r4f4,4,4,111,129,0,0.12703490395447406,0.1521906853174009
o2_only_logreg,r4f4,4,4,112,130,0,0.12703490395447406,0.1521906853174009
o2_only_logreg,r4f4,4,4,128,147,0,0.12703490395447406,0.1521906853174009
o2_only_logreg,r4f4,4,4,155,174,1,0.6935022056566079,0.1521906853174009
o2_only_logreg,r4f4,4,4,156,175,1,0.6935022056566079,0.1521906853174009
o2_only_logreg,r4f4,4,4,157,176,0,0.6935022056566079,0.1521906853174009
o2_only_logreg,r4f4,4,4,158,177,0,0.6935022056566079,0.1521906853174009
o2_only_logreg,r4f4,4,4,159,178,0,0.6045708096939686,0.1521906853174009
o2_only_logreg,r4f4,4,4,160,179,1,0.6045708096939686,0.1521906853174009
o2_only_logreg,r4f4,4,4,164,183,0,0.6045708096939686,0.1521906853174009
o2_only_logreg,r4f4,4,4,165,184,0,0.6045708096939686,0.1521906853174009
o2_only_logreg,r4f4,4,4,166,185,0,0.6045708096939686,0.1521906853174009
o2_only_logreg,r4f4,4,4,167,186,0,0.6045708096939686,0.1521906853174009
o2_only_logreg,r4f4,4,4,173,192,0,0.12703490395447406,0.1521906853174009
o2_only_logreg,r4f4,4,4,174,193,0,0.12703490395447406,0.1521906853174009
o2_only_logreg,r4f4,4,4,175,194,0,0.12703490395447406,0.1521906853174009
o2_only_logreg,r4f4,4,4,176,195,0,0.12703490395447406,0.1521906853174009
o2_only_logreg,r4f4,4,4,202,222,0,0.3205068919063226,0.1521906853174009
o2_only_logreg,r4f4,4,4,203,224,1,0.3205068919063226,0.1521906853174009
o2_only_logreg,r4f4,4,4,227,250,1,0.6045708096939686,0.1521906853174009
o2_only_logreg,r4f4,4,4,230,253,0,0.6045708096939686,0.1521906853174009
o2_only_logreg,r4f4,4,4,231,254,1,0.6045708096939686,0.1521906853174009
o2_only_logreg,r4f4,4,4,237,260,0,0.3205068919063226,0.1521906853174009
o2_only_logreg,r4f4,4,4,238,261,0,0.3205068919063226,0.1521906853174009
o2_only_logreg,r4f4,4,4,239,262,0,0.3205068919063226,0.1521906853174009
o2_only_logreg,r4f4,4,4,240,263,0,0.3205068919063226,0.1521906853174009
logreg,r0f0,0,0,13,25,1,0.9600293901239094,0.17181673901659697
logreg,r0f0,0,0,14,26,1,0.975264132550203,0.17181673901659697
logreg,r0f0,0,0,15,27,1,0.9267897381508313,0.17181673901659697
logreg,r0f0,0,0,16,28,1,0.9786130514841846,0.17181673901659697
logreg,r0f0,0,0,24,36,0,0.23362237191104068,0.17181673901659697
logreg,r0f0,0,0,28,40,1,0.9770602995759693,0.17181673901659697
logreg,r0f0,0,0,29,41,1,0.9720974368610484,0.17181673901659697
logreg,r0f0,0,0,30,42,1,0.9929180636048053,0.17181673901659697
logreg,r0f0,0,0,31,43,1,0.9919788755823041,0.17181673901659697
logreg,r0f0,0,0,41,54,0,0.3467530777869104,0.17181673901659697
logreg,r0f0,0,0,42,55,1,0.32549546634517984,0.17181673901659697
logreg,r0f0,0,0,43,56,1,0.27742151378653795,0.17181673901659697
logreg,r0f0,0,0,44,57,0,0.5494001275469722,0.17181673901659697
logreg,r0f0,0,0,62,75,0,0.008364722085598159,0.17181673901659697
logreg,r0f0,0,0,63,76,0,0.011575768399136956,0.17181673901659697
logreg,r0f0,0,0,66,79,0,0.04828604647633335,0.17181673901659697
logreg,r0f0,0,0,67,82,0,0.009831382554986709,0.17181673901659697
logreg,r0f0,0,0,78,94,0,0.5507035857782098,0.17181673901659697
logreg,r0f0,0,0,79,95,0,0.5062804466713963,0.17181673901659697
logreg,r0f0,0,0,96,113,0,0.19109845406946763,0.17181673901659697
logreg,r0f0,0,0,97,115,0,0.17396789296927434,0.17181673901659697
logreg,r0f0,0,0,98,116,0,0.12439126271889757,0.17181673901659697
logreg,r0f0,0,0,99,117,0,0.05936597373799324,0.17181673901659697
logreg,r0f0,0,0,100,118,0,0.3248461324769874,0.17181673901659697
logreg,r0f0,0,0,101,119,0,0.3394603832557137,0.17181673901659697
logreg,r0f0,0,0,102,120,0,0.4283983095763518,0.17181673901659697
logreg,r0f0,0,0,103,121,0,0.08237436417265027,0.17181673901659697
logreg,r0f0,0,0,104,122,0,0.056943360564126744,0.17181673901659697
logreg,r0f0,0,0,105,123,0,0.07691064147221569,0.17181673901659697
logreg,r0f0,0,0,106,124,0,0.04326222994813875,0.17181673901659697
logreg,r0f0,0,0,138,157,0,0.030431895881473204,0.17181673901659697
logreg,r0f0,0,0,139,158,0,0.02344431212960405,0.17181673901659697
logreg,r0f0,0,0,140,159,0,0.014602995490074433,0.17181673901659697
logreg,r0f0,0,0,141,160,0,0.014936270947778012,0.17181673901659697
logreg,r0f0,0,0,155,174,1,0.9425872697562889,0.17181673901659697
logreg,r0f0,0,0,156,175,1,0.8631811525355549,0.17181673901659697
logreg,r0f0,0,0,157,176,0,0.7118887782126324,0.17181673901659697
logreg,r0f0,0,0,158,177,0,0.5431475351179357,0.17181673901659697
logreg,r0f0,0,0,161,180,0,0.12718053157565767,0.17181673901659697
logreg,r0f0,0,0,162,181,0,0.5950133670703989,0.17181673901659697
logreg,r0f0,0,0,163,182,1,0.9239073904848004,0.17181673901659697
logreg,r0f0,0,0,168,187,0,0.10927726022234473,0.17181673901659697
logreg,r0f0,0,0,169,188,0,0.07317096243011137,0.17181673901659697
logreg,r0f0,0,0,197,217,0,0.013427194394069888,0.17181673901659697
logreg,r0f0,0,0,198,218,0,0.009525260713607124,0.17181673901659697
logreg,r0f0,0,0,250,273,0,0.10703595148915031,0.17181673901659697
logreg,r0f0,0,0,251,274,0,0.4217157990400317,0.17181673901659697
logreg,r0f1,0,1,52,65,0,0.03228645006778967,0.1313595437936135
logreg,r0f1,0,1,53,66,0,0.023829824006519396,0.1313595437936135
logreg,r0f1,0,1,54,67,0,0.03984689182950529,0.1313595437936135
logreg,r0f1,0,1,55,68,0,0.022620340234844494,0.1313595437936135
logreg,r0f1,0,1,57,70,0,0.002648464359599484,0.1313595437936135
logreg,r0f1,0,1,58,71,0,0.02160135317181054,0.1313595437936135
logreg,r0f1,0,1,59,72,1,0.90498009862613,0.1313595437936135
logreg,r0f1,0,1,60,73,0,0.002838251734719635,0.1313595437936135
logreg,r0f1,0,1,61,74,1,0.85697956324829,0.1313595437936135
logreg,r0f1,0,1,72,88,1,0.4605602610869584,0.1313595437936135
logreg,r0f1,0,1,73,89,1,0.5237140810794558,0.1313595437936135
logreg,r0f1,0,1,74,90,1,0.5159492280960876,0.1313595437936135
logreg,r0f1,0,1,75,91,1,0.5060961872119609,0.1313595437936135
logreg,r0f1,0,1,76,92,1,0.5876052727878102,0.1313595437936135
logreg,r0f1,0,1,77,93,1,0.9244542781919909,0.1313595437936135
logreg,r0f1,0,1,80,97,1,0.33897486860114767,0.1313595437936135
logreg,r0f1,0,1,87,104,0,0.2878049069907308,0.1313595437936135
logreg,r0f1,0,1,88,105,1,0.332352607914448,0.1313595437936135
logreg,r0f1,0,1,90,107,1,0.25714707109105606,0.1313595437936135
logreg,r0f1,0,1,107,125,0,0.014452536820895354,0.1313595437936135
logreg,r0f1,0,1,108,126,0,0.010712756960084644,0.1313595437936135
logreg,r0f1,0,1,109,127,0,0.012466322866187988,0.1313595437936135
logreg,r0f1,0,1,110,128,0,0.011135556967233591,0.1313595437936135
logreg,r0f1,0,1,111,129,0,0.02292061643543651,0.1313595437936135
logreg,r0f1,0,1,112,130,0,0.05830924695234438,0.1313595437936135
logreg,r0f1,0,1,128,147,0,0.011606330878370557,0.1313595437936135
logreg,r0f1,0,1,173,192,0,0.03083838070676048,0.1313595437936135
logreg,r0f1,0,1,174,193,0,0.024121356402387443,0.1313595437936135
logreg,r0f1,0,1,175,194,0,0.019763509569647952,0.1313595437936135
logreg,r0f1,0,1,176,195,0,0.12842289452199185,0.1313595437936135
logreg,r0f1,0,1,192,212,0,0.26309836933543224,0.1313595437936135
logreg,r0f1,0,1,204,225,0,0.058058001748994746,0.1313595437936135
logreg,r0f1,0,1,210,231,1,0.42567529219200273,0.1313595437936135
logreg,r0f1,0,1,221,244,0,0.004646901114881841,0.1313595437936135
logreg,r0f1,0,1,222,245,0,0.003049939876310746,0.1313595437936135
logreg,r0f1,0,1,226,249,0,0.1629454946397314,0.1313595437936135
logreg,r0f1,0,1,227,250,1,0.4765499921816988,0.1313595437936135
logreg,r0f1,0,1,228,251,0,0.2039880942320269,0.1313595437936135
logreg,r0f1,0,1,229,252,1,0.20216025697046947,0.1313595437936135
logreg,r0f1,0,1,230,253,0,0.09789929806315163,0.1313595437936135
logreg,r0f1,0,1,231,254,1,0.10319591611236474,0.1313595437936135
logreg,r0f1,0,1,237,260,0,0.01827845706147534,0.1313595437936135
logreg,r0f1,0,1,238,261,0,0.07096499003373205,0.1313595437936135
logreg,r0f1,0,1,239,262,0,0.028558540333122513,0.1313595437936135
logreg,r0f1,0,1,240,263,0,0.020545048850165486,0.1313595437936135
logreg,r0f2,0,2,17,29,1,0.9894225331603493,0.16455533901204628
logreg,r0f2,0,2,18,30,0,0.9917677791650095,0.16455533901204628
logreg,r0f2,0,2,19,31,1,0.9908744544710011,0.16455533901204628
logreg,r0f2,0,2,20,32,1,0.9960532254644602,0.16455533901204628
logreg,r0f2,0,2,32,44,1,0.9924805855392015,0.16455533901204628
logreg,r0f2,0,2,33,45,0,0.9887862260277773,0.16455533901204628
logreg,r0f2,0,2,40,52,1,0.9868318449543168,0.16455533901204628
logreg,r0f2,0,2,56,69,1,0.7735240030840875,0.16455533901204628
logreg,r0f2,0,2,64,77,0,0.009092512591189575,0.16455533901204628
logreg,r0f2,0,2,65,78,0,0.007129218136919112,0.16455533901204628
logreg,r0f2,0,2,68,84,0,0.0019387771618857292,0.16455533901204628
logreg,r0f2,0,2,69,85,0,0.0019584248377489508,0.16455533901204628
logreg,r0f2,0,2,70,86,0,0.0025207898118521062,0.16455533901204628
logreg,r0f2,0,2,71,87,0,0.0021419015240629943,0.16455533901204628
logreg,r0f2,0,2,81,98,0,0.483734449580925,0.16455533901204628
logreg,r0f2,0,2,82,99,0,0.5445915116186332,0.16455533901204628
logreg,r0f2,0,2,83,100,0,0.09221642980349985,0.16455533901204628
logreg,r0f2,0,2,84,101,0,0.16728837800032384,0.16455533901204628
logreg,r0f2,0,2,89,106,1,0.4311609221001662,0.16455533901204628
logreg,r0f2,0,2,91,108,1,0.4933505403790419,0.16455533901204628
logreg,r0f2,0,2,159,178,0,0.4710481422935538,0.16455533901204628
logreg,r0f2,0,2,160,179,1,0.9601230508367237,0.16455533901204628
logreg,r0f2,0,2,164,183,0,0.4926532108930369,0.16455533901204628
logreg,r0f2,0,2,165,184,0,0.4642988238627646,0.16455533901204628
logreg,r0f2,0,2,166,185,0,0.40732498013288,0.16455533901204628
logreg,r0f2,0,2,167,186,0,0.3774062849783128,0.16455533901204628
logreg,r0f2,0,2,193,213,0,0.001077735756744953,0.16455533901204628
logreg,r0f2,0,2,194,214,0,0.33564201619422845,0.16455533901204628
logreg,r0f2,0,2,195,215,0,0.00991269924981142,0.16455533901204628
logreg,r0f2,0,2,196,216,0,0.007275284134795106,0.16455533901204628
logreg,r0f2,0,2,199,219,0,0.002154471765799377,0.16455533901204628
logreg,r0f2,0,2,200,220,0,0.0016830022603828612,0.16455533901204628
logreg,r0f2,0,2,201,221,0,0.0016149291552287257,0.16455533901204628
logreg,r0f2,0,2,205,226,0,0.02052849907205905,0.16455533901204628
logreg,r0f2,0,2,206,227,0,0.021713832380278783,0.16455533901204628
logreg,r0f2,0,2,211,232,0,0.015618005259574862,0.16455533901204628
logreg,r0f2,0,2,212,233,1,0.2832209633770039,0.16455533901204628
logreg,r0f2,0,2,213,234,1,0.2992890284566475,0.16455533901204628
logreg,r0f2,0,2,214,235,0,0.03177567371615405,0.16455533901204628
logreg,r0f2,0,2,215,236,0,0.18390125603844248,0.16455533901204628
logreg,r0f2,0,2,216,238,1,0.4637814016347047,0.16455533901204628
logreg,r0f2,0,2,217,239,0,0.00791767944528056,0.16455533901204628
logreg,r0f2,0,2,218,240,0,0.007611356805709838,0.16455533901204628
logreg,r0f2,0,2,246,269,0,0.028100597279318133,0.16455533901204628
logreg,r0f2,0,2,247,270,1,0.12628623801802896,0.16455533901204628
logreg,r0f2,0,2,248,271,0,0.0012269476457201153,0.16455533901204628
logreg,r0f2,0,2,249,272,0,0.0011748478620038783,0.16455533901204628
logreg,r0f3,0,3,0,1,1,0.09508611202869123,0.25123983614631185
logreg,r0f3,0,3,1,2,0,0.1024048180976675,0.25123983614631185
logreg,r0f3,0,3,2,3,0,0.08909359151205594,0.25123983614631185
logreg,r0f3,0,3,3,4,0,0.11437792220471193,0.25123983614631185
logreg,r0f3,0,3,4,5,0,0.10638655590950752,0.25123983614631185
logreg,r0f3,0,3,5,6,0,0.1458340790504097,0.25123983614631185
logreg,r0f3,0,3,6,7,1,0.940764930595524,0.25123983614631185
logreg,r0f3,0,3,7,8,1,0.44414910911833516,0.25123983614631185
logreg,r0f3,0,3,8,19,1,0.9929895601344539,0.25123983614631185
logreg,r0f3,0,3,9,20,1,0.9940298342221708,0.25123983614631185
logreg,r0f3,0,3,10,21,1,0.9943091144181325,0.25123983614631185
logreg,r0f3,0,3,11,22,1,0.9943435909823644,0.25123983614631185
logreg,r0f3,0,3,12,23,1,0.9975099570549149,0.25123983614631185
logreg,r0f3,0,3,21,33,0,0.1494896811094702,0.25123983614631185
logreg,r0f3,0,3,22,34,0,0.2664856394523553,0.25123983614631185
logreg,r0f3,0,3,23,35,0,0.06098997111688878,0.25123983614631185
logreg,r0f3,0,3,25,37,1,0.9938375074191391,0.25123983614631185
logreg,r0f3,0,3,26,38,1,0.9947555346648508,0.25123983614631185
logreg,r0f3,0,3,27,39,1,0.9981602975625851,0.25123983614631185
logreg,r0f3,0,3,34,46,1,0.15907661789590216,0.25123983614631185
logreg,r0f3,0,3,35,47,1,0.19981085850609628,0.25123983614631185
logreg,r0f3,0,3,36,48,1,0.24046623193675848,0.25123983614631185
logreg,r0f3,0,3,37,49,0,0.16199795072376047,0.25123983614631185
logreg,r0f3,0,3,38,50,0,0.1226137131810692,0.25123983614631185
logreg,r0f3,0,3,39,51,1,0.7743868941397344,0.25123983614631185
logreg,r0f3,0,3,121,140,0,0.009758918959040831,0.25123983614631185
logreg,r0f3,0,3,122,141,0,0.0050998517367322055,0.25123983614631185
logreg,r0f3,0,3,123,142,0,0.0028532907772568557,0.25123983614631185
logreg,r0f3,0,3,124,143,0,0.0035738794126897976,0.25123983614631185
logreg,r0f3,0,3,125,144,0,0.13865332114923715,0.25123983614631185
logreg,r0f3,0,3,126,145,0,0.12465778631605981,0.25123983614631185
logreg,r0f3,0,3,127,146,0,0.20365586775135716,0.25123983614631185
logreg,r0f3,0,3,129,148,1,0.5407759458485986,0.25123983614631185
logreg,r0f3,0,3,130,149,1,0.7647722321777538,0.25123983614631185
logreg,r0f3,0,3,131,150,0,0.18133208712567395,0.25123983614631185
logreg,r0f3,0,3,147,166,0,0.003000269430322653,0.25123983614631185
logreg,r0f3,0,3,148,167,0,0.0017746568309630884,0.25123983614631185
logreg,r0f3,0,3,149,168,1,0.10881542362691597,0.25123983614631185
logreg,r0f3,0,3,150,169,0,0.10893807517929836,0.25123983614631185
logreg,r0f3,0,3,151,170,0,0.13884965087952555,0.25123983614631185
logreg,r0f3,0,3,177,196,0,0.24235044810049658,0.25123983614631185
logreg,r0f3,0,3,178,197,0,0.2516393544819936,0.25123983614631185
logreg,r0f3,0,3,179,198,1,0.8102707368063357,0.25123983614631185
logreg,r0f3,0,3,180,199,0,0.13138588420750366,0.25123983614631185
logreg,r0f3,0,3,181,200,0,0.08609591226096681,0.25123983614631185
logreg,r0f3,0,3,182,201,0,0.07841479069903506,0.25123983614631185
logreg,r0f3,0,3,183,202,0,0.20972323801358478,0.25123983614631185
logreg,r0f3,0,3,184,203,0,0.16087151442666436,0.25123983614631185
logreg,r0f3,0,3,185,204,1,0.13155792365251112,0.25123983614631185
logreg,r0f3,0,3,186,205,1,0.12504545845950799,0.25123983614631185
logreg,r0f3,0,3,187,206,1,0.4394510402519006,0.25123983614631185
logreg,r0f3,0,3,188,207,1,0.601132557511674,0.25123983614631185
logreg,r0f3,0,3,189,208,1,0.464261551726902,0.25123983614631185
logreg,r0f3,0,3,207,228,0,0.21989879608713747,0.25123983614631185
logreg,r0f3,0,3,208,229,1,0.7860477534740917,0.25123983614631185
logreg,r0f3,0,3,209,230,0,0.10106278964323381,0.25123983614631185
logreg,r0f3,0,3,219,241,0,0.013966674606872084,0.25123983614631185
logreg,r0f3,0,3,220,243,0,0.6982660585260652,0.25123983614631185
logreg,r0f3,0,3,225,248,0,0.002543293884393813,0.25123983614631185
logreg,r0f3,0,3,232,255,0,0.17918480682308302,0.25123983614631185
logreg,r0f3,0,3,233,256,0,0.1822059142568699,0.25123983614631185
logreg,r0f3,0,3,234,257,0,0.1371991058706387,0.25123983614631185
logreg,r0f3,0,3,235,258,0,0.24430086944971227,0.25123983614631185
logreg,r0f3,0,3,236,259,0,0.473897649258699,0.25123983614631185
logreg,r0f3,0,3,241,264,0,0.04826365032099279,0.25123983614631185
logreg,r0f3,0,3,242,265,0,0.03080188691954912,0.25123983614631185
logreg,r0f3,0,3,243,266,0,0.018887642977267805,0.25123983614631185
logreg,r0f3,0,3,244,267,0,0.4774160379601314,0.25123983614631185
logreg,r0f3,0,3,245,268,0,0.7376219026208576,0.25123983614631185
logreg,r0f4,0,4,45,58,0,0.11318105066039565,0.17605036531317222
logreg,r0f4,0,4,46,59,0,0.09438377309882842,0.17605036531317222
logreg,r0f4,0,4,47,60,0,0.10552116568965052,0.17605036531317222
logreg,r0f4,0,4,48,61,0,0.11244644495817209,0.17605036531317222
logreg,r0f4,0,4,49,62,0,0.1217265493782112,0.17605036531317222
logreg,r0f4,0,4,50,63,1,0.787768253464033,0.17605036531317222
logreg,r0f4,0,4,51,64,0,0.48183128108161727,0.17605036531317222
logreg,r0f4,0,4,85,102,0,0.07861752896774307,0.17605036531317222
logreg,r0f4,0,4,86,103,0,0.02721661967638709,0.17605036531317222
logreg,r0f4,0,4,92,109,0,0.10239541328411333,0.17605036531317222
logreg,r0f4,0,4,93,110,0,0.08401682211949044,0.17605036531317222
logreg,r0f4,0,4,94,111,1,0.0971833420653562,0.17605036531317222
logreg,r0f4,0,4,95,112,1,0.11776847772885321,0.17605036531317222
logreg,r0f4,0,4,113,131,1,0.9561354517510285,0.17605036531317222
logreg,r0f4,0,4,114,132,1,0.6717452397980054,0.17605036531317222
logreg,r0f4,0,4,115,133,1,0.28924188121503197,0.17605036531317222
logreg,r0f4,0,4,116,134,0,0.12296228054682647,0.17605036531317222
logreg,r0f4,0,4,117,135,1,0.5772004141488886,0.17605036531317222
logreg,r0f4,0,4,118,136,1,0.385569312129208,0.17605036531317222
logreg,r0f4,0,4,119,137,1,0.35526275155276077,0.17605036531317222
logreg,r0f4,0,4,120,139,1,0.951776037644787,0.17605036531317222
logreg,r0f4,0,4,132,151,1,0.03998129299451728,0.17605036531317222
logreg,r0f4,0,4,133,152,0,0.03395988029262758,0.17605036531317222
logreg,r0f4,0,4,134,153,0,0.028932501994445317,0.17605036531317222
logreg,r0f4,0,4,135,154,0,0.01973986193334435,0.17605036531317222
logreg,r0f4,0,4,136,155,0,0.19713523353364776,0.17605036531317222
logreg,r0f4,0,4,137,156,1,0.8997542487210674,0.17605036531317222
logreg,r0f4,0,4,142,161,0,0.003172945202663315,0.17605036531317222
logreg,r0f4,0,4,143,162,0,0.0025899911658649323,0.17605036531317222
logreg,r0f4,0,4,144,163,0,0.0022442030364573547,0.17605036531317222
logreg,r0f4,0,4,145,164,0,0.002242416320447646,0.17605036531317222
logreg,r0f4,0,4,146,165,0,0.6431168514848128,0.17605036531317222
logreg,r0f4,0,4,152,171,0,0.018048244948044564,0.17605036531317222
logreg,r0f4,0,4,153,172,0,0.36965494657647774,0.17605036531317222
logreg,r0f4,0,4,154,173,1,0.8991063009967045,0.17605036531317222
logreg,r0f4,0,4,170,189,0,0.03922975872614581,0.17605036531317222
logreg,r0f4,0,4,171,190,0,0.02874740848447627,0.17605036531317222
logreg,r0f4,0,4,172,191,0,0.02161188410557008,0.17605036531317222
logreg,r0f4,0,4,190,209,0,0.07660992187767969,0.17605036531317222
logreg,r0f4,0,4,191,211,0,0.4098696528030661,0.17605036531317222
logreg,r0f4,0,4,202,222,0,0.13090666509493804,0.17605036531317222
logreg,r0f4,0,4,203,224,1,0.8082154782723033,0.17605036531317222
logreg,r0f4,0,4,223,246,0,0.000989222844364715,0.17605036531317222
logreg,r0f4,0,4,224,247,0,0.0008360753654285341,0.17605036531317222
logreg,r1f0,1,0,8,19,1,0.9963908395071122,0.18160151136301034
logreg,r1f0,1,0,9,20,1,0.9957340607122236,0.18160151136301034
logreg,r1f0,1,0,10,21,1,0.9958683308678752,0.18160151136301034
logreg,r1f0,1,0,11,22,1,0.9958849210349904,0.18160151136301034
logreg,r1f0,1,0,12,23,1,0.998676046343007,0.18160151136301034
logreg,r1f0,1,0,25,37,1,0.9956397396232919,0.18160151136301034
logreg,r1f0,1,0,26,38,1,0.9960827462714846,0.18160151136301034
logreg,r1f0,1,0,27,39,1,0.9990021053094208,0.18160151136301034
logreg,r1f0,1,0,45,58,0,0.11000099360990051,0.18160151136301034
logreg,r1f0,1,0,46,59,0,0.08519373195988088,0.18160151136301034
logreg,r1f0,1,0,47,60,0,0.10048044148201751,0.18160151136301034
logreg,r1f0,1,0,48,61,0,0.10942608464107977,0.18160151136301034
logreg,r1f0,1,0,49,62,0,0.10770166505111167,0.18160151136301034
logreg,r1f0,1,0,50,63,1,0.7823928870752815,0.18160151136301034
logreg,r1f0,1,0,51,64,0,0.4623364359646289,0.18160151136301034
logreg,r1f0,1,0,62,75,0,0.008638046731228085,0.18160151136301034
logreg,r1f0,1,0,63,76,0,0.01119040931137949,0.18160151136301034
logreg,r1f0,1,0,66,79,0,0.048030091841300346,0.18160151136301034
logreg,r1f0,1,0,67,82,0,0.009831470712551452,0.18160151136301034
logreg,r1f0,1,0,85,102,0,0.08715767674594802,0.18160151136301034
logreg,r1f0,1,0,86,103,0,0.029484941897524302,0.18160151136301034
logreg,r1f0,1,0,92,109,0,0.12130135669920931,0.18160151136301034
logreg,r1f0,1,0,93,110,0,0.09424167852925412,0.18160151136301034
logreg,r1f0,1,0,94,111,1,0.11361437954918288,0.18160151136301034
logreg,r1f0,1,0,95,112,1,0.14180866767397798,0.18160151136301034
logreg,r1f0,1,0,142,161,0,0.005254903198396808,0.18160151136301034
logreg,r1f0,1,0,143,162,0,0.004052283052783636,0.18160151136301034
logreg,r1f0,1,0,144,163,0,0.0033834830934801803,0.18160151136301034
logreg,r1f0,1,0,145,164,0,0.0033822385336967275,0.18160151136301034
logreg,r1f0,1,0,161,180,0,0.10299317914754035,0.18160151136301034
logreg,r1f0,1,0,162,181,0,0.5704116478333257,0.18160151136301034
logreg,r1f0,1,0,163,182,1,0.9255527364442171,0.18160151136301034
logreg,r1f0,1,0,168,187,0,0.09019124949703068,0.18160151136301034
logreg,r1f0,1,0,169,188,0,0.06523249250470199,0.18160151136301034
logreg,r1f0,1,0,197,217,0,0.01261083553516961,0.18160151136301034
logreg,r1f0,1,0,198,218,0,0.00959184439088984,0.18160151136301034
logreg,r1f0,1,0,204,225,0,0.07269324896720734,0.18160151136301034
logreg,r1f0,1,0,210,231,1,0.4941807911558118,0.18160151136301034
logreg,r1f0,1,0,219,241,0,0.010503677836895138,0.18160151136301034
logreg,r1f0,1,0,220,243,0,0.6648968653324803,0.18160151136301034
logreg,r1f0,1,0,241,264,0,0.01866938145799727,0.18160151136301034
logreg,r1f0,1,0,242,265,0,0.013765084196497511,0.18160151136301034
logreg,r1f0,1,0,243,266,0,0.009911746419726272,0.18160151136301034
logreg,r1f0,1,0,244,267,0,0.3013194650175234,0.18160151136301034
logreg,r1f0,1,0,245,268,0,0.5609262251195899,0.18160151136301034
logreg,r1f1,1,1,0,1,1,0.13309377911732456,0.23215924878111832
logreg,r1f1,1,1,1,2,0,0.13672443954122457,0.23215924878111832
logreg,r1f1,1,1,2,3,0,0.1257703864050181,0.23215924878111832
logreg,r1f1,1,1,3,4,0,0.14621454003928028,0.23215924878111832
logreg,r1f1,1,1,4,5,0,0.14050697168727302,0.23215924878111832
logreg,r1f1,1,1,5,6,0,0.16725015038308383,0.23215924878111832
logreg,r1f1,1,1,6,7,1,0.9226681058555259,0.23215924878111832
logreg,r1f1,1,1,7,8,1,0.38867596180151287,0.23215924878111832
logreg,r1f1,1,1,21,33,0,0.16723245957533636,0.23215924878111832
logreg,r1f1,1,1,22,34,0,0.2309914170021867,0.23215924878111832
logreg,r1f1,1,1,23,35,0,0.050954582939141776,0.23215924878111832
logreg,r1f1,1,1,34,46,1,0.17049789845130697,0.23215924878111832
logreg,r1f1,1,1,35,47,1,0.166716174622967,0.23215924878111832
logreg,r1f1,1,1,36,48,1,0.21670660748266468,0.23215924878111832
logreg,r1f1,1,1,37,49,0,0.13602229501116825,0.23215924878111832
logreg,r1f1,1,1,38,50,0,0.10175435744530177,0.23215924878111832
logreg,r1f1,1,1,39,51,1,0.7223951745271348,0.23215924878111832
logreg,r1f1,1,1,52,65,0,0.02964504516362335,0.23215924878111832
logreg,r1f1,1,1,53,66,0,0.02241080036003601,0.23215924878111832
logreg,r1f1,1,1,54,67,0,0.03558602317169693,0.23215924878111832
logreg,r1f1,1,1,55,68,0,0.021160321400757676,0.23215924878111832
logreg,r1f1,1,1,57,70,0,0.000726576620839837,0.23215924878111832
logreg,r1f1,1,1,58,71,0,0.020347609274410858,0.23215924878111832
logreg,r1f1,1,1,59,72,1,0.9118979456907981,0.23215924878111832
logreg,r1f1,1,1,60,73,0,0.0007880327458226474,0.23215924878111832
logreg,r1f1,1,1,61,74,1,0.8570246262010424,0.23215924878111832
logreg,r1f1,1,1,80,97,1,0.4556998424333212,0.23215924878111832
logreg,r1f1,1,1,87,104,0,0.4029911775866108,0.23215924878111832
logreg,r1f1,1,1,88,105,1,0.44856051085159243,0.23215924878111832
logreg,r1f1,1,1,90,107,1,0.36878451296070486,0.23215924878111832
logreg,r1f1,1,1,107,125,0,0.017734752390540818,0.23215924878111832
logreg,r1f1,1,1,108,126,0,0.013605710832212011,0.23215924878111832
logreg,r1f1,1,1,109,127,0,0.015554275643136158,0.23215924878111832
logreg,r1f1,1,1,110,128,0,0.014004359095768162,0.23215924878111832
logreg,r1f1,1,1,111,129,0,0.014304660083892815,0.23215924878111832
logreg,r1f1,1,1,112,130,0,0.04306431975541967,0.23215924878111832
logreg,r1f1,1,1,113,131,1,0.9393432688600951,0.23215924878111832
logreg,r1f1,1,1,114,132,1,0.5664689674287996,0.23215924878111832
logreg,r1f1,1,1,115,133,1,0.19452002804067695,0.23215924878111832
logreg,r1f1,1,1,116,134,0,0.07346895387962817,0.23215924878111832
logreg,r1f1,1,1,117,135,1,0.4608502390582454,0.23215924878111832
logreg,r1f1,1,1,118,136,1,0.27507189881398403,0.23215924878111832
logreg,r1f1,1,1,119,137,1,0.24881898923341927,0.23215924878111832
logreg,r1f1,1,1,120,139,1,0.9330346745145418,0.23215924878111832
logreg,r1f1,1,1,128,147,0,0.01465422590052571,0.23215924878111832
logreg,r1f1,1,1,138,157,0,0.013219118262825508,0.23215924878111832
logreg,r1f1,1,1,139,158,0,0.010925866113868764,0.23215924878111832
logreg,r1f1,1,1,140,159,0,0.007839938036352216,0.23215924878111832
logreg,r1f1,1,1,141,160,0,0.007896573422197802,0.23215924878111832
logreg,r1f1,1,1,183,202,0,0.2051721575414903,0.23215924878111832
logreg,r1f1,1,1,184,203,0,0.1758066094961167,0.23215924878111832
logreg,r1f1,1,1,185,204,1,0.11206401930462645,0.23215924878111832
logreg,r1f1,1,1,186,205,1,0.10635518575781414,0.23215924878111832
logreg,r1f1,1,1,187,206,1,0.38536222708239404,0.23215924878111832
logreg,r1f1,1,1,188,207,1,0.5419713534303592,0.23215924878111832
logreg,r1f1,1,1,189,208,1,0.4074932409849148,0.23215924878111832
logreg,r1f1,1,1,190,209,0,0.03686614621839199,0.23215924878111832
logreg,r1f1,1,1,191,211,0,0.2606152718234447,0.23215924878111832
logreg,r1f1,1,1,192,212,0,0.18207422397585335,0.23215924878111832
logreg,r1f1,1,1,207,228,0,0.1847555025399712,0.23215924878111832
logreg,r1f1,1,1,208,229,1,0.7369149882398623,0.23215924878111832
logreg,r1f1,1,1,209,230,0,0.08400459421821634,0.23215924878111832
logreg,r1f1,1,1,214,235,0,0.04856447620408093,0.23215924878111832
logreg,r1f1,1,1,215,236,0,0.26937006106805683,0.23215924878111832
logreg,r1f1,1,1,216,238,1,0.5940750894712785,0.23215924878111832
logreg,r1f1,1,1,217,239,0,0.014300389734772493,0.23215924878111832
logreg,r1f1,1,1,218,240,0,0.013657949755934878,0.23215924878111832
logreg,r1f2,1,2,24,36,0,0.17846076744686284,0.14700235964367106
logreg,r1f2,1,2,41,54,0,0.2555073761577209,0.14700235964367106
logreg,r1f2,1,2,42,55,1,0.2410268878804413,0.14700235964367106
logreg,r1f2,1,2,43,56,1,0.21734630299993787,0.14700235964367106
logreg,r1f2,1,2,44,57,0,0.48332540571934934,0.14700235964367106
logreg,r1f2,1,2,72,88,1,0.5842874979342875,0.14700235964367106
logreg,r1f2,1,2,73,89,1,0.6491068296793852,0.14700235964367106
logreg,r1f2,1,2,74,90,1,0.6410871094841766,0.14700235964367106
logreg,r1f2,1,2,75,91,1,0.6313257630776354,0.14700235964367106
logreg,r1f2,1,2,76,92,1,0.6792605656056644,0.14700235964367106
logreg,r1f2,1,2,77,93,1,0.9610247753689571,0.14700235964367106
logreg,r1f2,1,2,78,94,0,0.4656733229926172,0.14700235964367106
logreg,r1f2,1,2,79,95,0,0.41973058069302915,0.14700235964367106
logreg,r1f2,1,2,96,113,0,0.12982158051249118,0.14700235964367106
logreg,r1f2,1,2,97,115,0,0.11960306875412625,0.14700235964367106
logreg,r1f2,1,2,98,116,0,0.08952384052782597,0.14700235964367106
logreg,r1f2,1,2,99,117,0,0.043199771258710766,0.14700235964367106
logreg,r1f2,1,2,100,118,0,0.2766078746227113,0.14700235964367106
logreg,r1f2,1,2,121,140,0,0.01042916142665165,0.14700235964367106
logreg,r1f2,1,2,122,141,0,0.0066966386215917715,0.14700235964367106
logreg,r1f2,1,2,123,142,0,0.004505043627408812,0.14700235964367106
logreg,r1f2,1,2,124,143,0,0.0052553337960237955,0.14700235964367106
logreg,r1f2,1,2,132,151,1,0.06624877990045053,0.14700235964367106
logreg,r1f2,1,2,133,152,0,0.054110544380860354,0.14700235964367106
logreg,r1f2,1,2,134,153,0,0.04389648288242001,0.14700235964367106
logreg,r1f2,1,2,135,154,0,0.03416962146798866,0.14700235964367106
logreg,r1f2,1,2,136,155,0,0.31343799210515866,0.14700235964367106
logreg,r1f2,1,2,137,156,1,0.9471438574603437,0.14700235964367106
logreg,r1f2,1,2,146,165,0,0.7770904144654701,0.14700235964367106
logreg,r1f2,1,2,147,166,0,0.005314973095449524,0.14700235964367106
logreg,r1f2,1,2,148,167,0,0.0037160129822938304,0.14700235964367106
logreg,r1f2,1,2,152,171,0,0.030972948864962407,0.14700235964367106
logreg,r1f2,1,2,153,172,0,0.5231330403324288,0.14700235964367106
logreg,r1f2,1,2,154,173,1,0.9461255543871183,0.14700235964367106
logreg,r1f2,1,2,155,174,1,0.9299788621878773,0.14700235964367106
logreg,r1f2,1,2,156,175,1,0.8294871999164306,0.14700235964367106
logreg,r1f2,1,2,157,176,0,0.5916066906455105,0.14700235964367106
logreg,r1f2,1,2,158,177,0,0.44261540581087305,0.14700235964367106
logreg,r1f2,1,2,170,189,0,0.06420317739249638,0.14700235964367106
logreg,r1f2,1,2,171,190,0,0.04330486890287529,0.14700235964367106
logreg,r1f2,1,2,172,191,0,0.029701529340148723,0.14700235964367106
logreg,r1f2,1,2,173,192,0,0.03307383777138046,0.14700235964367106
logreg,r1f2,1,2,174,193,0,0.025350059585450543,0.14700235964367106
logreg,r1f2,1,2,175,194,0,0.01699165986423056,0.14700235964367106
logreg,r1f2,1,2,176,195,0,0.14342157022376073,0.14700235964367106
logreg,r1f2,1,2,227,250,1,0.5386032981024585,0.14700235964367106
logreg,r1f2,1,2,230,253,0,0.11042735410072071,0.14700235964367106
logreg,r1f2,1,2,231,254,1,0.1168251395748038,0.14700235964367106
logreg,r1f3,1,3,13,25,1,0.9617658496888538,0.11988951585447878
logreg,r1f3,1,3,14,26,1,0.9749160492970842,0.11988951585447878
logreg,r1f3,1,3,15,27,1,0.9305351230770088,0.11988951585447878
logreg,r1f3,1,3,16,28,1,0.977997191701904,0.11988951585447878
logreg,r1f3,1,3,28,40,1,0.9765805674439036,0.11988951585447878
logreg,r1f3,1,3,29,41,1,0.9721966821427257,0.11988951585447878
logreg,r1f3,1,3,30,42,1,0.9921690782317036,0.11988951585447878
logreg,r1f3,1,3,31,43,1,0.9912054894002952,0.11988951585447878
logreg,r1f3,1,3,56,69,1,0.8532437529348182,0.11988951585447878
logreg,r1f3,1,3,64,77,0,0.021646878850033857,0.11988951585447878
logreg,r1f3,1,3,65,78,0,0.016491234836013148,0.11988951585447878
logreg,r1f3,1,3,101,119,0,0.21355929689328032,0.11988951585447878
logreg,r1f3,1,3,102,120,0,0.27857424957394017,0.11988951585447878
logreg,r1f3,1,3,103,121,0,0.05022077280491937,0.11988951585447878
logreg,r1f3,1,3,104,122,0,0.03583986091173895,0.11988951585447878
logreg,r1f3,1,3,105,123,0,0.04699153941183804,0.11988951585447878
logreg,r1f3,1,3,106,124,0,0.027992538021566385,0.11988951585447878
logreg,r1f3,1,3,193,213,0,0.004529530394994639,0.11988951585447878
logreg,r1f3,1,3,194,214,0,0.5179051366094101,0.11988951585447878
logreg,r1f3,1,3,195,215,0,0.02405986856886652,0.11988951585447878
logreg,r1f3,1,3,196,216,0,0.016976913972515207,0.11988951585447878
logreg,r1f3,1,3,202,222,0,0.13588828893425747,0.11988951585447878
logreg,r1f3,1,3,203,224,1,0.7705310915517349,0.11988951585447878
logreg,r1f3,1,3,205,226,0,0.030916891822309733,0.11988951585447878
logreg,r1f3,1,3,206,227,0,0.032905067536729365,0.11988951585447878
logreg,r1f3,1,3,211,232,0,0.0342515540920015,0.11988951585447878
logreg,r1f3,1,3,212,233,1,0.3810593674408123,0.11988951585447878
logreg,r1f3,1,3,213,234,1,0.3973082370098238,0.11988951585447878
logreg,r1f3,1,3,221,244,0,0.00461093256459891,0.11988951585447878
logreg,r1f3,1,3,222,245,0,0.0028201669855563833,0.11988951585447878
logreg,r1f3,1,3,223,246,0,0.0012513950240608774,0.11988951585447878
logreg,r1f3,1,3,224,247,0,0.0009841989455262054,0.11988951585447878
logreg,r1f3,1,3,232,255,0,0.08624457242073245,0.11988951585447878
logreg,r1f3,1,3,233,256,0,0.08745600310999052,0.11988951585447878
logreg,r1f3,1,3,234,257,0,0.06965056768275117,0.11988951585447878
logreg,r1f3,1,3,235,258,0,0.14999053717901656,0.11988951585447878
logreg,r1f3,1,3,236,259,0,0.29626828201488536,0.11988951585447878
logreg,r1f3,1,3,237,260,0,0.026717700120766394,0.11988951585447878
logreg,r1f3,1,3,238,261,0,0.10313080744270973,0.11988951585447878
logreg,r1f3,1,3,239,262,0,0.05512836007816911,0.11988951585447878
logreg,r1f3,1,3,240,263,0,0.03790139270073865,0.11988951585447878
logreg,r1f3,1,3,246,269,0,0.10886802407625222,0.11988951585447878
logreg,r1f3,1,3,247,270,1,0.33789893514704256,0.11988951585447878
logreg,r1f3,1,3,248,271,0,0.005136478777388738,0.11988951585447878
logreg,r1f3,1,3,249,272,0,0.0048855383666604035,0.11988951585447878
logreg,r1f3,1,3,250,273,0,0.1039208769315669,0.11988951585447878
logreg,r1f3,1,3,251,274,0,0.3844450254065673,0.11988951585447878
logreg,r1f4,1,4,17,29,1,0.9877986594900077,0.19690127902682308
logreg,r1f4,1,4,18,30,0,0.9915154785493318,0.19690127902682308
logreg,r1f4,1,4,19,31,1,0.9906319281641085,0.19690127902682308
logreg,r1f4,1,4,20,32,1,0.9959405512948397,0.19690127902682308
logreg,r1f4,1,4,32,44,1,0.9925157547399257,0.19690127902682308
logreg,r1f4,1,4,33,45,0,0.986767318930294,0.19690127902682308
logreg,r1f4,1,4,40,52,1,0.9865037344044577,0.19690127902682308
logreg,r1f4,1,4,68,84,0,0.0023063781331286036,0.19690127902682308
logreg,r1f4,1,4,69,85,0,0.002356938066787801,0.19690127902682308
logreg,r1f4,1,4,70,86,0,0.003377263008490998,0.19690127902682308
logreg,r1f4,1,4,71,87,0,0.0026797685474064695,0.19690127902682308
logreg,r1f4,1,4,81,98,0,0.472813788683754,0.19690127902682308
logreg,r1f4,1,4,82,99,0,0.5589879518825955,0.19690127902682308
logreg,r1f4,1,4,83,100,0,0.08435978040044294,0.19690127902682308
logreg,r1f4,1,4,84,101,0,0.15411147362217628,0.19690127902682308
logreg,r1f4,1,4,89,106,1,0.398746185873348,0.19690127902682308
logreg,r1f4,1,4,91,108,1,0.487145216921134,0.19690127902682308
logreg,r1f4,1,4,125,144,0,0.24937098235134006,0.19690127902682308
logreg,r1f4,1,4,126,145,0,0.22947789604253777,0.19690127902682308
logreg,r1f4,1,4,127,146,0,0.339199508892101,0.19690127902682308
logreg,r1f4,1,4,129,148,1,0.6864936223255611,0.19690127902682308
logreg,r1f4,1,4,130,149,1,0.852623838468219,0.19690127902682308
logreg,r1f4,1,4,131,150,0,0.31010865658713166,0.19690127902682308
logreg,r1f4,1,4,149,168,1,0.20805761778351597,0.19690127902682308
logreg,r1f4,1,4,150,169,0,0.2092643912961015,0.19690127902682308
logreg,r1f4,1,4,151,170,0,0.2548777109727676,0.19690127902682308
logreg,r1f4,1,4,159,178,0,0.44468511386031423,0.19690127902682308
logreg,r1f4,1,4,160,179,1,0.9555084479608931,0.19690127902682308
logreg,r1f4,1,4,164,183,0,0.4843702257805701,0.19690127902682308
logreg,r1f4,1,4,165,184,0,0.4441635531126693,0.19690127902682308
logreg,r1f4,1,4,166,185,0,0.36428128334355114,0.19690127902682308
logreg,r1f4,1,4,167,186,0,0.3240878806469444,0.19690127902682308
logreg,r1f4,1,4,177,196,0,0.3841561152838048,0.19690127902682308
logreg,r1f4,1,4,178,197,0,0.39626356085435743,0.19690127902682308
logreg,r1f4,1,4,179,198,1,0.8808106051326547,0.19690127902682308
logreg,r1f4,1,4,180,199,0,0.23548150747761518,0.19690127902682308
logreg,r1f4,1,4,181,200,0,0.1666836594661178,0.19690127902682308
logreg,r1f4,1,4,182,201,0,0.1542763145766679,0.19690127902682308
logreg,r1f4,1,4,199,219,0,0.002655421313460207,0.19690127902682308
logreg,r1f4,1,4,200,220,0,0.001864710763883792,0.19690127902682308
logreg,r1f4,1,4,201,221,0,0.0017634004843504328,0.19690127902682308
logreg,r1f4,1,4,225,248,0,0.0005611195703336709,0.19690127902682308
logreg,r1f4,1,4,226,249,0,0.3032162505795231,0.19690127902682308
logreg,r1f4,1,4,228,251,0,0.5141168012980943,0.19690127902682308
logreg,r1f4,1,4,229,252,1,0.5100000404519969,0.19690127902682308
logreg,r2f0,2,0,13,25,1,0.9636924326573877,0.16830766759360344
logreg,r2f0,2,0,14,26,1,0.9760487706823324,0.16830766759360344
logreg,r2f0,2,0,15,27,1,0.9364260130161697,0.16830766759360344
logreg,r2f0,2,0,16,28,1,0.9815317689194495,0.16830766759360344
logreg,r2f0,2,0,28,40,1,0.9776420976412314,0.16830766759360344
logreg,r2f0,2,0,29,41,1,0.9735211171455462,0.16830766759360344
logreg,r2f0,2,0,30,42,1,0.993903501385405,0.16830766759360344
logreg,r2f0,2,0,31,43,1,0.9930960910835255,0.16830766759360344
logreg,r2f0,2,0,52,65,0,0.025119974369382115,0.16830766759360344
logreg,r2f0,2,0,53,66,0,0.017660675434450473,0.16830766759360344
logreg,r2f0,2,0,54,67,0,0.03189389453756239,0.16830766759360344
logreg,r2f0,2,0,55,68,0,0.016549327410648216,0.16830766759360344
logreg,r2f0,2,0,57,70,0,0.0014300574135751411,0.16830766759360344
logreg,r2f0,2,0,58,71,0,0.015713225631106494,0.16830766759360344
logreg,r2f0,2,0,59,72,1,0.9104253177089777,0.16830766759360344
logreg,r2f0,2,0,60,73,0,0.0015416869684029518,0.16830766759360344
logreg,r2f0,2,0,61,74,1,0.859880004774894,0.16830766759360344
logreg,r2f0,2,0,85,102,0,0.10489194265670637,0.16830766759360344
logreg,r2f0,2,0,86,103,0,0.03830123384734653,0.16830766759360344
logreg,r2f0,2,0,92,109,0,0.12732473509735295,0.16830766759360344
logreg,r2f0,2,0,93,110,0,0.09680082255679989,0.16830766759360344
logreg,r2f0,2,0,94,111,1,0.1185774087035151,0.16830766759360344
logreg,r2f0,2,0,95,112,1,0.151407515378582,0.16830766759360344
logreg,r2f0,2,0,96,113,0,0.08553439371462514,0.16830766759360344
logreg,r2f0,2,0,97,115,0,0.07796270137170878,0.16830766759360344
logreg,r2f0,2,0,98,116,0,0.05665691029349701,0.16830766759360344
logreg,r2f0,2,0,99,117,0,0.028456609879142298,0.16830766759360344
logreg,r2f0,2,0,100,118,0,0.18177889656124502,0.16830766759360344
logreg,r2f0,2,0,149,168,1,0.11040317200469559,0.16830766759360344
logreg,r2f0,2,0,150,169,0,0.11029457266301781,0.16830766759360344
logreg,r2f0,2,0,151,170,0,0.1314347590769107,0.16830766759360344
logreg,r2f0,2,0,192,212,0,0.22442241122057538,0.16830766759360344
logreg,r2f0,2,0,204,225,0,0.05987694002904994,0.16830766759360344
logreg,r2f0,2,0,210,231,1,0.44674949902495464,0.16830766759360344
logreg,r2f0,2,0,223,246,0,0.0013704226830785356,0.16830766759360344
logreg,r2f0,2,0,224,247,0,0.0010811917628757812,0.16830766759360344
logreg,r2f0,2,0,225,248,0,0.0010361314837841011,0.16830766759360344
logreg,r2f0,2,0,237,260,0,0.03689913348463122,0.16830766759360344
logreg,r2f0,2,0,238,261,0,0.15065302100101507,0.16830766759360344
logreg,r2f0,2,0,239,262,0,0.07006464884716754,0.16830766759360344
logreg,r2f0,2,0,240,263,0,0.048654294006742434,0.16830766759360344
logreg,r2f0,2,0,241,264,0,0.019405501251127437,0.16830766759360344
logreg,r2f0,2,0,242,265,0,0.013919272300169863,0.16830766759360344
logreg,r2f0,2,0,243,266,0,0.009730541209655769,0.16830766759360344
logreg,r2f0,2,0,244,267,0,0.30004171114026534,0.16830766759360344
logreg,r2f0,2,0,245,268,0,0.5432001967736952,0.16830766759360344
logreg,r2f1,2,1,45,58,0,0.14923922788337565,0.149243495241537
logreg,r2f1,2,1,46,59,0,0.10953332173330689,0.149243495241537
logreg,r2f1,2,1,47,60,0,0.13332227719690912,0.149243495241537
logreg,r2f1,2,1,48,61,0,0.1480238102534233,0.149243495241537
logreg,r2f1,2,1,49,62,0,0.12325118140210954,0.149243495241537
logreg,r2f1,2,1,50,63,1,0.6889189044040838,0.149243495241537
logreg,r2f1,2,1,51,64,0,0.40971495656009466,0.149243495241537
logreg,r2f1,2,1,107,125,0,0.01471909167826691,0.149243495241537
logreg,r2f1,2,1,108,126,0,0.009850231022099584,0.149243495241537
logreg,r2f1,2,1,109,127,0,0.012068579689534162,0.149243495241537
logreg,r2f1,2,1,110,128,0,0.010328788813943997,0.149243495241537
logreg,r2f1,2,1,111,129,0,0.014264210096179047,0.149243495241537
logreg,r2f1,2,1,112,130,0,0.03469187054764883,0.149243495241537
logreg,r2f1,2,1,113,131,1,0.9157387542526014,0.149243495241537
logreg,r2f1,2,1,114,132,1,0.5976720918258875,0.149243495241537
logreg,r2f1,2,1,115,133,1,0.27615401994984506,0.149243495241537
logreg,r2f1,2,1,116,134,0,0.13470877734956724,0.149243495241537
logreg,r2f1,2,1,117,135,1,0.5130150628460748,0.149243495241537
logreg,r2f1,2,1,118,136,1,0.35406916810178096,0.149243495241537
logreg,r2f1,2,1,119,137,1,0.32947279959235365,0.149243495241537
logreg,r2f1,2,1,120,139,1,0.9086850551114912,0.149243495241537
logreg,r2f1,2,1,128,147,0,0.010998658488481873,0.149243495241537
logreg,r2f1,2,1,173,192,0,0.02559136793472991,0.149243495241537
logreg,r2f1,2,1,174,193,0,0.018336169779908644,0.149243495241537
logreg,r2f1,2,1,175,194,0,0.011117149254827237,0.149243495241537
logreg,r2f1,2,1,176,195,0,0.06807172971377165,0.149243495241537
logreg,r2f1,2,1,202,222,0,0.14376353543588927,0.149243495241537
logreg,r2f1,2,1,203,224,1,0.7131829620276849,0.149243495241537
logreg,r2f1,2,1,205,226,0,0.030731249502346063,0.149243495241537
logreg,r2f1,2,1,206,227,0,0.03298794508584376,0.149243495241537
logreg,r2f1,2,1,211,232,0,0.029016798511894426,0.149243495241537
logreg,r2f1,2,1,212,233,1,0.29644151449786516,0.149243495241537
logreg,r2f1,2,1,213,234,1,0.3095331196033964,0.149243495241537
logreg,r2f1,2,1,214,235,0,0.05574007121925218,0.149243495241537
logreg,r2f1,2,1,215,236,0,0.22460176401629905,0.149243495241537
logreg,r2f1,2,1,216,238,1,0.4674717049568464,0.149243495241537
logreg,r2f1,2,1,217,239,0,0.015857892705629234,0.149243495241537
logreg,r2f1,2,1,218,240,0,0.0149435161331182,0.149243495241537
logreg,r2f1,2,1,232,255,0,0.09532395073712334,0.149243495241537
logreg,r2f1,2,1,233,256,0,0.09698586849010506,0.149243495241537
logreg,r2f1,2,1,234,257,0,0.07450850734858219,0.149243495241537
logreg,r2f1,2,1,235,258,0,0.1355314533546133,0.149243495241537
logreg,r2f1,2,1,236,259,0,0.26042913388265937,0.149243495241537
logreg,r2f1,2,1,246,269,0,0.08060716349086959,0.149243495241537
logreg,r2f1,2,1,247,270,1,0.24849882203501533,0.149243495241537
logreg,r2f1,2,1,248,271,0,0.005363310554331702,0.149243495241537
logreg,r2f1,2,1,249,272,0,0.005049711416467884,0.149243495241537
logreg,r2f2,2,2,0,1,1,0.34637434148886154,0.2701127614659033
logreg,r2f2,2,2,1,2,0,0.34943517060249873,0.2701127614659033
logreg,r2f2,2,2,2,3,0,0.3440718688619529,0.2701127614659033
logreg,r2f2,2,2,3,4,0,0.3537755523532721,0.2701127614659033
logreg,r2f2,2,2,4,5,0,0.35087752646877524,0.2701127614659033
logreg,r2f2,2,2,5,6,0,0.36379242137935297,0.2701127614659033
logreg,r2f2,2,2,6,7,1,0.9729847300470801,0.2701127614659033
logreg,r2f2,2,2,7,8,1,0.5986185247681278,0.2701127614659033
logreg,r2f2,2,2,17,29,1,0.9874853057328872,0.2701127614659033
logreg,r2f2,2,2,18,30,0,0.988223665785135,0.2701127614659033
logreg,r2f2,2,2,19,31,1,0.9824775661305588,0.2701127614659033
logreg,r2f2,2,2,20,32,1,0.9931025612900626,0.2701127614659033
logreg,r2f2,2,2,21,33,0,0.3650023984095152,0.2701127614659033
logreg,r2f2,2,2,22,34,0,0.3917510638148822,0.2701127614659033
logreg,r2f2,2,2,23,35,0,0.09483435685907507,0.2701127614659033
logreg,r2f2,2,2,32,44,1,0.9884765857747756,0.2701127614659033
logreg,r2f2,2,2,33,45,0,0.9873082582823658,0.2701127614659033
logreg,r2f2,2,2,34,46,1,0.3678440121880466,0.2701127614659033
logreg,r2f2,2,2,35,47,1,0.307377431162189,0.2701127614659033
logreg,r2f2,2,2,36,48,1,0.3866846326294933,0.2701127614659033
logreg,r2f2,2,2,37,49,0,0.24883753678262022,0.2701127614659033
logreg,r2f2,2,2,38,50,0,0.19286993405701064,0.2701127614659033
logreg,r2f2,2,2,39,51,1,0.8794799709855969,0.2701127614659033
logreg,r2f2,2,2,40,52,1,0.973753184706635,0.2701127614659033
logreg,r2f2,2,2,125,144,0,0.22388070062411455,0.2701127614659033
logreg,r2f2,2,2,126,145,0,0.22061959359495098,0.2701127614659033
logreg,r2f2,2,2,127,146,0,0.2367778338114952,0.2701127614659033
logreg,r2f2,2,2,129,148,1,0.6718014632397772,0.2701127614659033
logreg,r2f2,2,2,130,149,1,0.858907058359171,0.2701127614659033
logreg,r2f2,2,2,131,150,0,0.2584872767741654,0.2701127614659033
logreg,r2f2,2,2,132,151,1,0.05952846097583053,0.2701127614659033
logreg,r2f2,2,2,133,152,0,0.05683213333780762,0.2701127614659033
logreg,r2f2,2,2,134,153,0,0.0542020221161296,0.2701127614659033
logreg,r2f2,2,2,135,154,0,0.015816818785942568,0.2701127614659033
logreg,r2f2,2,2,136,155,0,0.21883947109303187,0.2701127614659033
logreg,r2f2,2,2,137,156,1,0.9439995630304072,0.2701127614659033
logreg,r2f2,2,2,142,161,0,0.005580748503127345,0.2701127614659033
logreg,r2f2,2,2,143,162,0,0.005250689953794748,0.2701127614659033
logreg,r2f2,2,2,144,163,0,0.005033723493341736,0.2701127614659033
logreg,r2f2,2,2,145,164,0,0.005033378356989746,0.2701127614659033
logreg,r2f2,2,2,146,165,0,0.7305083308833417,0.2701127614659033
logreg,r2f2,2,2,152,171,0,0.014097135651330507,0.2701127614659033
logreg,r2f2,2,2,153,172,0,0.4259671682437459,0.2701127614659033
logreg,r2f2,2,2,154,173,1,0.9425084358593723,0.2701127614659033
logreg,r2f2,2,2,170,189,0,0.059105593820154,0.2701127614659033
logreg,r2f2,2,2,171,190,0,0.05403920124340346,0.2701127614659033
logreg,r2f2,2,2,172,191,0,0.04965616543909508,0.2701127614659033
logreg,r2f2,2,2,177,196,0,0.3327156625133051,0.2701127614659033
logreg,r2f2,2,2,178,197,0,0.34579149838624385,0.2701127614659033
logreg,r2f2,2,2,179,198,1,0.8883844609796119,0.2701127614659033
logreg,r2f2,2,2,180,199,0,0.22198713332108813,0.2701127614659033
logreg,r2f2,2,2,181,200,0,0.20954674425186673,0.2701127614659033
logreg,r2f2,2,2,182,201,0,0.20694727684737266,0.2701127614659033
logreg,r2f2,2,2,183,202,0,0.3798695057175549,0.2701127614659033
logreg,r2f2,2,2,184,203,0,0.36804450536283617,0.2701127614659033
logreg,r2f2,2,2,185,204,1,0.1984799454886803,0.2701127614659033
logreg,r2f2,2,2,186,205,1,0.18921413906725854,0.2701127614659033
logreg,r2f2,2,2,187,206,1,0.5917567516322458,0.2701127614659033
logreg,r2f2,2,2,188,207,1,0.746038115439317,0.2701127614659033
logreg,r2f2,2,2,189,208,1,0.6196216545912934,0.2701127614659033
logreg,r2f2,2,2,190,209,0,0.029703761119069035,0.2701127614659033
logreg,r2f2,2,2,191,211,0,0.25557145043740914,0.2701127614659033
logreg,r2f2,2,2,207,228,0,0.33331000310838677,0.2701127614659033
logreg,r2f2,2,2,208,229,1,0.8857407772771032,0.2701127614659033
logreg,r2f2,2,2,209,230,0,0.15883957452507327,0.2701127614659033
logreg,r2f2,2,2,250,273,0,0.09465809227681735,0.2701127614659033
logreg,r2f2,2,2,251,274,0,0.4659928104827912,0.2701127614659033
logreg,r2f3,2,3,8,19,1,0.9958909785811385,0.13297929765044755
logreg,r2f3,2,3,9,20,1,0.9950113600040782,0.13297929765044755
logreg,r2f3,2,3,10,21,1,0.9952649145459703,0.13297929765044755
logreg,r2f3,2,3,11,22,1,0.9952952997761566,0.13297929765044755
logreg,r2f3,2,3,12,23,1,0.9985084163695623,0.13297929765044755
logreg,r2f3,2,3,25,37,1,0.9948162647555492,0.13297929765044755
logreg,r2f3,2,3,26,38,1,0.9956385653055022,0.13297929765044755
logreg,r2f3,2,3,27,39,1,0.9988864676481115,0.13297929765044755
logreg,r2f3,2,3,56,69,1,0.9229187747017193,0.13297929765044755
logreg,r2f3,2,3,62,75,0,0.0077191763696236055,0.13297929765044755
logreg,r2f3,2,3,63,76,0,0.011710084560741551,0.13297929765044755
logreg,r2f3,2,3,64,77,0,0.019153102401298295,0.13297929765044755
logreg,r2f3,2,3,65,78,0,0.012813284186279547,0.13297929765044755
logreg,r2f3,2,3,66,79,0,0.0545927629637003,0.13297929765044755
logreg,r2f3,2,3,67,82,0,0.00947667992077462,0.13297929765044755
logreg,r2f3,2,3,78,94,0,0.509648876374782,0.13297929765044755
logreg,r2f3,2,3,79,95,0,0.46182559276437835,0.13297929765044755
logreg,r2f3,2,3,101,119,0,0.29817362197226177,0.13297929765044755
logreg,r2f3,2,3,102,120,0,0.3890907443188688,0.13297929765044755
logreg,r2f3,2,3,103,121,0,0.06716513580001518,0.13297929765044755
logreg,r2f3,2,3,104,122,0,0.04155535376942686,0.13297929765044755
logreg,r2f3,2,3,105,123,0,0.06153909710111425,0.13297929765044755
logreg,r2f3,2,3,106,124,0,0.029055084932732414,0.13297929765044755
logreg,r2f3,2,3,121,140,0,0.01070666556493674,0.13297929765044755
logreg,r2f3,2,3,122,141,0,0.005354971312175484,0.13297929765044755
logreg,r2f3,2,3,123,142,0,0.0028795264405449164,0.13297929765044755
logreg,r2f3,2,3,124,143,0,0.0036638583649946715,0.13297929765044755
logreg,r2f3,2,3,155,174,1,0.9439223436127422,0.13297929765044755
logreg,r2f3,2,3,156,175,1,0.8577837667562467,0.13297929765044755
logreg,r2f3,2,3,157,176,0,0.713919787527685,0.13297929765044755
logreg,r2f3,2,3,158,177,0,0.4938353951944648,0.13297929765044755
logreg,r2f3,2,3,193,213,0,0.00318084823809372,0.13297929765044755
logreg,r2f3,2,3,194,214,0,0.6311625088550337,0.13297929765044755
logreg,r2f3,2,3,195,215,0,0.022004885406755256,0.13297929765044755
logreg,r2f3,2,3,196,216,0,0.013220094398998386,0.13297929765044755
logreg,r2f3,2,3,197,217,0,0.014110791411702099,0.13297929765044755
logreg,r2f3,2,3,198,218,0,0.009085127113978594,0.13297929765044755
logreg,r2f3,2,3,219,241,0,0.006224990901859217,0.13297929765044755
logreg,r2f3,2,3,220,243,0,0.5627746588126695,0.13297929765044755
logreg,r2f3,2,3,226,249,0,0.19773784183636303,0.13297929765044755
logreg,r2f3,2,3,227,250,1,0.6027791345216819,0.13297929765044755
logreg,r2f3,2,3,228,251,0,0.28835720441140805,0.13297929765044755
logreg,r2f3,2,3,229,252,1,0.2843403389151405,0.13297929765044755
logreg,r2f3,2,3,230,253,0,0.12383699894886058,0.13297929765044755
logreg,r2f3,2,3,231,254,1,0.1350089680043485,0.13297929765044755
logreg,r2f4,2,4,24,36,0,0.16558653973338722,0.1687440090081914
logreg,r2f4,2,4,41,54,0,0.19352890479220125,0.1687440090081914
logreg,r2f4,2,4,42,55,1,0.18860610494153354,0.1687440090081914
logreg,r2f4,2,4,43,56,1,0.18645507500231223,0.1687440090081914
logreg,r2f4,2,4,44,57,0,0.411083617672905,0.1687440090081914
logreg,r2f4,2,4,68,84,0,0.006187541371290781,0.1687440090081914
logreg,r2f4,2,4,69,85,0,0.006226765799169069,0.1687440090081914
logreg,r2f4,2,4,70,86,0,0.006952320173484181,0.1687440090081914
logreg,r2f4,2,4,71,87,0,0.006476332768822221,0.1687440090081914
logreg,r2f4,2,4,72,88,1,0.5058941019617565,0.1687440090081914
logreg,r2f4,2,4,73,89,1,0.534275073270387,0.1687440090081914
logreg,r2f4,2,4,74,90,1,0.5307772560845502,0.1687440090081914
logreg,r2f4,2,4,75,91,1,0.5263686220602818,0.1687440090081914
logreg,r2f4,2,4,76,92,1,0.6066532639018211,0.1687440090081914
logreg,r2f4,2,4,77,93,1,0.9361205239188986,0.1687440090081914
logreg,r2f4,2,4,80,97,1,0.3120745709889636,0.1687440090081914
logreg,r2f4,2,4,81,98,0,0.2542631670994656,0.1687440090081914
logreg,r2f4,2,4,82,99,0,0.2749746661501354,0.1687440090081914
logreg,r2f4,2,4,83,100,0,0.07322655525438282,0.1687440090081914
logreg,r2f4,2,4,84,101,0,0.12903548780748172,0.1687440090081914
logreg,r2f4,2,4,87,104,0,0.28956191096837397,0.1687440090081914
logreg,r2f4,2,4,88,105,1,0.3092128356999609,0.1687440090081914
logreg,r2f4,2,4,89,106,1,0.23706084407178513,0.1687440090081914
logreg,r2f4,2,4,90,107,1,0.2754548410906295,0.1687440090081914
logreg,r2f4,2,4,91,108,1,0.25760478362318995,0.1687440090081914
logreg,r2f4,2,4,138,157,0,0.017792382357796194,0.1687440090081914
logreg,r2f4,2,4,139,158,0,0.016284845932838483,0.1687440090081914
logreg,r2f4,2,4,140,159,0,0.013860628780860668,0.1687440090081914
logreg,r2f4,2,4,141,160,0,0.013982455093123392,0.1687440090081914
logreg,r2f4,2,4,147,166,0,0.00441286249115404,0.1687440090081914
logreg,r2f4,2,4,148,167,0,0.003805566213623786,0.1687440090081914
logreg,r2f4,2,4,159,178,0,0.36561442726385895,0.1687440090081914
logreg,r2f4,2,4,160,179,1,0.9223948471556354,0.1687440090081914
logreg,r2f4,2,4,161,180,0,0.12204325949114898,0.1687440090081914
logreg,r2f4,2,4,162,181,0,0.5632071881108514,0.1687440090081914
logreg,r2f4,2,4,163,182,1,0.907898757602864,0.1687440090081914
logreg,r2f4,2,4,164,183,0,0.2570125287190041,0.1687440090081914
logreg,r2f4,2,4,165,184,0,0.24762572461151675,0.1687440090081914
logreg,r2f4,2,4,166,185,0,0.22907905994242392,0.1687440090081914
logreg,r2f4,2,4,167,186,0,0.21953675296784556,0.1687440090081914
logreg,r2f4,2,4,168,187,0,0.0874296467565079,0.1687440090081914
logreg,r2f4,2,4,169,188,0,0.07617975925228396,0.1687440090081914
logreg,r2f4,2,4,199,219,0,0.0064632539089876755,0.1687440090081914
logreg,r2f4,2,4,200,220,0,0.005800226279268792,0.1687440090081914
logreg,r2f4,2,4,201,221,0,0.005701048951259777,0.1687440090081914
logreg,r2f4,2,4,221,244,0,0.005460199006297666,0.1687440090081914
logreg,r2f4,2,4,222,245,0,0.0045194257976632745,0.1687440090081914
logreg,r3f0,3,0,0,1,1,0.1332929485156243,0.18032791166262377
logreg,r3f0,3,0,1,2,0,0.13925222162766232,0.18032791166262377
logreg,r3f0,3,0,2,3,0,0.12738017219861314,0.18032791166262377
logreg,r3f0,3,0,3,4,0,0.1494966154995258,0.18032791166262377
logreg,r3f0,3,0,4,5,0,0.14282840605430824,0.18032791166262377
logreg,r3f0,3,0,5,6,0,0.1743172976941895,0.18032791166262377
logreg,r3f0,3,0,6,7,1,0.9435160438180693,0.18032791166262377
logreg,r3f0,3,0,7,8,1,0.4600541844895756,0.18032791166262377
logreg,r3f0,3,0,13,25,1,0.9402081266827264,0.18032791166262377
logreg,r3f0,3,0,14,26,1,0.9587045389239219,0.18032791166262377
logreg,r3f0,3,0,15,27,1,0.8310112104850323,0.18032791166262377
logreg,r3f0,3,0,16,28,1,0.9525536543681633,0.18032791166262377
logreg,r3f0,3,0,21,33,0,0.1765623237593677,0.18032791166262377
logreg,r3f0,3,0,22,34,0,0.25621570112512754,0.18032791166262377
logreg,r3f0,3,0,23,35,0,0.06562932905549855,0.18032791166262377
logreg,r3f0,3,0,28,40,1,0.9611795774942453,0.18032791166262377
logreg,r3f0,3,0,29,41,1,0.9548556934759965,0.18032791166262377
logreg,r3f0,3,0,30,42,1,0.9856014962835473,0.18032791166262377
logreg,r3f0,3,0,31,43,1,0.9835167743966762,0.18032791166262377
logreg,r3f0,3,0,34,46,1,0.183091754496941,0.18032791166262377
logreg,r3f0,3,0,35,47,1,0.2118053041724182,0.18032791166262377
logreg,r3f0,3,0,36,48,1,0.2392430669106912,0.18032791166262377
logreg,r3f0,3,0,37,49,0,0.17197465301476264,0.18032791166262377
logreg,r3f0,3,0,38,50,0,0.13102122090439355,0.18032791166262377
logreg,r3f0,3,0,39,51,1,0.7851310296405817,0.18032791166262377
logreg,r3f0,3,0,56,69,1,0.8966381033643018,0.18032791166262377
logreg,r3f0,3,0,62,75,0,0.008664529588040166,0.18032791166262377
logreg,r3f0,3,0,63,76,0,0.011209266056383532,0.18032791166262377
logreg,r3f0,3,0,64,77,0,0.01734709526845117,0.18032791166262377
logreg,r3f0,3,0,65,78,0,0.013594098373582589,0.18032791166262377
logreg,r3f0,3,0,66,79,0,0.03750703430069882,0.18032791166262377
logreg,r3f0,3,0,67,82,0,0.009905748471670764,0.18032791166262377
logreg,r3f0,3,0,101,119,0,0.3108853528392892,0.18032791166262377
logreg,r3f0,3,0,102,120,0,0.40541408568459114,0.18032791166262377
logreg,r3f0,3,0,103,121,0,0.07665970693737302,0.18032791166262377
logreg,r3f0,3,0,104,122,0,0.056975904423068165,0.18032791166262377
logreg,r3f0,3,0,105,123,0,0.07219057185041204,0.18032791166262377
logreg,r3f0,3,0,106,124,0,0.04583689100630558,0.18032791166262377
logreg,r3f0,3,0,142,161,0,0.011802468417843113,0.18032791166262377
logreg,r3f0,3,0,143,162,0,0.009128909014582975,0.18032791166262377
logreg,r3f0,3,0,144,163,0,0.007631455577414446,0.18032791166262377
logreg,r3f0,3,0,145,164,0,0.0076276012768629435,0.18032791166262377
logreg,r3f0,3,0,161,180,0,0.07805615019135331,0.18032791166262377
logreg,r3f0,3,0,162,181,0,0.5150768597676755,0.18032791166262377
logreg,r3f0,3,0,163,182,1,0.9146754620970875,0.18032791166262377
logreg,r3f0,3,0,168,187,0,0.0901190748159696,0.18032791166262377
logreg,r3f0,3,0,169,188,0,0.06538795794658386,0.18032791166262377
logreg,r3f0,3,0,183,202,0,0.2199433318367048,0.18032791166262377
logreg,r3f0,3,0,184,203,0,0.18534900047311392,0.18032791166262377
logreg,r3f0,3,0,185,204,1,0.13956833977704095,0.18032791166262377
logreg,r3f0,3,0,186,205,1,0.13279584097232214,0.18032791166262377
logreg,r3f0,3,0,187,206,1,0.4550563245931145,0.18032791166262377
logreg,r3f0,3,0,188,207,1,0.6158038956397408,0.18032791166262377
logreg,r3f0,3,0,189,208,1,0.4802360079155122,0.18032791166262377
logreg,r3f0,3,0,193,213,0,0.001954408332305463,0.18032791166262377
logreg,r3f0,3,0,194,214,0,0.5437664593882179,0.18032791166262377
logreg,r3f0,3,0,195,215,0,0.019160803753081358,0.18032791166262377
logreg,r3f0,3,0,196,216,0,0.013995746054475063,0.18032791166262377
logreg,r3f0,3,0,197,217,0,0.012736547308623329,0.18032791166262377
logreg,r3f0,3,0,198,218,0,0.009703203164093534,0.18032791166262377
logreg,r3f0,3,0,207,228,0,0.23239410969863963,0.18032791166262377
logreg,r3f0,3,0,208,229,1,0.7960526562657149,0.18032791166262377
logreg,r3f0,3,0,209,230,0,0.10822027400924442,0.18032791166262377
logreg,r3f0,3,0,246,269,0,0.11771200345894577,0.18032791166262377
logreg,r3f0,3,0,247,270,1,0.4166145185675612,0.18032791166262377
logreg,r3f0,3,0,248,271,0,0.004845141409187313,0.18032791166262377
logreg,r3f0,3,0,249,272,0,0.004630387416159825,0.18032791166262377
logreg,r3f1,3,1,52,65,0,0.029434403418801852,0.135991412717386
logreg,r3f1,3,1,53,66,0,0.02308041113517752,0.135991412717386
logreg,r3f1,3,1,54,67,0,0.03478165292306601,0.135991412717386
logreg,r3f1,3,1,55,68,0,0.022103473869121027,0.135991412717386
logreg,r3f1,3,1,57,70,0,0.002273526664334999,0.135991412717386
logreg,r3f1,3,1,58,71,0,0.02131531944432645,0.135991412717386
logreg,r3f1,3,1,59,72,1,0.8987844733046799,0.135991412717386
logreg,r3f1,3,1,60,73,0,0.002438278135242449,0.135991412717386
logreg,r3f1,3,1,61,74,1,0.8474903818917922,0.135991412717386
logreg,r3f1,3,1,68,84,0,0.006808353035758279,0.135991412717386
logreg,r3f1,3,1,69,85,0,0.006863788198843766,0.135991412717386
logreg,r3f1,3,1,70,86,0,0.008350920365760364,0.135991412717386
logreg,r3f1,3,1,71,87,0,0.007358684892703376,0.135991412717386
logreg,r3f1,3,1,72,88,1,0.5027236824407918,0.135991412717386
logreg,r3f1,3,1,73,89,1,0.552954226950923,0.135991412717386
logreg,r3f1,3,1,74,90,1,0.5464325823905207,0.135991412717386
logreg,r3f1,3,1,75,91,1,0.5388255612171177,0.135991412717386
logreg,r3f1,3,1,76,92,1,0.6146020578635502,0.135991412717386
logreg,r3f1,3,1,77,93,1,0.9333274986344078,0.135991412717386
logreg,r3f1,3,1,80,97,1,0.3425761704160761,0.135991412717386
logreg,r3f1,3,1,87,104,0,0.3011937524986996,0.135991412717386
logreg,r3f1,3,1,88,105,1,0.33719312563809317,0.135991412717386
logreg,r3f1,3,1,90,107,1,0.27573979718057984,0.135991412717386
logreg,r3f1,3,1,192,212,0,0.24349707127570575,0.135991412717386
logreg,r3f1,3,1,199,219,0,0.007387417296785913,0.135991412717386
logreg,r3f1,3,1,200,220,0,0.006096723750441136,0.135991412717386
logreg,r3f1,3,1,201,221,0,0.005904732347194121,0.135991412717386
logreg,r3f1,3,1,204,225,0,0.070694928653651,0.135991412717386
logreg,r3f1,3,1,210,231,1,0.46332436509035874,0.135991412717386
logreg,r3f1,3,1,214,235,0,0.11325840744520187,0.135991412717386
logreg,r3f1,3,1,215,236,0,0.4130172719655118,0.135991412717386
logreg,r3f1,3,1,216,238,1,0.6984390997624187,0.135991412717386
logreg,r3f1,3,1,217,239,0,0.021491570552697077,0.135991412717386
logreg,r3f1,3,1,218,240,0,0.02085168585783421,0.135991412717386
logreg,r3f1,3,1,223,246,0,0.0026236516621449585,0.135991412717386
logreg,r3f1,3,1,224,247,0,0.002226343113329037,0.135991412717386
logreg,r3f1,3,1,225,248,0,0.0018857442014060652,0.135991412717386
logreg,r3f1,3,1,226,249,0,0.25070874595780923,0.135991412717386
logreg,r3f1,3,1,228,251,0,0.32302314758295,0.135991412717386
logreg,r3f1,3,1,229,252,1,0.3210013620972035,0.135991412717386
logreg,r3f1,3,1,241,264,0,0.019189220722183997,0.135991412717386
logreg,r3f1,3,1,242,265,0,0.01523763323603064,0.135991412717386
logreg,r3f1,3,1,243,266,0,0.011886530130890952,0.135991412717386
logreg,r3f1,3,1,244,267,0,0.27862144022898666,0.135991412717386
logreg,r3f1,3,1,245,268,0,0.5008060312597841,0.135991412717386
logreg,r3f2,3,2,24,36,0,0.47415264724792866,0.26176831856279914
logreg,r3f2,3,2,41,54,0,0.5813056937837444,0.26176831856279914
logreg,r3f2,3,2,42,55,1,0.5613451020695773,0.26176831856279914
logreg,r3f2,3,2,43,56,1,0.48775455390290934,0.26176831856279914
logreg,r3f2,3,2,44,57,0,0.7635157483982743,0.26176831856279914
logreg,r3f2,3,2,45,58,0,0.12381990640812209,0.26176831856279914
logreg,r3f2,3,2,46,59,0,0.09780333383870676,0.26176831856279914
logreg,r3f2,3,2,47,60,0,0.11304681272958746,0.26176831856279914
logreg,r3f2,3,2,48,61,0,0.12276638386188354,0.26176831856279914
logreg,r3f2,3,2,49,62,0,0.12574905253738058,0.26176831856279914
logreg,r3f2,3,2,50,63,1,0.8059556173870249,0.26176831856279914
logreg,r3f2,3,2,51,64,0,0.5022186507356329,0.26176831856279914
logreg,r3f2,3,2,113,131,1,0.9504891726680599,0.26176831856279914
logreg,r3f2,3,2,114,132,1,0.6285331177533301,0.26176831856279914
logreg,r3f2,3,2,115,133,1,0.24353519665615597,0.26176831856279914
logreg,r3f2,3,2,116,134,0,0.09732013235880634,0.26176831856279914
logreg,r3f2,3,2,117,135,1,0.5263978765829256,0.26176831856279914
logreg,r3f2,3,2,118,136,1,0.3336988610024894,0.26176831856279914
logreg,r3f2,3,2,119,137,1,0.3047051020522007,0.26176831856279914
logreg,r3f2,3,2,120,139,1,0.9451196109472917,0.26176831856279914
logreg,r3f2,3,2,132,151,1,0.04189442949721544,0.26176831856279914
logreg,r3f2,3,2,133,152,0,0.033814772710490444,0.26176831856279914
logreg,r3f2,3,2,134,153,0,0.02739847392874951,0.26176831856279914
logreg,r3f2,3,2,135,154,0,0.018434122161909386,0.26176831856279914
logreg,r3f2,3,2,136,155,0,0.1956356961950552,0.26176831856279914
logreg,r3f2,3,2,137,156,1,0.9069084757410092,0.26176831856279914
logreg,r3f2,3,2,146,165,0,0.652480464132743,0.26176831856279914
logreg,r3f2,3,2,149,168,1,0.08315837795417737,0.26176831856279914
logreg,r3f2,3,2,150,169,0,0.0823260129082882,0.26176831856279914
logreg,r3f2,3,2,151,170,0,0.09711022418622108,0.26176831856279914
logreg,r3f2,3,2,152,171,0,0.016877653705579525,0.26176831856279914
logreg,r3f2,3,2,153,172,0,0.37379004406183974,0.26176831856279914
logreg,r3f2,3,2,154,173,1,0.9067839260123995,0.26176831856279914
logreg,r3f2,3,2,170,189,0,0.040873747652006555,0.26176831856279914
logreg,r3f2,3,2,171,190,0,0.02717219034031107,0.26176831856279914
logreg,r3f2,3,2,172,191,0,0.018671445920719117,0.26176831856279914
logreg,r3f2,3,2,190,209,0,0.08393360415230182,0.26176831856279914
logreg,r3f2,3,2,191,211,0,0.44752445945758196,0.26176831856279914
logreg,r3f2,3,2,221,244,0,0.003178229825852992,0.26176831856279914
logreg,r3f2,3,2,222,245,0,0.002023071578552755,0.26176831856279914
logreg,r3f2,3,2,237,260,0,0.025585053219482973,0.26176831856279914
logreg,r3f2,3,2,238,261,0,0.11773632224726044,0.26176831856279914
logreg,r3f2,3,2,239,262,0,0.05835561331180878,0.26176831856279914
logreg,r3f2,3,2,240,263,0,0.04152334217485436,0.26176831856279914
logreg,r3f2,3,2,250,273,0,0.06783803808840148,0.26176831856279914
logreg,r3f2,3,2,251,274,0,0.32815827272042875,0.26176831856279914
logreg,r3f3,3,3,8,19,1,0.9968170615716476,0.1874462304163641
logreg,r3f3,3,3,9,20,1,0.9965512271752116,0.1874462304163641
logreg,r3f3,3,3,10,21,1,0.9966767765994304,0.1874462304163641
logreg,r3f3,3,3,11,22,1,0.996692790451672,0.1874462304163641
logreg,r3f3,3,3,12,23,1,0.9987272129041516,0.1874462304163641
logreg,r3f3,3,3,25,37,1,0.9964751948028044,0.1874462304163641
logreg,r3f3,3,3,26,38,1,0.9968953379535969,0.1874462304163641
logreg,r3f3,3,3,27,39,1,0.9990278071214038,0.1874462304163641
logreg,r3f3,3,3,81,98,0,0.46940411189893416,0.1874462304163641
logreg,r3f3,3,3,82,99,0,0.5442853318765092,0.1874462304163641
logreg,r3f3,3,3,83,100,0,0.12082813831814652,0.1874462304163641
logreg,r3f3,3,3,84,101,0,0.20480351030607152,0.1874462304163641
logreg,r3f3,3,3,89,106,1,0.4054533139129119,0.1874462304163641
logreg,r3f3,3,3,91,108,1,0.48082214126337147,0.1874462304163641
logreg,r3f3,3,3,96,113,0,0.167861447834437,0.1874462304163641
logreg,r3f3,3,3,97,115,0,0.15311461680112154,0.1874462304163641
logreg,r3f3,3,3,98,116,0,0.11082682102323244,0.1874462304163641
logreg,r3f3,3,3,99,117,0,0.04860289047847506,0.1874462304163641
logreg,r3f3,3,3,100,118,0,0.26866676688921937,0.1874462304163641
logreg,r3f3,3,3,138,157,0,0.022494895662832068,0.1874462304163641
logreg,r3f3,3,3,139,158,0,0.017519989457174638,0.1874462304163641
logreg,r3f3,3,3,140,159,0,0.011174829865229712,0.1874462304163641
logreg,r3f3,3,3,141,160,0,0.011393547944352395,0.1874462304163641
logreg,r3f3,3,3,147,166,0,0.003776490238196913,0.1874462304163641
logreg,r3f3,3,3,148,167,0,0.002499735213502233,0.1874462304163641
logreg,r3f3,3,3,159,178,0,0.5076267599539936,0.1874462304163641
logreg,r3f3,3,3,160,179,1,0.9561381800435467,0.1874462304163641
logreg,r3f3,3,3,164,183,0,0.48094898167280375,0.1874462304163641
logreg,r3f3,3,3,165,184,0,0.44626242066019445,0.1874462304163641
logreg,r3f3,3,3,166,185,0,0.3777127846617677,0.1874462304163641
logreg,r3f3,3,3,167,186,0,0.3421723233854212,0.1874462304163641
logreg,r3f3,3,3,202,222,0,0.13281807486938862,0.1874462304163641
logreg,r3f3,3,3,203,224,1,0.7731529161990288,0.1874462304163641
logreg,r3f3,3,3,205,226,0,0.030753582085116773,0.1874462304163641
logreg,r3f3,3,3,206,227,0,0.03287526123775651,0.1874462304163641
logreg,r3f3,3,3,211,232,0,0.031448660826367957,0.1874462304163641
logreg,r3f3,3,3,212,233,1,0.38831084272301175,0.1874462304163641
logreg,r3f3,3,3,213,234,1,0.4053212425961155,0.1874462304163641
logreg,r3f3,3,3,219,241,0,0.009066226647159663,0.1874462304163641
logreg,r3f3,3,3,220,243,0,0.5087366113843178,0.1874462304163641
logreg,r3f3,3,3,232,255,0,0.11460898750666577,0.1874462304163641
logreg,r3f3,3,3,233,256,0,0.11629296043048579,0.1874462304163641
logreg,r3f3,3,3,234,257,0,0.09170876992720314,0.1874462304163641
logreg,r3f3,3,3,235,258,0,0.18484352787491326,0.1874462304163641
logreg,r3f3,3,3,236,259,0,0.3594359206675612,0.1874462304163641
logreg,r3f4,3,4,17,29,1,0.9889292330581875,0.24872651935234125
logreg,r3f4,3,4,18,30,0,0.9923220586923485,0.24872651935234125
logreg,r3f4,3,4,19,31,1,0.9922186456487201,0.24872651935234125
logreg,r3f4,3,4,20,32,1,0.9966584040647313,0.24872651935234125
logreg,r3f4,3,4,32,44,1,0.9932194956570238,0.24872651935234125
logreg,r3f4,3,4,33,45,0,0.9880003064772888,0.24872651935234125
logreg,r3f4,3,4,40,52,1,0.9887480933432524,0.24872651935234125
logreg,r3f4,3,4,78,94,0,0.4676934688007171,0.24872651935234125
logreg,r3f4,3,4,79,95,0,0.42167330158196614,0.24872651935234125
logreg,r3f4,3,4,85,102,0,0.06811712368395473,0.24872651935234125
logreg,r3f4,3,4,86,103,0,0.02279088707389759,0.24872651935234125
logreg,r3f4,3,4,92,109,0,0.12288419405927233,0.24872651935234125
logreg,r3f4,3,4,93,110,0,0.08642353133760498,0.24872651935234125
logreg,r3f4,3,4,94,111,1,0.11226948867739113,0.24872651935234125
logreg,r3f4,3,4,95,112,1,0.15052108405033807,0.24872651935234125
logreg,r3f4,3,4,107,125,0,0.005445939231254486,0.24872651935234125
logreg,r3f4,3,4,108,126,0,0.003495264521793223,0.24872651935234125
logreg,r3f4,3,4,109,127,0,0.004374858933079243,0.24872651935234125
logreg,r3f4,3,4,110,128,0,0.0037044373035270283,0.24872651935234125
logreg,r3f4,3,4,111,129,0,0.00517410578221477,0.24872651935234125
logreg,r3f4,3,4,112,130,0,0.015614809684583836,0.24872651935234125
logreg,r3f4,3,4,121,140,0,0.0015048527591580835,0.24872651935234125
logreg,r3f4,3,4,122,141,0,0.0008244795176975221,0.24872651935234125
logreg,r3f4,3,4,123,142,0,0.0004817198230423659,0.24872651935234125
logreg,r3f4,3,4,124,143,0,0.0005939061898811877,0.24872651935234125
logreg,r3f4,3,4,125,144,0,0.24606449948128556,0.24872651935234125
logreg,r3f4,3,4,126,145,0,0.22648811081700576,0.24872651935234125
logreg,r3f4,3,4,127,146,0,0.33597141527747537,0.24872651935234125
logreg,r3f4,3,4,128,147,0,0.003933239825349178,0.24872651935234125
logreg,r3f4,3,4,129,148,1,0.7053047938478351,0.24872651935234125
logreg,r3f4,3,4,130,149,1,0.8646453759437044,0.24872651935234125
logreg,r3f4,3,4,131,150,0,0.32666407657953583,0.24872651935234125
logreg,r3f4,3,4,155,174,1,0.9313788515612023,0.24872651935234125
logreg,r3f4,3,4,156,175,1,0.8317852897795073,0.24872651935234125
logreg,r3f4,3,4,157,176,0,0.7182164782566463,0.24872651935234125
logreg,r3f4,3,4,158,177,0,0.5309429264317927,0.24872651935234125
logreg,r3f4,3,4,173,192,0,0.020762421389622587,0.24872651935234125
logreg,r3f4,3,4,174,193,0,0.014425215177453687,0.24872651935234125
logreg,r3f4,3,4,175,194,0,0.007020726865904662,0.24872651935234125
logreg,r3f4,3,4,176,195,0,0.06491760319126938,0.24872651935234125
logreg,r3f4,3,4,177,196,0,0.40166216323018733,0.24872651935234125
logreg,r3f4,3,4,178,197,0,0.4142791111149564,0.24872651935234125
logreg,r3f4,3,4,179,198,1,0.8906614169136002,0.24872651935234125
logreg,r3f4,3,4,180,199,0,0.23137413219808423,0.24872651935234125
logreg,r3f4,3,4,181,200,0,0.1635646190033512,0.24872651935234125
logreg,r3f4,3,4,182,201,0,0.15138130419231416,0.24872651935234125
logreg,r3f4,3,4,227,250,1,0.6490958920461203,0.24872651935234125
logreg,r3f4,3,4,230,253,0,0.2018671524860614,0.24872651935234125
logreg,r3f4,3,4,231,254,1,0.21607004689368633,0.24872651935234125
logreg,r4f0,4,0,13,25,1,0.9550205499929155,0.15255300612425177
logreg,r4f0,4,0,14,26,1,0.972354234222402,0.15255300612425177
logreg,r4f0,4,0,15,27,1,0.9178492079786245,0.15255300612425177
logreg,r4f0,4,0,16,28,1,0.9742500341431741,0.15255300612425177
logreg,r4f0,4,0,24,36,0,0.23836560023340747,0.15255300612425177
logreg,r4f0,4,0,28,40,1,0.9743545852952815,0.15255300612425177
logreg,r4f0,4,0,29,41,1,0.9687083064431437,0.15255300612425177
logreg,r4f0,4,0,30,42,1,0.9909442313362241,0.15255300612425177
logreg,r4f0,4,0,31,43,1,0.9898099960132593,0.15255300612425177
logreg,r4f0,4,0,41,54,0,0.35518318933151777,0.15255300612425177
logreg,r4f0,4,0,42,55,1,0.333413107577221,0.15255300612425177
logreg,r4f0,4,0,43,56,1,0.274948516741597,0.15255300612425177
logreg,r4f0,4,0,44,57,0,0.5318361926847209,0.15255300612425177
logreg,r4f0,4,0,101,119,0,0.21204473676197505,0.15255300612425177
logreg,r4f0,4,0,102,120,0,0.2779947983994108,0.15255300612425177
logreg,r4f0,4,0,103,121,0,0.05306987583779945,0.15255300612425177
logreg,r4f0,4,0,104,122,0,0.03615973837869673,0.15255300612425177
logreg,r4f0,4,0,105,123,0,0.04949946408431104,0.15255300612425177
logreg,r4f0,4,0,106,124,0,0.027207716141884813,0.15255300612425177
logreg,r4f0,4,0,125,144,0,0.1987421093460927,0.15255300612425177
logreg,r4f0,4,0,126,145,0,0.18291816759493199,0.15255300612425177
logreg,r4f0,4,0,127,146,0,0.2690999873996611,0.15255300612425177
logreg,r4f0,4,0,129,148,1,0.6426179987862793,0.15255300612425177
logreg,r4f0,4,0,130,149,1,0.8123411180909516,0.15255300612425177
logreg,r4f0,4,0,131,150,0,0.2987294680630163,0.15255300612425177
logreg,r4f0,4,0,149,168,1,0.1553944986800202,0.15255300612425177
logreg,r4f0,4,0,150,169,0,0.15581231588518255,0.15255300612425177
logreg,r4f0,4,0,151,170,0,0.18926479065875074,0.15255300612425177
logreg,r4f0,4,0,177,196,0,0.3672878715193378,0.15255300612425177
logreg,r4f0,4,0,178,197,0,0.37764299421424896,0.15255300612425177
logreg,r4f0,4,0,179,198,1,0.8449526582345025,0.15255300612425177
logreg,r4f0,4,0,180,199,0,0.1895147308689436,0.15255300612425177
logreg,r4f0,4,0,181,200,0,0.135568730892981,0.15255300612425177
logreg,r4f0,4,0,182,201,0,0.12584097704126265,0.15255300612425177
logreg,r4f0,4,0,214,235,0,0.0971565598591777,0.15255300612425177
logreg,r4f0,4,0,215,236,0,0.38063717909687395,0.15255300612425177
logreg,r4f0,4,0,216,238,1,0.6746497460891879,0.15255300612425177
logreg,r4f0,4,0,217,239,0,0.021347717535369487,0.15255300612425177
logreg,r4f0,4,0,218,240,0,0.020300107575917506,0.15255300612425177
logreg,r4f0,4,0,223,246,0,0.001969721445599091,0.15255300612425177
logreg,r4f0,4,0,224,247,0,0.0014932905747230554,0.15255300612425177
logreg,r4f0,4,0,225,248,0,0.0016696377695480191,0.15255300612425177
logreg,r4f0,4,0,232,255,0,0.10924022602658325,0.15255300612425177
logreg,r4f0,4,0,233,256,0,0.11087437632834646,0.15255300612425177
logreg,r4f0,4,0,234,257,0,0.08568047596828395,0.15255300612425177
logreg,r4f0,4,0,235,258,0,0.18181031669134004,0.15255300612425177
logreg,r4f0,4,0,236,259,0,0.349856219420875,0.15255300612425177
logreg,r4f1,4,1,52,65,0,0.029542115003878936,0.1525301004624192
logreg,r4f1,4,1,53,66,0,0.024013181054050228,0.1525301004624192
logreg,r4f1,4,1,54,67,0,0.03401785378351877,0.1525301004624192
logreg,r4f1,4,1,55,68,0,0.023119965836079077,0.1525301004624192
logreg,r4f1,4,1,57,70,0,0.0023426542079661205,0.1525301004624192
logreg,r4f1,4,1,58,71,0,0.022424245825511335,0.1525301004624192
logreg,r4f1,4,1,59,72,1,0.8809721112563947,0.1525301004624192
logreg,r4f1,4,1,60,73,0,0.0025079302866557046,0.1525301004624192
logreg,r4f1,4,1,61,74,1,0.8241301197251083,0.1525301004624192
logreg,r4f1,4,1,68,84,0,0.006960790601665372,0.1525301004624192
logreg,r4f1,4,1,69,85,0,0.006993163670493697,0.1525301004624192
logreg,r4f1,4,1,70,86,0,0.008268090213323857,0.1525301004624192
logreg,r4f1,4,1,71,87,0,0.007419797192721924,0.1525301004624192
logreg,r4f1,4,1,72,88,1,0.5378745062599691,0.1525301004624192
logreg,r4f1,4,1,73,89,1,0.5801592250558911,0.1525301004624192
logreg,r4f1,4,1,74,90,1,0.5744340628859487,0.1525301004624192
logreg,r4f1,4,1,75,91,1,0.5681767006961632,0.1525301004624192
logreg,r4f1,4,1,76,92,1,0.6322465733445685,0.1525301004624192
logreg,r4f1,4,1,77,93,1,0.9345290024324264,0.1525301004624192
logreg,r4f1,4,1,80,97,1,0.35568150477697436,0.1525301004624192
logreg,r4f1,4,1,87,104,0,0.3196118581443557,0.1525301004624192
logreg,r4f1,4,1,88,105,1,0.3509682500559205,0.1525301004624192
logreg,r4f1,4,1,90,107,1,0.2970091101525478,0.1525301004624192
logreg,r4f1,4,1,121,140,0,0.004467167876668202,0.1525301004624192
logreg,r4f1,4,1,122,141,0,0.003381409067376301,0.1525301004624192
logreg,r4f1,4,1,123,142,0,0.0026373068327085417,0.1525301004624192
logreg,r4f1,4,1,124,143,0,0.0029036613055091033,0.1525301004624192
logreg,r4f1,4,1,147,166,0,0.0032064675606513224,0.1525301004624192
logreg,r4f1,4,1,148,167,0,0.002561630311829426,0.1525301004624192
logreg,r4f1,4,1,192,212,0,0.22604057594236965,0.1525301004624192
logreg,r4f1,4,1,199,219,0,0.007485241679330078,0.1525301004624192
logreg,r4f1,4,1,200,220,0,0.006356262679492864,0.1525301004624192
logreg,r4f1,4,1,201,221,0,0.006179185260516966,0.1525301004624192
logreg,r4f1,4,1,205,226,0,0.03180032052638496,0.1525301004624192
logreg,r4f1,4,1,206,227,0,0.03297632327898665,0.1525301004624192
logreg,r4f1,4,1,211,232,0,0.03794381758298391,0.1525301004624192
logreg,r4f1,4,1,212,233,1,0.3874191403154004,0.1525301004624192
logreg,r4f1,4,1,213,234,1,0.4034699034294781,0.1525301004624192
logreg,r4f1,4,1,241,264,0,0.011311474477649429,0.1525301004624192
logreg,r4f1,4,1,242,265,0,0.009281258537482039,0.1525301004624192
logreg,r4f1,4,1,243,266,0,0.007504124131874998,0.1525301004624192
logreg,r4f1,4,1,244,267,0,0.1681250589739848,0.1525301004624192
logreg,r4f1,4,1,245,268,0,0.33857943330929846,0.1525301004624192
logreg,r4f1,4,1,246,269,0,0.09684399383242459,0.1525301004624192
logreg,r4f1,4,1,247,270,1,0.30072834566305123,0.1525301004624192
logreg,r4f1,4,1,248,271,0,0.00457523271068923,0.1525301004624192
logreg,r4f1,4,1,249,272,0,0.004443150670947845,0.1525301004624192
logreg,r4f2,4,2,0,1,1,0.11841965527081112,0.23876275095557278
logreg,r4f2,4,2,1,2,0,0.12220574015382213,0.23876275095557278
logreg,r4f2,4,2,2,3,0,0.11108764014333308,0.23876275095557278
logreg,r4f2,4,2,3,4,0,0.1319374616424536,0.23876275095557278
logreg,r4f2,4,2,4,5,0,0.126051994607921,0.23876275095557278
logreg,r4f2,4,2,5,6,0,0.15390312229912312,0.23876275095557278
logreg,r4f2,4,2,6,7,1,0.9639698945921723,0.23876275095557278
logreg,r4f2,4,2,7,8,1,0.4260218073296856,0.23876275095557278
logreg,r4f2,4,2,21,33,0,0.1539817828929682,0.23876275095557278
logreg,r4f2,4,2,22,34,0,0.22281617300587256,0.23876275095557278
logreg,r4f2,4,2,23,35,0,0.03500902100802777,0.23876275095557278
logreg,r4f2,4,2,34,46,1,0.15754018870572478,0.23876275095557278
logreg,r4f2,4,2,35,47,1,0.15363338992718892,0.23876275095557278
logreg,r4f2,4,2,36,48,1,0.2072037658381174,0.23876275095557278
logreg,r4f2,4,2,37,49,0,0.11885541052898278,0.23876275095557278
logreg,r4f2,4,2,38,50,0,0.08302191593358785,0.23876275095557278
logreg,r4f2,4,2,39,51,1,0.8071981436840361,0.23876275095557278
logreg,r4f2,4,2,56,69,1,0.9619545666715935,0.23876275095557278
logreg,r4f2,4,2,64,77,0,0.017410556589462015,0.23876275095557278
logreg,r4f2,4,2,65,78,0,0.013817142788521107,0.23876275095557278
logreg,r4f2,4,2,113,131,1,0.9749478717605163,0.23876275095557278
logreg,r4f2,4,2,114,132,1,0.6544653954120606,0.23876275095557278
logreg,r4f2,4,2,115,133,1,0.19389759370861803,0.23876275095557278
logreg,r4f2,4,2,116,134,0,0.05806198425853393,0.23876275095557278
logreg,r4f2,4,2,117,135,1,0.5304584393988842,0.23876275095557278
logreg,r4f2,4,2,118,136,1,0.29499927966103756,0.23876275095557278
logreg,r4f2,4,2,119,137,1,0.2616633618821499,0.23876275095557278
logreg,r4f2,4,2,120,139,1,0.9716730779068967,0.23876275095557278
logreg,r4f2,4,2,132,151,1,0.03795688671192733,0.23876275095557278
logreg,r4f2,4,2,133,152,0,0.03084794521114725,0.23876275095557278
logreg,r4f2,4,2,134,153,0,0.025156776931110625,0.23876275095557278
logreg,r4f2,4,2,135,154,0,0.008266556333967674,0.23876275095557278
logreg,r4f2,4,2,136,155,0,0.16922193456878265,0.23876275095557278
logreg,r4f2,4,2,137,156,1,0.9529144641581215,0.23876275095557278
logreg,r4f2,4,2,138,157,0,0.01183066458612797,0.23876275095557278
logreg,r4f2,4,2,139,158,0,0.009544943620653076,0.23876275095557278
logreg,r4f2,4,2,140,159,0,0.006563863483780284,0.23876275095557278
logreg,r4f2,4,2,141,160,0,0.006619734471480917,0.23876275095557278
logreg,r4f2,4,2,146,165,0,0.7222971653006888,0.23876275095557278
logreg,r4f2,4,2,152,171,0,0.007359926625947971,0.23876275095557278
logreg,r4f2,4,2,153,172,0,0.3824457461303512,0.23876275095557278
logreg,r4f2,4,2,154,173,1,0.9524747804545656,0.23876275095557278
logreg,r4f2,4,2,170,189,0,0.03704633090381463,0.23876275095557278
logreg,r4f2,4,2,171,190,0,0.024949030700391495,0.23876275095557278
logreg,r4f2,4,2,172,191,0,0.01734652829011394,0.23876275095557278
logreg,r4f2,4,2,183,202,0,0.19444290227646646,0.23876275095557278
logreg,r4f2,4,2,184,203,0,0.1629875285780949,0.23876275095557278
logreg,r4f2,4,2,185,204,1,0.0928047187812961,0.23876275095557278
logreg,r4f2,4,2,186,205,1,0.08698002768101813,0.23876275095557278
logreg,r4f2,4,2,187,206,1,0.4214542829442567,0.23876275095557278
logreg,r4f2,4,2,188,207,1,0.6134299842152199,0.23876275095557278
logreg,r4f2,4,2,189,208,1,0.44974200458869174,0.23876275095557278
logreg,r4f2,4,2,190,209,0,0.03205572741936733,0.23876275095557278
logreg,r4f2,4,2,191,211,0,0.33346424959201076,0.23876275095557278
logreg,r4f2,4,2,193,213,0,0.0010500099707545167,0.23876275095557278
logreg,r4f2,4,2,194,214,0,0.7024304684168686,0.23876275095557278
logreg,r4f2,4,2,195,215,0,0.019871429799666426,0.23876275095557278
logreg,r4f2,4,2,196,216,0,0.014571996512037371,0.23876275095557278
logreg,r4f2,4,2,207,228,0,0.17422272448628684,0.23876275095557278
logreg,r4f2,4,2,208,229,1,0.8204695645154179,0.23876275095557278
logreg,r4f2,4,2,209,230,0,0.06531416279141532,0.23876275095557278
logreg,r4f2,4,2,219,241,0,0.005441561747164201,0.23876275095557278
logreg,r4f2,4,2,220,243,0,0.6773296974269131,0.23876275095557278
logreg,r4f2,4,2,226,249,0,0.11460057482569905,0.23876275095557278
logreg,r4f2,4,2,228,251,0,0.3509982141976242,0.23876275095557278
logreg,r4f2,4,2,229,252,1,0.347993750776628,0.23876275095557278
logreg,r4f2,4,2,250,273,0,0.030414480357803614,0.23876275095557278
logreg,r4f2,4,2,251,274,0,0.25218465247349703,0.23876275095557278
logreg,r4f3,4,3,8,19,1,0.9964039519529898,0.2246480166195678
logreg,r4f3,4,3,9,20,1,0.9955361765267798,0.2246480166195678
logreg,r4f3,4,3,10,21,1,0.9956718024640718,0.2246480166195678
logreg,r4f3,4,3,11,22,1,0.9956886834789923,0.2246480166195678
logreg,r4f3,4,3,12,23,1,0.9985730742662478,0.2246480166195678
logreg,r4f3,4,3,25,37,1,0.9954435553835326,0.2246480166195678
logreg,r4f3,4,3,26,38,1,0.9958927647898679,0.2246480166195678
logreg,r4f3,4,3,27,39,1,0.9989024147335845,0.2246480166195678
logreg,r4f3,4,3,45,58,0,0.11309189517081895,0.2246480166195678
logreg,r4f3,4,3,46,59,0,0.08839929499482456,0.2246480166195678
logreg,r4f3,4,3,47,60,0,0.1036203691407933,0.2246480166195678
logreg,r4f3,4,3,48,61,0,0.11251058926997533,0.2246480166195678
logreg,r4f3,4,3,49,62,0,0.11693503197236539,0.2246480166195678
logreg,r4f3,4,3,50,63,1,0.75167154435939,0.2246480166195678
logreg,r4f3,4,3,51,64,0,0.4473630090096067,0.2246480166195678
logreg,r4f3,4,3,62,75,0,0.0092927951020526,0.2246480166195678
logreg,r4f3,4,3,63,76,0,0.011942523075898477,0.2246480166195678
logreg,r4f3,4,3,66,79,0,0.04875173943951731,0.2246480166195678
logreg,r4f3,4,3,67,82,0,0.010541606220445025,0.2246480166195678
logreg,r4f3,4,3,85,102,0,0.1046015500120884,0.2246480166195678
logreg,r4f3,4,3,86,103,0,0.03903922214417411,0.2246480166195678
logreg,r4f3,4,3,92,109,0,0.13391069325030394,0.2246480166195678
logreg,r4f3,4,3,93,110,0,0.10518521531983396,0.2246480166195678
logreg,r4f3,4,3,94,111,1,0.12578532906501025,0.2246480166195678
logreg,r4f3,4,3,95,112,1,0.15553517629052063,0.2246480166195678
logreg,r4f3,4,3,96,113,0,0.08814995205896682,0.2246480166195678
logreg,r4f3,4,3,97,115,0,0.08125707591811793,0.2246480166195678
logreg,r4f3,4,3,98,116,0,0.06126301167682916,0.2246480166195678
logreg,r4f3,4,3,99,117,0,0.02886144435985949,0.2246480166195678
logreg,r4f3,4,3,100,118,0,0.17785356982482756,0.2246480166195678
logreg,r4f3,4,3,142,161,0,0.006041531402934623,0.2246480166195678
logreg,r4f3,4,3,143,162,0,0.004696616089421899,0.2246480166195678
logreg,r4f3,4,3,144,163,0,0.003943052302527211,0.2246480166195678
logreg,r4f3,4,3,145,164,0,0.003941572876436104,0.2246480166195678
logreg,r4f3,4,3,161,180,0,0.11356304798354258,0.2246480166195678
logreg,r4f3,4,3,162,181,0,0.5505633122294937,0.2246480166195678
logreg,r4f3,4,3,163,182,1,0.9060346773413722,0.2246480166195678
logreg,r4f3,4,3,168,187,0,0.09511386690586629,0.2246480166195678
logreg,r4f3,4,3,169,188,0,0.06959422862263638,0.2246480166195678
logreg,r4f3,4,3,197,217,0,0.01342434412633866,0.2246480166195678
logreg,r4f3,4,3,198,218,0,0.010297820337127384,0.2246480166195678
logreg,r4f3,4,3,204,225,0,0.06789749465565355,0.2246480166195678
logreg,r4f3,4,3,210,231,1,0.44510465775687985,0.2246480166195678
logreg,r4f3,4,3,221,244,0,0.004259890356739684,0.2246480166195678
logreg,r4f3,4,3,222,245,0,0.002768272661000948,0.2246480166195678
logreg,r4f4,4,4,17,29,1,0.9878104423325157,0.2257045855214913
logreg,r4f4,4,4,18,30,0,0.9914435344399066,0.2257045855214913
logreg,r4f4,4,4,19,31,1,0.9907831277701223,0.2257045855214913
logreg,r4f4,4,4,20,32,1,0.9961684013860634,0.2257045855214913
logreg,r4f4,4,4,32,44,1,0.9924599794546668,0.2257045855214913
logreg,r4f4,4,4,33,45,0,0.9867750185689272,0.2257045855214913
logreg,r4f4,4,4,40,52,1,0.9864654850153994,0.2257045855214913
logreg,r4f4,4,4,78,94,0,0.612720758809716,0.2257045855214913
logreg,r4f4,4,4,79,95,0,0.565396415552717,0.2257045855214913
logreg,r4f4,4,4,81,98,0,0.5727144368937663,0.2257045855214913
logreg,r4f4,4,4,82,99,0,0.6537624618591652,0.2257045855214913
logreg,r4f4,4,4,83,100,0,0.11394144339744544,0.2257045855214913
logreg,r4f4,4,4,84,101,0,0.207916052333536,0.2257045855214913
logreg,r4f4,4,4,89,106,1,0.4986913671661478,0.2257045855214913
logreg,r4f4,4,4,91,108,1,0.586064827354046,0.2257045855214913
logreg,r4f4,4,4,107,125,0,0.01536549258500355,0.2257045855214913
logreg,r4f4,4,4,108,126,0,0.010004916359362962,0.2257045855214913
logreg,r4f4,4,4,109,127,0,0.012432284177978039,0.2257045855214913
logreg,r4f4,4,4,110,128,0,0.010562391341825685,0.2257045855214913
logreg,r4f4,4,4,111,129,0,0.013949080097737928,0.2257045855214913
logreg,r4f4,4,4,112,130,0,0.04311214221083253,0.2257045855214913
logreg,r4f4,4,4,128,147,0,0.011231482023707946,0.2257045855214913
logreg,r4f4,4,4,155,174,1,0.9647999279501729,0.2257045855214913
logreg,r4f4,4,4,156,175,1,0.9054644990415254,0.2257045855214913
logreg,r4f4,4,4,157,176,0,0.8289141913155423,0.2257045855214913
logreg,r4f4,4,4,158,177,0,0.6861302002074182,0.2257045855214913
logreg,r4f4,4,4,159,178,0,0.5556884170303519,0.2257045855214913
logreg,r4f4,4,4,160,179,1,0.9753209213873231,0.2257045855214913
logreg,r4f4,4,4,164,183,0,0.5846749409285075,0.2257045855214913
logreg,r4f4,4,4,165,184,0,0.5454185447406008,0.2257045855214913
logreg,r4f4,4,4,166,185,0,0.46390369186323516,0.2257045855214913
logreg,r4f4,4,4,167,186,0,0.4204200174954191,0.2257045855214913
logreg,r4f4,4,4,173,192,0,0.023819873744691213,0.2257045855214913
logreg,r4f4,4,4,174,193,0,0.016697949176781027,0.2257045855214913
logreg,r4f4,4,4,175,194,0,0.007439034096768396,0.2257045855214913
logreg,r4f4,4,4,176,195,0,0.07464148421776907,0.2257045855214913
logreg,r4f4,4,4,202,222,0,0.15177320109797204,0.2257045855214913
logreg,r4f4,4,4,203,224,1,0.8253865023840281,0.2257045855214913
logreg,r4f4,4,4,227,250,1,0.6979666226039886,0.2257045855214913
logreg,r4f4,4,4,230,253,0,0.2410488707918377,0.2257045855214913
logreg,r4f4,4,4,231,254,1,0.2567656911166867,0.2257045855214913
logreg,r4f4,4,4,237,260,0,0.015098533211115052,0.2257045855214913
logreg,r4f4,4,4,238,261,0,0.0765358205934557,0.2257045855214913
logreg,r4f4,4,4,239,262,0,0.050076758315025394,0.2257045855214913
logreg,r4f4,4,4,240,263,0,0.03142354394975598,0.2257045855214913
random_forest,r0f0,0,0,13,25,1,0.7632127051449024,0.20805619462237115
random_forest,r0f0,0,0,14,26,1,0.8685955468130376,0.20805619462237115
random_forest,r0f0,0,0,15,27,1,0.6961149270891832,0.20805619462237115
random_forest,r0f0,0,0,16,28,1,0.9008446928757642,0.20805619462237115
random_forest,r0f0,0,0,24,36,0,0.2159086102622867,0.20805619462237115
random_forest,r0f0,0,0,28,40,1,0.7962372495547404,0.20805619462237115
random_forest,r0f0,0,0,29,41,1,0.8229173694348607,0.20805619462237115
random_forest,r0f0,0,0,30,42,1,0.8907674970040035,0.20805619462237115
random_forest,r0f0,0,0,31,43,1,0.8956341636706701,0.20805619462237115
random_forest,r0f0,0,0,41,54,0,0.2139764398183516,0.20805619462237115
random_forest,r0f0,0,0,42,55,1,0.21588820028011205,0.20805619462237115
random_forest,r0f0,0,0,43,56,1,0.3457359317581757,0.20805619462237115
random_forest,r0f0,0,0,44,57,0,0.375701399396187,0.20805619462237115
random_forest,r0f0,0,0,62,75,0,0.045647928692394646,0.20805619462237115
random_forest,r0f0,0,0,63,76,0,0.05335617045063639,0.20805619462237115
random_forest,r0f0,0,0,66,79,0,0.3166497616186953,0.20805619462237115
random_forest,r0f0,0,0,67,82,0,0.012912289915966386,0.20805619462237115
random_forest,r0f0,0,0,78,94,0,0.5742494653092478,0.20805619462237115
random_forest,r0f0,0,0,79,95,0,0.5713935971033798,0.20805619462237115
random_forest,r0f0,0,0,96,113,0,0.21455042335115873,0.20805619462237115
random_forest,r0f0,0,0,97,115,0,0.16561312176385712,0.20805619462237115
random_forest,r0f0,0,0,98,116,0,0.10113895148968681,0.20805619462237115
random_forest,r0f0,0,0,99,117,0,0.10146828547531199,0.20805619462237115
random_forest,r0f0,0,0,100,118,0,0.16206547703529137,0.20805619462237115
random_forest,r0f0,0,0,101,119,0,0.13948263011498313,0.20805619462237115
random_forest,r0f0,0,0,102,120,0,0.14882707455942756,0.20805619462237115
random_forest,r0f0,0,0,103,121,0,0.1844373057498058,0.20805619462237115
random_forest,r0f0,0,0,104,122,0,0.08124971556221555,0.20805619462237115
random_forest,r0f0,0,0,105,123,0,0.1782420676545677,0.20805619462237115
random_forest,r0f0,0,0,106,124,0,0.06138052364302364,0.20805619462237115
random_forest,r0f0,0,0,138,157,0,0.14703192224442233,0.20805619462237115
random_forest,r0f0,0,0,139,158,0,0.057305226717726705,0.20805619462237115
random_forest,r0f0,0,0,140,159,0,0.02563365384615384,0.20805619462237115
random_forest,r0f0,0,0,141,160,0,0.04965848676177624,0.20805619462237115
random_forest,r0f0,0,0,155,174,1,0.7188122526024702,0.20805619462237115
random_forest,r0f0,0,0,156,175,1,0.688058284348502,0.20805619462237115
random_forest,r0f0,0,0,157,176,0,0.6911245664775834,0.20805619462237115
random_forest,r0f0,0,0,158,177,0,0.7383739842167072,0.20805619462237115
random_forest,r0f0,0,0,161,180,0,0.19070395439305168,0.20805619462237115
random_forest,r0f0,0,0,162,181,0,0.42944153298121196,0.20805619462237115
random_forest,r0f0,0,0,163,182,1,0.6962019877725765,0.20805619462237115
random_forest,r0f0,0,0,168,187,0,0.04954397016382311,0.20805619462237115
random_forest,r0f0,0,0,169,188,0,0.06890069660731428,0.20805619462237115
random_forest,r0f0,0,0,197,217,0,0.00630734126984127,0.20805619462237115
random_forest,r0f0,0,0,198,218,0,0.008858928571428573,0.20805619462237115
random_forest,r0f0,0,0,250,273,0,0.3370159619197782,0.20805619462237115
random_forest,r0f0,0,0,251,274,0,0.6884805412247033,0.20805619462237115
random_forest,r0f1,0,1,52,65,0,0.0478891748753178,0.20836486960751674
random_forest,r0f1,0,1,53,66,0,0.05319836546822227,0.20836486960751674
random_forest,r0f1,0,1,54,67,0,0.10358760776051545,0.20836486960751674
random_forest,r0f1,0,1,55,68,0,0.0730635683368734,0.20836486960751674
random_forest,r0f1,0,1,57,70,0,0.08841652871971414,0.20836486960751674
random_forest,r0f1,0,1,58,71,0,0.12419525886856399,0.20836486960751674
random_forest,r0f1,0,1,59,72,1,0.6081462014918493,0.20836486960751674
random_forest,r0f1,0,1,60,73,0,0.08841652871971414,0.20836486960751674
random_forest,r0f1,0,1,61,74,1,0.685332500193148,0.20836486960751674
random_forest,r0f1,0,1,72,88,1,0.45700960819291675,0.20836486960751674
random_forest,r0f1,0,1,73,89,1,0.3752979020558881,0.20836486960751674
random_forest,r0f1,0,1,74,90,1,0.4465222909520161,0.20836486960751674
random_forest,r0f1,0,1,75,91,1,0.49465041674778887,0.20836486960751674
random_forest,r0f1,0,1,76,92,1,0.5365500836481797,0.20836486960751674
random_forest,r0f1,0,1,77,93,1,0.7582159366935879,0.20836486960751674
random_forest,r0f1,0,1,80,97,1,0.18864415148842464,0.20836486960751674
random_forest,r0f1,0,1,87,104,0,0.173025103869377,0.20836486960751674
random_forest,r0f1,0,1,88,105,1,0.19149552993453994,0.20836486960751674
random_forest,r0f1,0,1,90,107,1,0.2257249807086087,0.20836486960751674
random_forest,r0f1,0,1,107,125,0,0.0594056042314811,0.20836486960751674
random_forest,r0f1,0,1,108,126,0,0.008495670995670997,0.20836486960751674
random_forest,r0f1,0,1,109,127,0,0.04101025804261098,0.20836486960751674
random_forest,r0f1,0,1,110,128,0,0.05076522366522365,0.20836486960751674
random_forest,r0f1,0,1,111,129,0,0.05717282227576344,0.20836486960751674
random_forest,r0f1,0,1,112,130,0,0.09251819939187227,0.20836486960751674
random_forest,r0f1,0,1,128,147,0,0.01734805194805195,0.20836486960751674
random_forest,r0f1,0,1,173,192,0,0.06128971776389973,0.20836486960751674
random_forest,r0f1,0,1,174,193,0,0.04274070323900832,0.20836486960751674
random_forest,r0f1,0,1,175,194,0,0.15424167243619574,0.20836486960751674
random_forest,r0f1,0,1,176,195,0,0.1847720720461506,0.20836486960751674
random_forest,r0f1,0,1,192,212,0,0.21061436960951035,0.20836486960751674
random_forest,r0f1,0,1,204,225,0,0.05093115352945863,0.20836486960751674
random_forest,r0f1,0,1,210,231,1,0.2474779538057409,0.20836486960751674
random_forest,r0f1,0,1,221,244,0,0.051595899523950335,0.20836486960751674
random_forest,r0f1,0,1,222,245,0,0.01387871572871573,0.20836486960751674
random_forest,r0f1,0,1,226,249,0,0.3654674099021813,0.20836486960751674
random_forest,r0f1,0,1,227,250,1,0.23008159593401437,0.20836486960751674
random_forest,r0f1,0,1,228,251,0,0.32845929747680114,0.20836486960751674
random_forest,r0f1,0,1,229,252,1,0.32920612287362655,0.20836486960751674
random_forest,r0f1,0,1,230,253,0,0.09816614861574617,0.20836486960751674
random_forest,r0f1,0,1,231,254,1,0.09330888365848121,0.20836486960751674
random_forest,r0f1,0,1,237,260,0,0.14881482109393884,0.20836486960751674
random_forest,r0f1,0,1,238,261,0,0.11679181338269573,0.20836486960751674
random_forest,r0f1,0,1,239,262,0,0.12579166626659846,0.20836486960751674
random_forest,r0f1,0,1,240,263,0,0.04567452449511271,0.20836486960751674
random_forest,r0f2,0,2,17,29,1,0.7095667377960876,0.20073868396167632
random_forest,r0f2,0,2,18,30,0,0.7773235740154237,0.20073868396167632
random_forest,r0f2,0,2,19,31,1,0.8179616524346393,0.20073868396167632
random_forest,r0f2,0,2,20,32,1,0.8709422370546974,0.20073868396167632
random_forest,r0f2,0,2,32,44,1,0.7497401894175654,0.20073868396167632
random_forest,r0f2,0,2,33,45,0,0.7216758438946672,0.20073868396167632
random_forest,r0f2,0,2,40,52,1,0.7299723696743884,0.20073868396167632
random_forest,r0f2,0,2,56,69,1,0.7308065890645453,0.20073868396167632
random_forest,r0f2,0,2,64,77,0,0.035300500977517094,0.20073868396167632
random_forest,r0f2,0,2,65,78,0,0.018519909346925472,0.20073868396167632
random_forest,r0f2,0,2,68,84,0,0.04972005079904061,0.20073868396167632
random_forest,r0f2,0,2,69,85,0,0.06883406595055576,0.20073868396167632
random_forest,r0f2,0,2,70,86,0,0.06078376216077825,0.20073868396167632
random_forest,r0f2,0,2,71,87,0,0.05260475783177394,0.20073868396167632
random_forest,r0f2,0,2,81,98,0,0.4298263477704993,0.20073868396167632
random_forest,r0f2,0,2,82,99,0,0.514347066525428,0.20073868396167632
random_forest,r0f2,0,2,83,100,0,0.3876005396953421,0.20073868396167632
random_forest,r0f2,0,2,84,101,0,0.4111146925016002,0.20073868396167632
random_forest,r0f2,0,2,89,106,1,0.5370704653387549,0.20073868396167632
random_forest,r0f2,0,2,91,108,1,0.47084734344149487,0.20073868396167632
random_forest,r0f2,0,2,159,178,0,0.48861346250663207,0.20073868396167632
random_forest,r0f2,0,2,160,179,1,0.6052530924844977,0.20073868396167632
random_forest,r0f2,0,2,164,183,0,0.45326783464619635,0.20073868396167632
random_forest,r0f2,0,2,165,184,0,0.5404938897213898,0.20073868396167632
random_forest,r0f2,0,2,166,185,0,0.5306813716838719,0.20073868396167632
random_forest,r0f2,0,2,167,186,0,0.46631013816592753,0.20073868396167632
random_forest,r0f2,0,2,193,213,0,0.08225323670484568,0.20073868396167632
random_forest,r0f2,0,2,194,214,0,0.3876369323401956,0.20073868396167632
random_forest,r0f2,0,2,195,215,0,0.06219148351648349,0.20073868396167632
random_forest,r0f2,0,2,196,216,0,0.029450213675213676,0.20073868396167632
random_forest,r0f2,0,2,199,219,0,0.02206010737628385,0.20073868396167632
random_forest,r0f2,0,2,200,220,0,0.10074403864968882,0.20073868396167632
random_forest,r0f2,0,2,201,221,0,0.1406363122257859,0.20073868396167632
random_forest,r0f2,0,2,205,226,0,0.042078754372562414,0.20073868396167632
random_forest,r0f2,0,2,206,227,0,0.044740659134467176,0.20073868396167632
random_forest,r0f2,0,2,211,232,0,0.10196368037953536,0.20073868396167632
random_forest,r0f2,0,2,212,233,1,0.3473127524203257,0.20073868396167632
random_forest,r0f2,0,2,213,234,1,0.36637841453598785,0.20073868396167632
random_forest,r0f2,0,2,214,235,0,0.08135505295432899,0.20073868396167632
random_forest,r0f2,0,2,215,236,0,0.25104582645957596,0.20073868396167632
random_forest,r0f2,0,2,216,238,1,0.39144265185640165,0.20073868396167632
random_forest,r0f2,0,2,217,239,0,0.06057702020202018,0.20073868396167632
random_forest,r0f2,0,2,218,240,0,0.04977615440115438,0.20073868396167632
random_forest,r0f2,0,2,246,269,0,0.13615693933607464,0.20073868396167632
random_forest,r0f2,0,2,247,270,1,0.2588315721107074,0.20073868396167632
random_forest,r0f2,0,2,248,271,0,0.02201024531024531,0.20073868396167632
random_forest,r0f2,0,2,249,272,0,0.018803896103896104,0.20073868396167632
random_forest,r0f3,0,3,0,1,1,0.5884227175316421,0.1834911302250687
random_forest,r0f3,0,3,1,2,0,0.25465089490981957,0.1834911302250687
random_forest,r0f3,0,3,2,3,0,0.6206348054437301,0.1834911302250687
random_forest,r0f3,0,3,3,4,0,0.2632532758622005,0.1834911302250687
random_forest,r0f3,0,3,4,5,0,0.24969613300505764,0.1834911302250687
random_forest,r0f3,0,3,5,6,0,0.18872815931208392,0.1834911302250687
random_forest,r0f3,0,3,6,7,1,0.42707501282825255,0.1834911302250687
random_forest,r0f3,0,3,7,8,1,0.24536479602989336,0.1834911302250687
random_forest,r0f3,0,3,8,19,1,0.9401149447175918,0.1834911302250687
random_forest,r0f3,0,3,9,20,1,0.8886650948344861,0.1834911302250687
random_forest,r0f3,0,3,10,21,1,0.8789769995963911,0.1834911302250687
random_forest,r0f3,0,3,11,22,1,0.8804769995963911,0.1834911302250687
random_forest,r0f3,0,3,12,23,1,0.9228670370696843,0.1834911302250687
random_forest,r0f3,0,3,21,33,0,0.20730301778694238,0.1834911302250687
random_forest,r0f3,0,3,22,34,0,0.28812580617680733,0.1834911302250687
random_forest,r0f3,0,3,23,35,0,0.3727208654981695,0.1834911302250687
random_forest,r0f3,0,3,25,37,1,0.8036855933540145,0.1834911302250687
random_forest,r0f3,0,3,26,38,1,0.7788917654119306,0.1834911302250687
random_forest,r0f3,0,3,27,39,1,0.9171221946571949,0.1834911302250687
random_forest,r0f3,0,3,34,46,1,0.1832381510852409,0.1834911302250687
random_forest,r0f3,0,3,35,47,1,0.4123890085869647,0.1834911302250687
random_forest,r0f3,0,3,36,48,1,0.21955414942798343,0.1834911302250687
random_forest,r0f3,0,3,37,49,0,0.2310672605244631,0.1834911302250687
random_forest,r0f3,0,3,38,50,0,0.3685616663639704,0.1834911302250687
random_forest,r0f3,0,3,39,51,1,0.44711140285935896,0.1834911302250687
random_forest,r0f3,0,3,121,140,0,0.04442273507006749,0.1834911302250687
random_forest,r0f3,0,3,122,141,0,0.012172915972915975,0.1834911302250687
random_forest,r0f3,0,3,123,142,0,0.07644528249528248,0.1834911302250687
random_forest,r0f3,0,3,124,143,0,0.080371472971473,0.1834911302250687
random_forest,r0f3,0,3,125,144,0,0.1668300847394377,0.1834911302250687
random_forest,r0f3,0,3,126,145,0,0.15989587682848566,0.1834911302250687
random_forest,r0f3,0,3,127,146,0,0.22003630026304458,0.1834911302250687
random_forest,r0f3,0,3,129,148,1,0.27659730518740244,0.1834911302250687
random_forest,r0f3,0,3,130,149,1,0.610383304863016,0.1834911302250687
random_forest,r0f3,0,3,131,150,0,0.3819211311326989,0.1834911302250687
random_forest,r0f3,0,3,147,166,0,0.012077922077922078,0.1834911302250687
random_forest,r0f3,0,3,148,167,0,0.0435534632034632,0.1834911302250687
random_forest,r0f3,0,3,149,168,1,0.2269803515642761,0.1834911302250687
random_forest,r0f3,0,3,150,169,0,0.22451913729545317,0.1834911302250687
random_forest,r0f3,0,3,151,170,0,0.2672509653313783,0.1834911302250687
random_forest,r0f3,0,3,177,196,0,0.2500717532539558,0.1834911302250687
random_forest,r0f3,0,3,178,197,0,0.20134100593110327,0.1834911302250687
random_forest,r0f3,0,3,179,198,1,0.4203098946131343,0.1834911302250687
random_forest,r0f3,0,3,180,199,0,0.20830364173799473,0.1834911302250687
random_forest,r0f3,0,3,181,200,0,0.16122693465954346,0.1834911302250687
random_forest,r0f3,0,3,182,201,0,0.14822693465954348,0.1834911302250687
random_forest,r0f3,0,3,183,202,0,0.22500232958625416,0.1834911302250687
random_forest,r0f3,0,3,184,203,0,0.18299713478105933,0.1834911302250687
random_forest,r0f3,0,3,185,204,1,0.26460279986435026,0.1834911302250687
random_forest,r0f3,0,3,186,205,1,0.24753308624463666,0.1834911302250687
random_forest,r0f3,0,3,187,206,1,0.23430826367336102,0.1834911302250687
random_forest,r0f3,0,3,188,207,1,0.26379639776149516,0.1834911302250687
random_forest,r0f3,0,3,189,208,1,0.24527193888703622,0.1834911302250687
random_forest,r0f3,0,3,207,228,0,0.40835652658519955,0.1834911302250687
random_forest,r0f3,0,3,208,229,1,0.46157152855237954,0.1834911302250687
random_forest,r0f3,0,3,209,230,0,0.35925733735964144,0.1834911302250687
random_forest,r0f3,0,3,219,241,0,0.032445985225778184,0.1834911302250687
random_forest,r0f3,0,3,220,243,0,0.7766269260222716,0.1834911302250687
random_forest,r0f3,0,3,225,248,0,0.03378638926618223,0.1834911302250687
random_forest,r0f3,0,3,232,255,0,0.2386517605201816,0.1834911302250687
random_forest,r0f3,0,3,233,256,0,0.23767037523879633,0.1834911302250687
random_forest,r0f3,0,3,234,257,0,0.23835609083039425,0.1834911302250687
random_forest,r0f3,0,3,235,258,0,0.24370774283188085,0.1834911302250687
random_forest,r0f3,0,3,236,259,0,0.27395356498358536,0.1834911302250687
random_forest,r0f3,0,3,241,264,0,0.10580703230877651,0.1834911302250687
random_forest,r0f3,0,3,242,265,0,0.11179825305413547,0.1834911302250687
random_forest,r0f3,0,3,243,266,0,0.2196197537756362,0.1834911302250687
random_forest,r0f3,0,3,244,267,0,0.37692774872897633,0.1834911302250687
random_forest,r0f3,0,3,245,268,0,0.38250155825278587,0.1834911302250687
random_forest,r0f4,0,4,45,58,0,0.20543061741126253,0.1953560476749737
random_forest,r0f4,0,4,46,59,0,0.1527333178890202,0.1953560476749737
random_forest,r0f4,0,4,47,60,0,0.1923463461269913,0.1953560476749737
random_forest,r0f4,0,4,48,61,0,0.20888617296681808,0.1953560476749737
random_forest,r0f4,0,4,49,62,0,0.22767531585452688,0.1953560476749737
random_forest,r0f4,0,4,50,63,1,0.6793979072520767,0.1953560476749737
random_forest,r0f4,0,4,51,64,0,0.5053048155103578,0.1953560476749737
random_forest,r0f4,0,4,85,102,0,0.12637130795910254,0.1953560476749737
random_forest,r0f4,0,4,86,103,0,0.10511049377328835,0.1953560476749737
random_forest,r0f4,0,4,92,109,0,0.07789858797892853,0.1953560476749737
random_forest,r0f4,0,4,93,110,0,0.11067508925542982,0.1953560476749737
random_forest,r0f4,0,4,94,111,1,0.09239461972496028,0.1953560476749737
random_forest,r0f4,0,4,95,112,1,0.08157336882244005,0.1953560476749737
random_forest,r0f4,0,4,113,131,1,0.7488588570972367,0.1953560476749737
random_forest,r0f4,0,4,114,132,1,0.6135416986010167,0.1953560476749737
random_forest,r0f4,0,4,115,133,1,0.3457324147476152,0.1953560476749737
random_forest,r0f4,0,4,116,134,0,0.27158725786149085,0.1953560476749737
random_forest,r0f4,0,4,117,135,1,0.588298079148574,0.1953560476749737
random_forest,r0f4,0,4,118,136,1,0.40939391631794053,0.1953560476749737
random_forest,r0f4,0,4,119,137,1,0.3989256623496866,0.1953560476749737
random_forest,r0f4,0,4,120,139,1,0.7192635635019429,0.1953560476749737
random_forest,r0f4,0,4,132,151,1,0.07350149098213611,0.1953560476749737
random_forest,r0f4,0,4,133,152,0,0.07241001024065538,0.1953560476749737
random_forest,r0f4,0,4,134,153,0,0.08485815098879614,0.1953560476749737
random_forest,r0f4,0,4,135,154,0,0.1460421704751628,0.1953560476749737
random_forest,r0f4,0,4,136,155,0,0.3922587495995129,0.1953560476749737
random_forest,r0f4,0,4,137,156,1,0.7451506351133796,0.1953560476749737
random_forest,r0f4,0,4,142,161,0,0.02156067821067821,0.1953560476749737
random_forest,r0f4,0,4,143,162,0,0.026704112554112557,0.1953560476749737
random_forest,r0f4,0,4,144,163,0,0.03639935064935065,0.1953560476749737
random_forest,r0f4,0,4,145,164,0,0.03639935064935065,0.1953560476749737
random_forest,r0f4,0,4,146,165,0,0.6027651121568041,0.1953560476749737
random_forest,r0f4,0,4,152,171,0,0.11956826506826508,0.1953560476749737
random_forest,r0f4,0,4,153,172,0,0.4486458294786981,0.1953560476749737
random_forest,r0f4,0,4,154,173,1,0.6925347656886867,0.1953560476749737
random_forest,r0f4,0,4,170,189,0,0.0769434101740553,0.1953560476749737
random_forest,r0f4,0,4,171,190,0,0.08025815098879613,0.1953560476749737
random_forest,r0f4,0,4,172,191,0,0.27660729351293867,0.1953560476749737
random_forest,r0f4,0,4,190,209,0,0.11005477010403787,0.1953560476749737
random_forest,r0f4,0,4,191,211,0,0.23714656719583488,0.1953560476749737
random_forest,r0f4,0,4,202,222,0,0.10684487740755924,0.1953560476749737
random_forest,r0f4,0,4,203,224,1,0.6176308795255935,0.1953560476749737
random_forest,r0f4,0,4,223,246,0,0.014442279942279944,0.1953560476749737
random_forest,r0f4,0,4,224,247,0,0.04805458152958151,0.1953560476749737
random_forest,r1f0,1,0,8,19,1,0.9178498558627867,0.23734714507174212
random_forest,r1f0,1,0,9,20,1,0.8800265666829042,0.23734714507174212
random_forest,r1f0,1,0,10,21,1,0.8712547157456884,0.23734714507174212
random_forest,r1f0,1,0,11,22,1,0.8712547157456884,0.23734714507174212
random_forest,r1f0,1,0,12,23,1,0.9366386275317307,0.23734714507174212
random_forest,r1f0,1,0,25,37,1,0.7890634957156103,0.23734714507174212
random_forest,r1f0,1,0,26,38,1,0.8006939162210311,0.23734714507174212
random_forest,r1f0,1,0,27,39,1,0.9237955045728182,0.23734714507174212
random_forest,r1f0,1,0,45,58,0,0.28215950477579266,0.23734714507174212
random_forest,r1f0,1,0,46,59,0,0.17393493622992076,0.23734714507174212
random_forest,r1f0,1,0,47,60,0,0.25235836979965764,0.23734714507174212
random_forest,r1f0,1,0,48,61,0,0.28315950477579266,0.23734714507174212
random_forest,r1f0,1,0,49,62,0,0.1658784667051748,0.23734714507174212
random_forest,r1f0,1,0,50,63,1,0.656214417239848,0.23734714507174212
random_forest,r1f0,1,0,51,64,0,0.34672588975426194,0.23734714507174212
random_forest,r1f0,1,0,62,75,0,0.12242592746091197,0.23734714507174212
random_forest,r1f0,1,0,63,76,0,0.10400676004551816,0.23734714507174212
random_forest,r1f0,1,0,66,79,0,0.28991480116964397,0.23734714507174212
random_forest,r1f0,1,0,67,82,0,0.013363199665831242,0.23734714507174212
random_forest,r1f0,1,0,85,102,0,0.11779818384230151,0.23734714507174212
random_forest,r1f0,1,0,86,103,0,0.08604055976703036,0.23734714507174212
random_forest,r1f0,1,0,92,109,0,0.07597958445905792,0.23734714507174212
random_forest,r1f0,1,0,93,110,0,0.10107814843368704,0.23734714507174212
random_forest,r1f0,1,0,94,111,1,0.07716574185005401,0.23734714507174212
random_forest,r1f0,1,0,95,112,1,0.07038939531816889,0.23734714507174212
random_forest,r1f0,1,0,142,161,0,0.0628355898345247,0.23734714507174212
random_forest,r1f0,1,0,143,162,0,0.033814117720522875,0.23734714507174212
random_forest,r1f0,1,0,144,163,0,0.027214610999595514,0.23734714507174212
random_forest,r1f0,1,0,145,164,0,0.028014610999595513,0.23734714507174212
random_forest,r1f0,1,0,161,180,0,0.11234194962748127,0.23734714507174212
random_forest,r1f0,1,0,162,181,0,0.21644308615435315,0.23734714507174212
random_forest,r1f0,1,0,163,182,1,0.7069818393602118,0.23734714507174212
random_forest,r1f0,1,0,168,187,0,0.07611861871152274,0.23734714507174212
random_forest,r1f0,1,0,169,188,0,0.03266571930484974,0.23734714507174212
random_forest,r1f0,1,0,197,217,0,0.02972553322446811,0.23734714507174212
random_forest,r1f0,1,0,198,218,0,0.008665336417967998,0.23734714507174212
random_forest,r1f0,1,0,204,225,0,0.06899514543427589,0.23734714507174212
random_forest,r1f0,1,0,210,231,1,0.2757412962775633,0.23734714507174212
random_forest,r1f0,1,0,219,241,0,0.03159381580022096,0.23734714507174212
random_forest,r1f0,1,0,220,243,0,0.6621234187381246,0.23734714507174212
random_forest,r1f0,1,0,241,264,0,0.07721653299530659,0.23734714507174212
random_forest,r1f0,1,0,242,265,0,0.05998746808746807,0.23734714507174212
random_forest,r1f0,1,0,243,266,0,0.11997779997780009,0.23734714507174212
random_forest,r1f0,1,0,244,267,0,0.3010288766788767,0.23734714507174212
random_forest,r1f0,1,0,245,268,0,0.3150349372849372,0.23734714507174212
random_forest,r1f1,1,1,0,1,1,0.4022527226285111,0.13793223247340902
random_forest,r1f1,1,1,1,2,0,0.29476793252915084,0.13793223247340902
random_forest,r1f1,1,1,2,3,0,0.43848146114146014,0.13793223247340902
random_forest,r1f1,1,1,3,4,0,0.3509925357037541,0.13793223247340902
random_forest,r1f1,1,1,4,5,0,0.287731424592643,0.13793223247340902
random_forest,r1f1,1,1,5,6,0,0.19404637630759486,0.13793223247340902
random_forest,r1f1,1,1,6,7,1,0.5670343239571166,0.13793223247340902
random_forest,r1f1,1,1,7,8,1,0.25905786153065397,0.13793223247340902
random_forest,r1f1,1,1,21,33,0,0.22774260230382104,0.13793223247340902
random_forest,r1f1,1,1,22,34,0,0.22063676758126788,0.13793223247340902
random_forest,r1f1,1,1,23,35,0,0.28006696413084015,0.13793223247340902
random_forest,r1f1,1,1,34,46,1,0.1831473743119985,0.13793223247340902
random_forest,r1f1,1,1,35,47,1,0.2965617693256454,0.13793223247340902
random_forest,r1f1,1,1,36,48,1,0.1784151225596229,0.13793223247340902
random_forest,r1f1,1,1,37,49,0,0.18865545171824416,0.13793223247340902
random_forest,r1f1,1,1,38,50,0,0.2868673248812009,0.13793223247340902
random_forest,r1f1,1,1,39,51,1,0.49544966476354046,0.13793223247340902
random_forest,r1f1,1,1,52,65,0,0.03203424419019949,0.13793223247340902
random_forest,r1f1,1,1,53,66,0,0.04525269687614445,0.13793223247340902
random_forest,r1f1,1,1,54,67,0,0.08318198162648181,0.13793223247340902
random_forest,r1f1,1,1,55,68,0,0.031892682707306746,0.13793223247340902
random_forest,r1f1,1,1,57,70,0,0.07450507294668887,0.13793223247340902
random_forest,r1f1,1,1,58,71,0,0.20131666671550133,0.13793223247340902
random_forest,r1f1,1,1,59,72,1,0.529780425845823,0.13793223247340902
random_forest,r1f1,1,1,60,73,0,0.07450507294668887,0.13793223247340902
random_forest,r1f1,1,1,61,74,1,0.6466367626462771,0.13793223247340902
random_forest,r1f1,1,1,80,97,1,0.16728128929034503,0.13793223247340902
random_forest,r1f1,1,1,87,104,0,0.1455566861157419,0.13793223247340902
random_forest,r1f1,1,1,88,105,1,0.17945509881415456,0.13793223247340902
random_forest,r1f1,1,1,90,107,1,0.219015450450822,0.13793223247340902
random_forest,r1f1,1,1,107,125,0,0.05717063492063491,0.13793223247340902
random_forest,r1f1,1,1,108,126,0,0.025244588744588743,0.13793223247340902
random_forest,r1f1,1,1,109,127,0,0.055230303030303025,0.13793223247340902
random_forest,r1f1,1,1,110,128,0,0.09466839826839825,0.13793223247340902
random_forest,r1f1,1,1,111,129,0,0.04676285714285713,0.13793223247340902
random_forest,r1f1,1,1,112,130,0,0.0741323642439432,0.13793223247340902
random_forest,r1f1,1,1,113,131,1,0.629135398640486,0.13793223247340902
random_forest,r1f1,1,1,114,132,1,0.4224711728662596,0.13793223247340902
random_forest,r1f1,1,1,115,133,1,0.3196287023336962,0.13793223247340902
random_forest,r1f1,1,1,116,134,0,0.2825725398687101,0.13793223247340902
random_forest,r1f1,1,1,117,135,1,0.4108667401129104,0.13793223247340902
random_forest,r1f1,1,1,118,136,1,0.339822295668466,0.13793223247340902
random_forest,r1f1,1,1,119,137,1,0.3239389623351326,0.13793223247340902
random_forest,r1f1,1,1,120,139,1,0.6483355219159033,0.13793223247340902
random_forest,r1f1,1,1,128,147,0,0.022651731601731596,0.13793223247340902
random_forest,r1f1,1,1,138,157,0,0.1130379700951827,0.13793223247340902
random_forest,r1f1,1,1,139,158,0,0.07479643200364457,0.13793223247340902
random_forest,r1f1,1,1,140,159,0,0.029390834676994607,0.13793223247340902
random_forest,r1f1,1,1,141,160,0,0.03554399163355714,0.13793223247340902
random_forest,r1f1,1,1,183,202,0,0.18631089161684705,0.13793223247340902
random_forest,r1f1,1,1,184,203,0,0.1906015766627952,0.13793223247340902
random_forest,r1f1,1,1,185,204,1,0.21255713389571576,0.13793223247340902
random_forest,r1f1,1,1,186,205,1,0.20157348310206494,0.13793223247340902
random_forest,r1f1,1,1,187,206,1,0.22904992502271745,0.13793223247340902
random_forest,r1f1,1,1,188,207,1,0.3221644271872196,0.13793223247340902
random_forest,r1f1,1,1,189,208,1,0.2637769091497017,0.13793223247340902
random_forest,r1f1,1,1,190,209,0,0.056235549137165046,0.13793223247340902
random_forest,r1f1,1,1,191,211,0,0.17531797110116606,0.13793223247340902
random_forest,r1f1,1,1,192,212,0,0.20269079204240803,0.13793223247340902
random_forest,r1f1,1,1,207,228,0,0.2719114085752847,0.13793223247340902
random_forest,r1f1,1,1,208,229,1,0.48976993893381454,0.13793223247340902
random_forest,r1f1,1,1,209,230,0,0.26871220222607833,0.13793223247340902
random_forest,r1f1,1,1,214,235,0,0.11292444682484326,0.13793223247340902
random_forest,r1f1,1,1,215,236,0,0.40990960333499976,0.13793223247340902
random_forest,r1f1,1,1,216,238,1,0.471662056437453,0.13793223247340902
random_forest,r1f1,1,1,217,239,0,0.04950171094815057,0.13793223247340902
random_forest,r1f1,1,1,218,240,0,0.03178443039442934,0.13793223247340902
random_forest,r1f2,1,2,24,36,0,0.22173143827002187,0.21534209453810227
random_forest,r1f2,1,2,41,54,0,0.21149110193968546,0.21534209453810227
random_forest,r1f2,1,2,42,55,1,0.21598222748081097,0.21534209453810227
random_forest,r1f2,1,2,43,56,1,0.33668432114182895,0.21534209453810227
random_forest,r1f2,1,2,44,57,0,0.3593872213461996,0.21534209453810227
random_forest,r1f2,1,2,72,88,1,0.7185884396522888,0.21534209453810227
random_forest,r1f2,1,2,73,89,1,0.6761656624295123,0.21534209453810227
random_forest,r1f2,1,2,74,90,1,0.7272047122685621,0.21534209453810227
random_forest,r1f2,1,2,75,91,1,0.7520181266319762,0.21534209453810227
random_forest,r1f2,1,2,76,92,1,0.7215372802245195,0.21534209453810227
random_forest,r1f2,1,2,77,93,1,0.7865021628908727,0.21534209453810227
random_forest,r1f2,1,2,78,94,0,0.5504913206285595,0.21534209453810227
random_forest,r1f2,1,2,79,95,0,0.6485069724603884,0.21534209453810227
random_forest,r1f2,1,2,96,113,0,0.18855421937780303,0.21534209453810227
random_forest,r1f2,1,2,97,115,0,0.13681521948880307,0.21534209453810227
random_forest,r1f2,1,2,98,116,0,0.11739335801694169,0.21534209453810227
random_forest,r1f2,1,2,99,117,0,0.09391121201168641,0.21534209453810227
random_forest,r1f2,1,2,100,118,0,0.09308018111447908,0.21534209453810227
random_forest,r1f2,1,2,121,140,0,0.06642570603999173,0.21534209453810227
random_forest,r1f2,1,2,122,141,0,0.0243264996907854,0.21534209453810227
random_forest,r1f2,1,2,123,142,0,0.10335041743970318,0.21534209453810227
random_forest,r1f2,1,2,124,143,0,0.10423476087404658,0.21534209453810227
random_forest,r1f2,1,2,132,151,1,0.059335067306492476,0.21534209453810227
random_forest,r1f2,1,2,133,152,0,0.04500817752960271,0.21534209453810227
random_forest,r1f2,1,2,134,153,0,0.050348233470393945,0.21534209453810227
random_forest,r1f2,1,2,135,154,0,0.11987016856380639,0.21534209453810227
random_forest,r1f2,1,2,136,155,0,0.2984840748845238,0.21534209453810227
random_forest,r1f2,1,2,137,156,1,0.8257429339477732,0.21534209453810227
random_forest,r1f2,1,2,146,165,0,0.69916919075077,0.21534209453810227
random_forest,r1f2,1,2,147,166,0,0.022761238563024283,0.21534209453810227
random_forest,r1f2,1,2,148,167,0,0.060525087214372914,0.21534209453810227
random_forest,r1f2,1,2,152,171,0,0.08230400095476946,0.21534209453810227
random_forest,r1f2,1,2,153,172,0,0.430084406116759,0.21534209453810227
random_forest,r1f2,1,2,154,173,1,0.7296171772671777,0.21534209453810227
random_forest,r1f2,1,2,155,174,1,0.6148829792966891,0.21534209453810227
random_forest,r1f2,1,2,156,175,1,0.6119817530375681,0.21534209453810227
random_forest,r1f2,1,2,157,176,0,0.7034928546817045,0.21534209453810227
random_forest,r1f2,1,2,158,177,0,0.7166311802450296,0.21534209453810227
random_forest,r1f2,1,2,170,189,0,0.04853391523275977,0.21534209453810227
random_forest,r1f2,1,2,171,190,0,0.04097918585134633,0.21534209453810227
random_forest,r1f2,1,2,172,191,0,0.32261888181846154,0.21534209453810227
random_forest,r1f2,1,2,173,192,0,0.04374714089598542,0.21534209453810227
random_forest,r1f2,1,2,174,193,0,0.039027620138964686,0.21534209453810227
random_forest,r1f2,1,2,175,194,0,0.15221215451618386,0.21534209453810227
random_forest,r1f2,1,2,176,195,0,0.18277791910934782,0.21534209453810227
random_forest,r1f2,1,2,227,250,1,0.19408774457396746,0.21534209453810227
random_forest,r1f2,1,2,230,253,0,0.1659500139638743,0.21534209453810227
random_forest,r1f2,1,2,231,254,1,0.16621033142419175,0.21534209453810227
random_forest,r1f3,1,3,13,25,1,0.7487613358237063,0.2354768800089098
random_forest,r1f3,1,3,14,26,1,0.8579059325038302,0.2354768800089098
random_forest,r1f3,1,3,15,27,1,0.6602248754555794,0.2354768800089098
random_forest,r1f3,1,3,16,28,1,0.9114840541707286,0.2354768800089098
random_forest,r1f3,1,3,28,40,1,0.7465924898061762,0.2354768800089098
random_forest,r1f3,1,3,29,41,1,0.8200318087603562,0.2354768800089098
random_forest,r1f3,1,3,30,42,1,0.9014084894354385,0.2354768800089098
random_forest,r1f3,1,3,31,43,1,0.9010824432593922,0.2354768800089098
random_forest,r1f3,1,3,56,69,1,0.7453006100023131,0.2354768800089098
random_forest,r1f3,1,3,64,77,0,0.024423637106575587,0.2354768800089098
random_forest,r1f3,1,3,65,78,0,0.012402265218441687,0.2354768800089098
random_forest,r1f3,1,3,101,119,0,0.07867536836568384,0.2354768800089098
random_forest,r1f3,1,3,102,120,0,0.08548013027044575,0.2354768800089098
random_forest,r1f3,1,3,103,121,0,0.11084271751640178,0.2354768800089098
random_forest,r1f3,1,3,104,122,0,0.06839158254026674,0.2354768800089098
random_forest,r1f3,1,3,105,123,0,0.12030779688148115,0.2354768800089098
random_forest,r1f3,1,3,106,124,0,0.04024736652236652,0.2354768800089098
random_forest,r1f3,1,3,193,213,0,0.06427525243154786,0.2354768800089098
random_forest,r1f3,1,3,194,214,0,0.3018822659955716,0.2354768800089098
random_forest,r1f3,1,3,195,215,0,0.050216506086506074,0.2354768800089098
random_forest,r1f3,1,3,196,216,0,0.018119300144300143,0.2354768800089098
random_forest,r1f3,1,3,202,222,0,0.11927361191734416,0.2354768800089098
random_forest,r1f3,1,3,203,224,1,0.5159685999659482,0.2354768800089098
random_forest,r1f3,1,3,205,226,0,0.02933805916305916,0.2354768800089098
random_forest,r1f3,1,3,206,227,0,0.025480099312452247,0.2354768800089098
random_forest,r1f3,1,3,211,232,0,0.14236709974113057,0.2354768800089098
random_forest,r1f3,1,3,212,233,1,0.3428179148652056,0.2354768800089098
random_forest,r1f3,1,3,213,234,1,0.3703695743168652,0.2354768800089098
random_forest,r1f3,1,3,221,244,0,0.046938201613201606,0.2354768800089098
random_forest,r1f3,1,3,222,245,0,0.01856020923520924,0.2354768800089098
random_forest,r1f3,1,3,223,246,0,0.014177813852813857,0.2354768800089098
random_forest,r1f3,1,3,224,247,0,0.05972146464646463,0.2354768800089098
random_forest,r1f3,1,3,232,255,0,0.47729534262196127,0.2354768800089098
random_forest,r1f3,1,3,233,256,0,0.4707739751005937,0.2354768800089098
random_forest,r1f3,1,3,234,257,0,0.41812126965741525,0.2354768800089098
random_forest,r1f3,1,3,235,258,0,0.5536166634485425,0.2354768800089098
random_forest,r1f3,1,3,236,259,0,0.6320238074225596,0.2354768800089098
random_forest,r1f3,1,3,237,260,0,0.2675670482864149,0.2354768800089098
random_forest,r1f3,1,3,238,261,0,0.32374798075264155,0.2354768800089098
random_forest,r1f3,1,3,239,262,0,0.27581485401871747,0.2354768800089098
random_forest,r1f3,1,3,240,263,0,0.226378666083845,0.2354768800089098
random_forest,r1f3,1,3,246,269,0,0.17303780431038507,0.2354768800089098
random_forest,r1f3,1,3,247,270,1,0.4145741290967097,0.2354768800089098
random_forest,r1f3,1,3,248,271,0,0.10767075569358184,0.2354768800089098
random_forest,r1f3,1,3,249,272,0,0.10329166666666674,0.2354768800089098
random_forest,r1f3,1,3,250,273,0,0.38104884869020544,0.2354768800089098
random_forest,r1f3,1,3,251,274,0,0.6820147266530685,0.2354768800089098
random_forest,r1f4,1,4,17,29,1,0.6999843466861391,0.276355403371425
random_forest,r1f4,1,4,18,30,0,0.7742824384672286,0.276355403371425
random_forest,r1f4,1,4,19,31,1,0.8053606099094313,0.276355403371425
random_forest,r1f4,1,4,20,32,1,0.8727593970062286,0.276355403371425
random_forest,r1f4,1,4,32,44,1,0.7611305792153692,0.276355403371425
random_forest,r1f4,1,4,33,45,0,0.7079256886774811,0.276355403371425
random_forest,r1f4,1,4,40,52,1,0.7393854656092869,0.276355403371425
random_forest,r1f4,1,4,68,84,0,0.06428847702367646,0.276355403371425
random_forest,r1f4,1,4,69,85,0,0.08974157947677895,0.276355403371425
random_forest,r1f4,1,4,70,86,0,0.05695790417547202,0.276355403371425
random_forest,r1f4,1,4,71,87,0,0.061732019592218995,0.276355403371425
random_forest,r1f4,1,4,81,98,0,0.438609728192071,0.276355403371425
random_forest,r1f4,1,4,82,99,0,0.5050777449861515,0.276355403371425
random_forest,r1f4,1,4,83,100,0,0.4223898879711989,0.276355403371425
random_forest,r1f4,1,4,84,101,0,0.43968353876484967,0.276355403371425
random_forest,r1f4,1,4,89,106,1,0.5323653574758906,0.276355403371425
random_forest,r1f4,1,4,91,108,1,0.4845836820160249,0.276355403371425
random_forest,r1f4,1,4,125,144,0,0.1848979474111037,0.276355403371425
random_forest,r1f4,1,4,126,145,0,0.1599729113360675,0.276355403371425
random_forest,r1f4,1,4,127,146,0,0.20703978401282774,0.276355403371425
random_forest,r1f4,1,4,129,148,1,0.4972114538469017,0.276355403371425
random_forest,r1f4,1,4,130,149,1,0.6993719812572283,0.276355403371425
random_forest,r1f4,1,4,131,150,0,0.3786289795270387,0.276355403371425
random_forest,r1f4,1,4,149,168,1,0.2733304805809848,0.276355403371425
random_forest,r1f4,1,4,150,169,0,0.2749384381789424,0.276355403371425
random_forest,r1f4,1,4,151,170,0,0.27959641938948787,0.276355403371425
random_forest,r1f4,1,4,159,178,0,0.5488198928429476,0.276355403371425
random_forest,r1f4,1,4,160,179,1,0.6444025435255988,0.276355403371425
random_forest,r1f4,1,4,164,183,0,0.4519436748010176,0.276355403371425
random_forest,r1f4,1,4,165,184,0,0.5389002717446285,0.276355403371425
random_forest,r1f4,1,4,166,185,0,0.5233675291930623,0.276355403371425
random_forest,r1f4,1,4,167,186,0,0.4962728682984015,0.276355403371425
random_forest,r1f4,1,4,177,196,0,0.45373609080699817,0.276355403371425
random_forest,r1f4,1,4,178,197,0,0.42855789677880407,0.276355403371425
random_forest,r1f4,1,4,179,198,1,0.5694855888186835,0.276355403371425
random_forest,r1f4,1,4,180,199,0,0.27136314815712315,0.276355403371425
random_forest,r1f4,1,4,181,200,0,0.17142865560117518,0.276355403371425
random_forest,r1f4,1,4,182,201,0,0.17103247955499915,0.276355403371425
random_forest,r1f4,1,4,199,219,0,0.015845403430602874,0.276355403371425
random_forest,r1f4,1,4,200,220,0,0.04351510040029982,0.276355403371425
random_forest,r1f4,1,4,201,221,0,0.07474049722569669,0.276355403371425
random_forest,r1f4,1,4,225,248,0,0.023040489706372055,0.276355403371425
random_forest,r1f4,1,4,226,249,0,0.47405646679534025,0.276355403371425
random_forest,r1f4,1,4,228,251,0,0.5803314912404832,0.276355403371425
random_forest,r1f4,1,4,229,252,1,0.5901990514580435,0.276355403371425
random_forest,r2f0,2,0,13,25,1,0.7514960069473765,0.19114827925653705
random_forest,r2f0,2,0,14,26,1,0.8514722947310618,0.19114827925653705
random_forest,r2f0,2,0,15,27,1,0.6744544680465735,0.19114827925653705
random_forest,r2f0,2,0,16,28,1,0.8960420693341746,0.19114827925653705
random_forest,r2f0,2,0,28,40,1,0.7672106952194623,0.19114827925653705
random_forest,r2f0,2,0,29,41,1,0.8108591547309654,0.19114827925653705
random_forest,r2f0,2,0,30,42,1,0.9016224500645554,0.19114827925653705
random_forest,r2f0,2,0,31,43,1,0.9098264183185235,0.19114827925653705
random_forest,r2f0,2,0,52,65,0,0.035142228339036845,0.19114827925653705
random_forest,r2f0,2,0,53,66,0,0.058964790764790755,0.19114827925653705
random_forest,r2f0,2,0,54,67,0,0.11526259969073273,0.19114827925653705
random_forest,r2f0,2,0,55,68,0,0.09051303141303142,0.19114827925653705
random_forest,r2f0,2,0,57,70,0,0.09233691490304763,0.19114827925653705
random_forest,r2f0,2,0,58,71,0,0.1394372183372184,0.19114827925653705
random_forest,r2f0,2,0,59,72,1,0.5627058491593661,0.19114827925653705
random_forest,r2f0,2,0,60,73,0,0.09233691490304763,0.19114827925653705
random_forest,r2f0,2,0,61,74,1,0.6551483008768952,0.19114827925653705
random_forest,r2f0,2,0,85,102,0,0.20085363770216716,0.19114827925653705
random_forest,r2f0,2,0,86,103,0,0.1403175567896157,0.19114827925653705
random_forest,r2f0,2,0,92,109,0,0.12175003884215858,0.19114827925653705
random_forest,r2f0,2,0,93,110,0,0.14454686384721896,0.19114827925653705
random_forest,r2f0,2,0,94,111,1,0.13300908273943784,0.19114827925653705
random_forest,r2f0,2,0,95,112,1,0.10606324785536758,0.19114827925653705
random_forest,r2f0,2,0,96,113,0,0.11269004662004667,0.19114827925653705
random_forest,r2f0,2,0,97,115,0,0.08670714063714066,0.19114827925653705
random_forest,r2f0,2,0,98,116,0,0.07292522875816992,0.19114827925653705
random_forest,r2f0,2,0,99,117,0,0.09393717671217676,0.19114827925653705
random_forest,r2f0,2,0,100,118,0,0.14997745473480778,0.19114827925653705
random_forest,r2f0,2,0,149,168,1,0.24847829293648577,0.19114827925653705
random_forest,r2f0,2,0,150,169,0,0.27464091919911215,0.19114827925653705
random_forest,r2f0,2,0,151,170,0,0.3009027755138953,0.19114827925653705
random_forest,r2f0,2,0,192,212,0,0.1894118336977033,0.19114827925653705
random_forest,r2f0,2,0,204,225,0,0.05919093948042532,0.19114827925653705
random_forest,r2f0,2,0,210,231,1,0.24696421183763764,0.19114827925653705
random_forest,r2f0,2,0,223,246,0,0.01948994338994339,0.19114827925653705
random_forest,r2f0,2,0,224,247,0,0.05435732045732043,0.19114827925653705
random_forest,r2f0,2,0,225,248,0,0.05767699640512941,0.19114827925653705
random_forest,r2f0,2,0,237,260,0,0.20818165939181899,0.19114827925653705
random_forest,r2f0,2,0,238,261,0,0.22127003441548812,0.19114827925653705
random_forest,r2f0,2,0,239,262,0,0.15784450871095376,0.19114827925653705
random_forest,r2f0,2,0,240,263,0,0.08546498959977224,0.19114827925653705
random_forest,r2f0,2,0,241,264,0,0.11024892622326601,0.19114827925653705
random_forest,r2f0,2,0,242,265,0,0.08012753232020968,0.19114827925653705
random_forest,r2f0,2,0,243,266,0,0.15042134406402147,0.19114827925653705
random_forest,r2f0,2,0,244,267,0,0.3573416139416142,0.19114827925653705
random_forest,r2f0,2,0,245,268,0,0.3729001998001999,0.19114827925653705
random_forest,r2f1,2,1,45,58,0,0.19917788714914852,0.20867451291698386
random_forest,r2f1,2,1,46,59,0,0.13302680913031417,0.20867451291698386
random_forest,r2f1,2,1,47,60,0,0.17608334139921486,0.20867451291698386
random_forest,r2f1,2,1,48,61,0,0.19917788714914852,0.20867451291698386
random_forest,r2f1,2,1,49,62,0,0.13083821069658289,0.20867451291698386
random_forest,r2f1,2,1,50,63,1,0.3532181920036952,0.20867451291698386
random_forest,r2f1,2,1,51,64,0,0.23114977558351368,0.20867451291698386
random_forest,r2f1,2,1,107,125,0,0.030107520257520254,0.20867451291698386
random_forest,r2f1,2,1,108,126,0,0.015254284604284607,0.20867451291698386
random_forest,r2f1,2,1,109,127,0,0.041932062382062374,0.20867451291698386
random_forest,r2f1,2,1,110,128,0,0.07088906093906094,0.20867451291698386
random_forest,r2f1,2,1,111,129,0,0.04369619912251491,0.20867451291698386
random_forest,r2f1,2,1,112,130,0,0.06364981422086682,0.20867451291698386
random_forest,r2f1,2,1,113,131,1,0.6736355052375805,0.20867451291698386
random_forest,r2f1,2,1,114,132,1,0.5530251492319305,0.20867451291698386
random_forest,r2f1,2,1,115,133,1,0.35713735416150405,0.20867451291698386
random_forest,r2f1,2,1,116,134,0,0.25697566705775804,0.20867451291698386
random_forest,r2f1,2,1,117,135,1,0.5607992769274203,0.20867451291698386
random_forest,r2f1,2,1,118,136,1,0.4222050870821779,0.20867451291698386
random_forest,r2f1,2,1,119,137,1,0.4045273814544722,0.20867451291698386
random_forest,r2f1,2,1,120,139,1,0.6354630562268963,0.20867451291698386
random_forest,r2f1,2,1,128,147,0,0.02163047508047508,0.20867451291698386
random_forest,r2f1,2,1,173,192,0,0.052660092116345994,0.20867451291698386
random_forest,r2f1,2,1,174,193,0,0.04813905315530701,0.20867451291698386
random_forest,r2f1,2,1,175,194,0,0.09493638338269916,0.20867451291698386
random_forest,r2f1,2,1,176,195,0,0.1457348569559096,0.20867451291698386
random_forest,r2f1,2,1,202,222,0,0.13595582833132283,0.20867451291698386
random_forest,r2f1,2,1,203,224,1,0.5296265915903887,0.20867451291698386
random_forest,r2f1,2,1,205,226,0,0.052848759092644526,0.20867451291698386
random_forest,r2f1,2,1,206,227,0,0.059477674621560055,0.20867451291698386
random_forest,r2f1,2,1,211,232,0,0.11467998475999873,0.20867451291698386
random_forest,r2f1,2,1,212,233,1,0.28637335153784926,0.20867451291698386
random_forest,r2f1,2,1,213,234,1,0.29443698790148576,0.20867451291698386
random_forest,r2f1,2,1,214,235,0,0.08854667199089647,0.20867451291698386
random_forest,r2f1,2,1,215,236,0,0.14334400948999865,0.20867451291698386
random_forest,r2f1,2,1,216,238,1,0.31055909440508345,0.20867451291698386
random_forest,r2f1,2,1,217,239,0,0.05734612941238327,0.20867451291698386
random_forest,r2f1,2,1,218,240,0,0.059062796079049934,0.20867451291698386
random_forest,r2f1,2,1,232,255,0,0.3011730831446273,0.20867451291698386
random_forest,r2f1,2,1,233,256,0,0.2952798652514093,0.20867451291698386
random_forest,r2f1,2,1,234,257,0,0.28601702801984147,0.20867451291698386
random_forest,r2f1,2,1,235,258,0,0.31245587886577586,0.20867451291698386
random_forest,r2f1,2,1,236,259,0,0.40533507562361054,0.20867451291698386
random_forest,r2f1,2,1,246,269,0,0.1018582925741494,0.20867451291698386
random_forest,r2f1,2,1,247,270,1,0.22373867330453004,0.20867451291698386
random_forest,r2f1,2,1,248,271,0,0.0555763625263625,0.20867451291698386
random_forest,r2f1,2,1,249,272,0,0.04989812409812408,0.20867451291698386
random_forest,r2f2,2,2,0,1,1,0.5448531793508365,0.2653766439234524
random_forest,r2f2,2,2,1,2,0,0.3146280378256949,0.2653766439234524
random_forest,r2f2,2,2,2,3,0,0.5687103222079791,0.2653766439234524
random_forest,r2f2,2,2,3,4,0,0.31839152988918706,0.2653766439234524
random_forest,r2f2,2,2,4,5,0,0.31115184734950446,0.2653766439234524
random_forest,r2f2,2,2,5,6,0,0.23864403816522467,0.2653766439234524
random_forest,r2f2,2,2,6,7,1,0.5284135540771687,0.2653766439234524
random_forest,r2f2,2,2,7,8,1,0.3028886730758171,0.2653766439234524
random_forest,r2f2,2,2,17,29,1,0.7228985014985014,0.2653766439234524
random_forest,r2f2,2,2,18,30,0,0.7220148129648127,0.2653766439234524
random_forest,r2f2,2,2,19,31,1,0.8045732138993543,0.2653766439234524
random_forest,r2f2,2,2,20,32,1,0.8339108521869925,0.2653766439234524
random_forest,r2f2,2,2,21,33,0,0.2443368953080818,0.2653766439234524
random_forest,r2f2,2,2,22,34,0,0.21785859582978234,0.2653766439234524
random_forest,r2f2,2,2,23,35,0,0.345098753098753,0.2653766439234524
random_forest,r2f2,2,2,32,44,1,0.7350290986790985,0.2653766439234524
random_forest,r2f2,2,2,33,45,0,0.7157445332445331,0.2653766439234524
random_forest,r2f2,2,2,34,46,1,0.21373815515934164,0.2653766439234524
random_forest,r2f2,2,2,35,47,1,0.3894246270455948,0.2653766439234524
random_forest,r2f2,2,2,36,48,1,0.20360462757581405,0.2653766439234524
random_forest,r2f2,2,2,37,49,0,0.30433068846783273,0.2653766439234524
random_forest,r2f2,2,2,38,50,0,0.3375467049676726,0.2653766439234524
random_forest,r2f2,2,2,39,51,1,0.4962932343642019,0.2653766439234524
random_forest,r2f2,2,2,40,52,1,0.74578749961364,0.2653766439234524
random_forest,r2f2,2,2,125,144,0,0.15437109999228651,0.2653766439234524
random_forest,r2f2,2,2,126,145,0,0.1926252125463991,0.2653766439234524
random_forest,r2f2,2,2,127,146,0,0.1684657731157732,0.2653766439234524
random_forest,r2f2,2,2,129,148,1,0.4024565718437158,0.2653766439234524
random_forest,r2f2,2,2,130,149,1,0.6745544956519338,0.2653766439234524
random_forest,r2f2,2,2,131,150,0,0.3819681427891104,0.2653766439234524
random_forest,r2f2,2,2,132,151,1,0.0657590261046143,0.2653766439234524
random_forest,r2f2,2,2,133,152,0,0.10204195428754255,0.2653766439234524
random_forest,r2f2,2,2,134,153,0,0.08645758865317689,0.2653766439234524
random_forest,r2f2,2,2,135,154,0,0.08251150603209427,0.2653766439234524
random_forest,r2f2,2,2,136,155,0,0.23729332073155596,0.2653766439234524
random_forest,r2f2,2,2,137,156,1,0.8432452978394156,0.2653766439234524
random_forest,r2f2,2,2,142,161,0,0.06033540250599073,0.2653766439234524
random_forest,r2f2,2,2,143,162,0,0.07042416929475753,0.2653766439234524
random_forest,r2f2,2,2,144,163,0,0.059863035983624205,0.2653766439234524
random_forest,r2f2,2,2,145,164,0,0.058663035983624205,0.2653766439234524
random_forest,r2f2,2,2,146,165,0,0.5980434625831684,0.2653766439234524
random_forest,r2f2,2,2,152,171,0,0.08284483936542762,0.2653766439234524
random_forest,r2f2,2,2,153,172,0,0.22044102302925833,0.2653766439234524
random_forest,r2f2,2,2,154,173,1,0.7056758367449544,0.2653766439234524
random_forest,r2f2,2,2,170,189,0,0.06535902610461432,0.2653766439234524
random_forest,r2f2,2,2,171,190,0,0.07791802821361643,0.2653766439234524
random_forest,r2f2,2,2,172,191,0,0.42587436762583836,0.2653766439234524
random_forest,r2f2,2,2,177,196,0,0.28374578929293337,0.2653766439234524
random_forest,r2f2,2,2,178,197,0,0.2651883844755287,0.2653766439234524
random_forest,r2f2,2,2,179,198,1,0.5081945841581987,0.2653766439234524
random_forest,r2f2,2,2,180,199,0,0.23652088354207013,0.2653766439234524
random_forest,r2f2,2,2,181,200,0,0.18073480295598943,0.2653766439234524
random_forest,r2f2,2,2,182,201,0,0.17351099343217996,0.2653766439234524
random_forest,r2f2,2,2,183,202,0,0.25805472192590845,0.2653766439234524
random_forest,r2f2,2,2,184,203,0,0.22124786211904854,0.2653766439234524
random_forest,r2f2,2,2,185,204,1,0.2868141394612835,0.2653766439234524
random_forest,r2f2,2,2,186,205,1,0.2735919172390614,0.2653766439234524
random_forest,r2f2,2,2,187,206,1,0.30509422863137264,0.2653766439234524
random_forest,r2f2,2,2,188,207,1,0.3491213737085177,0.2653766439234524
random_forest,r2f2,2,2,189,208,1,0.32488867307581715,0.2653766439234524
random_forest,r2f2,2,2,190,209,0,0.04348402583255523,0.2653766439234524
random_forest,r2f2,2,2,191,211,0,0.09785133444986387,0.2653766439234524
random_forest,r2f2,2,2,207,228,0,0.3946198040907717,0.2653766439234524
random_forest,r2f2,2,2,208,229,1,0.5219265676975351,0.2653766439234524
random_forest,r2f2,2,2,209,230,0,0.33383684833684824,0.2653766439234524
random_forest,r2f2,2,2,250,273,0,0.3352035990697755,0.2653766439234524
random_forest,r2f2,2,2,251,274,0,0.4835176434676434,0.2653766439234524
random_forest,r2f3,2,3,8,19,1,0.9345174130955065,0.23714935661288591
random_forest,r2f3,2,3,9,20,1,0.8892772505272512,0.23714935661288591
random_forest,r2f3,2,3,10,21,1,0.8850434121434128,0.23714935661288591
random_forest,r2f3,2,3,11,22,1,0.8858434121434127,0.23714935661288591
random_forest,r2f3,2,3,12,23,1,0.9368675121250175,0.23714935661288591
random_forest,r2f3,2,3,25,37,1,0.8486122377622379,0.23714935661288591
random_forest,r2f3,2,3,26,38,1,0.8746582695082693,0.23714935661288591
random_forest,r2f3,2,3,27,39,1,0.9323723350798406,0.23714935661288591
random_forest,r2f3,2,3,56,69,1,0.8225446342935819,0.23714935661288591
random_forest,r2f3,2,3,62,75,0,0.03441382178156371,0.23714935661288591
random_forest,r2f3,2,3,63,76,0,0.059089118706860635,0.23714935661288591
random_forest,r2f3,2,3,64,77,0,0.03936689648463842,0.23714935661288591
random_forest,r2f3,2,3,65,78,0,0.013762234479976418,0.23714935661288591
random_forest,r2f3,2,3,66,79,0,0.30812722693088695,0.23714935661288591
random_forest,r2f3,2,3,67,82,0,0.01831992678766872,0.23714935661288591
random_forest,r2f3,2,3,78,94,0,0.7125175842675845,0.23714935661288591
random_forest,r2f3,2,3,79,95,0,0.7699859103859107,0.23714935661288591
random_forest,r2f3,2,3,101,119,0,0.09099463705376754,0.23714935661288591
random_forest,r2f3,2,3,102,120,0,0.0972613037204342,0.23714935661288591
random_forest,r2f3,2,3,103,121,0,0.13170292897067087,0.23714935661288591
random_forest,r2f3,2,3,104,122,0,0.06297284239058432,0.23714935661288591
random_forest,r2f3,2,3,105,123,0,0.1299117312794732,0.23714935661288591
random_forest,r2f3,2,3,106,124,0,0.04155855667629859,0.23714935661288591
random_forest,r2f3,2,3,121,140,0,0.0907113344540764,0.23714935661288591
random_forest,r2f3,2,3,122,141,0,0.03186808048582242,0.23714935661288591
random_forest,r2f3,2,3,123,142,0,0.08440122511896707,0.23714935661288591
random_forest,r2f3,2,3,124,143,0,0.07264490921265114,0.23714935661288591
random_forest,r2f3,2,3,155,174,1,0.7296723221223224,0.23714935661288591
random_forest,r2f3,2,3,156,175,1,0.7300635919635922,0.23714935661288591
random_forest,r2f3,2,3,157,176,0,0.7650783078033077,0.23714935661288591
random_forest,r2f3,2,3,158,177,0,0.7439575896325896,0.23714935661288591
random_forest,r2f3,2,3,193,213,0,0.07526412413468819,0.23714935661288591
random_forest,r2f3,2,3,194,214,0,0.38498315655387805,0.23714935661288591
random_forest,r2f3,2,3,195,215,0,0.05150761317535511,0.23714935661288591
random_forest,r2f3,2,3,196,216,0,0.014184697202439138,0.23714935661288591
random_forest,r2f3,2,3,197,217,0,0.02717031158805351,0.23714935661288591
random_forest,r2f3,2,3,198,218,0,0.008481883349625284,0.23714935661288591
random_forest,r2f3,2,3,219,241,0,0.017905953723695665,0.23714935661288591
random_forest,r2f3,2,3,220,243,0,0.6755347458097458,0.23714935661288591
random_forest,r2f3,2,3,226,249,0,0.5702835294410344,0.23714935661288591
random_forest,r2f3,2,3,227,250,1,0.2154833117518876,0.23714935661288591
random_forest,r2f3,2,3,228,251,0,0.5325088388735448,0.23714935661288591
random_forest,r2f3,2,3,229,252,1,0.5417876267523327,0.23714935661288591
random_forest,r2f3,2,3,230,253,0,0.17053462733766345,0.23714935661288591
random_forest,r2f3,2,3,231,254,1,0.18214256384559993,0.23714935661288591
random_forest,r2f4,2,4,24,36,0,0.14974991650686503,0.16311585056717667
random_forest,r2f4,2,4,41,54,0,0.15355835266695197,0.16311585056717667
random_forest,r2f4,2,4,42,55,1,0.15330325643491072,0.16311585056717667
random_forest,r2f4,2,4,43,56,1,0.282189195445839,0.16311585056717667
random_forest,r2f4,2,4,44,57,0,0.29435639463864727,0.16311585056717667
random_forest,r2f4,2,4,68,84,0,0.09326745016013974,0.16311585056717667
random_forest,r2f4,2,4,69,85,0,0.10209629745663407,0.16311585056717667
random_forest,r2f4,2,4,70,86,0,0.06825031933699864,0.16311585056717667
random_forest,r2f4,2,4,71,87,0,0.07987461195259564,0.16311585056717667
random_forest,r2f4,2,4,72,88,1,0.4662590235083115,0.16311585056717667
random_forest,r2f4,2,4,73,89,1,0.41173865750221234,0.16311585056717667
random_forest,r2f4,2,4,74,90,1,0.4445373588009136,0.16311585056717667
random_forest,r2f4,2,4,75,91,1,0.4818738621221538,0.16311585056717667
random_forest,r2f4,2,4,76,92,1,0.5598739217615833,0.16311585056717667
random_forest,r2f4,2,4,77,93,1,0.7940129373194775,0.16311585056717667
random_forest,r2f4,2,4,80,97,1,0.33188629894745464,0.16311585056717667
random_forest,r2f4,2,4,81,98,0,0.37069408735787485,0.16311585056717667
random_forest,r2f4,2,4,82,99,0,0.34807733013848596,0.16311585056717667
random_forest,r2f4,2,4,83,100,0,0.3312981188262761,0.16311585056717667
random_forest,r2f4,2,4,84,101,0,0.3767187710001891,0.16311585056717667
random_forest,r2f4,2,4,87,104,0,0.36431626342741924,0.16311585056717667
random_forest,r2f4,2,4,88,105,1,0.3427475321586879,0.16311585056717667
random_forest,r2f4,2,4,89,106,1,0.4319471630519465,0.16311585056717667
random_forest,r2f4,2,4,90,107,1,0.4169213815235336,0.16311585056717667
random_forest,r2f4,2,4,91,108,1,0.39801161982540717,0.16311585056717667
random_forest,r2f4,2,4,138,157,0,0.11146932590706787,0.16311585056717667
random_forest,r2f4,2,4,139,158,0,0.07153975880750071,0.16311585056717667
random_forest,r2f4,2,4,140,159,0,0.023174120503152762,0.16311585056717667
random_forest,r2f4,2,4,141,160,0,0.05271789339692565,0.16311585056717667
random_forest,r2f4,2,4,147,166,0,0.011171458541458542,0.16311585056717667
random_forest,r2f4,2,4,148,167,0,0.042898852781205726,0.16311585056717667
random_forest,r2f4,2,4,159,178,0,0.5143973105485874,0.16311585056717667
random_forest,r2f4,2,4,160,179,1,0.6853222613288015,0.16311585056717667
random_forest,r2f4,2,4,161,180,0,0.17231278690660434,0.16311585056717667
random_forest,r2f4,2,4,162,181,0,0.3920590022333823,0.16311585056717667
random_forest,r2f4,2,4,163,182,1,0.6708832142201526,0.16311585056717667
random_forest,r2f4,2,4,164,183,0,0.36325904842020423,0.16311585056717667
random_forest,r2f4,2,4,165,184,0,0.4383078057202517,0.16311585056717667
random_forest,r2f4,2,4,166,185,0,0.44977754202969383,0.16311585056717667
random_forest,r2f4,2,4,167,186,0,0.4013930449478283,0.16311585056717667
random_forest,r2f4,2,4,168,187,0,0.05733259740259737,0.16311585056717667
random_forest,r2f4,2,4,169,188,0,0.07215698517169103,0.16311585056717667
random_forest,r2f4,2,4,199,219,0,0.03293888913019348,0.16311585056717667
random_forest,r2f4,2,4,200,220,0,0.07321266716535668,0.16311585056717667
random_forest,r2f4,2,4,201,221,0,0.10466858347127304,0.16311585056717667
random_forest,r2f4,2,4,221,244,0,0.04268117720988689,0.16311585056717667
random_forest,r2f4,2,4,222,245,0,0.027630591630591634,0.16311585056717667
random_forest,r3f0,3,0,0,1,1,0.42557324561059884,0.21892262644762658
random_forest,r3f0,3,0,1,2,0,0.30230474671183655,0.21892262644762658
random_forest,r3f0,3,0,2,3,0,0.4820335125658656,0.21892262644762658
random_forest,r3f0,3,0,3,4,0,0.3346075244896143,0.21892262644762658
random_forest,r3f0,3,0,4,5,0,0.304105937188027,0.21892262644762658
random_forest,r3f0,3,0,5,6,0,0.2278939935760834,0.21892262644762658
random_forest,r3f0,3,0,6,7,1,0.6274146059822535,0.21892262644762658
random_forest,r3f0,3,0,7,8,1,0.28357280563700427,0.21892262644762658
random_forest,r3f0,3,0,13,25,1,0.7630433877501042,0.21892262644762658
random_forest,r3f0,3,0,14,26,1,0.8439582920451552,0.21892262644762658
random_forest,r3f0,3,0,15,27,1,0.7332235413709095,0.21892262644762658
random_forest,r3f0,3,0,16,28,1,0.9167711519302854,0.21892262644762658
random_forest,r3f0,3,0,21,33,0,0.2534237381297754,0.21892262644762658
random_forest,r3f0,3,0,22,34,0,0.2137408194145037,0.21892262644762658
random_forest,r3f0,3,0,23,35,0,0.2801001632467149,0.21892262644762658
random_forest,r3f0,3,0,28,40,1,0.7210503859161966,0.21892262644762658
random_forest,r3f0,3,0,29,41,1,0.8024470189872879,0.21892262644762658
random_forest,r3f0,3,0,30,42,1,0.8799806894687697,0.21892262644762658
random_forest,r3f0,3,0,31,43,1,0.8768299072100929,0.21892262644762658
random_forest,r3f0,3,0,34,46,1,0.16683730234333966,0.21892262644762658
random_forest,r3f0,3,0,35,47,1,0.33558866918522084,0.21892262644762658
random_forest,r3f0,3,0,36,48,1,0.17349283961652395,0.21892262644762658
random_forest,r3f0,3,0,37,49,0,0.22634251174788705,0.21892262644762658
random_forest,r3f0,3,0,38,50,0,0.30508349658004824,0.21892262644762658
random_forest,r3f0,3,0,39,51,1,0.5195556110556109,0.21892262644762658
random_forest,r3f0,3,0,56,69,1,0.7574908702408705,0.21892262644762658
random_forest,r3f0,3,0,62,75,0,0.029797382442119276,0.21892262644762658
random_forest,r3f0,3,0,63,76,0,0.015610802355539194,0.21892262644762658
random_forest,r3f0,3,0,64,77,0,0.018460802355539197,0.21892262644762658
random_forest,r3f0,3,0,65,78,0,0.0197620566567935,0.21892262644762658
random_forest,r3f0,3,0,66,79,0,0.22136095245750406,0.21892262644762658
random_forest,r3f0,3,0,67,82,0,0.012800151894888735,0.21892262644762658
random_forest,r3f0,3,0,101,119,0,0.12752293817293817,0.21892262644762658
random_forest,r3f0,3,0,102,120,0,0.16192928737928733,0.21892262644762658
random_forest,r3f0,3,0,103,121,0,0.14878621515739163,0.21892262644762658
random_forest,r3f0,3,0,104,122,0,0.09384602756720409,0.21892262644762658
random_forest,r3f0,3,0,105,123,0,0.14558859610977262,0.21892262644762658
random_forest,r3f0,3,0,106,124,0,0.06677618629736277,0.21892262644762658
random_forest,r3f0,3,0,142,161,0,0.07571060985797824,0.21892262644762658
random_forest,r3f0,3,0,143,162,0,0.05467410192147033,0.21892262644762658
random_forest,r3f0,3,0,144,163,0,0.0540822548796233,0.21892262644762658
random_forest,r3f0,3,0,145,164,0,0.0544822548796233,0.21892262644762658
random_forest,r3f0,3,0,161,180,0,0.16154323879861401,0.21892262644762658
random_forest,r3f0,3,0,162,181,0,0.3832089394265865,0.21892262644762658
random_forest,r3f0,3,0,163,182,1,0.6803044716721187,0.21892262644762658
random_forest,r3f0,3,0,168,187,0,0.07789759332600663,0.21892262644762658
random_forest,r3f0,3,0,169,188,0,0.08394818856410186,0.21892262644762658
random_forest,r3f0,3,0,183,202,0,0.23817004099357822,0.21892262644762658
random_forest,r3f0,3,0,184,203,0,0.2099118810979184,0.21892262644762658
random_forest,r3f0,3,0,185,204,1,0.24732247769697066,0.21892262644762658
random_forest,r3f0,3,0,186,205,1,0.2272450606695537,0.21892262644762658
random_forest,r3f0,3,0,187,206,1,0.2665509505313256,0.21892262644762658
random_forest,r3f0,3,0,188,207,1,0.33904793376558046,0.21892262644762658
random_forest,r3f0,3,0,189,208,1,0.2908818965460951,0.21892262644762658
random_forest,r3f0,3,0,193,213,0,0.059243869540421205,0.21892262644762658
random_forest,r3f0,3,0,194,214,0,0.35652066822066836,0.21892262644762658
random_forest,r3f0,3,0,195,215,0,0.032326324333561175,0.21892262644762658
random_forest,r3f0,3,0,196,216,0,0.01933665983139667,0.21892262644762658
random_forest,r3f0,3,0,197,217,0,0.026499340206577047,0.21892262644762658
random_forest,r3f0,3,0,198,218,0,0.012295389990126832,0.21892262644762658
random_forest,r3f0,3,0,207,228,0,0.30379464490884367,0.21892262644762658
random_forest,r3f0,3,0,208,229,1,0.5343820816438459,0.21892262644762658
random_forest,r3f0,3,0,209,230,0,0.2678904229869748,0.21892262644762658
random_forest,r3f0,3,0,246,269,0,0.15437492507492512,0.21892262644762658
random_forest,r3f0,3,0,247,270,1,0.3200358585858587,0.21892262644762658
random_forest,r3f0,3,0,248,271,0,0.03146825396825397,0.21892262644762658
random_forest,r3f0,3,0,249,272,0,0.029184920634920633,0.21892262644762658
random_forest,r3f1,3,1,52,65,0,0.06386461637821819,0.21793139811012338
random_forest,r3f1,3,1,53,66,0,0.08600572262646733,0.21793139811012338
random_forest,r3f1,3,1,54,67,0,0.09904361861886071,0.21793139811012338
random_forest,r3f1,3,1,55,68,0,0.17539995761852847,0.21793139811012338
random_forest,r3f1,3,1,57,70,0,0.10487951649153897,0.21793139811012338
random_forest,r3f1,3,1,58,71,0,0.24635948142805242,0.21793139811012338
random_forest,r3f1,3,1,59,72,1,0.5368120668406275,0.21793139811012338
random_forest,r3f1,3,1,60,73,0,0.10487951649153897,0.21793139811012338
random_forest,r3f1,3,1,61,74,1,0.6497314410850018,0.21793139811012338
random_forest,r3f1,3,1,68,84,0,0.19706316108173197,0.21793139811012338
random_forest,r3f1,3,1,69,85,0,0.14110883207740296,0.21793139811012338
random_forest,r3f1,3,1,70,86,0,0.08722370054227133,0.21793139811012338
random_forest,r3f1,3,1,71,87,0,0.08888261107618191,0.21793139811012338
random_forest,r3f1,3,1,72,88,1,0.45393918119548166,0.21793139811012338
random_forest,r3f1,3,1,73,89,1,0.3713334675599255,0.21793139811012338
random_forest,r3f1,3,1,74,90,1,0.4507207127221706,0.21793139811012338
random_forest,r3f1,3,1,75,91,1,0.48274612989758825,0.21793139811012338
random_forest,r3f1,3,1,76,92,1,0.48008409669955776,0.21793139811012338
random_forest,r3f1,3,1,77,93,1,0.750944411720167,0.21793139811012338
random_forest,r3f1,3,1,80,97,1,0.19481560262987815,0.21793139811012338
random_forest,r3f1,3,1,87,104,0,0.17539969076396633,0.21793139811012338
random_forest,r3f1,3,1,88,105,1,0.18997750739178287,0.21793139811012338
random_forest,r3f1,3,1,90,107,1,0.23232127741539524,0.21793139811012338
random_forest,r3f1,3,1,192,212,0,0.21971283882784073,0.21793139811012338
random_forest,r3f1,3,1,199,219,0,0.03758110742685211,0.21793139811012338
random_forest,r3f1,3,1,200,220,0,0.12062096479170947,0.21793139811012338
random_forest,r3f1,3,1,201,221,0,0.1460781076488524,0.21793139811012338
random_forest,r3f1,3,1,204,225,0,0.06645680771259296,0.21793139811012338
random_forest,r3f1,3,1,210,231,1,0.2506419986714529,0.21793139811012338
random_forest,r3f1,3,1,214,235,0,0.1140711934906072,0.21793139811012338
random_forest,r3f1,3,1,215,236,0,0.38766870067520187,0.21793139811012338
random_forest,r3f1,3,1,216,238,1,0.4525478855426219,0.21793139811012338
random_forest,r3f1,3,1,217,239,0,0.04634333408907877,0.21793139811012338
random_forest,r3f1,3,1,218,240,0,0.04187493582068049,0.21793139811012338
random_forest,r3f1,3,1,223,246,0,0.019489862914862915,0.21793139811012338
random_forest,r3f1,3,1,224,247,0,0.10227788045288048,0.21793139811012338
random_forest,r3f1,3,1,225,248,0,0.05502025349766945,0.21793139811012338
random_forest,r3f1,3,1,226,249,0,0.49201585250950525,0.21793139811012338
random_forest,r3f1,3,1,228,251,0,0.5015479960476399,0.21793139811012338
random_forest,r3f1,3,1,229,252,1,0.500552757952402,0.21793139811012338
random_forest,r3f1,3,1,241,264,0,0.08119004681877473,0.21793139811012338
random_forest,r3f1,3,1,242,265,0,0.05053288199292256,0.21793139811012338
random_forest,r3f1,3,1,243,266,0,0.17640850815850828,0.21793139811012338
random_forest,r3f1,3,1,244,267,0,0.4013601490101489,0.21793139811012338
random_forest,r3f1,3,1,245,268,0,0.40237935757935744,0.21793139811012338
random_forest,r3f2,3,2,24,36,0,0.22728971086573835,0.19058743084872118
random_forest,r3f2,3,2,41,54,0,0.22381036098977283,0.19058743084872118
random_forest,r3f2,3,2,42,55,1,0.22844918882860066,0.19058743084872118
random_forest,r3f2,3,2,43,56,1,0.36390835761996093,0.19058743084872118
random_forest,r3f2,3,2,44,57,0,0.39250938992099327,0.19058743084872118
random_forest,r3f2,3,2,45,58,0,0.17495241857472987,0.19058743084872118
random_forest,r3f2,3,2,46,59,0,0.1279432651097624,0.19058743084872118
random_forest,r3f2,3,2,47,60,0,0.1552552990276103,0.19058743084872118
random_forest,r3f2,3,2,48,61,0,0.17661908524139655,0.19058743084872118
random_forest,r3f2,3,2,49,62,0,0.20361692577987453,0.19058743084872118
random_forest,r3f2,3,2,50,63,1,0.6709080458576437,0.19058743084872118
random_forest,r3f2,3,2,51,64,0,0.48393709392163364,0.19058743084872118
random_forest,r3f2,3,2,113,131,1,0.7305768151404851,0.19058743084872118
random_forest,r3f2,3,2,114,132,1,0.6345044732959727,0.19058743084872118
random_forest,r3f2,3,2,115,133,1,0.3842520466232703,0.19058743084872118
random_forest,r3f2,3,2,116,134,0,0.2647331889610535,0.19058743084872118
random_forest,r3f2,3,2,117,135,1,0.6053912359912716,0.19058743084872118
random_forest,r3f2,3,2,118,136,1,0.4405524928572531,0.19058743084872118
random_forest,r3f2,3,2,119,137,1,0.4225564611112214,0.19058743084872118
random_forest,r3f2,3,2,120,139,1,0.7101769379056659,0.19058743084872118
random_forest,r3f2,3,2,132,151,1,0.06212575850075847,0.19058743084872118
random_forest,r3f2,3,2,133,152,0,0.039917364117364115,0.19058743084872118
random_forest,r3f2,3,2,134,153,0,0.053569367370075144,0.19058743084872118
random_forest,r3f2,3,2,135,154,0,0.13073353409104807,0.19058743084872118
random_forest,r3f2,3,2,136,155,0,0.38714596838050824,0.19058743084872118
random_forest,r3f2,3,2,137,156,1,0.7441713677700696,0.19058743084872118
random_forest,r3f2,3,2,146,165,0,0.5996203063613679,0.19058743084872118
random_forest,r3f2,3,2,149,168,1,0.22679488462249722,0.19058743084872118
random_forest,r3f2,3,2,150,169,0,0.24802614847318602,0.19058743084872118
random_forest,r3f2,3,2,151,170,0,0.3120617562620835,0.19058743084872118
random_forest,r3f2,3,2,152,171,0,0.10527292803044197,0.19058743084872118
random_forest,r3f2,3,2,153,172,0,0.4215119813149419,0.19058743084872118
random_forest,r3f2,3,2,154,173,1,0.6746880898986906,0.19058743084872118
random_forest,r3f2,3,2,170,189,0,0.06311796629296627,0.19058743084872118
random_forest,r3f2,3,2,171,190,0,0.04161615826034431,0.19058743084872118
random_forest,r3f2,3,2,172,191,0,0.2548139412744317,0.19058743084872118
random_forest,r3f2,3,2,190,209,0,0.1079292893237201,0.19058743084872118
random_forest,r3f2,3,2,191,211,0,0.2321079627888452,0.19058743084872118
random_forest,r3f2,3,2,221,244,0,0.044913268213268194,0.19058743084872118
random_forest,r3f2,3,2,222,245,0,0.02822822300719166,0.19058743084872118
random_forest,r3f2,3,2,237,260,0,0.16187894499554834,0.19058743084872118
random_forest,r3f2,3,2,238,261,0,0.18005354262014606,0.19058743084872118
random_forest,r3f2,3,2,239,262,0,0.08528223421458721,0.19058743084872118
random_forest,r3f2,3,2,240,263,0,0.050110687587226546,0.19058743084872118
random_forest,r3f2,3,2,250,273,0,0.34436026237788814,0.19058743084872118
random_forest,r3f2,3,2,251,274,0,0.6734223163379468,0.19058743084872118
random_forest,r3f3,3,3,8,19,1,0.9348375460484969,0.22334590409590419
random_forest,r3f3,3,3,9,20,1,0.8878647504729554,0.22334590409590419
random_forest,r3f3,3,3,10,21,1,0.8737119366201415,0.22334590409590419
random_forest,r3f3,3,3,11,22,1,0.8746643175725225,0.22334590409590419
random_forest,r3f3,3,3,12,23,1,0.9158266180875687,0.22334590409590419
random_forest,r3f3,3,3,25,37,1,0.8040667157763146,0.22334590409590419
random_forest,r3f3,3,3,26,38,1,0.8130209811188146,0.22334590409590419
random_forest,r3f3,3,3,27,39,1,0.9245776406760913,0.22334590409590419
random_forest,r3f3,3,3,81,98,0,0.5254597217269209,0.22334590409590419
random_forest,r3f3,3,3,82,99,0,0.6097840313395344,0.22334590409590419
random_forest,r3f3,3,3,83,100,0,0.4545980867905776,0.22334590409590419
random_forest,r3f3,3,3,84,101,0,0.4698601899651806,0.22334590409590419
random_forest,r3f3,3,3,89,106,1,0.6030069738031604,0.22334590409590419
random_forest,r3f3,3,3,91,108,1,0.554250949219235,0.22334590409590419
random_forest,r3f3,3,3,96,113,0,0.1857798301457745,0.22334590409590419
random_forest,r3f3,3,3,97,115,0,0.17728525540045342,0.22334590409590419
random_forest,r3f3,3,3,98,116,0,0.12098285747158487,0.22334590409590419
random_forest,r3f3,3,3,99,117,0,0.12496366161310511,0.22334590409590419
random_forest,r3f3,3,3,100,118,0,0.1263290350941133,0.22334590409590419
random_forest,r3f3,3,3,138,157,0,0.1272406371406372,0.22334590409590419
random_forest,r3f3,3,3,139,158,0,0.07591859030600191,0.22334590409590419
random_forest,r3f3,3,3,140,159,0,0.023184082696494326,0.22334590409590419
random_forest,r3f3,3,3,141,160,0,0.03840954877270666,0.22334590409590419
random_forest,r3f3,3,3,147,166,0,0.020937598636852375,0.22334590409590419
random_forest,r3f3,3,3,148,167,0,0.013621164620418354,0.22334590409590419
random_forest,r3f3,3,3,159,178,0,0.5953768803198524,0.22334590409590419
random_forest,r3f3,3,3,160,179,1,0.6948499738929459,0.22334590409590419
random_forest,r3f3,3,3,164,183,0,0.5348187436860113,0.22334590409590419
random_forest,r3f3,3,3,165,184,0,0.6298460774772642,0.22334590409590419
random_forest,r3f3,3,3,166,185,0,0.6278620760866839,0.22334590409590419
random_forest,r3f3,3,3,167,186,0,0.5248364146892577,0.22334590409590419
random_forest,r3f3,3,3,202,222,0,0.08153771973103116,0.22334590409590419
random_forest,r3f3,3,3,203,224,1,0.4913568594335335,0.22334590409590419
random_forest,r3f3,3,3,205,226,0,0.025321394181019422,0.22334590409590419
random_forest,r3f3,3,3,206,227,0,0.02653220004182528,0.22334590409590419
random_forest,r3f3,3,3,211,232,0,0.11146991646158036,0.22334590409590419
random_forest,r3f3,3,3,212,233,1,0.29306406850836403,0.22334590409590419
random_forest,r3f3,3,3,213,234,1,0.3127615432558387,0.22334590409590419
random_forest,r3f3,3,3,219,241,0,0.025806527216536094,0.22334590409590419
random_forest,r3f3,3,3,220,243,0,0.6877800749903692,0.22334590409590419
random_forest,r3f3,3,3,232,255,0,0.2621524736281526,0.22334590409590419
random_forest,r3f3,3,3,233,256,0,0.25171914029481923,0.22334590409590419
random_forest,r3f3,3,3,234,257,0,0.2451425055768802,0.22334590409590419
random_forest,r3f3,3,3,235,258,0,0.3307199110071108,0.22334590409590419
random_forest,r3f3,3,3,236,259,0,0.39800162373882364,0.22334590409590419
random_forest,r3f4,3,4,17,29,1,0.6943395264773718,0.22117458674796134
random_forest,r3f4,3,4,18,30,0,0.7546579524957973,0.22117458674796134
random_forest,r3f4,3,4,19,31,1,0.7890264297427567,0.22117458674796134
random_forest,r3f4,3,4,20,32,1,0.8717645142427976,0.22117458674796134
random_forest,r3f4,3,4,32,44,1,0.7302748023126475,0.22117458674796134
random_forest,r3f4,3,4,33,45,0,0.7071544226922679,0.22117458674796134
random_forest,r3f4,3,4,40,52,1,0.7354037024700293,0.22117458674796134
random_forest,r3f4,3,4,78,94,0,0.5236858852628579,0.22117458674796134
random_forest,r3f4,3,4,79,95,0,0.7261291211935937,0.22117458674796134
random_forest,r3f4,3,4,85,102,0,0.20555070336574777,0.22117458674796134
random_forest,r3f4,3,4,86,103,0,0.17179070669575125,0.22117458674796134
random_forest,r3f4,3,4,92,109,0,0.12195274378858253,0.22117458674796134
random_forest,r3f4,3,4,93,110,0,0.16471989053072922,0.22117458674796134
random_forest,r3f4,3,4,94,111,1,0.16218311896895773,0.22117458674796134
random_forest,r3f4,3,4,95,112,1,0.05822491674991672,0.22117458674796134
random_forest,r3f4,3,4,107,125,0,0.07057181527265398,0.22117458674796134
random_forest,r3f4,3,4,108,126,0,0.06066012696096566,0.22117458674796134
random_forest,r3f4,3,4,109,127,0,0.06262614427698297,0.22117458674796134
random_forest,r3f4,3,4,110,128,0,0.09382953533037403,0.22117458674796134
random_forest,r3f4,3,4,111,129,0,0.11585448165361213,0.22117458674796134
random_forest,r3f4,3,4,112,130,0,0.1372260212251517,0.22117458674796134
random_forest,r3f4,3,4,121,140,0,0.02782955266955266,0.22117458674796134
random_forest,r3f4,3,4,122,141,0,0.04209265391113967,0.22117458674796134
random_forest,r3f4,3,4,123,142,0,0.11245034341118215,0.22117458674796134
random_forest,r3f4,3,4,124,143,0,0.10976138237222112,0.22117458674796134
random_forest,r3f4,3,4,125,144,0,0.1628094987611861,0.22117458674796134
random_forest,r3f4,3,4,126,145,0,0.18971173336868388,0.22117458674796134
random_forest,r3f4,3,4,127,146,0,0.20248235951681365,0.22117458674796134
random_forest,r3f4,3,4,128,147,0,0.08098884268968139,0.22117458674796134
random_forest,r3f4,3,4,129,148,1,0.45665065382770087,0.22117458674796134
random_forest,r3f4,3,4,130,149,1,0.6970479311904121,0.22117458674796134
random_forest,r3f4,3,4,131,150,0,0.37838956765612863,0.22117458674796134
random_forest,r3f4,3,4,155,174,1,0.5478293917563645,0.22117458674796134
random_forest,r3f4,3,4,156,175,1,0.5485708780478508,0.22117458674796134
random_forest,r3f4,3,4,157,176,0,0.7249388307656864,0.22117458674796134
random_forest,r3f4,3,4,158,177,0,0.7813115635884191,0.22117458674796134
random_forest,r3f4,3,4,173,192,0,0.07665696210222524,0.22117458674796134
random_forest,r3f4,3,4,174,193,0,0.06650813776866407,0.22117458674796134
random_forest,r3f4,3,4,175,194,0,0.17413924666454647,0.22117458674796134
random_forest,r3f4,3,4,176,195,0,0.20727723478753465,0.22117458674796134
random_forest,r3f4,3,4,177,196,0,0.44538211827585517,0.22117458674796134
random_forest,r3f4,3,4,178,197,0,0.42730015923248293,0.22117458674796134
random_forest,r3f4,3,4,179,198,1,0.6072156465242406,0.22117458674796134
random_forest,r3f4,3,4,180,199,0,0.26224755193464944,0.22117458674796134
random_forest,r3f4,3,4,181,200,0,0.1859521724019016,0.22117458674796134
random_forest,r3f4,3,4,182,201,0,0.1778249422246714,0.22117458674796134
random_forest,r3f4,3,4,227,250,1,0.150412112201524,0.22117458674796134
random_forest,r3f4,3,4,230,253,0,0.12463346461931603,0.22117458674796134
random_forest,r3f4,3,4,231,254,1,0.12673346461931603,0.22117458674796134
random_forest,r4f0,4,0,13,25,1,0.7156214283417682,0.18098632903044662
random_forest,r4f0,4,0,14,26,1,0.8376177274808592,0.18098632903044662
random_forest,r4f0,4,0,15,27,1,0.6350020906337435,0.18098632903044662
random_forest,r4f0,4,0,16,28,1,0.9186662630226035,0.18098632903044662
random_forest,r4f0,4,0,24,36,0,0.21305682598506034,0.18098632903044662
random_forest,r4f0,4,0,28,40,1,0.6923477728167865,0.18098632903044662
random_forest,r4f0,4,0,29,41,1,0.79344705833519,0.18098632903044662
random_forest,r4f0,4,0,30,42,1,0.8959133897783506,0.18098632903044662
random_forest,r4f0,4,0,31,43,1,0.9007046596196204,0.18098632903044662
random_forest,r4f0,4,0,41,54,0,0.21075893170108684,0.18098632903044662
random_forest,r4f0,4,0,42,55,1,0.2185886431007982,0.18098632903044662
random_forest,r4f0,4,0,43,56,1,0.29531800449994355,0.18098632903044662
random_forest,r4f0,4,0,44,57,0,0.3947475282041543,0.18098632903044662
random_forest,r4f0,4,0,101,119,0,0.0752550323344844,0.18098632903044662
random_forest,r4f0,4,0,102,120,0,0.07538836566781773,0.18098632903044662
random_forest,r4f0,4,0,103,121,0,0.10381180614631516,0.18098632903044662
random_forest,r4f0,4,0,104,122,0,0.05277090667541564,0.18098632903044662
random_forest,r4f0,4,0,105,123,0,0.10263085376536277,0.18098632903044662
random_forest,r4f0,4,0,106,124,0,0.02512269027269027,0.18098632903044662
random_forest,r4f0,4,0,125,144,0,0.0859896516260234,0.18098632903044662
random_forest,r4f0,4,0,126,145,0,0.07836502847140026,0.18098632903044662
random_forest,r4f0,4,0,127,146,0,0.18790705034930455,0.18098632903044662
random_forest,r4f0,4,0,129,148,1,0.4265195207748559,0.18098632903044662
random_forest,r4f0,4,0,130,149,1,0.651882313530133,0.18098632903044662
random_forest,r4f0,4,0,131,150,0,0.4109983445110411,0.18098632903044662
random_forest,r4f0,4,0,149,168,1,0.33957001456093133,0.18098632903044662
random_forest,r4f0,4,0,150,169,0,0.3384618338527505,0.18098632903044662
random_forest,r4f0,4,0,151,170,0,0.3573223927342644,0.18098632903044662
random_forest,r4f0,4,0,177,196,0,0.4023662715523094,0.18098632903044662
random_forest,r4f0,4,0,178,197,0,0.3660040967007221,0.18098632903044662
random_forest,r4f0,4,0,179,198,1,0.5185267075689212,0.18098632903044662
random_forest,r4f0,4,0,180,199,0,0.15700901347116866,0.18098632903044662
random_forest,r4f0,4,0,181,200,0,0.1701986249268594,0.18098632903044662
random_forest,r4f0,4,0,182,201,0,0.1617851328633673,0.18098632903044662
random_forest,r4f0,4,0,214,235,0,0.15623778990673656,0.18098632903044662
random_forest,r4f0,4,0,215,236,0,0.30005890782344274,0.18098632903044662
random_forest,r4f0,4,0,216,238,1,0.5427499057144406,0.18098632903044662
random_forest,r4f0,4,0,217,239,0,0.06491767624591067,0.18098632903044662
random_forest,r4f0,4,0,218,240,0,0.06383434291257734,0.18098632903044662
random_forest,r4f0,4,0,223,246,0,0.022511233668879842,0.18098632903044662
random_forest,r4f0,4,0,224,247,0,0.04069813843078461,0.18098632903044662
random_forest,r4f0,4,0,225,248,0,0.029895360001468634,0.18098632903044662
random_forest,r4f0,4,0,232,255,0,0.3195823346151091,0.18098632903044662
random_forest,r4f0,4,0,233,256,0,0.31214582667860113,0.18098632903044662
random_forest,r4f0,4,0,234,257,0,0.2989957047739702,0.18098632903044662
random_forest,r4f0,4,0,235,258,0,0.38813170276114767,0.18098632903044662
random_forest,r4f0,4,0,236,259,0,0.4332237274031721,0.18098632903044662
random_forest,r4f1,4,1,52,65,0,0.03506521447080909,0.26545122044330977
random_forest,r4f1,4,1,53,66,0,0.08456185259369405,0.26545122044330977
random_forest,r4f1,4,1,54,67,0,0.11221105867675567,0.26545122044330977
random_forest,r4f1,4,1,55,68,0,0.17393102050307943,0.26545122044330977
random_forest,r4f1,4,1,57,70,0,0.10470007780140332,0.26545122044330977
random_forest,r4f1,4,1,58,71,0,0.21465107822313714,0.26545122044330977
random_forest,r4f1,4,1,59,72,1,0.5720185842277504,0.26545122044330977
random_forest,r4f1,4,1,60,73,0,0.10470007780140332,0.26545122044330977
random_forest,r4f1,4,1,61,74,1,0.6242317155408822,0.26545122044330977
random_forest,r4f1,4,1,68,84,0,0.16323116480322364,0.26545122044330977
random_forest,r4f1,4,1,69,85,0,0.14520622488806634,0.26545122044330977
random_forest,r4f1,4,1,70,86,0,0.08760351558046571,0.26545122044330977
random_forest,r4f1,4,1,71,87,0,0.09726014319198463,0.26545122044330977
random_forest,r4f1,4,1,72,88,1,0.45920938521345644,0.26545122044330977
random_forest,r4f1,4,1,73,89,1,0.35579875917283044,0.26545122044330977
random_forest,r4f1,4,1,74,90,1,0.44218246213653317,0.26545122044330977
random_forest,r4f1,4,1,75,91,1,0.4869075481616193,0.26545122044330977
random_forest,r4f1,4,1,76,92,1,0.45268148073694436,0.26545122044330977
random_forest,r4f1,4,1,77,93,1,0.706263435550351,0.26545122044330977
random_forest,r4f1,4,1,80,97,1,0.20681692898604687,0.26545122044330977
random_forest,r4f1,4,1,87,104,0,0.1943488442252791,0.26545122044330977
random_forest,r4f1,4,1,88,105,1,0.20012493764405548,0.26545122044330977
random_forest,r4f1,4,1,90,107,1,0.236953839230274,0.26545122044330977
random_forest,r4f1,4,1,121,140,0,0.053788156288156266,0.26545122044330977
random_forest,r4f1,4,1,122,141,0,0.011960317460317461,0.26545122044330977
random_forest,r4f1,4,1,123,142,0,0.11172189754689757,0.26545122044330977
random_forest,r4f1,4,1,124,143,0,0.1152996031746032,0.26545122044330977
random_forest,r4f1,4,1,147,166,0,0.02194285714285714,0.26545122044330977
random_forest,r4f1,4,1,148,167,0,0.09031655289155287,0.26545122044330977
random_forest,r4f1,4,1,192,212,0,0.23653030627197422,0.26545122044330977
random_forest,r4f1,4,1,199,219,0,0.03377890853108244,0.26545122044330977
random_forest,r4f1,4,1,200,220,0,0.09639331453570583,0.26545122044330977
random_forest,r4f1,4,1,201,221,0,0.13725839293556694,0.26545122044330977
random_forest,r4f1,4,1,205,226,0,0.04445153861102961,0.26545122044330977
random_forest,r4f1,4,1,206,227,0,0.04523841749301717,0.26545122044330977
random_forest,r4f1,4,1,211,232,0,0.1463532856786122,0.26545122044330977
random_forest,r4f1,4,1,212,233,1,0.4533657915958756,0.26545122044330977
random_forest,r4f1,4,1,213,234,1,0.4933789553478627,0.26545122044330977
random_forest,r4f1,4,1,241,264,0,0.06406315873668814,0.26545122044330977
random_forest,r4f1,4,1,242,265,0,0.0725476134976135,0.26545122044330977
random_forest,r4f1,4,1,243,266,0,0.15436070873570876,0.26545122044330977
random_forest,r4f1,4,1,244,267,0,0.2830402172990408,0.26545122044330977
random_forest,r4f1,4,1,245,268,0,0.2889844452932689,0.26545122044330977
random_forest,r4f1,4,1,246,269,0,0.2502084712672949,0.26545122044330977
random_forest,r4f1,4,1,247,270,1,0.3757475669755083,0.26545122044330977
random_forest,r4f1,4,1,248,271,0,0.05856334221334218,0.26545122044330977
random_forest,r4f1,4,1,249,272,0,0.06405223110223109,0.26545122044330977
random_forest,r4f2,4,2,0,1,1,0.46002733260891165,0.22727175481523296
random_forest,r4f2,4,2,1,2,0,0.3548231756547543,0.22727175481523296
random_forest,r4f2,4,2,2,3,0,0.49817279085436983,0.22727175481523296
random_forest,r4f2,4,2,3,4,0,0.3695667154482941,0.22727175481523296
random_forest,r4f2,4,2,4,5,0,0.352320145351724,0.22727175481523296
random_forest,r4f2,4,2,5,6,0,0.21994231879231882,0.22727175481523296
random_forest,r4f2,4,2,6,7,1,0.7228779862036833,0.22727175481523296
random_forest,r4f2,4,2,7,8,1,0.27582501071912835,0.22727175481523296
random_forest,r4f2,4,2,21,33,0,0.24924589283502316,0.22727175481523296
random_forest,r4f2,4,2,22,34,0,0.208260056565347,0.22727175481523296
random_forest,r4f2,4,2,23,35,0,0.3126181378104754,0.22727175481523296
random_forest,r4f2,4,2,34,46,1,0.2023394270785574,0.22727175481523296
random_forest,r4f2,4,2,35,47,1,0.32832554804729724,0.22727175481523296
random_forest,r4f2,4,2,36,48,1,0.17881389716918758,0.22727175481523296
random_forest,r4f2,4,2,37,49,0,0.26216587340821085,0.22727175481523296
random_forest,r4f2,4,2,38,50,0,0.3234399271322647,0.22727175481523296
random_forest,r4f2,4,2,39,51,1,0.5523270558961737,0.22727175481523296
random_forest,r4f2,4,2,56,69,1,0.7550947444454411,0.22727175481523296
random_forest,r4f2,4,2,64,77,0,0.02196771897636161,0.22727175481523296
random_forest,r4f2,4,2,65,78,0,0.02390003868916913,0.22727175481523296
random_forest,r4f2,4,2,113,131,1,0.7663279359884223,0.22727175481523296
random_forest,r4f2,4,2,114,132,1,0.5449587921692781,0.22727175481523296
random_forest,r4f2,4,2,115,133,1,0.38359271380319987,0.22727175481523296
random_forest,r4f2,4,2,116,134,0,0.35024563637082823,0.22727175481523296
random_forest,r4f2,4,2,117,135,1,0.48489411240459834,0.22727175481523296
random_forest,r4f2,4,2,118,136,1,0.3883730168335026,0.22727175481523296
random_forest,r4f2,4,2,119,137,1,0.38518730254778843,0.22727175481523296
random_forest,r4f2,4,2,120,139,1,0.725262595773082,0.22727175481523296
random_forest,r4f2,4,2,132,151,1,0.06996491351373604,0.22727175481523296
random_forest,r4f2,4,2,133,152,0,0.07846449442313704,0.22727175481523296
random_forest,r4f2,4,2,134,153,0,0.07018457637370677,0.22727175481523296
random_forest,r4f2,4,2,135,154,0,0.07656558256558256,0.22727175481523296
random_forest,r4f2,4,2,136,155,0,0.19350356549768324,0.22727175481523296
random_forest,r4f2,4,2,137,156,1,0.8261874822631788,0.22727175481523296
random_forest,r4f2,4,2,138,157,0,0.07231726671608923,0.22727175481523296
random_forest,r4f2,4,2,139,158,0,0.05520287539082835,0.22727175481523296
random_forest,r4f2,4,2,140,159,0,0.049838849877980304,0.22727175481523296
random_forest,r4f2,4,2,141,160,0,0.044354217843348274,0.22727175481523296
random_forest,r4f2,4,2,146,165,0,0.7146165809422774,0.22727175481523296
random_forest,r4f2,4,2,152,171,0,0.0747806619306619,0.22727175481523296
random_forest,r4f2,4,2,153,172,0,0.26433965440877194,0.22727175481523296
random_forest,r4f2,4,2,154,173,1,0.7250867968374937,0.22727175481523296
random_forest,r4f2,4,2,170,189,0,0.0684768182756408,0.22727175481523296
random_forest,r4f2,4,2,171,190,0,0.07067851576764618,0.22727175481523296
random_forest,r4f2,4,2,172,191,0,0.30713591106749,0.22727175481523296
random_forest,r4f2,4,2,183,202,0,0.20767522449736833,0.22727175481523296
random_forest,r4f2,4,2,184,203,0,0.19946634476634476,0.22727175481523296
random_forest,r4f2,4,2,185,204,1,0.2346844520517897,0.22727175481523296
random_forest,r4f2,4,2,186,205,1,0.22811540443274206,0.22727175481523296
random_forest,r4f2,4,2,187,206,1,0.2797154869096045,0.22727175481523296
random_forest,r4f2,4,2,188,207,1,0.36362457781869534,0.22727175481523296
random_forest,r4f2,4,2,189,208,1,0.290258055452173,0.22727175481523296
random_forest,r4f2,4,2,190,209,0,0.07248288062699826,0.22727175481523296
random_forest,r4f2,4,2,191,211,0,0.19955569392481165,0.22727175481523296
random_forest,r4f2,4,2,193,213,0,0.07691173641173638,0.22727175481523296
random_forest,r4f2,4,2,194,214,0,0.4961308555565522,0.22727175481523296
random_forest,r4f2,4,2,195,215,0,0.02257209522091776,0.22727175481523296
random_forest,r4f2,4,2,196,216,0,0.016953535353535356,0.22727175481523296
random_forest,r4f2,4,2,207,228,0,0.31840916998091934,0.22727175481523296
random_forest,r4f2,4,2,208,229,1,0.5466064209755387,0.22727175481523296
random_forest,r4f2,4,2,209,230,0,0.31490024459258215,0.22727175481523296
random_forest,r4f2,4,2,219,241,0,0.027082754102266297,0.22727175481523296
random_forest,r4f2,4,2,220,243,0,0.6207412103977893,0.22727175481523296
random_forest,r4f2,4,2,226,249,0,0.4285284344669256,0.22727175481523296
random_forest,r4f2,4,2,228,251,0,0.46000494638212036,0.22727175481523296
random_forest,r4f2,4,2,229,252,1,0.4590747876519616,0.22727175481523296
random_forest,r4f2,4,2,250,273,0,0.30108397475131243,0.22727175481523296
random_forest,r4f2,4,2,251,274,0,0.4417165525106701,0.22727175481523296
random_forest,r4f3,4,3,8,19,1,0.9307855989649979,0.17679484511017032
random_forest,r4f3,4,3,9,20,1,0.8906753516309803,0.17679484511017032
random_forest,r4f3,4,3,10,21,1,0.8832598909089603,0.17679484511017032
random_forest,r4f3,4,3,11,22,1,0.8847265575756269,0.17679484511017032
random_forest,r4f3,4,3,12,23,1,0.9258774779683477,0.17679484511017032
random_forest,r4f3,4,3,25,37,1,0.7981389277177757,0.17679484511017032
random_forest,r4f3,4,3,26,38,1,0.7993372858428125,0.17679484511017032
random_forest,r4f3,4,3,27,39,1,0.9342488343897042,0.17679484511017032
random_forest,r4f3,4,3,45,58,0,0.2598007838918784,0.17679484511017032
random_forest,r4f3,4,3,46,59,0,0.1784179404195612,0.17679484511017032
random_forest,r4f3,4,3,47,60,0,0.2167171619582564,0.17679484511017032
random_forest,r4f3,4,3,48,61,0,0.26193714752824204,0.17679484511017032
random_forest,r4f3,4,3,49,62,0,0.13260993912871352,0.17679484511017032
random_forest,r4f3,4,3,50,63,1,0.5981605625051278,0.17679484511017032
random_forest,r4f3,4,3,51,64,0,0.3104377826328559,0.17679484511017032
random_forest,r4f3,4,3,62,75,0,0.10805060074169508,0.17679484511017032
random_forest,r4f3,4,3,63,76,0,0.09591229904339342,0.17679484511017032
random_forest,r4f3,4,3,66,79,0,0.3075969567920302,0.17679484511017032
random_forest,r4f3,4,3,67,82,0,0.016082409907238283,0.17679484511017032
random_forest,r4f3,4,3,85,102,0,0.23337672379503727,0.17679484511017032
random_forest,r4f3,4,3,86,103,0,0.20105070875316855,0.17679484511017032
random_forest,r4f3,4,3,92,109,0,0.16301699878724646,0.17679484511017032
random_forest,r4f3,4,3,93,110,0,0.18510319895737154,0.17679484511017032
random_forest,r4f3,4,3,94,111,1,0.20077336555547948,0.17679484511017032
random_forest,r4f3,4,3,95,112,1,0.18042961202196497,0.17679484511017032
random_forest,r4f3,4,3,96,113,0,0.12840094735330032,0.17679484511017032
random_forest,r4f3,4,3,97,115,0,0.10300462700697996,0.17679484511017032
random_forest,r4f3,4,3,98,116,0,0.08857804598566213,0.17679484511017032
random_forest,r4f3,4,3,99,117,0,0.10423653866800778,0.17679484511017032
random_forest,r4f3,4,3,100,118,0,0.1385245503733438,0.17679484511017032
random_forest,r4f3,4,3,142,161,0,0.06689876226832749,0.17679484511017032
random_forest,r4f3,4,3,143,162,0,0.04009733591690112,0.17679484511017032
random_forest,r4f3,4,3,144,163,0,0.03357021376369202,0.17679484511017032
random_forest,r4f3,4,3,145,164,0,0.03307021376369203,0.17679484511017032
random_forest,r4f3,4,3,161,180,0,0.08764515222479621,0.17679484511017032
random_forest,r4f3,4,3,162,181,0,0.16474135634747086,0.17679484511017032
random_forest,r4f3,4,3,163,182,1,0.5808798860496229,0.17679484511017032
random_forest,r4f3,4,3,168,187,0,0.060689324564324555,0.17679484511017032
random_forest,r4f3,4,3,169,188,0,0.027144992025518334,0.17679484511017032
random_forest,r4f3,4,3,197,217,0,0.02369985847485847,0.17679484511017032
random_forest,r4f3,4,3,198,218,0,0.007309523809523809,0.17679484511017032
random_forest,r4f3,4,3,204,225,0,0.06388898469951101,0.17679484511017032
random_forest,r4f3,4,3,210,231,1,0.18569939275550726,0.17679484511017032
random_forest,r4f3,4,3,221,244,0,0.051967532467532454,0.17679484511017032
random_forest,r4f3,4,3,222,245,0,0.01803761904761905,0.17679484511017032
random_forest,r4f4,4,4,17,29,1,0.6660938846554266,0.19789697582377025
random_forest,r4f4,4,4,18,30,0,0.7377530580843368,0.19789697582377025
random_forest,r4f4,4,4,19,31,1,0.7836155270320256,0.19789697582377025
random_forest,r4f4,4,4,20,32,1,0.841530129096628,0.19789697582377025
random_forest,r4f4,4,4,32,44,1,0.7206176969542389,0.19789697582377025
random_forest,r4f4,4,4,33,45,0,0.6854885531448319,0.19789697582377025
random_forest,r4f4,4,4,40,52,1,0.7487800014465003,0.19789697582377025
random_forest,r4f4,4,4,78,94,0,0.575321843706848,0.19789697582377025
random_forest,r4f4,4,4,79,95,0,0.6860457531307577,0.19789697582377025
random_forest,r4f4,4,4,81,98,0,0.6645601687201685,0.19789697582377025
random_forest,r4f4,4,4,82,99,0,0.6693870255234958,0.19789697582377025
random_forest,r4f4,4,4,83,100,0,0.6101221558130425,0.19789697582377025
random_forest,r4f4,4,4,84,101,0,0.6155316796225662,0.19789697582377025
random_forest,r4f4,4,4,89,106,1,0.6971372971472971,0.19789697582377025
random_forest,r4f4,4,4,91,108,1,0.6684262751627457,0.19789697582377025
random_forest,r4f4,4,4,107,125,0,0.07980616605616607,0.19789697582377025
random_forest,r4f4,4,4,108,126,0,0.03552777777777778,0.19789697582377025
random_forest,r4f4,4,4,109,127,0,0.06715927960927959,0.19789697582377025
random_forest,r4f4,4,4,110,128,0,0.06213730158730158,0.19789697582377025
random_forest,r4f4,4,4,111,129,0,0.09790081501451367,0.19789697582377025
random_forest,r4f4,4,4,112,130,0,0.1053629639766626,0.19789697582377025
random_forest,r4f4,4,4,128,147,0,0.0432015873015873,0.19789697582377025
random_forest,r4f4,4,4,155,174,1,0.6175461860311904,0.19789697582377025
random_forest,r4f4,4,4,156,175,1,0.6159580907930952,0.19789697582377025
random_forest,r4f4,4,4,157,176,0,0.7956501057765767,0.19789697582377025
random_forest,r4f4,4,4,158,177,0,0.8416479412744121,0.19789697582377025
random_forest,r4f4,4,4,159,178,0,0.5029846322255187,0.19789697582377025
random_forest,r4f4,4,4,160,179,1,0.6342311066661108,0.19789697582377025
random_forest,r4f4,4,4,164,183,0,0.6069429193029193,0.19789697582377025
random_forest,r4f4,4,4,165,184,0,0.6944440792540788,0.19789697582377025
random_forest,r4f4,4,4,166,185,0,0.6610038916638916,0.19789697582377025
random_forest,r4f4,4,4,167,186,0,0.6379683216783216,0.19789697582377025
random_forest,r4f4,4,4,173,192,0,0.08355979575979577,0.19789697582377025
random_forest,r4f4,4,4,174,193,0,0.06938103008103008,0.19789697582377025
random_forest,r4f4,4,4,175,194,0,0.16224460076093106,0.19789697582377025
random_forest,r4f4,4,4,176,195,0,0.1816528869192172,0.19789697582377025
random_forest,r4f4,4,4,202,222,0,0.08630068352125202,0.19789697582377025
random_forest,r4f4,4,4,203,224,1,0.5861913163902922,0.19789697582377025
random_forest,r4f4,4,4,227,250,1,0.3800289707025,0.19789697582377025
random_forest,r4f4,4,4,230,253,0,0.3704909990009989,0.19789697582377025
random_forest,r4f4,4,4,231,254,1,0.37250766566766547,0.19789697582377025
random_forest,r4f4,4,4,237,260,0,0.1322971241177124,0.19789697582377025
random_forest,r4f4,4,4,238,261,0,0.0992178311884194,0.19789697582377025
random_forest,r4f4,4,4,239,262,0,0.1035071363139784,0.19789697582377025
random_forest,r4f4,4,4,240,263,0,0.06306882433356115,0.19789697582377025
xgboost,r0f0,0,0,13,25,1,0.9617556929588318,0.10342471301555634
xgboost,r0f0,0,0,14,26,1,0.9714395403862,0.10342471301555634
xgboost,r0f0,0,0,15,27,1,0.9416272640228271,0.10342471301555634
xgboost,r0f0,0,0,16,28,1,0.9830701947212219,0.10342471301555634
xgboost,r0f0,0,0,24,36,0,0.12366725504398346,0.10342471301555634
xgboost,r0f0,0,0,28,40,1,0.931939959526062,0.10342471301555634
xgboost,r0f0,0,0,29,41,1,0.8336589932441711,0.10342471301555634
xgboost,r0f0,0,0,30,42,1,0.974155604839325,0.10342471301555634
xgboost,r0f0,0,0,31,43,1,0.9755723476409912,0.10342471301555634
xgboost,r0f0,0,0,41,54,0,0.2445504069328308,0.10342471301555634
xgboost,r0f0,0,0,42,55,1,0.17548619210720062,0.10342471301555634
xgboost,r0f0,0,0,43,56,1,0.3108726143836975,0.10342471301555634
xgboost,r0f0,0,0,44,57,0,0.46168389916419983,0.10342471301555634
xgboost,r0f0,0,0,62,75,0,0.008223542012274265,0.10342471301555634
xgboost,r0f0,0,0,63,76,0,0.007468415889889002,0.10342471301555634
xgboost,r0f0,0,0,66,79,0,0.15491776168346405,0.10342471301555634
xgboost,r0f0,0,0,67,82,0,0.004154193680733442,0.10342471301555634
xgboost,r0f0,0,0,78,94,0,0.6303779482841492,0.10342471301555634
xgboost,r0f0,0,0,79,95,0,0.5103375315666199,0.10342471301555634
xgboost,r0f0,0,0,96,113,0,0.04513293132185936,0.10342471301555634
xgboost,r0f0,0,0,97,115,0,0.0415298193693161,0.10342471301555634
xgboost,r0f0,0,0,98,116,0,0.020653340965509415,0.10342471301555634
xgboost,r0f0,0,0,99,117,0,0.014746296219527721,0.10342471301555634
xgboost,r0f0,0,0,100,118,0,0.059168361127376556,0.10342471301555634
xgboost,r0f0,0,0,101,119,0,0.054498471319675446,0.10342471301555634
xgboost,r0f0,0,0,102,120,0,0.037057213485240936,0.10342471301555634
xgboost,r0f0,0,0,103,121,0,0.023785138502717018,0.10342471301555634
xgboost,r0f0,0,0,104,122,0,0.010478885844349861,0.10342471301555634
xgboost,r0f0,0,0,105,123,0,0.023785138502717018,0.10342471301555634
xgboost,r0f0,0,0,106,124,0,0.0055610076524317265,0.10342471301555634
xgboost,r0f0,0,0,138,157,0,0.032999761402606964,0.10342471301555634
xgboost,r0f0,0,0,139,158,0,0.01171408873051405,0.10342471301555634
xgboost,r0f0,0,0,140,159,0,0.004397304262965918,0.10342471301555634
xgboost,r0f0,0,0,141,160,0,0.0064456588588654995,0.10342471301555634
xgboost,r0f0,0,0,155,174,1,0.9204235076904297,0.10342471301555634
xgboost,r0f0,0,0,156,175,1,0.9035149812698364,0.10342471301555634
xgboost,r0f0,0,0,157,176,0,0.9593432545661926,0.10342471301555634
xgboost,r0f0,0,0,158,177,0,0.9357328414916992,0.10342471301555634
xgboost,r0f0,0,0,161,180,0,0.11801096051931381,0.10342471301555634
xgboost,r0f0,0,0,162,181,0,0.2767968773841858,0.10342471301555634
xgboost,r0f0,0,0,163,182,1,0.8817729949951172,0.10342471301555634
xgboost,r0f0,0,0,168,187,0,0.039674703031778336,0.10342471301555634
xgboost,r0f0,0,0,169,188,0,0.015762871131300926,0.10342471301555634
xgboost,r0f0,0,0,197,217,0,0.00669111730530858,0.10342471301555634
xgboost,r0f0,0,0,198,218,0,0.004558253102004528,0.10342471301555634
xgboost,r0f0,0,0,250,273,0,0.19306065142154694,0.10342471301555634
xgboost,r0f0,0,0,251,274,0,0.7976689338684082,0.10342471301555634
xgboost,r0f1,0,1,52,65,0,0.0167682021856308,0.1391683965921402
xgboost,r0f1,0,1,53,66,0,0.009704736061394215,0.1391683965921402
xgboost,r0f1,0,1,54,67,0,0.027742324396967888,0.1391683965921402
xgboost,r0f1,0,1,55,68,0,0.03856772929430008,0.1391683965921402
xgboost,r0f1,0,1,57,70,0,0.03981345519423485,0.1391683965921402
xgboost,r0f1,0,1,58,71,0,0.07617221027612686,0.1391683965921402
xgboost,r0f1,0,1,59,72,1,0.701963484287262,0.1391683965921402
xgboost,r0f1,0,1,60,73,0,0.03981345519423485,0.1391683965921402
xgboost,r0f1,0,1,61,74,1,0.7936328053474426,0.1391683965921402
xgboost,r0f1,0,1,72,88,1,0.8183020353317261,0.1391683965921402
xgboost,r0f1,0,1,73,89,1,0.8925039172172546,0.1391683965921402
xgboost,r0f1,0,1,74,90,1,0.8666633367538452,0.1391683965921402
xgboost,r0f1,0,1,75,91,1,0.8953477740287781,0.1391683965921402
xgboost,r0f1,0,1,76,92,1,0.4236766993999481,0.1391683965921402
xgboost,r0f1,0,1,77,93,1,0.9599376320838928,0.1391683965921402
xgboost,r0f1,0,1,80,97,1,0.1703459471464157,0.1391683965921402
xgboost,r0f1,0,1,87,104,0,0.12582190334796906,0.1391683965921402
xgboost,r0f1,0,1,88,105,1,0.15795359015464783,0.1391683965921402
xgboost,r0f1,0,1,90,107,1,0.09956832230091095,0.1391683965921402
xgboost,r0f1,0,1,107,125,0,0.013862069696187973,0.1391683965921402
xgboost,r0f1,0,1,108,126,0,0.0030064890161156654,0.1391683965921402
xgboost,r0f1,0,1,109,127,0,0.0040558092296123505,0.1391683965921402
xgboost,r0f1,0,1,110,128,0,0.02009517513215542,0.1391683965921402
xgboost,r0f1,0,1,111,129,0,0.00830422155559063,0.1391683965921402
xgboost,r0f1,0,1,112,130,0,0.03710705041885376,0.1391683965921402
xgboost,r0f1,0,1,128,147,0,0.003737441962584853,0.1391683965921402
xgboost,r0f1,0,1,173,192,0,0.012515108101069927,0.1391683965921402
xgboost,r0f1,0,1,174,193,0,0.003847648622468114,0.1391683965921402
xgboost,r0f1,0,1,175,194,0,0.04707539454102516,0.1391683965921402
xgboost,r0f1,0,1,176,195,0,0.1042795404791832,0.1391683965921402
xgboost,r0f1,0,1,192,212,0,0.17712901532649994,0.1391683965921402
xgboost,r0f1,0,1,204,225,0,0.029785726219415665,0.1391683965921402
xgboost,r0f1,0,1,210,231,1,0.11517797410488129,0.1391683965921402
xgboost,r0f1,0,1,221,244,0,0.06393997371196747,0.1391683965921402
xgboost,r0f1,0,1,222,245,0,0.003878962015733123,0.1391683965921402
xgboost,r0f1,0,1,226,249,0,0.25237998366355896,0.1391683965921402
xgboost,r0f1,0,1,227,250,1,0.18447571992874146,0.1391683965921402
xgboost,r0f1,0,1,228,251,0,0.1749742478132248,0.1391683965921402
xgboost,r0f1,0,1,229,252,1,0.1578425168991089,0.1391683965921402
xgboost,r0f1,0,1,230,253,0,0.0435163788497448,0.1391683965921402
xgboost,r0f1,0,1,231,254,1,0.06320908665657043,0.1391683965921402
xgboost,r0f1,0,1,237,260,0,0.033816494047641754,0.1391683965921402
xgboost,r0f1,0,1,238,261,0,0.024533795192837715,0.1391683965921402
xgboost,r0f1,0,1,239,262,0,0.06893385946750641,0.1391683965921402
xgboost,r0f1,0,1,240,263,0,0.009689954109489918,0.1391683965921402
xgboost,r0f2,0,2,17,29,1,0.7402505874633789,0.23231272399425507
xgboost,r0f2,0,2,18,30,0,0.8818813562393188,0.23231272399425507
xgboost,r0f2,0,2,19,31,1,0.8986358046531677,0.23231272399425507
xgboost,r0f2,0,2,20,32,1,0.9484214186668396,0.23231272399425507
xgboost,r0f2,0,2,32,44,1,0.5608123540878296,0.23231272399425507
xgboost,r0f2,0,2,33,45,0,0.8731091022491455,0.23231272399425507
xgboost,r0f2,0,2,40,52,1,0.7184075713157654,0.23231272399425507
xgboost,r0f2,0,2,56,69,1,0.697515606880188,0.23231272399425507
xgboost,r0f2,0,2,64,77,0,0.017436586320400238,0.23231272399425507
xgboost,r0f2,0,2,65,78,0,0.007915367372334003,0.23231272399425507
xgboost,r0f2,0,2,68,84,0,0.014829600229859352,0.23231272399425507
xgboost,r0f2,0,2,69,85,0,0.023649031296372414,0.23231272399425507
xgboost,r0f2,0,2,70,86,0,0.01583901233971119,0.23231272399425507
xgboost,r0f2,0,2,71,87,0,0.02305569127202034,0.23231272399425507
xgboost,r0f2,0,2,81,98,0,0.4304053485393524,0.23231272399425507
xgboost,r0f2,0,2,82,99,0,0.7074773907661438,0.23231272399425507
xgboost,r0f2,0,2,83,100,0,0.3844841718673706,0.23231272399425507
xgboost,r0f2,0,2,84,101,0,0.6098421216011047,0.23231272399425507
xgboost,r0f2,0,2,89,106,1,0.7658539414405823,0.23231272399425507
xgboost,r0f2,0,2,91,108,1,0.7461583614349365,0.23231272399425507
xgboost,r0f2,0,2,159,178,0,0.5787013173103333,0.23231272399425507
xgboost,r0f2,0,2,160,179,1,0.8874712586402893,0.23231272399425507
xgboost,r0f2,0,2,164,183,0,0.49834975600242615,0.23231272399425507
xgboost,r0f2,0,2,165,184,0,0.7167375683784485,0.23231272399425507
xgboost,r0f2,0,2,166,185,0,0.7635153532028198,0.23231272399425507
xgboost,r0f2,0,2,167,186,0,0.5342534184455872,0.23231272399425507
xgboost,r0f2,0,2,193,213,0,0.03490966558456421,0.23231272399425507
xgboost,r0f2,0,2,194,214,0,0.32187044620513916,0.23231272399425507
xgboost,r0f2,0,2,195,215,0,0.06394439935684204,0.23231272399425507
xgboost,r0f2,0,2,196,216,0,0.0073347813449800014,0.23231272399425507
xgboost,r0f2,0,2,199,219,0,0.00659823976457119,0.23231272399425507
xgboost,r0f2,0,2,200,220,0,0.016994085162878036,0.23231272399425507
xgboost,r0f2,0,2,201,221,0,0.052339013665914536,0.23231272399425507
xgboost,r0f2,0,2,205,226,0,0.002445802092552185,0.23231272399425507
xgboost,r0f2,0,2,206,227,0,0.002243609866127372,0.23231272399425507
xgboost,r0f2,0,2,211,232,0,0.006490547675639391,0.23231272399425507
xgboost,r0f2,0,2,212,233,1,0.11003199964761734,0.23231272399425507
xgboost,r0f2,0,2,213,234,1,0.10561144351959229,0.23231272399425507
xgboost,r0f2,0,2,214,235,0,0.009755110368132591,0.23231272399425507
xgboost,r0f2,0,2,215,236,0,0.07818929105997086,0.23231272399425507
xgboost,r0f2,0,2,216,238,1,0.14094194769859314,0.23231272399425507
xgboost,r0f2,0,2,217,239,0,0.004090234637260437,0.23231272399425507
xgboost,r0f2,0,2,218,240,0,0.003689203877002001,0.23231272399425507
xgboost,r0f2,0,2,246,269,0,0.05120648071169853,0.23231272399425507
xgboost,r0f2,0,2,247,270,1,0.08297619223594666,0.23231272399425507
xgboost,r0f2,0,2,248,271,0,0.003915091510862112,0.23231272399425507
xgboost,r0f2,0,2,249,272,0,0.003386151045560837,0.23231272399425507
xgboost,r0f3,0,3,0,1,1,0.8356377482414246,0.2173432558774948
xgboost,r0f3,0,3,1,2,0,0.44697338342666626,0.2173432558774948
xgboost,r0f3,0,3,2,3,0,0.7101954221725464,0.2173432558774948
xgboost,r0f3,0,3,3,4,0,0.42807066440582275,0.2173432558774948
xgboost,r0f3,0,3,4,5,0,0.42807066440582275,0.2173432558774948
xgboost,r0f3,0,3,5,6,0,0.09494505077600479,0.2173432558774948
xgboost,r0f3,0,3,6,7,1,0.8738479018211365,0.2173432558774948
xgboost,r0f3,0,3,7,8,1,0.2885590195655823,0.2173432558774948
xgboost,r0f3,0,3,8,19,1,0.9832400679588318,0.2173432558774948
xgboost,r0f3,0,3,9,20,1,0.9755174517631531,0.2173432558774948
xgboost,r0f3,0,3,10,21,1,0.9647698402404785,0.2173432558774948
xgboost,r0f3,0,3,11,22,1,0.9618958234786987,0.2173432558774948
xgboost,r0f3,0,3,12,23,1,0.9728912711143494,0.2173432558774948
xgboost,r0f3,0,3,21,33,0,0.11285164952278137,0.2173432558774948
xgboost,r0f3,0,3,22,34,0,0.3549705743789673,0.2173432558774948
xgboost,r0f3,0,3,23,35,0,0.4116217792034149,0.2173432558774948
xgboost,r0f3,0,3,25,37,1,0.8088434934616089,0.2173432558774948
xgboost,r0f3,0,3,26,38,1,0.6924970746040344,0.2173432558774948
xgboost,r0f3,0,3,27,39,1,0.9403154850006104,0.2173432558774948
xgboost,r0f3,0,3,34,46,1,0.10551115870475769,0.2173432558774948
xgboost,r0f3,0,3,35,47,1,0.6035058498382568,0.2173432558774948
xgboost,r0f3,0,3,36,48,1,0.12112852931022644,0.2173432558774948
xgboost,r0f3,0,3,37,49,0,0.24298949539661407,0.2173432558774948
xgboost,r0f3,0,3,38,50,0,0.1790054440498352,0.2173432558774948
xgboost,r0f3,0,3,39,51,1,0.5073848366737366,0.2173432558774948
xgboost,r0f3,0,3,121,140,0,0.011112252250313759,0.2173432558774948
xgboost,r0f3,0,3,122,141,0,0.003155783284455538,0.2173432558774948
xgboost,r0f3,0,3,123,142,0,0.046058472245931625,0.2173432558774948
xgboost,r0f3,0,3,124,143,0,0.038035355508327484,0.2173432558774948
xgboost,r0f3,0,3,125,144,0,0.09908341616392136,0.2173432558774948
xgboost,r0f3,0,3,126,145,0,0.03534630686044693,0.2173432558774948
xgboost,r0f3,0,3,127,146,0,0.18440039455890656,0.2173432558774948
xgboost,r0f3,0,3,129,148,1,0.3460176885128021,0.2173432558774948
xgboost,r0f3,0,3,130,149,1,0.8985114693641663,0.2173432558774948
xgboost,r0f3,0,3,131,150,0,0.23487088084220886,0.2173432558774948
xgboost,r0f3,0,3,147,166,0,0.0030818104278296232,0.2173432558774948
xgboost,r0f3,0,3,148,167,0,0.013392798602581024,0.2173432558774948
xgboost,r0f3,0,3,149,168,1,0.10993146151304245,0.2173432558774948
xgboost,r0f3,0,3,150,169,0,0.14220109581947327,0.2173432558774948
xgboost,r0f3,0,3,151,170,0,0.3816239535808563,0.2173432558774948
xgboost,r0f3,0,3,177,196,0,0.2190968096256256,0.2173432558774948
xgboost,r0f3,0,3,178,197,0,0.12481763958930969,0.2173432558774948
xgboost,r0f3,0,3,179,198,1,0.7805672287940979,0.2173432558774948
xgboost,r0f3,0,3,180,199,0,0.30627694725990295,0.2173432558774948
xgboost,r0f3,0,3,181,200,0,0.08981331437826157,0.2173432558774948
xgboost,r0f3,0,3,182,201,0,0.04004061594605446,0.2173432558774948
xgboost,r0f3,0,3,183,202,0,0.11934585124254227,0.2173432558774948
xgboost,r0f3,0,3,184,203,0,0.1184196025133133,0.2173432558774948
xgboost,r0f3,0,3,185,204,1,0.28315120935440063,0.2173432558774948
xgboost,r0f3,0,3,186,205,1,0.20152103900909424,0.2173432558774948
xgboost,r0f3,0,3,187,206,1,0.24746458232402802,0.2173432558774948
xgboost,r0f3,0,3,188,207,1,0.518259584903717,0.2173432558774948
xgboost,r0f3,0,3,189,208,1,0.2916184961795807,0.2173432558774948
xgboost,r0f3,0,3,207,228,0,0.3804595470428467,0.2173432558774948
xgboost,r0f3,0,3,208,229,1,0.5134278535842896,0.2173432558774948
xgboost,r0f3,0,3,209,230,0,0.1790054440498352,0.2173432558774948
xgboost,r0f3,0,3,219,241,0,0.006975006312131882,0.2173432558774948
xgboost,r0f3,0,3,220,243,0,0.774465024471283,0.2173432558774948
xgboost,r0f3,0,3,225,248,0,0.005972358863800764,0.2173432558774948
xgboost,r0f3,0,3,232,255,0,0.19520311057567596,0.2173432558774948
xgboost,r0f3,0,3,233,256,0,0.19520311057567596,0.2173432558774948
xgboost,r0f3,0,3,234,257,0,0.30671849846839905,0.2173432558774948
xgboost,r0f3,0,3,235,258,0,0.22281275689601898,0.2173432558774948
xgboost,r0f3,0,3,236,259,0,0.255334734916687,0.2173432558774948
xgboost,r0f3,0,3,241,264,0,0.026154039427638054,0.2173432558774948
xgboost,r0f3,0,3,242,265,0,0.021583907306194305,0.2173432558774948
xgboost,r0f3,0,3,243,266,0,0.18563498556613922,0.2173432558774948
xgboost,r0f3,0,3,244,267,0,0.5940394401550293,0.2173432558774948
xgboost,r0f3,0,3,245,268,0,0.6508079767227173,0.2173432558774948
xgboost,r0f4,0,4,45,58,0,0.03217554837465286,0.12925948202610016
xgboost,r0f4,0,4,46,59,0,0.018818896263837814,0.12925948202610016
xgboost,r0f4,0,4,47,60,0,0.026790887117385864,0.12925948202610016
xgboost,r0f4,0,4,48,61,0,0.03217554837465286,0.12925948202610016
xgboost,r0f4,0,4,49,62,0,0.06234079971909523,0.12925948202610016
xgboost,r0f4,0,4,50,63,1,0.7945860624313354,0.12925948202610016
xgboost,r0f4,0,4,51,64,0,0.41751545667648315,0.12925948202610016
xgboost,r0f4,0,4,85,102,0,0.053956542164087296,0.12925948202610016
xgboost,r0f4,0,4,86,103,0,0.04603950306773186,0.12925948202610016
xgboost,r0f4,0,4,92,109,0,0.04569177329540253,0.12925948202610016
xgboost,r0f4,0,4,93,110,0,0.04899899289011955,0.12925948202610016
xgboost,r0f4,0,4,94,111,1,0.05457928404211998,0.12925948202610016
xgboost,r0f4,0,4,95,112,1,0.043998848646879196,0.12925948202610016
xgboost,r0f4,0,4,113,131,1,0.9543134570121765,0.12925948202610016
xgboost,r0f4,0,4,114,132,1,0.927240252494812,0.12925948202610016
xgboost,r0f4,0,4,115,133,1,0.23754163086414337,0.12925948202610016
xgboost,r0f4,0,4,116,134,0,0.18336085975170135,0.12925948202610016
xgboost,r0f4,0,4,117,135,1,0.9343432784080505,0.12925948202610016
xgboost,r0f4,0,4,118,136,1,0.41615885496139526,0.12925948202610016
xgboost,r0f4,0,4,119,137,1,0.325200617313385,0.12925948202610016
xgboost,r0f4,0,4,120,139,1,0.9716165661811829,0.12925948202610016
xgboost,r0f4,0,4,132,151,1,0.016819685697555542,0.12925948202610016
xgboost,r0f4,0,4,133,152,0,0.005359217524528503,0.12925948202610016
xgboost,r0f4,0,4,134,153,0,0.01833450049161911,0.12925948202610016
xgboost,r0f4,0,4,135,154,0,0.033133696764707565,0.12925948202610016
xgboost,r0f4,0,4,136,155,0,0.4002726376056671,0.12925948202610016
xgboost,r0f4,0,4,137,156,1,0.9113415479660034,0.12925948202610016
xgboost,r0f4,0,4,142,161,0,0.004590868484228849,0.12925948202610016
xgboost,r0f4,0,4,143,162,0,0.002581025706604123,0.12925948202610016
xgboost,r0f4,0,4,144,163,0,0.006312611512839794,0.12925948202610016
xgboost,r0f4,0,4,145,164,0,0.006142495200037956,0.12925948202610016
xgboost,r0f4,0,4,146,165,0,0.7893281579017639,0.12925948202610016
xgboost,r0f4,0,4,152,171,0,0.025374412536621094,0.12925948202610016
xgboost,r0f4,0,4,153,172,0,0.20096588134765625,0.12925948202610016
xgboost,r0f4,0,4,154,173,1,0.8209642767906189,0.12925948202610016
xgboost,r0f4,0,4,170,189,0,0.012354059144854546,0.12925948202610016
xgboost,r0f4,0,4,171,190,0,0.011391264386475086,0.12925948202610016
xgboost,r0f4,0,4,172,191,0,0.15586623549461365,0.12925948202610016
xgboost,r0f4,0,4,190,209,0,0.015527094714343548,0.12925948202610016
xgboost,r0f4,0,4,191,211,0,0.08533119410276413,0.12925948202610016
xgboost,r0f4,0,4,202,222,0,0.021876594051718712,0.12925948202610016
xgboost,r0f4,0,4,203,224,1,0.8628334403038025,0.12925948202610016
xgboost,r0f4,0,4,223,246,0,0.0007947246776893735,0.12925948202610016
xgboost,r0f4,0,4,224,247,0,0.006052064243704081,0.12925948202610016
xgboost,r1f0,1,0,8,19,1,0.9855335354804993,0.1539277881383896
xgboost,r1f0,1,0,9,20,1,0.9812244176864624,0.1539277881383896
xgboost,r1f0,1,0,10,21,1,0.9760848879814148,0.1539277881383896
xgboost,r1f0,1,0,11,22,1,0.9751601815223694,0.1539277881383896
xgboost,r1f0,1,0,12,23,1,0.98817378282547,0.1539277881383896
xgboost,r1f0,1,0,25,37,1,0.6850563287734985,0.1539277881383896
xgboost,r1f0,1,0,26,38,1,0.7303430438041687,0.1539277881383896
xgboost,r1f0,1,0,27,39,1,0.9601683616638184,0.1539277881383896
xgboost,r1f0,1,0,45,58,0,0.07718784362077713,0.1539277881383896
xgboost,r1f0,1,0,46,59,0,0.02713363617658615,0.1539277881383896
xgboost,r1f0,1,0,47,60,0,0.05937414988875389,0.1539277881383896
xgboost,r1f0,1,0,48,61,0,0.07718784362077713,0.1539277881383896
xgboost,r1f0,1,0,49,62,0,0.10661045461893082,0.1539277881383896
xgboost,r1f0,1,0,50,63,1,0.6970643401145935,0.1539277881383896
xgboost,r1f0,1,0,51,64,0,0.2257508784532547,0.1539277881383896
xgboost,r1f0,1,0,62,75,0,0.008970706723630428,0.1539277881383896
xgboost,r1f0,1,0,63,76,0,0.009962384589016438,0.1539277881383896
xgboost,r1f0,1,0,66,79,0,0.10144072026014328,0.1539277881383896
xgboost,r1f0,1,0,67,82,0,0.0034807671327143908,0.1539277881383896
xgboost,r1f0,1,0,85,102,0,0.03332860395312309,0.1539277881383896
xgboost,r1f0,1,0,86,103,0,0.03899548202753067,0.1539277881383896
xgboost,r1f0,1,0,92,109,0,0.03466277942061424,0.1539277881383896
xgboost,r1f0,1,0,93,110,0,0.03685927391052246,0.1539277881383896
xgboost,r1f0,1,0,94,111,1,0.04229048267006874,0.1539277881383896
xgboost,r1f0,1,0,95,112,1,0.0558583103120327,0.1539277881383896
xgboost,r1f0,1,0,142,161,0,0.025215934962034225,0.1539277881383896
xgboost,r1f0,1,0,143,162,0,0.0040513682179152966,0.1539277881383896
xgboost,r1f0,1,0,144,163,0,0.006667547859251499,0.1539277881383896
xgboost,r1f0,1,0,145,164,0,0.006825088988989592,0.1539277881383896
xgboost,r1f0,1,0,161,180,0,0.06972162425518036,0.1539277881383896
xgboost,r1f0,1,0,162,181,0,0.08680343627929688,0.1539277881383896
xgboost,r1f0,1,0,163,182,1,0.7082353830337524,0.1539277881383896
xgboost,r1f0,1,0,168,187,0,0.09301099181175232,0.1539277881383896
xgboost,r1f0,1,0,169,188,0,0.01303041446954012,0.1539277881383896
xgboost,r1f0,1,0,197,217,0,0.013311425223946571,0.1539277881383896
xgboost,r1f0,1,0,198,218,0,0.0054021431133151054,0.1539277881383896
xgboost,r1f0,1,0,204,225,0,0.04311957210302353,0.1539277881383896
xgboost,r1f0,1,0,210,231,1,0.14165912568569183,0.1539277881383896
xgboost,r1f0,1,0,219,241,0,0.008636988699436188,0.1539277881383896
xgboost,r1f0,1,0,220,243,0,0.7967005372047424,0.1539277881383896
xgboost,r1f0,1,0,241,264,0,0.01447872444987297,0.1539277881383896
xgboost,r1f0,1,0,242,265,0,0.01229857373982668,0.1539277881383896
xgboost,r1f0,1,0,243,266,0,0.0337754525244236,0.1539277881383896
xgboost,r1f0,1,0,244,267,0,0.3578743040561676,0.1539277881383896
xgboost,r1f0,1,0,245,268,0,0.3822230100631714,0.1539277881383896
xgboost,r1f1,1,1,0,1,1,0.55110764503479,0.05815691128373146
xgboost,r1f1,1,1,1,2,0,0.6324775218963623,0.05815691128373146
xgboost,r1f1,1,1,2,3,0,0.6639946103096008,0.05815691128373146
xgboost,r1f1,1,1,3,4,0,0.5304595828056335,0.05815691128373146
xgboost,r1f1,1,1,4,5,0,0.5403224229812622,0.05815691128373146
xgboost,r1f1,1,1,5,6,0,0.19120298326015472,0.05815691128373146
xgboost,r1f1,1,1,6,7,1,0.94375079870224,0.05815691128373146
xgboost,r1f1,1,1,7,8,1,0.5340487360954285,0.05815691128373146
xgboost,r1f1,1,1,21,33,0,0.23708949983119965,0.05815691128373146
xgboost,r1f1,1,1,22,34,0,0.1677432358264923,0.05815691128373146
xgboost,r1f1,1,1,23,35,0,0.2349778115749359,0.05815691128373146
xgboost,r1f1,1,1,34,46,1,0.09449795633554459,0.05815691128373146
xgboost,r1f1,1,1,35,47,1,0.25730565190315247,0.05815691128373146
xgboost,r1f1,1,1,36,48,1,0.13605135679244995,0.05815691128373146
xgboost,r1f1,1,1,37,49,0,0.20069141685962677,0.05815691128373146
xgboost,r1f1,1,1,38,50,0,0.20574851334095,0.05815691128373146
xgboost,r1f1,1,1,39,51,1,0.5113433003425598,0.05815691128373146
xgboost,r1f1,1,1,52,65,0,0.02216598391532898,0.05815691128373146
xgboost,r1f1,1,1,53,66,0,0.009634080342948437,0.05815691128373146
xgboost,r1f1,1,1,54,67,0,0.026829276233911514,0.05815691128373146
xgboost,r1f1,1,1,55,68,0,0.0048482296988368034,0.05815691128373146
xgboost,r1f1,1,1,57,70,0,0.0372781939804554,0.05815691128373146
xgboost,r1f1,1,1,58,71,0,0.07976970821619034,0.05815691128373146
xgboost,r1f1,1,1,59,72,1,0.5745531320571899,0.05815691128373146
xgboost,r1f1,1,1,60,73,0,0.0372781939804554,0.05815691128373146
xgboost,r1f1,1,1,61,74,1,0.6863442659378052,0.05815691128373146
xgboost,r1f1,1,1,80,97,1,0.17107510566711426,0.05815691128373146
xgboost,r1f1,1,1,87,104,0,0.13753296434879303,0.05815691128373146
xgboost,r1f1,1,1,88,105,1,0.17316995561122894,0.05815691128373146
xgboost,r1f1,1,1,90,107,1,0.14671295881271362,0.05815691128373146
xgboost,r1f1,1,1,107,125,0,0.012719527818262577,0.05815691128373146
xgboost,r1f1,1,1,108,126,0,0.004631871823221445,0.05815691128373146
xgboost,r1f1,1,1,109,127,0,0.0052672517485916615,0.05815691128373146
xgboost,r1f1,1,1,110,128,0,0.02478802017867565,0.05815691128373146
xgboost,r1f1,1,1,111,129,0,0.004974878393113613,0.05815691128373146
xgboost,r1f1,1,1,112,130,0,0.01449316181242466,0.05815691128373146
xgboost,r1f1,1,1,113,131,1,0.9373787641525269,0.05815691128373146
xgboost,r1f1,1,1,114,132,1,0.6160359382629395,0.05815691128373146
xgboost,r1f1,1,1,115,133,1,0.15355539321899414,0.05815691128373146
xgboost,r1f1,1,1,116,134,0,0.15497297048568726,0.05815691128373146
xgboost,r1f1,1,1,117,135,1,0.545747697353363,0.05815691128373146
xgboost,r1f1,1,1,118,136,1,0.22063590586185455,0.05815691128373146
xgboost,r1f1,1,1,119,137,1,0.15951496362686157,0.05815691128373146
xgboost,r1f1,1,1,120,139,1,0.9062840938568115,0.05815691128373146
xgboost,r1f1,1,1,128,147,0,0.004191241692751646,0.05815691128373146
xgboost,r1f1,1,1,138,157,0,0.05048549547791481,0.05815691128373146
xgboost,r1f1,1,1,139,158,0,0.031631939113140106,0.05815691128373146
xgboost,r1f1,1,1,140,159,0,0.0057506198063492775,0.05815691128373146
xgboost,r1f1,1,1,141,160,0,0.00806689728051424,0.05815691128373146
xgboost,r1f1,1,1,183,202,0,0.11287309229373932,0.05815691128373146
xgboost,r1f1,1,1,184,203,0,0.19632427394390106,0.05815691128373146
xgboost,r1f1,1,1,185,204,1,0.2725076973438263,0.05815691128373146
xgboost,r1f1,1,1,186,205,1,0.2600336968898773,0.05815691128373146
xgboost,r1f1,1,1,187,206,1,0.38930070400238037,0.05815691128373146
xgboost,r1f1,1,1,188,207,1,0.7965324521064758,0.05815691128373146
xgboost,r1f1,1,1,189,208,1,0.5677253603935242,0.05815691128373146
xgboost,r1f1,1,1,190,209,0,0.018462633714079857,0.05815691128373146
xgboost,r1f1,1,1,191,211,0,0.0722646415233612,0.05815691128373146
xgboost,r1f1,1,1,192,212,0,0.1731272041797638,0.05815691128373146
xgboost,r1f1,1,1,207,228,0,0.1380172222852707,0.05815691128373146
xgboost,r1f1,1,1,208,229,1,0.49789732694625854,0.05815691128373146
xgboost,r1f1,1,1,209,230,0,0.19353711605072021,0.05815691128373146
xgboost,r1f1,1,1,214,235,0,0.02069016918540001,0.05815691128373146
xgboost,r1f1,1,1,215,236,0,0.4009075164794922,0.05815691128373146
xgboost,r1f1,1,1,216,238,1,0.41348448395729065,0.05815691128373146
xgboost,r1f1,1,1,217,239,0,0.005358574446290731,0.05815691128373146
xgboost,r1f1,1,1,218,240,0,0.004692130256444216,0.05815691128373146
xgboost,r1f2,1,2,24,36,0,0.16032913327217102,0.10671956837177277
xgboost,r1f2,1,2,41,54,0,0.15111073851585388,0.10671956837177277
xgboost,r1f2,1,2,42,55,1,0.215231254696846,0.10671956837177277
xgboost,r1f2,1,2,43,56,1,0.3369573950767517,0.10671956837177277
xgboost,r1f2,1,2,44,57,0,0.564175009727478,0.10671956837177277
xgboost,r1f2,1,2,72,88,1,0.973545253276825,0.10671956837177277
xgboost,r1f2,1,2,73,89,1,0.9594087600708008,0.10671956837177277
xgboost,r1f2,1,2,74,90,1,0.9517170190811157,0.10671956837177277
xgboost,r1f2,1,2,75,91,1,0.9609909057617188,0.10671956837177277
xgboost,r1f2,1,2,76,92,1,0.7919391393661499,0.10671956837177277
xgboost,r1f2,1,2,77,93,1,0.9763641953468323,0.10671956837177277
xgboost,r1f2,1,2,78,94,0,0.6584132313728333,0.10671956837177277
xgboost,r1f2,1,2,79,95,0,0.7287719249725342,0.10671956837177277
xgboost,r1f2,1,2,96,113,0,0.043371930718421936,0.10671956837177277
xgboost,r1f2,1,2,97,115,0,0.03169535472989082,0.10671956837177277
xgboost,r1f2,1,2,98,116,0,0.03261195123195648,0.10671956837177277
xgboost,r1f2,1,2,99,117,0,0.012617954984307289,0.10671956837177277
xgboost,r1f2,1,2,100,118,0,0.04189268872141838,0.10671956837177277
xgboost,r1f2,1,2,121,140,0,0.006634365301579237,0.10671956837177277
xgboost,r1f2,1,2,122,141,0,0.003429897129535675,0.10671956837177277
xgboost,r1f2,1,2,123,142,0,0.030928997322916985,0.10671956837177277
xgboost,r1f2,1,2,124,143,0,0.02398601919412613,0.10671956837177277
xgboost,r1f2,1,2,132,151,1,0.012970794923603535,0.10671956837177277
xgboost,r1f2,1,2,133,152,0,0.006264990661293268,0.10671956837177277
xgboost,r1f2,1,2,134,153,0,0.017243076115846634,0.10671956837177277
xgboost,r1f2,1,2,135,154,0,0.018128354102373123,0.10671956837177277
xgboost,r1f2,1,2,136,155,0,0.2238503247499466,0.10671956837177277
xgboost,r1f2,1,2,137,156,1,0.9405590295791626,0.10671956837177277
xgboost,r1f2,1,2,146,165,0,0.8832951188087463,0.10671956837177277
xgboost,r1f2,1,2,147,166,0,0.0025159064680337906,0.10671956837177277
xgboost,r1f2,1,2,148,167,0,0.006803783122450113,0.10671956837177277
xgboost,r1f2,1,2,152,171,0,0.013620586134493351,0.10671956837177277
xgboost,r1f2,1,2,153,172,0,0.2615678012371063,0.10671956837177277
xgboost,r1f2,1,2,154,173,1,0.8238891959190369,0.10671956837177277
xgboost,r1f2,1,2,155,174,1,0.9016161561012268,0.10671956837177277
xgboost,r1f2,1,2,156,175,1,0.885316014289856,0.10671956837177277
xgboost,r1f2,1,2,157,176,0,0.9511646032333374,0.10671956837177277
xgboost,r1f2,1,2,158,177,0,0.9595628976821899,0.10671956837177277
xgboost,r1f2,1,2,170,189,0,0.008962931111454964,0.10671956837177277
xgboost,r1f2,1,2,171,190,0,0.008373802527785301,0.10671956837177277
xgboost,r1f2,1,2,172,191,0,0.20557419955730438,0.10671956837177277
xgboost,r1f2,1,2,173,192,0,0.0048689162358641624,0.10671956837177277
xgboost,r1f2,1,2,174,193,0,0.0040567838586866856,0.10671956837177277
xgboost,r1f2,1,2,175,194,0,0.06463763117790222,0.10671956837177277
xgboost,r1f2,1,2,176,195,0,0.15297897160053253,0.10671956837177277
xgboost,r1f2,1,2,227,250,1,0.07939012348651886,0.10671956837177277
xgboost,r1f2,1,2,230,253,0,0.039345838129520416,0.10671956837177277
xgboost,r1f2,1,2,231,254,1,0.07246942818164825,0.10671956837177277
xgboost,r1f3,1,3,13,25,1,0.946526288986206,0.18271653354167938
xgboost,r1f3,1,3,14,26,1,0.9614973068237305,0.18271653354167938
xgboost,r1f3,1,3,15,27,1,0.9402942657470703,0.18271653354167938
xgboost,r1f3,1,3,16,28,1,0.9891559481620789,0.18271653354167938
xgboost,r1f3,1,3,28,40,1,0.7744420170783997,0.18271653354167938
xgboost,r1f3,1,3,29,41,1,0.8667781352996826,0.18271653354167938
xgboost,r1f3,1,3,30,42,1,0.9642119407653809,0.18271653354167938
xgboost,r1f3,1,3,31,43,1,0.9683355093002319,0.18271653354167938
xgboost,r1f3,1,3,56,69,1,0.8263992071151733,0.18271653354167938
xgboost,r1f3,1,3,64,77,0,0.004599187057465315,0.18271653354167938
xgboost,r1f3,1,3,65,78,0,0.0064520081505179405,0.18271653354167938
xgboost,r1f3,1,3,101,119,0,0.03309030830860138,0.18271653354167938
xgboost,r1f3,1,3,102,120,0,0.02279750443994999,0.18271653354167938
xgboost,r1f3,1,3,103,121,0,0.021689288318157196,0.18271653354167938
xgboost,r1f3,1,3,104,122,0,0.011426755227148533,0.18271653354167938
xgboost,r1f3,1,3,105,123,0,0.021689288318157196,0.18271653354167938
xgboost,r1f3,1,3,106,124,0,0.0061041200533509254,0.18271653354167938
xgboost,r1f3,1,3,193,213,0,0.029656942933797836,0.18271653354167938
xgboost,r1f3,1,3,194,214,0,0.3335329294204712,0.18271653354167938
xgboost,r1f3,1,3,195,215,0,0.04046864062547684,0.18271653354167938
xgboost,r1f3,1,3,196,216,0,0.005118588451296091,0.18271653354167938
xgboost,r1f3,1,3,202,222,0,0.018269827589392662,0.18271653354167938
xgboost,r1f3,1,3,203,224,1,0.6586644649505615,0.18271653354167938
xgboost,r1f3,1,3,205,226,0,0.007097093388438225,0.18271653354167938
xgboost,r1f3,1,3,206,227,0,0.005113967228680849,0.18271653354167938
xgboost,r1f3,1,3,211,232,0,0.03606255352497101,0.18271653354167938
xgboost,r1f3,1,3,212,233,1,0.25985077023506165,0.18271653354167938
xgboost,r1f3,1,3,213,234,1,0.3152584135532379,0.18271653354167938
xgboost,r1f3,1,3,221,244,0,0.04092489555478096,0.18271653354167938
xgboost,r1f3,1,3,222,245,0,0.0035542347468435764,0.18271653354167938
xgboost,r1f3,1,3,223,246,0,0.0011812082957476377,0.18271653354167938
xgboost,r1f3,1,3,224,247,0,0.008518238551914692,0.18271653354167938
xgboost,r1f3,1,3,232,255,0,0.4544279873371124,0.18271653354167938
xgboost,r1f3,1,3,233,256,0,0.4544279873371124,0.18271653354167938
xgboost,r1f3,1,3,234,257,0,0.4900971055030823,0.18271653354167938
xgboost,r1f3,1,3,235,258,0,0.5200446248054504,0.18271653354167938
xgboost,r1f3,1,3,236,259,0,0.7718952298164368,0.18271653354167938
xgboost,r1f3,1,3,237,260,0,0.05241299793124199,0.18271653354167938
xgboost,r1f3,1,3,238,261,0,0.1001163125038147,0.18271653354167938
xgboost,r1f3,1,3,239,262,0,0.14490148425102234,0.18271653354167938
xgboost,r1f3,1,3,240,263,0,0.043446965515613556,0.18271653354167938
xgboost,r1f3,1,3,246,269,0,0.07251475006341934,0.18271653354167938
xgboost,r1f3,1,3,247,270,1,0.36404716968536377,0.18271653354167938
xgboost,r1f3,1,3,248,271,0,0.012181910686194897,0.18271653354167938
xgboost,r1f3,1,3,249,272,0,0.012113953940570354,0.18271653354167938
xgboost,r1f3,1,3,250,273,0,0.24027325212955475,0.18271653354167938
xgboost,r1f3,1,3,251,274,0,0.8802875876426697,0.18271653354167938
xgboost,r1f4,1,4,17,29,1,0.7819746732711792,0.232977956533432
xgboost,r1f4,1,4,18,30,0,0.8692374229431152,0.232977956533432
xgboost,r1f4,1,4,19,31,1,0.8940470814704895,0.232977956533432
xgboost,r1f4,1,4,20,32,1,0.9653602838516235,0.232977956533432
xgboost,r1f4,1,4,32,44,1,0.6617540717124939,0.232977956533432
xgboost,r1f4,1,4,33,45,0,0.8775516748428345,0.232977956533432
xgboost,r1f4,1,4,40,52,1,0.7401913404464722,0.232977956533432
xgboost,r1f4,1,4,68,84,0,0.01750752329826355,0.232977956533432
xgboost,r1f4,1,4,69,85,0,0.025166209787130356,0.232977956533432
xgboost,r1f4,1,4,70,86,0,0.013223929330706596,0.232977956533432
xgboost,r1f4,1,4,71,87,0,0.02051694318652153,0.232977956533432
xgboost,r1f4,1,4,81,98,0,0.4255869388580322,0.232977956533432
xgboost,r1f4,1,4,82,99,0,0.6764199137687683,0.232977956533432
xgboost,r1f4,1,4,83,100,0,0.3579765558242798,0.232977956533432
xgboost,r1f4,1,4,84,101,0,0.6367864608764648,0.232977956533432
xgboost,r1f4,1,4,89,106,1,0.696751594543457,0.232977956533432
xgboost,r1f4,1,4,91,108,1,0.7556896209716797,0.232977956533432
xgboost,r1f4,1,4,125,144,0,0.08557441085577011,0.232977956533432
xgboost,r1f4,1,4,126,145,0,0.02616524137556553,0.232977956533432
xgboost,r1f4,1,4,127,146,0,0.06355366855859756,0.232977956533432
xgboost,r1f4,1,4,129,148,1,0.4604453146457672,0.232977956533432
xgboost,r1f4,1,4,130,149,1,0.825921893119812,0.232977956533432
xgboost,r1f4,1,4,131,150,0,0.3217982351779938,0.232977956533432
xgboost,r1f4,1,4,149,168,1,0.11109837144613266,0.232977956533432
xgboost,r1f4,1,4,150,169,0,0.1344590187072754,0.232977956533432
xgboost,r1f4,1,4,151,170,0,0.13339100778102875,0.232977956533432
xgboost,r1f4,1,4,159,178,0,0.4935743510723114,0.232977956533432
xgboost,r1f4,1,4,160,179,1,0.7423193454742432,0.232977956533432
xgboost,r1f4,1,4,164,183,0,0.5122464299201965,0.232977956533432
xgboost,r1f4,1,4,165,184,0,0.6860278248786926,0.232977956533432
xgboost,r1f4,1,4,166,185,0,0.6128743886947632,0.232977956533432
xgboost,r1f4,1,4,167,186,0,0.463885098695755,0.232977956533432
xgboost,r1f4,1,4,177,196,0,0.39245206117630005,0.232977956533432
xgboost,r1f4,1,4,178,197,0,0.23012675344944,0.232977956533432
xgboost,r1f4,1,4,179,198,1,0.6210599541664124,0.232977956533432
xgboost,r1f4,1,4,180,199,0,0.5335001945495605,0.232977956533432
xgboost,r1f4,1,4,181,200,0,0.16905760765075684,0.232977956533432
xgboost,r1f4,1,4,182,201,0,0.12893830239772797,0.232977956533432
xgboost,r1f4,1,4,199,219,0,0.003719419939443469,0.232977956533432
xgboost,r1f4,1,4,200,220,0,0.006207296159118414,0.232977956533432
xgboost,r1f4,1,4,201,221,0,0.01854001171886921,0.232977956533432
xgboost,r1f4,1,4,225,248,0,0.00397262629121542,0.232977956533432
xgboost,r1f4,1,4,226,249,0,0.46568483114242554,0.232977956533432
xgboost,r1f4,1,4,228,251,0,0.45988890528678894,0.232977956533432
xgboost,r1f4,1,4,229,252,1,0.648418128490448,0.232977956533432
xgboost,r2f0,2,0,13,25,1,0.9381385445594788,0.07734786719083786
xgboost,r2f0,2,0,14,26,1,0.9565984606742859,0.07734786719083786
xgboost,r2f0,2,0,15,27,1,0.9453729391098022,0.07734786719083786
xgboost,r2f0,2,0,16,28,1,0.9810305833816528,0.07734786719083786
xgboost,r2f0,2,0,28,40,1,0.8161363005638123,0.07734786719083786
xgboost,r2f0,2,0,29,41,1,0.8451178669929504,0.07734786719083786
xgboost,r2f0,2,0,30,42,1,0.9576427936553955,0.07734786719083786
xgboost,r2f0,2,0,31,43,1,0.9609109163284302,0.07734786719083786
xgboost,r2f0,2,0,52,65,0,0.008678196929395199,0.07734786719083786
xgboost,r2f0,2,0,53,66,0,0.00765575747936964,0.07734786719083786
xgboost,r2f0,2,0,54,67,0,0.019930725917220116,0.07734786719083786
xgboost,r2f0,2,0,55,68,0,0.01919795200228691,0.07734786719083786
xgboost,r2f0,2,0,57,70,0,0.04721323400735855,0.07734786719083786
xgboost,r2f0,2,0,58,71,0,0.06158769130706787,0.07734786719083786
xgboost,r2f0,2,0,59,72,1,0.607643187046051,0.07734786719083786
xgboost,r2f0,2,0,60,73,0,0.04721323400735855,0.07734786719083786
xgboost,r2f0,2,0,61,74,1,0.7816709280014038,0.07734786719083786
xgboost,r2f0,2,0,85,102,0,0.062146544456481934,0.07734786719083786
xgboost,r2f0,2,0,86,103,0,0.06101268529891968,0.07734786719083786
xgboost,r2f0,2,0,92,109,0,0.06499970704317093,0.07734786719083786
xgboost,r2f0,2,0,93,110,0,0.0461408793926239,0.07734786719083786
xgboost,r2f0,2,0,94,111,1,0.06560676544904709,0.07734786719083786
xgboost,r2f0,2,0,95,112,1,0.0703294426202774,0.07734786719083786
xgboost,r2f0,2,0,96,113,0,0.05652923882007599,0.07734786719083786
xgboost,r2f0,2,0,97,115,0,0.031785327941179276,0.07734786719083786
xgboost,r2f0,2,0,98,116,0,0.01396863628178835,0.07734786719083786
xgboost,r2f0,2,0,99,117,0,0.017971014603972435,0.07734786719083786
xgboost,r2f0,2,0,100,118,0,0.031478650867938995,0.07734786719083786
xgboost,r2f0,2,0,149,168,1,0.10125730186700821,0.07734786719083786
xgboost,r2f0,2,0,150,169,0,0.11140860617160797,0.07734786719083786
xgboost,r2f0,2,0,151,170,0,0.24479952454566956,0.07734786719083786
xgboost,r2f0,2,0,192,212,0,0.07156956940889359,0.07734786719083786
xgboost,r2f0,2,0,204,225,0,0.042020685970783234,0.07734786719083786
xgboost,r2f0,2,0,210,231,1,0.2083035260438919,0.07734786719083786
xgboost,r2f0,2,0,223,246,0,0.001037308480590582,0.07734786719083786
xgboost,r2f0,2,0,224,247,0,0.01088887918740511,0.07734786719083786
xgboost,r2f0,2,0,225,248,0,0.006828380282968283,0.07734786719083786
xgboost,r2f0,2,0,237,260,0,0.06352021545171738,0.07734786719083786
xgboost,r2f0,2,0,238,261,0,0.05727653577923775,0.07734786719083786
xgboost,r2f0,2,0,239,262,0,0.09467010200023651,0.07734786719083786
xgboost,r2f0,2,0,240,263,0,0.023534830659627914,0.07734786719083786
xgboost,r2f0,2,0,241,264,0,0.0222877636551857,0.07734786719083786
xgboost,r2f0,2,0,242,265,0,0.016800055280327797,0.07734786719083786
xgboost,r2f0,2,0,243,266,0,0.07550523430109024,0.07734786719083786
xgboost,r2f0,2,0,244,267,0,0.42844828963279724,0.07734786719083786
xgboost,r2f0,2,0,245,268,0,0.46422454714775085,0.07734786719083786
xgboost,r2f1,2,1,45,58,0,0.05415402725338936,0.162793830037117
xgboost,r2f1,2,1,46,59,0,0.009390199556946754,0.162793830037117
xgboost,r2f1,2,1,47,60,0,0.03517501428723335,0.162793830037117
xgboost,r2f1,2,1,48,61,0,0.05415402725338936,0.162793830037117
xgboost,r2f1,2,1,49,62,0,0.04733528569340706,0.162793830037117
xgboost,r2f1,2,1,50,63,1,0.45581650733947754,0.162793830037117
xgboost,r2f1,2,1,51,64,0,0.18411724269390106,0.162793830037117
xgboost,r2f1,2,1,107,125,0,0.007400572765618563,0.162793830037117
xgboost,r2f1,2,1,108,126,0,0.003114590886980295,0.162793830037117
xgboost,r2f1,2,1,109,127,0,0.0036036099772900343,0.162793830037117
xgboost,r2f1,2,1,110,128,0,0.008238213136792183,0.162793830037117
xgboost,r2f1,2,1,111,129,0,0.003650573082268238,0.162793830037117
xgboost,r2f1,2,1,112,130,0,0.012297583743929863,0.162793830037117
xgboost,r2f1,2,1,113,131,1,0.9286389946937561,0.162793830037117
xgboost,r2f1,2,1,114,132,1,0.7512281537055969,0.162793830037117
xgboost,r2f1,2,1,115,133,1,0.12012077122926712,0.162793830037117
xgboost,r2f1,2,1,116,134,0,0.13962538540363312,0.162793830037117
xgboost,r2f1,2,1,117,135,1,0.8027986288070679,0.162793830037117
xgboost,r2f1,2,1,118,136,1,0.2122381180524826,0.162793830037117
xgboost,r2f1,2,1,119,137,1,0.1783667653799057,0.162793830037117
xgboost,r2f1,2,1,120,139,1,0.9378057718276978,0.162793830037117
xgboost,r2f1,2,1,128,147,0,0.002242147922515869,0.162793830037117
xgboost,r2f1,2,1,173,192,0,0.008941583335399628,0.162793830037117
xgboost,r2f1,2,1,174,193,0,0.0036253919824957848,0.162793830037117
xgboost,r2f1,2,1,175,194,0,0.03662577271461487,0.162793830037117
xgboost,r2f1,2,1,176,195,0,0.049410924315452576,0.162793830037117
xgboost,r2f1,2,1,202,222,0,0.016349902376532555,0.162793830037117
xgboost,r2f1,2,1,203,224,1,0.7172936797142029,0.162793830037117
xgboost,r2f1,2,1,205,226,0,0.00324251432903111,0.162793830037117
xgboost,r2f1,2,1,206,227,0,0.002341083250939846,0.162793830037117
xgboost,r2f1,2,1,211,232,0,0.022329725325107574,0.162793830037117
xgboost,r2f1,2,1,212,233,1,0.1322111040353775,0.162793830037117
xgboost,r2f1,2,1,213,234,1,0.11814067512750626,0.162793830037117
xgboost,r2f1,2,1,214,235,0,0.011564214713871479,0.162793830037117
xgboost,r2f1,2,1,215,236,0,0.04699371010065079,0.162793830037117
xgboost,r2f1,2,1,216,238,1,0.17034249007701874,0.162793830037117
xgboost,r2f1,2,1,217,239,0,0.0050421287305653095,0.162793830037117
xgboost,r2f1,2,1,218,240,0,0.005103143863379955,0.162793830037117
xgboost,r2f1,2,1,232,255,0,0.332302063703537,0.162793830037117
xgboost,r2f1,2,1,233,256,0,0.332302063703537,0.162793830037117
xgboost,r2f1,2,1,234,257,0,0.49179306626319885,0.162793830037117
xgboost,r2f1,2,1,235,258,0,0.3691881597042084,0.162793830037117
xgboost,r2f1,2,1,236,259,0,0.6951460242271423,0.162793830037117
xgboost,r2f1,2,1,246,269,0,0.07251992076635361,0.162793830037117
xgboost,r2f1,2,1,247,270,1,0.1836533397436142,0.162793830037117
xgboost,r2f1,2,1,248,271,0,0.009551303461194038,0.162793830037117
xgboost,r2f1,2,1,249,272,0,0.008363126777112484,0.162793830037117
xgboost,r2f2,2,2,0,1,1,0.7856427431106567,0.10211782157421112
xgboost,r2f2,2,2,1,2,0,0.7050464749336243,0.10211782157421112
xgboost,r2f2,2,2,2,3,0,0.8120297789573669,0.10211782157421112
xgboost,r2f2,2,2,3,4,0,0.6791296601295471,0.10211782157421112
xgboost,r2f2,2,2,4,5,0,0.6791296601295471,0.10211782157421112
xgboost,r2f2,2,2,5,6,0,0.24637466669082642,0.10211782157421112
xgboost,r2f2,2,2,6,7,1,0.9501768946647644,0.10211782157421112
xgboost,r2f2,2,2,7,8,1,0.5900094509124756,0.10211782157421112
xgboost,r2f2,2,2,17,29,1,0.8920955061912537,0.10211782157421112
xgboost,r2f2,2,2,18,30,0,0.9494365453720093,0.10211782157421112
xgboost,r2f2,2,2,19,31,1,0.9634116291999817,0.10211782157421112
xgboost,r2f2,2,2,20,32,1,0.9790634512901306,0.10211782157421112
xgboost,r2f2,2,2,21,33,0,0.3531995415687561,0.10211782157421112
xgboost,r2f2,2,2,22,34,0,0.36277779936790466,0.10211782157421112
xgboost,r2f2,2,2,23,35,0,0.4452078342437744,0.10211782157421112
xgboost,r2f2,2,2,32,44,1,0.8258825540542603,0.10211782157421112
xgboost,r2f2,2,2,33,45,0,0.8721028566360474,0.10211782157421112
xgboost,r2f2,2,2,34,46,1,0.35403499007225037,0.10211782157421112
xgboost,r2f2,2,2,35,47,1,0.8427708148956299,0.10211782157421112
xgboost,r2f2,2,2,36,48,1,0.1872876137495041,0.10211782157421112
xgboost,r2f2,2,2,37,49,0,0.3142864406108856,0.10211782157421112
xgboost,r2f2,2,2,38,50,0,0.31651052832603455,0.10211782157421112
xgboost,r2f2,2,2,39,51,1,0.8338409066200256,0.10211782157421112
xgboost,r2f2,2,2,40,52,1,0.8150246143341064,0.10211782157421112
xgboost,r2f2,2,2,125,144,0,0.058239150792360306,0.10211782157421112
xgboost,r2f2,2,2,126,145,0,0.17636647820472717,0.10211782157421112
xgboost,r2f2,2,2,127,146,0,0.1540474146604538,0.10211782157421112
xgboost,r2f2,2,2,129,148,1,0.5926644206047058,0.10211782157421112
xgboost,r2f2,2,2,130,149,1,0.9492961168289185,0.10211782157421112
xgboost,r2f2,2,2,131,150,0,0.5539306402206421,0.10211782157421112
xgboost,r2f2,2,2,132,151,1,0.01052709948271513,0.10211782157421112
xgboost,r2f2,2,2,133,152,0,0.019588716328144073,0.10211782157421112
xgboost,r2f2,2,2,134,153,0,0.013247220776975155,0.10211782157421112
xgboost,r2f2,2,2,135,154,0,0.012806477956473827,0.10211782157421112
xgboost,r2f2,2,2,136,155,0,0.11893468350172043,0.10211782157421112
xgboost,r2f2,2,2,137,156,1,0.872115969657898,0.10211782157421112
xgboost,r2f2,2,2,142,161,0,0.002083395142108202,0.10211782157421112
xgboost,r2f2,2,2,143,162,0,0.005420743953436613,0.10211782157421112
xgboost,r2f2,2,2,144,163,0,0.005463527515530586,0.10211782157421112
xgboost,r2f2,2,2,145,164,0,0.005423922557383776,0.10211782157421112
xgboost,r2f2,2,2,146,165,0,0.8240569233894348,0.10211782157421112
xgboost,r2f2,2,2,152,171,0,0.011701569892466068,0.10211782157421112
xgboost,r2f2,2,2,153,172,0,0.06009271368384361,0.10211782157421112
xgboost,r2f2,2,2,154,173,1,0.714870035648346,0.10211782157421112
xgboost,r2f2,2,2,170,189,0,0.009623994119465351,0.10211782157421112
xgboost,r2f2,2,2,171,190,0,0.009297100827097893,0.10211782157421112
xgboost,r2f2,2,2,172,191,0,0.2900025248527527,0.10211782157421112
xgboost,r2f2,2,2,177,196,0,0.3720487058162689,0.10211782157421112
xgboost,r2f2,2,2,178,197,0,0.3580552935600281,0.10211782157421112
xgboost,r2f2,2,2,179,198,1,0.887130856513977,0.10211782157421112
xgboost,r2f2,2,2,180,199,0,0.24650733172893524,0.10211782157421112
xgboost,r2f2,2,2,181,200,0,0.08661552518606186,0.10211782157421112
xgboost,r2f2,2,2,182,201,0,0.0704222321510315,0.10211782157421112
xgboost,r2f2,2,2,183,202,0,0.4101625978946686,0.10211782157421112
xgboost,r2f2,2,2,184,203,0,0.2543884217739105,0.10211782157421112
xgboost,r2f2,2,2,185,204,1,0.27442604303359985,0.10211782157421112
xgboost,r2f2,2,2,186,205,1,0.26247844099998474,0.10211782157421112
xgboost,r2f2,2,2,187,206,1,0.5480890274047852,0.10211782157421112
xgboost,r2f2,2,2,188,207,1,0.7718412280082703,0.10211782157421112
xgboost,r2f2,2,2,189,208,1,0.5856348276138306,0.10211782157421112
xgboost,r2f2,2,2,190,209,0,0.02859153226017952,0.10211782157421112
xgboost,r2f2,2,2,191,211,0,0.03701796382665634,0.10211782157421112
xgboost,r2f2,2,2,207,228,0,0.8035954833030701,0.10211782157421112
xgboost,r2f2,2,2,208,229,1,0.8338409066200256,0.10211782157421112
xgboost,r2f2,2,2,209,230,0,0.2538534104824066,0.10211782157421112
xgboost,r2f2,2,2,250,273,0,0.2611761689186096,0.10211782157421112
xgboost,r2f2,2,2,251,274,0,0.7310899496078491,0.10211782157421112
xgboost,r2f3,2,3,8,19,1,0.9844411611557007,0.12004579603672028
xgboost,r2f3,2,3,9,20,1,0.9853971600532532,0.12004579603672028
xgboost,r2f3,2,3,10,21,1,0.9823856949806213,0.12004579603672028
xgboost,r2f3,2,3,11,22,1,0.9814479351043701,0.12004579603672028
xgboost,r2f3,2,3,12,23,1,0.9858832955360413,0.12004579603672028
xgboost,r2f3,2,3,25,37,1,0.8129724264144897,0.12004579603672028
xgboost,r2f3,2,3,26,38,1,0.9045918583869934,0.12004579603672028
xgboost,r2f3,2,3,27,39,1,0.9499537944793701,0.12004579603672028
xgboost,r2f3,2,3,56,69,1,0.9148485064506531,0.12004579603672028
xgboost,r2f3,2,3,62,75,0,0.008190315216779709,0.12004579603672028
xgboost,r2f3,2,3,63,76,0,0.008958193473517895,0.12004579603672028
xgboost,r2f3,2,3,64,77,0,0.007075526751577854,0.12004579603672028
xgboost,r2f3,2,3,65,78,0,0.005068404600024223,0.12004579603672028
xgboost,r2f3,2,3,66,79,0,0.11449498683214188,0.12004579603672028
xgboost,r2f3,2,3,67,82,0,0.00347906700335443,0.12004579603672028
xgboost,r2f3,2,3,78,94,0,0.8195460438728333,0.12004579603672028
xgboost,r2f3,2,3,79,95,0,0.7396462559700012,0.12004579603672028
xgboost,r2f3,2,3,101,119,0,0.020121974870562553,0.12004579603672028
xgboost,r2f3,2,3,102,120,0,0.01852772943675518,0.12004579603672028
xgboost,r2f3,2,3,103,121,0,0.019742490723729134,0.12004579603672028
xgboost,r2f3,2,3,104,122,0,0.008866715244948864,0.12004579603672028
xgboost,r2f3,2,3,105,123,0,0.019742490723729134,0.12004579603672028
xgboost,r2f3,2,3,106,124,0,0.0038387563545256853,0.12004579603672028
xgboost,r2f3,2,3,121,140,0,0.01528953853994608,0.12004579603672028
xgboost,r2f3,2,3,122,141,0,0.002902529900893569,0.12004579603672028
xgboost,r2f3,2,3,123,142,0,0.021626584231853485,0.12004579603672028
xgboost,r2f3,2,3,124,143,0,0.015786509960889816,0.12004579603672028
xgboost,r2f3,2,3,155,174,1,0.9346131086349487,0.12004579603672028
xgboost,r2f3,2,3,156,175,1,0.9163662195205688,0.12004579603672028
xgboost,r2f3,2,3,157,176,0,0.983119547367096,0.12004579603672028
xgboost,r2f3,2,3,158,177,0,0.9741371870040894,0.12004579603672028
xgboost,r2f3,2,3,193,213,0,0.04161873832345009,0.12004579603672028
xgboost,r2f3,2,3,194,214,0,0.5672977566719055,0.12004579603672028
xgboost,r2f3,2,3,195,215,0,0.06076497584581375,0.12004579603672028
xgboost,r2f3,2,3,196,216,0,0.0075948177836835384,0.12004579603672028
xgboost,r2f3,2,3,197,217,0,0.011222723871469498,0.12004579603672028
xgboost,r2f3,2,3,198,218,0,0.0032971748150885105,0.12004579603672028
xgboost,r2f3,2,3,219,241,0,0.0037345527671277523,0.12004579603672028
xgboost,r2f3,2,3,220,243,0,0.8404110074043274,0.12004579603672028
xgboost,r2f3,2,3,226,249,0,0.471458375453949,0.12004579603672028
xgboost,r2f3,2,3,227,250,1,0.21214184165000916,0.12004579603672028
xgboost,r2f3,2,3,228,251,0,0.45749279856681824,0.12004579603672028
xgboost,r2f3,2,3,229,252,1,0.49245718121528625,0.12004579603672028
xgboost,r2f3,2,3,230,253,0,0.044735655188560486,0.12004579603672028
xgboost,r2f3,2,3,231,254,1,0.0798659473657608,0.12004579603672028
xgboost,r2f4,2,4,24,36,0,0.05957505479454994,0.13444074988365173
xgboost,r2f4,2,4,41,54,0,0.15425078570842743,0.13444074988365173
xgboost,r2f4,2,4,42,55,1,0.1855226755142212,0.13444074988365173
xgboost,r2f4,2,4,43,56,1,0.21354524791240692,0.13444074988365173
xgboost,r2f4,2,4,44,57,0,0.280265748500824,0.13444074988365173
xgboost,r2f4,2,4,68,84,0,0.04041912779211998,0.13444074988365173
xgboost,r2f4,2,4,69,85,0,0.019796963781118393,0.13444074988365173
xgboost,r2f4,2,4,70,86,0,0.00866722222417593,0.13444074988365173
xgboost,r2f4,2,4,71,87,0,0.024037037044763565,0.13444074988365173
xgboost,r2f4,2,4,72,88,1,0.6302689909934998,0.13444074988365173
xgboost,r2f4,2,4,73,89,1,0.7635016441345215,0.13444074988365173
xgboost,r2f4,2,4,74,90,1,0.7755719423294067,0.13444074988365173
xgboost,r2f4,2,4,75,91,1,0.7911331057548523,0.13444074988365173
xgboost,r2f4,2,4,76,92,1,0.6336676478385925,0.13444074988365173
xgboost,r2f4,2,4,77,93,1,0.9317702054977417,0.13444074988365173
xgboost,r2f4,2,4,80,97,1,0.36700254678726196,0.13444074988365173
xgboost,r2f4,2,4,81,98,0,0.4911125600337982,0.13444074988365173
xgboost,r2f4,2,4,82,99,0,0.5020844340324402,0.13444074988365173
xgboost,r2f4,2,4,83,100,0,0.2662671208381653,0.13444074988365173
xgboost,r2f4,2,4,84,101,0,0.4362397789955139,0.13444074988365173
xgboost,r2f4,2,4,87,104,0,0.3646896779537201,0.13444074988365173
xgboost,r2f4,2,4,88,105,1,0.5092568397521973,0.13444074988365173
xgboost,r2f4,2,4,89,106,1,0.45278018712997437,0.13444074988365173
xgboost,r2f4,2,4,90,107,1,0.2926725149154663,0.13444074988365173
xgboost,r2f4,2,4,91,108,1,0.6389592885971069,0.13444074988365173
xgboost,r2f4,2,4,138,157,0,0.04360862448811531,0.13444074988365173
xgboost,r2f4,2,4,139,158,0,0.011668122373521328,0.13444074988365173
xgboost,r2f4,2,4,140,159,0,0.006590374279767275,0.13444074988365173
xgboost,r2f4,2,4,141,160,0,0.018337292596697807,0.13444074988365173
xgboost,r2f4,2,4,147,166,0,0.002487411955371499,0.13444074988365173
xgboost,r2f4,2,4,148,167,0,0.005155627615749836,0.13444074988365173
xgboost,r2f4,2,4,159,178,0,0.3395269513130188,0.13444074988365173
xgboost,r2f4,2,4,160,179,1,0.8086473941802979,0.13444074988365173
xgboost,r2f4,2,4,161,180,0,0.09889598190784454,0.13444074988365173
xgboost,r2f4,2,4,162,181,0,0.3309388756752014,0.13444074988365173
xgboost,r2f4,2,4,163,182,1,0.8817083835601807,0.13444074988365173
xgboost,r2f4,2,4,164,183,0,0.3819950520992279,0.13444074988365173
xgboost,r2f4,2,4,165,184,0,0.6487612128257751,0.13444074988365173
xgboost,r2f4,2,4,166,185,0,0.5506688356399536,0.13444074988365173
xgboost,r2f4,2,4,167,186,0,0.2966986894607544,0.13444074988365173
xgboost,r2f4,2,4,168,187,0,0.05244006961584091,0.13444074988365173
xgboost,r2f4,2,4,169,188,0,0.013370330445468426,0.13444074988365173
xgboost,r2f4,2,4,199,219,0,0.006822455208748579,0.13444074988365173
xgboost,r2f4,2,4,200,220,0,0.011337049305438995,0.13444074988365173
xgboost,r2f4,2,4,201,221,0,0.02021234668791294,0.13444074988365173
xgboost,r2f4,2,4,221,244,0,0.017053307965397835,0.13444074988365173
xgboost,r2f4,2,4,222,245,0,0.005036517512053251,0.13444074988365173
xgboost,r3f0,3,0,0,1,1,0.5483437180519104,0.13764283061027527
xgboost,r3f0,3,0,1,2,0,0.619175136089325,0.13764283061027527
xgboost,r3f0,3,0,2,3,0,0.5760976076126099,0.13764283061027527
xgboost,r3f0,3,0,3,4,0,0.5444689393043518,0.13764283061027527
xgboost,r3f0,3,0,4,5,0,0.5626822113990784,0.13764283061027527
xgboost,r3f0,3,0,5,6,0,0.1892630159854889,0.13764283061027527
xgboost,r3f0,3,0,6,7,1,0.9477704167366028,0.13764283061027527
xgboost,r3f0,3,0,7,8,1,0.5667721629142761,0.13764283061027527
xgboost,r3f0,3,0,13,25,1,0.951682448387146,0.13764283061027527
xgboost,r3f0,3,0,14,26,1,0.9071916341781616,0.13764283061027527
xgboost,r3f0,3,0,15,27,1,0.9501272439956665,0.13764283061027527
xgboost,r3f0,3,0,16,28,1,0.9818257093429565,0.13764283061027527
xgboost,r3f0,3,0,21,33,0,0.23243165016174316,0.13764283061027527
xgboost,r3f0,3,0,22,34,0,0.2158137559890747,0.13764283061027527
xgboost,r3f0,3,0,23,35,0,0.3521459996700287,0.13764283061027527
xgboost,r3f0,3,0,28,40,1,0.7872254848480225,0.13764283061027527
xgboost,r3f0,3,0,29,41,1,0.9122456908226013,0.13764283061027527
xgboost,r3f0,3,0,30,42,1,0.9219456315040588,0.13764283061027527
xgboost,r3f0,3,0,31,43,1,0.9357006549835205,0.13764283061027527
xgboost,r3f0,3,0,34,46,1,0.1024942696094513,0.13764283061027527
xgboost,r3f0,3,0,35,47,1,0.424647718667984,0.13764283061027527
xgboost,r3f0,3,0,36,48,1,0.07355514913797379,0.13764283061027527
xgboost,r3f0,3,0,37,49,0,0.41079527139663696,0.13764283061027527
xgboost,r3f0,3,0,38,50,0,0.212853342294693,0.13764283061027527
xgboost,r3f0,3,0,39,51,1,0.7261536121368408,0.13764283061027527
xgboost,r3f0,3,0,56,69,1,0.7782253623008728,0.13764283061027527
xgboost,r3f0,3,0,62,75,0,0.005410139914602041,0.13764283061027527
xgboost,r3f0,3,0,63,76,0,0.005511738359928131,0.13764283061027527
xgboost,r3f0,3,0,64,77,0,0.006636134814471006,0.13764283061027527
xgboost,r3f0,3,0,65,78,0,0.005643179174512625,0.13764283061027527
xgboost,r3f0,3,0,66,79,0,0.03380361944437027,0.13764283061027527
xgboost,r3f0,3,0,67,82,0,0.002216337015852332,0.13764283061027527
xgboost,r3f0,3,0,101,119,0,0.031907692551612854,0.13764283061027527
xgboost,r3f0,3,0,102,120,0,0.02285172790288925,0.13764283061027527
xgboost,r3f0,3,0,103,121,0,0.02591687999665737,0.13764283061027527
xgboost,r3f0,3,0,104,122,0,0.016634076833724976,0.13764283061027527
xgboost,r3f0,3,0,105,123,0,0.02591687999665737,0.13764283061027527
xgboost,r3f0,3,0,106,124,0,0.005949351005256176,0.13764283061027527
xgboost,r3f0,3,0,142,161,0,0.016487957909703255,0.13764283061027527
xgboost,r3f0,3,0,143,162,0,0.007339539006352425,0.13764283061027527
xgboost,r3f0,3,0,144,163,0,0.01030863169580698,0.13764283061027527
xgboost,r3f0,3,0,145,164,0,0.009421570226550102,0.13764283061027527
xgboost,r3f0,3,0,161,180,0,0.2036903202533722,0.13764283061027527
xgboost,r3f0,3,0,162,181,0,0.3930493891239166,0.13764283061027527
xgboost,r3f0,3,0,163,182,1,0.8405908942222595,0.13764283061027527
xgboost,r3f0,3,0,168,187,0,0.08322431892156601,0.13764283061027527
xgboost,r3f0,3,0,169,188,0,0.021835578605532646,0.13764283061027527
xgboost,r3f0,3,0,183,202,0,0.20075228810310364,0.13764283061027527
xgboost,r3f0,3,0,184,203,0,0.22637905180454254,0.13764283061027527
xgboost,r3f0,3,0,185,204,1,0.34454458951950073,0.13764283061027527
xgboost,r3f0,3,0,186,205,1,0.2725464999675751,0.13764283061027527
xgboost,r3f0,3,0,187,206,1,0.43890881538391113,0.13764283061027527
xgboost,r3f0,3,0,188,207,1,0.8559240698814392,0.13764283061027527
xgboost,r3f0,3,0,189,208,1,0.5939400792121887,0.13764283061027527
xgboost,r3f0,3,0,193,213,0,0.065243661403656,0.13764283061027527
xgboost,r3f0,3,0,194,214,0,0.5521219372749329,0.13764283061027527
xgboost,r3f0,3,0,195,215,0,0.015250260941684246,0.13764283061027527
xgboost,r3f0,3,0,196,216,0,0.004119744524359703,0.13764283061027527
xgboost,r3f0,3,0,197,217,0,0.01658753678202629,0.13764283061027527
xgboost,r3f0,3,0,198,218,0,0.0053018322214484215,0.13764283061027527
xgboost,r3f0,3,0,207,228,0,0.40176132321357727,0.13764283061027527
xgboost,r3f0,3,0,208,229,1,0.7261536121368408,0.13764283061027527
xgboost,r3f0,3,0,209,230,0,0.17215821146965027,0.13764283061027527
xgboost,r3f0,3,0,246,269,0,0.10423541069030762,0.13764283061027527
xgboost,r3f0,3,0,247,270,1,0.09744972735643387,0.13764283061027527
xgboost,r3f0,3,0,248,271,0,0.005044403951615095,0.13764283061027527
xgboost,r3f0,3,0,249,272,0,0.005044403951615095,0.13764283061027527
xgboost,r3f1,3,1,52,65,0,0.01603400707244873,0.18931706249713898
xgboost,r3f1,3,1,53,66,0,0.009016644209623337,0.18931706249713898
xgboost,r3f1,3,1,54,67,0,0.022567013278603554,0.18931706249713898
xgboost,r3f1,3,1,55,68,0,0.0407896414399147,0.18931706249713898
xgboost,r3f1,3,1,57,70,0,0.033941809087991714,0.18931706249713898
xgboost,r3f1,3,1,58,71,0,0.10707242786884308,0.18931706249713898
xgboost,r3f1,3,1,59,72,1,0.6475710272789001,0.18931706249713898
xgboost,r3f1,3,1,60,73,0,0.033941809087991714,0.18931706249713898
xgboost,r3f1,3,1,61,74,1,0.7518678307533264,0.18931706249713898
xgboost,r3f1,3,1,68,84,0,0.02985714189708233,0.18931706249713898
xgboost,r3f1,3,1,69,85,0,0.009576307609677315,0.18931706249713898
xgboost,r3f1,3,1,70,86,0,0.009298572316765785,0.18931706249713898
xgboost,r3f1,3,1,71,87,0,0.012641680426895618,0.18931706249713898
xgboost,r3f1,3,1,72,88,1,0.7897695899009705,0.18931706249713898
xgboost,r3f1,3,1,73,89,1,0.8125253319740295,0.18931706249713898
xgboost,r3f1,3,1,74,90,1,0.8272749781608582,0.18931706249713898
xgboost,r3f1,3,1,75,91,1,0.89144366979599,0.18931706249713898
xgboost,r3f1,3,1,76,92,1,0.334166020154953,0.18931706249713898
xgboost,r3f1,3,1,77,93,1,0.9601823091506958,0.18931706249713898
xgboost,r3f1,3,1,80,97,1,0.15496787428855896,0.18931706249713898
xgboost,r3f1,3,1,87,104,0,0.11378679424524307,0.18931706249713898
xgboost,r3f1,3,1,88,105,1,0.15763291716575623,0.18931706249713898
xgboost,r3f1,3,1,90,107,1,0.12603002786636353,0.18931706249713898
xgboost,r3f1,3,1,192,212,0,0.15794497728347778,0.18931706249713898
xgboost,r3f1,3,1,199,219,0,0.003336822846904397,0.18931706249713898
xgboost,r3f1,3,1,200,220,0,0.02353277988731861,0.18931706249713898
xgboost,r3f1,3,1,201,221,0,0.07165759056806564,0.18931706249713898
xgboost,r3f1,3,1,204,225,0,0.050266776233911514,0.18931706249713898
xgboost,r3f1,3,1,210,231,1,0.12810608744621277,0.18931706249713898
xgboost,r3f1,3,1,214,235,0,0.008545154705643654,0.18931706249713898
xgboost,r3f1,3,1,215,236,0,0.17693763971328735,0.18931706249713898
xgboost,r3f1,3,1,216,238,1,0.25302600860595703,0.18931706249713898
xgboost,r3f1,3,1,217,239,0,0.00863382127135992,0.18931706249713898
xgboost,r3f1,3,1,218,240,0,0.007805493660271168,0.18931706249713898
xgboost,r3f1,3,1,223,246,0,0.0008246510406024754,0.18931706249713898
xgboost,r3f1,3,1,224,247,0,0.011493967846035957,0.18931706249713898
xgboost,r3f1,3,1,225,248,0,0.015928074717521667,0.18931706249713898
xgboost,r3f1,3,1,226,249,0,0.2968807816505432,0.18931706249713898
xgboost,r3f1,3,1,228,251,0,0.4262407124042511,0.18931706249713898
xgboost,r3f1,3,1,229,252,1,0.4893110692501068,0.18931706249713898
xgboost,r3f1,3,1,241,264,0,0.028372865170240402,0.18931706249713898
xgboost,r3f1,3,1,242,265,0,0.004189703613519669,0.18931706249713898
xgboost,r3f1,3,1,243,266,0,0.04780420660972595,0.18931706249713898
xgboost,r3f1,3,1,244,267,0,0.4314141273498535,0.18931706249713898
xgboost,r3f1,3,1,245,268,0,0.43935397267341614,0.18931706249713898
xgboost,r3f2,3,2,24,36,0,0.13196194171905518,0.12172133475542068
xgboost,r3f2,3,2,41,54,0,0.1788659542798996,0.12172133475542068
xgboost,r3f2,3,2,42,55,1,0.20171085000038147,0.12172133475542068
xgboost,r3f2,3,2,43,56,1,0.3001515865325928,0.12172133475542068
xgboost,r3f2,3,2,44,57,0,0.3493601977825165,0.12172133475542068
xgboost,r3f2,3,2,45,58,0,0.024241575971245766,0.12172133475542068
xgboost,r3f2,3,2,46,59,0,0.006336105056107044,0.12172133475542068
xgboost,r3f2,3,2,47,60,0,0.015614817850291729,0.12172133475542068
xgboost,r3f2,3,2,48,61,0,0.024241575971245766,0.12172133475542068
xgboost,r3f2,3,2,49,62,0,0.025596408173441887,0.12172133475542068
xgboost,r3f2,3,2,50,63,1,0.7624585032463074,0.12172133475542068
xgboost,r3f2,3,2,51,64,0,0.321704626083374,0.12172133475542068
xgboost,r3f2,3,2,113,131,1,0.9460667967796326,0.12172133475542068
xgboost,r3f2,3,2,114,132,1,0.9542981386184692,0.12172133475542068
xgboost,r3f2,3,2,115,133,1,0.3824347257614136,0.12172133475542068
xgboost,r3f2,3,2,116,134,0,0.20051723718643188,0.12172133475542068
xgboost,r3f2,3,2,117,135,1,0.946130096912384,0.12172133475542068
xgboost,r3f2,3,2,118,136,1,0.4714488387107849,0.12172133475542068
xgboost,r3f2,3,2,119,137,1,0.4714488387107849,0.12172133475542068
xgboost,r3f2,3,2,120,139,1,0.9651983380317688,0.12172133475542068
xgboost,r3f2,3,2,132,151,1,0.008267547003924847,0.12172133475542068
xgboost,r3f2,3,2,133,152,0,0.00331155676394701,0.12172133475542068
xgboost,r3f2,3,2,134,153,0,0.015762953087687492,0.12172133475542068
xgboost,r3f2,3,2,135,154,0,0.014676378108561039,0.12172133475542068
xgboost,r3f2,3,2,136,155,0,0.27098000049591064,0.12172133475542068
xgboost,r3f2,3,2,137,156,1,0.897553026676178,0.12172133475542068
xgboost,r3f2,3,2,146,165,0,0.7693906426429749,0.12172133475542068
xgboost,r3f2,3,2,149,168,1,0.07196742296218872,0.12172133475542068
xgboost,r3f2,3,2,150,169,0,0.17180052399635315,0.12172133475542068
xgboost,r3f2,3,2,151,170,0,0.3012576699256897,0.12172133475542068
xgboost,r3f2,3,2,152,171,0,0.0118936188519001,0.12172133475542068
xgboost,r3f2,3,2,153,172,0,0.1757340282201767,0.12172133475542068
xgboost,r3f2,3,2,154,173,1,0.7447077631950378,0.12172133475542068
xgboost,r3f2,3,2,170,189,0,0.008108152076601982,0.12172133475542068
xgboost,r3f2,3,2,171,190,0,0.005550487898290157,0.12172133475542068
xgboost,r3f2,3,2,172,191,0,0.12003220617771149,0.12172133475542068
xgboost,r3f2,3,2,190,209,0,0.012517447583377361,0.12172133475542068
xgboost,r3f2,3,2,191,211,0,0.06126535311341286,0.12172133475542068
xgboost,r3f2,3,2,221,244,0,0.01883302815258503,0.12172133475542068
xgboost,r3f2,3,2,222,245,0,0.003809456480666995,0.12172133475542068
xgboost,r3f2,3,2,237,260,0,0.024424022063612938,0.12172133475542068
xgboost,r3f2,3,2,238,261,0,0.03225935250520706,0.12172133475542068
xgboost,r3f2,3,2,239,262,0,0.03274684026837349,0.12172133475542068
xgboost,r3f2,3,2,240,263,0,0.013698720373213291,0.12172133475542068
xgboost,r3f2,3,2,250,273,0,0.2784128785133362,0.12172133475542068
xgboost,r3f2,3,2,251,274,0,0.8974881172180176,0.12172133475542068
xgboost,r3f3,3,3,8,19,1,0.985476553440094,0.23500730097293854
xgboost,r3f3,3,3,9,20,1,0.9748320579528809,0.23500730097293854
xgboost,r3f3,3,3,10,21,1,0.968421995639801,0.23500730097293854
xgboost,r3f3,3,3,11,22,1,0.9617998600006104,0.23500730097293854
xgboost,r3f3,3,3,12,23,1,0.9783888459205627,0.23500730097293854
xgboost,r3f3,3,3,25,37,1,0.7258080840110779,0.23500730097293854
xgboost,r3f3,3,3,26,38,1,0.7856447100639343,0.23500730097293854
xgboost,r3f3,3,3,27,39,1,0.9736213684082031,0.23500730097293854
xgboost,r3f3,3,3,81,98,0,0.5632416009902954,0.23500730097293854
xgboost,r3f3,3,3,82,99,0,0.7587366700172424,0.23500730097293854
xgboost,r3f3,3,3,83,100,0,0.41046059131622314,0.23500730097293854
xgboost,r3f3,3,3,84,101,0,0.6395532488822937,0.23500730097293854
xgboost,r3f3,3,3,89,106,1,0.6701286435127258,0.23500730097293854
xgboost,r3f3,3,3,91,108,1,0.824596107006073,0.23500730097293854
xgboost,r3f3,3,3,96,113,0,0.11830145865678787,0.23500730097293854
xgboost,r3f3,3,3,97,115,0,0.10426513105630875,0.23500730097293854
xgboost,r3f3,3,3,98,116,0,0.031118737533688545,0.23500730097293854
xgboost,r3f3,3,3,99,117,0,0.03790260851383209,0.23500730097293854
xgboost,r3f3,3,3,100,118,0,0.05417264625430107,0.23500730097293854
xgboost,r3f3,3,3,138,157,0,0.06287640333175659,0.23500730097293854
xgboost,r3f3,3,3,139,158,0,0.019791055470705032,0.23500730097293854
xgboost,r3f3,3,3,140,159,0,0.006785877980291843,0.23500730097293854
xgboost,r3f3,3,3,141,160,0,0.01745767518877983,0.23500730097293854
xgboost,r3f3,3,3,147,166,0,0.003986754920333624,0.23500730097293854
xgboost,r3f3,3,3,148,167,0,0.002340085804462433,0.23500730097293854
xgboost,r3f3,3,3,159,178,0,0.5730072259902954,0.23500730097293854
xgboost,r3f3,3,3,160,179,1,0.850877046585083,0.23500730097293854
xgboost,r3f3,3,3,164,183,0,0.5295613408088684,0.23500730097293854
xgboost,r3f3,3,3,165,184,0,0.8194670677185059,0.23500730097293854
xgboost,r3f3,3,3,166,185,0,0.7382059097290039,0.23500730097293854
xgboost,r3f3,3,3,167,186,0,0.42231208086013794,0.23500730097293854
xgboost,r3f3,3,3,202,222,0,0.021279461681842804,0.23500730097293854
xgboost,r3f3,3,3,203,224,1,0.6998161673545837,0.23500730097293854
xgboost,r3f3,3,3,205,226,0,0.004945524036884308,0.23500730097293854
xgboost,r3f3,3,3,206,227,0,0.00264764204621315,0.23500730097293854
xgboost,r3f3,3,3,211,232,0,0.015438005328178406,0.23500730097293854
xgboost,r3f3,3,3,212,233,1,0.09480182081460953,0.23500730097293854
xgboost,r3f3,3,3,213,234,1,0.1084754541516304,0.23500730097293854
xgboost,r3f3,3,3,219,241,0,0.010069855488836765,0.23500730097293854
xgboost,r3f3,3,3,220,243,0,0.7794410586357117,0.23500730097293854
xgboost,r3f3,3,3,232,255,0,0.18446318805217743,0.23500730097293854
xgboost,r3f3,3,3,233,256,0,0.18446318805217743,0.23500730097293854
xgboost,r3f3,3,3,234,257,0,0.3076836168766022,0.23500730097293854
xgboost,r3f3,3,3,235,258,0,0.378002405166626,0.23500730097293854
xgboost,r3f3,3,3,236,259,0,0.4846124053001404,0.23500730097293854
xgboost,r3f4,3,4,17,29,1,0.7016317844390869,0.12968319654464722
xgboost,r3f4,3,4,18,30,0,0.8734456896781921,0.12968319654464722
xgboost,r3f4,3,4,19,31,1,0.8242859244346619,0.12968319654464722
xgboost,r3f4,3,4,20,32,1,0.9641633629798889,0.12968319654464722
xgboost,r3f4,3,4,32,44,1,0.5144097208976746,0.12968319654464722
xgboost,r3f4,3,4,33,45,0,0.8910938501358032,0.12968319654464722
xgboost,r3f4,3,4,40,52,1,0.7383837699890137,0.12968319654464722
xgboost,r3f4,3,4,78,94,0,0.478313684463501,0.12968319654464722
xgboost,r3f4,3,4,79,95,0,0.7196879386901855,0.12968319654464722
xgboost,r3f4,3,4,85,102,0,0.04665793105959892,0.12968319654464722
xgboost,r3f4,3,4,86,103,0,0.05368329957127571,0.12968319654464722
xgboost,r3f4,3,4,92,109,0,0.09182895720005035,0.12968319654464722
xgboost,r3f4,3,4,93,110,0,0.08425015956163406,0.12968319654464722
xgboost,r3f4,3,4,94,111,1,0.16422811150550842,0.12968319654464722
xgboost,r3f4,3,4,95,112,1,0.04261929169297218,0.12968319654464722
xgboost,r3f4,3,4,107,125,0,0.012124263681471348,0.12968319654464722
xgboost,r3f4,3,4,108,126,0,0.00471812067553401,0.12968319654464722
xgboost,r3f4,3,4,109,127,0,0.009497557766735554,0.12968319654464722
xgboost,r3f4,3,4,110,128,0,0.01487305760383606,0.12968319654464722
xgboost,r3f4,3,4,111,129,0,0.01740453392267227,0.12968319654464722
xgboost,r3f4,3,4,112,130,0,0.025460852310061455,0.12968319654464722
xgboost,r3f4,3,4,121,140,0,0.003503062529489398,0.12968319654464722
xgboost,r3f4,3,4,122,141,0,0.0011312287533655763,0.12968319654464722
xgboost,r3f4,3,4,123,142,0,0.011307312175631523,0.12968319654464722
xgboost,r3f4,3,4,124,143,0,0.011997540481388569,0.12968319654464722
xgboost,r3f4,3,4,125,144,0,0.04510500282049179,0.12968319654464722
xgboost,r3f4,3,4,126,145,0,0.02113022655248642,0.12968319654464722
xgboost,r3f4,3,4,127,146,0,0.033642128109931946,0.12968319654464722
xgboost,r3f4,3,4,128,147,0,0.00986392516642809,0.12968319654464722
xgboost,r3f4,3,4,129,148,1,0.2884075343608856,0.12968319654464722
xgboost,r3f4,3,4,130,149,1,0.8382911086082458,0.12968319654464722
xgboost,r3f4,3,4,131,150,0,0.2672705054283142,0.12968319654464722
xgboost,r3f4,3,4,155,174,1,0.8443587422370911,0.12968319654464722
xgboost,r3f4,3,4,156,175,1,0.790896475315094,0.12968319654464722
xgboost,r3f4,3,4,157,176,0,0.9247134327888489,0.12968319654464722
xgboost,r3f4,3,4,158,177,0,0.9481138586997986,0.12968319654464722
xgboost,r3f4,3,4,173,192,0,0.01575668714940548,0.12968319654464722
xgboost,r3f4,3,4,174,193,0,0.006760385353118181,0.12968319654464722
xgboost,r3f4,3,4,175,194,0,0.17634837329387665,0.12968319654464722
xgboost,r3f4,3,4,176,195,0,0.23634079098701477,0.12968319654464722
xgboost,r3f4,3,4,177,196,0,0.41278883814811707,0.12968319654464722
xgboost,r3f4,3,4,178,197,0,0.3256394565105438,0.12968319654464722
xgboost,r3f4,3,4,179,198,1,0.600441038608551,0.12968319654464722
xgboost,r3f4,3,4,180,199,0,0.39870485663414,0.12968319654464722
xgboost,r3f4,3,4,181,200,0,0.11519468575716019,0.12968319654464722
xgboost,r3f4,3,4,182,201,0,0.09604653716087341,0.12968319654464722
xgboost,r3f4,3,4,227,250,1,0.12184155732393265,0.12968319654464722
xgboost,r3f4,3,4,230,253,0,0.05246058106422424,0.12968319654464722
xgboost,r3f4,3,4,231,254,1,0.059670303016901016,0.12968319654464722
xgboost,r4f0,4,0,13,25,1,0.9358239769935608,0.14996154606342316
xgboost,r4f0,4,0,14,26,1,0.9699487686157227,0.14996154606342316
xgboost,r4f0,4,0,15,27,1,0.9304995536804199,0.14996154606342316
xgboost,r4f0,4,0,16,28,1,0.9880611896514893,0.14996154606342316
xgboost,r4f0,4,0,24,36,0,0.10853135585784912,0.14996154606342316
xgboost,r4f0,4,0,28,40,1,0.8504389524459839,0.14996154606342316
xgboost,r4f0,4,0,29,41,1,0.8980637788772583,0.14996154606342316
xgboost,r4f0,4,0,30,42,1,0.9678166508674622,0.14996154606342316
xgboost,r4f0,4,0,31,43,1,0.9718819856643677,0.14996154606342316
xgboost,r4f0,4,0,41,54,0,0.3699881434440613,0.14996154606342316
xgboost,r4f0,4,0,42,55,1,0.4019829332828522,0.14996154606342316
xgboost,r4f0,4,0,43,56,1,0.29708132147789,0.14996154606342316
xgboost,r4f0,4,0,44,57,0,0.5839253067970276,0.14996154606342316
xgboost,r4f0,4,0,101,119,0,0.08435644954442978,0.14996154606342316
xgboost,r4f0,4,0,102,120,0,0.0612403079867363,0.14996154606342316
xgboost,r4f0,4,0,103,121,0,0.05616442486643791,0.14996154606342316
xgboost,r4f0,4,0,104,122,0,0.029179062694311142,0.14996154606342316
xgboost,r4f0,4,0,105,123,0,0.05616442486643791,0.14996154606342316
xgboost,r4f0,4,0,106,124,0,0.01539238914847374,0.14996154606342316
xgboost,r4f0,4,0,125,144,0,0.040497783571481705,0.14996154606342316
xgboost,r4f0,4,0,126,145,0,0.014107562601566315,0.14996154606342316
xgboost,r4f0,4,0,127,146,0,0.05125919729471207,0.14996154606342316
xgboost,r4f0,4,0,129,148,1,0.4463517367839813,0.14996154606342316
xgboost,r4f0,4,0,130,149,1,0.860661506652832,0.14996154606342316
xgboost,r4f0,4,0,131,150,0,0.27942314743995667,0.14996154606342316
xgboost,r4f0,4,0,149,168,1,0.12648209929466248,0.14996154606342316
xgboost,r4f0,4,0,150,169,0,0.16534565389156342,0.14996154606342316
xgboost,r4f0,4,0,151,170,0,0.31841275095939636,0.14996154606342316
xgboost,r4f0,4,0,177,196,0,0.37312769889831543,0.14996154606342316
xgboost,r4f0,4,0,178,197,0,0.17041194438934326,0.14996154606342316
xgboost,r4f0,4,0,179,198,1,0.5013914704322815,0.14996154606342316
xgboost,r4f0,4,0,180,199,0,0.39157018065452576,0.14996154606342316
xgboost,r4f0,4,0,181,200,0,0.21012146770954132,0.14996154606342316
xgboost,r4f0,4,0,182,201,0,0.10325322300195694,0.14996154606342316
xgboost,r4f0,4,0,214,235,0,0.01256840955466032,0.14996154606342316
xgboost,r4f0,4,0,215,236,0,0.0860530212521553,0.14996154606342316
xgboost,r4f0,4,0,216,238,1,0.2919786274433136,0.14996154606342316
xgboost,r4f0,4,0,217,239,0,0.013759496621787548,0.14996154606342316
xgboost,r4f0,4,0,218,240,0,0.012533939443528652,0.14996154606342316
xgboost,r4f0,4,0,223,246,0,0.0007646835874766111,0.14996154606342316
xgboost,r4f0,4,0,224,247,0,0.003622253192588687,0.14996154606342316
xgboost,r4f0,4,0,225,248,0,0.003932481165975332,0.14996154606342316
xgboost,r4f0,4,0,232,255,0,0.2619490325450897,0.14996154606342316
xgboost,r4f0,4,0,233,256,0,0.2619490325450897,0.14996154606342316
xgboost,r4f0,4,0,234,257,0,0.3180309534072876,0.14996154606342316
xgboost,r4f0,4,0,235,258,0,0.5136857628822327,0.14996154606342316
xgboost,r4f0,4,0,236,259,0,0.5590047836303711,0.14996154606342316
xgboost,r4f1,4,1,52,65,0,0.011461226269602776,0.11938324570655823
xgboost,r4f1,4,1,53,66,0,0.00913128349930048,0.11938324570655823
xgboost,r4f1,4,1,54,67,0,0.02014821022748947,0.11938324570655823
xgboost,r4f1,4,1,55,68,0,0.04836203530430794,0.11938324570655823
xgboost,r4f1,4,1,57,70,0,0.03297634422779083,0.11938324570655823
xgboost,r4f1,4,1,58,71,0,0.04025935381650925,0.11938324570655823
xgboost,r4f1,4,1,59,72,1,0.5739685893058777,0.11938324570655823
xgboost,r4f1,4,1,60,73,0,0.03297634422779083,0.11938324570655823
xgboost,r4f1,4,1,61,74,1,0.6221432685852051,0.11938324570655823
xgboost,r4f1,4,1,68,84,0,0.03209434449672699,0.11938324570655823
xgboost,r4f1,4,1,69,85,0,0.012069853954017162,0.11938324570655823
xgboost,r4f1,4,1,70,86,0,0.011395728215575218,0.11938324570655823
xgboost,r4f1,4,1,71,87,0,0.017839353531599045,0.11938324570655823
xgboost,r4f1,4,1,72,88,1,0.7766703963279724,0.11938324570655823
xgboost,r4f1,4,1,73,89,1,0.8166118860244751,0.11938324570655823
xgboost,r4f1,4,1,74,90,1,0.8545343279838562,0.11938324570655823
xgboost,r4f1,4,1,75,91,1,0.8968096971511841,0.11938324570655823
xgboost,r4f1,4,1,76,92,1,0.39606544375419617,0.11938324570655823
xgboost,r4f1,4,1,77,93,1,0.941632866859436,0.11938324570655823
xgboost,r4f1,4,1,80,97,1,0.1818954199552536,0.11938324570655823
xgboost,r4f1,4,1,87,104,0,0.1600419133901596,0.11938324570655823
xgboost,r4f1,4,1,88,105,1,0.1818954199552536,0.11938324570655823
xgboost,r4f1,4,1,90,107,1,0.1397261917591095,0.11938324570655823
xgboost,r4f1,4,1,121,140,0,0.010225270874798298,0.11938324570655823
xgboost,r4f1,4,1,122,141,0,0.003628286998718977,0.11938324570655823
xgboost,r4f1,4,1,123,142,0,0.03626435622572899,0.11938324570655823
xgboost,r4f1,4,1,124,143,0,0.021412722766399384,0.11938324570655823
xgboost,r4f1,4,1,147,166,0,0.0034700639080256224,0.11938324570655823
xgboost,r4f1,4,1,148,167,0,0.015329470857977867,0.11938324570655823
xgboost,r4f1,4,1,192,212,0,0.16184061765670776,0.11938324570655823
xgboost,r4f1,4,1,199,219,0,0.006935799960047007,0.11938324570655823
xgboost,r4f1,4,1,200,220,0,0.018691333010792732,0.11938324570655823
xgboost,r4f1,4,1,201,221,0,0.04384573921561241,0.11938324570655823
xgboost,r4f1,4,1,205,226,0,0.005607860628515482,0.11938324570655823
xgboost,r4f1,4,1,206,227,0,0.003258841810747981,0.11938324570655823
xgboost,r4f1,4,1,211,232,0,0.015463429503142834,0.11938324570655823
xgboost,r4f1,4,1,212,233,1,0.3147822916507721,0.11938324570655823
xgboost,r4f1,4,1,213,234,1,0.330800861120224,0.11938324570655823
xgboost,r4f1,4,1,241,264,0,0.016382435336709023,0.11938324570655823
xgboost,r4f1,4,1,242,265,0,0.007805999368429184,0.11938324570655823
xgboost,r4f1,4,1,243,266,0,0.05084739625453949,0.11938324570655823
xgboost,r4f1,4,1,244,267,0,0.2086946815252304,0.11938324570655823
xgboost,r4f1,4,1,245,268,0,0.3120250701904297,0.11938324570655823
xgboost,r4f1,4,1,246,269,0,0.16101695597171783,0.11938324570655823
xgboost,r4f1,4,1,247,270,1,0.3437102437019348,0.11938324570655823
xgboost,r4f1,4,1,248,271,0,0.010081412270665169,0.11938324570655823
xgboost,r4f1,4,1,249,272,0,0.007743964437395334,0.11938324570655823
xgboost,r4f2,4,2,0,1,1,0.6323084831237793,0.09560845047235489
xgboost,r4f2,4,2,1,2,0,0.6332476139068604,0.09560845047235489
xgboost,r4f2,4,2,2,3,0,0.6828327178955078,0.09560845047235489
xgboost,r4f2,4,2,3,4,0,0.6307329535484314,0.09560845047235489
xgboost,r4f2,4,2,4,5,0,0.6307329535484314,0.09560845047235489
xgboost,r4f2,4,2,5,6,0,0.1590578407049179,0.09560845047235489
xgboost,r4f2,4,2,6,7,1,0.9667020440101624,0.09560845047235489
xgboost,r4f2,4,2,7,8,1,0.6030231714248657,0.09560845047235489
xgboost,r4f2,4,2,21,33,0,0.27214792370796204,0.09560845047235489
xgboost,r4f2,4,2,22,34,0,0.19846749305725098,0.09560845047235489
xgboost,r4f2,4,2,23,35,0,0.5006982088088989,0.09560845047235489
xgboost,r4f2,4,2,34,46,1,0.11392795294523239,0.09560845047235489
xgboost,r4f2,4,2,35,47,1,0.5983771681785583,0.09560845047235489
xgboost,r4f2,4,2,36,48,1,0.1362261027097702,0.09560845047235489
xgboost,r4f2,4,2,37,49,0,0.6137012243270874,0.09560845047235489
xgboost,r4f2,4,2,38,50,0,0.4148547947406769,0.09560845047235489
xgboost,r4f2,4,2,39,51,1,0.6993441581726074,0.09560845047235489
xgboost,r4f2,4,2,56,69,1,0.8205768465995789,0.09560845047235489
xgboost,r4f2,4,2,64,77,0,0.0040028817020356655,0.09560845047235489
xgboost,r4f2,4,2,65,78,0,0.005426603369414806,0.09560845047235489
xgboost,r4f2,4,2,113,131,1,0.9686911702156067,0.09560845047235489
xgboost,r4f2,4,2,114,132,1,0.8707147836685181,0.09560845047235489
xgboost,r4f2,4,2,115,133,1,0.3742397427558899,0.09560845047235489
xgboost,r4f2,4,2,116,134,0,0.26356756687164307,0.09560845047235489
xgboost,r4f2,4,2,117,135,1,0.7020047307014465,0.09560845047235489
xgboost,r4f2,4,2,118,136,1,0.4541272819042206,0.09560845047235489
xgboost,r4f2,4,2,119,137,1,0.4249732494354248,0.09560845047235489
xgboost,r4f2,4,2,120,139,1,0.9550535678863525,0.09560845047235489
xgboost,r4f2,4,2,132,151,1,0.006563919596374035,0.09560845047235489
xgboost,r4f2,4,2,133,152,0,0.00858108326792717,0.09560845047235489
xgboost,r4f2,4,2,134,153,0,0.009400828741490841,0.09560845047235489
xgboost,r4f2,4,2,135,154,0,0.018640873953700066,0.09560845047235489
xgboost,r4f2,4,2,136,155,0,0.11321685463190079,0.09560845047235489
xgboost,r4f2,4,2,137,156,1,0.8530641198158264,0.09560845047235489
xgboost,r4f2,4,2,138,157,0,0.0029997045639902353,0.09560845047235489
xgboost,r4f2,4,2,139,158,0,0.0039569237269461155,0.09560845047235489
xgboost,r4f2,4,2,140,159,0,0.004294534679502249,0.09560845047235489
xgboost,r4f2,4,2,141,160,0,0.0032773208804428577,0.09560845047235489
xgboost,r4f2,4,2,146,165,0,0.857269823551178,0.09560845047235489
xgboost,r4f2,4,2,152,171,0,0.01742478460073471,0.09560845047235489
xgboost,r4f2,4,2,153,172,0,0.08484071493148804,0.09560845047235489
xgboost,r4f2,4,2,154,173,1,0.7594555616378784,0.09560845047235489
xgboost,r4f2,4,2,170,189,0,0.006563919596374035,0.09560845047235489
xgboost,r4f2,4,2,171,190,0,0.008720790036022663,0.09560845047235489
xgboost,r4f2,4,2,172,191,0,0.23912875354290009,0.09560845047235489
xgboost,r4f2,4,2,183,202,0,0.09600047022104263,0.09560845047235489
xgboost,r4f2,4,2,184,203,0,0.13462302088737488,0.09560845047235489
xgboost,r4f2,4,2,185,204,1,0.48855531215667725,0.09560845047235489
xgboost,r4f2,4,2,186,205,1,0.4572918713092804,0.09560845047235489
xgboost,r4f2,4,2,187,206,1,0.5959622859954834,0.09560845047235489
xgboost,r4f2,4,2,188,207,1,0.6829438805580139,0.09560845047235489
xgboost,r4f2,4,2,189,208,1,0.6030231714248657,0.09560845047235489
xgboost,r4f2,4,2,190,209,0,0.02267945557832718,0.09560845047235489
xgboost,r4f2,4,2,191,211,0,0.08758693188428879,0.09560845047235489
xgboost,r4f2,4,2,193,213,0,0.03570104017853737,0.09560845047235489
xgboost,r4f2,4,2,194,214,0,0.740563154220581,0.09560845047235489
xgboost,r4f2,4,2,195,215,0,0.007814672775566578,0.09560845047235489
xgboost,r4f2,4,2,196,216,0,0.003871656022965908,0.09560845047235489
xgboost,r4f2,4,2,207,228,0,0.3555609881877899,0.09560845047235489
xgboost,r4f2,4,2,208,229,1,0.6993441581726074,0.09560845047235489
xgboost,r4f2,4,2,209,230,0,0.3862103521823883,0.09560845047235489
xgboost,r4f2,4,2,219,241,0,0.004310275427997112,0.09560845047235489
xgboost,r4f2,4,2,220,243,0,0.581189751625061,0.09560845047235489
xgboost,r4f2,4,2,226,249,0,0.4007968306541443,0.09560845047235489
xgboost,r4f2,4,2,228,251,0,0.41478171944618225,0.09560845047235489
xgboost,r4f2,4,2,229,252,1,0.4313053488731384,0.09560845047235489
xgboost,r4f2,4,2,250,273,0,0.5395896434783936,0.09560845047235489
xgboost,r4f2,4,2,251,274,0,0.7145155072212219,0.09560845047235489
xgboost,r4f3,4,3,8,19,1,0.9863751530647278,0.10251356661319733
xgboost,r4f3,4,3,9,20,1,0.9793916344642639,0.10251356661319733
xgboost,r4f3,4,3,10,21,1,0.9760769009590149,0.10251356661319733
xgboost,r4f3,4,3,11,22,1,0.9743087291717529,0.10251356661319733
xgboost,r4f3,4,3,12,23,1,0.9892045855522156,0.10251356661319733
xgboost,r4f3,4,3,25,37,1,0.7596893310546875,0.10251356661319733
xgboost,r4f3,4,3,26,38,1,0.8188837170600891,0.10251356661319733
xgboost,r4f3,4,3,27,39,1,0.9748475551605225,0.10251356661319733
xgboost,r4f3,4,3,45,58,0,0.07375276833772659,0.10251356661319733
xgboost,r4f3,4,3,46,59,0,0.021015655249357224,0.10251356661319733
xgboost,r4f3,4,3,47,60,0,0.04845833778381348,0.10251356661319733
xgboost,r4f3,4,3,48,61,0,0.07583475112915039,0.10251356661319733
xgboost,r4f3,4,3,49,62,0,0.09533707052469254,0.10251356661319733
xgboost,r4f3,4,3,50,63,1,0.67116779088974,0.10251356661319733
xgboost,r4f3,4,3,51,64,0,0.20350205898284912,0.10251356661319733
xgboost,r4f3,4,3,62,75,0,0.011147293262183666,0.10251356661319733
xgboost,r4f3,4,3,63,76,0,0.012603010050952435,0.10251356661319733
xgboost,r4f3,4,3,66,79,0,0.11237819492816925,0.10251356661319733
xgboost,r4f3,4,3,67,82,0,0.0030482348520308733,0.10251356661319733
xgboost,r4f3,4,3,85,102,0,0.04641912505030632,0.10251356661319733
xgboost,r4f3,4,3,86,103,0,0.047187160700559616,0.10251356661319733
xgboost,r4f3,4,3,92,109,0,0.043838441371917725,0.10251356661319733
xgboost,r4f3,4,3,93,110,0,0.050513699650764465,0.10251356661319733
xgboost,r4f3,4,3,94,111,1,0.0524136945605278,0.10251356661319733
xgboost,r4f3,4,3,95,112,1,0.06383449584245682,0.10251356661319733
xgboost,r4f3,4,3,96,113,0,0.047888483852148056,0.10251356661319733
xgboost,r4f3,4,3,97,115,0,0.02681943029165268,0.10251356661319733
xgboost,r4f3,4,3,98,116,0,0.012388737872242928,0.10251356661319733
xgboost,r4f3,4,3,99,117,0,0.011443491093814373,0.10251356661319733
xgboost,r4f3,4,3,100,118,0,0.027762262150645256,0.10251356661319733
xgboost,r4f3,4,3,142,161,0,0.03545970469713211,0.10251356661319733
xgboost,r4f3,4,3,143,162,0,0.004394731018692255,0.10251356661319733
xgboost,r4f3,4,3,144,163,0,0.009345443919301033,0.10251356661319733
xgboost,r4f3,4,3,145,164,0,0.009064245969057083,0.10251356661319733
xgboost,r4f3,4,3,161,180,0,0.057887811213731766,0.10251356661319733
xgboost,r4f3,4,3,162,181,0,0.04938557744026184,0.10251356661319733
xgboost,r4f3,4,3,163,182,1,0.6322571039199829,0.10251356661319733
xgboost,r4f3,4,3,168,187,0,0.021778296679258347,0.10251356661319733
xgboost,r4f3,4,3,169,188,0,0.0021237079054117203,0.10251356661319733
xgboost,r4f3,4,3,197,217,0,0.014823902398347855,0.10251356661319733
xgboost,r4f3,4,3,198,218,0,0.004324043169617653,0.10251356661319733
xgboost,r4f3,4,3,204,225,0,0.03232598677277565,0.10251356661319733
xgboost,r4f3,4,3,210,231,1,0.10717243701219559,0.10251356661319733
xgboost,r4f3,4,3,221,244,0,0.041001711040735245,0.10251356661319733
xgboost,r4f3,4,3,222,245,0,0.0034840316511690617,0.10251356661319733
xgboost,r4f4,4,4,17,29,1,0.7727722525596619,0.2075025588274002
xgboost,r4f4,4,4,18,30,0,0.8458886742591858,0.2075025588274002
xgboost,r4f4,4,4,19,31,1,0.8598871231079102,0.2075025588274002
xgboost,r4f4,4,4,20,32,1,0.9278541803359985,0.2075025588274002
xgboost,r4f4,4,4,32,44,1,0.612698495388031,0.2075025588274002
xgboost,r4f4,4,4,33,45,0,0.8784191012382507,0.2075025588274002
xgboost,r4f4,4,4,40,52,1,0.7518163323402405,0.2075025588274002
xgboost,r4f4,4,4,78,94,0,0.474445104598999,0.2075025588274002
xgboost,r4f4,4,4,79,95,0,0.7902217507362366,0.2075025588274002
xgboost,r4f4,4,4,81,98,0,0.8734740614891052,0.2075025588274002
xgboost,r4f4,4,4,82,99,0,0.8733502626419067,0.2075025588274002
xgboost,r4f4,4,4,83,100,0,0.7403069734573364,0.2075025588274002
xgboost,r4f4,4,4,84,101,0,0.8184078931808472,0.2075025588274002
xgboost,r4f4,4,4,89,106,1,0.836230456829071,0.2075025588274002
xgboost,r4f4,4,4,91,108,1,0.9169806838035583,0.2075025588274002
xgboost,r4f4,4,4,107,125,0,0.04714951664209366,0.2075025588274002
xgboost,r4f4,4,4,108,126,0,0.006425298284739256,0.2075025588274002
xgboost,r4f4,4,4,109,127,0,0.010497101582586765,0.2075025588274002
xgboost,r4f4,4,4,110,128,0,0.011864429339766502,0.2075025588274002
xgboost,r4f4,4,4,111,129,0,0.0282418392598629,0.2075025588274002
xgboost,r4f4,4,4,112,130,0,0.04322756454348564,0.2075025588274002
xgboost,r4f4,4,4,128,147,0,0.009569775313138962,0.2075025588274002
xgboost,r4f4,4,4,155,174,1,0.7663768529891968,0.2075025588274002
xgboost,r4f4,4,4,156,175,1,0.6922426819801331,0.2075025588274002
xgboost,r4f4,4,4,157,176,0,0.9617035984992981,0.2075025588274002
xgboost,r4f4,4,4,158,177,0,0.9323908686637878,0.2075025588274002
xgboost,r4f4,4,4,159,178,0,0.4886109232902527,0.2075025588274002
xgboost,r4f4,4,4,160,179,1,0.8900004029273987,0.2075025588274002
xgboost,r4f4,4,4,164,183,0,0.8318132758140564,0.2075025588274002
xgboost,r4f4,4,4,165,184,0,0.8540586233139038,0.2075025588274002
xgboost,r4f4,4,4,166,185,0,0.7121900320053101,0.2075025588274002
xgboost,r4f4,4,4,167,186,0,0.5954498648643494,0.2075025588274002
xgboost,r4f4,4,4,173,192,0,0.01162562146782875,0.2075025588274002
xgboost,r4f4,4,4,174,193,0,0.004418967757374048,0.2075025588274002
xgboost,r4f4,4,4,175,194,0,0.07403653115034103,0.2075025588274002
xgboost,r4f4,4,4,176,195,0,0.060295362025499344,0.2075025588274002
xgboost,r4f4,4,4,202,222,0,0.02471179887652397,0.2075025588274002
xgboost,r4f4,4,4,203,224,1,0.8263757228851318,0.2075025588274002
xgboost,r4f4,4,4,227,250,1,0.4843643307685852,0.2075025588274002
xgboost,r4f4,4,4,230,253,0,0.12980739772319794,0.2075025588274002
xgboost,r4f4,4,4,231,254,1,0.187950998544693,0.2075025588274002
xgboost,r4f4,4,4,237,260,0,0.030075643211603165,0.2075025588274002
xgboost,r4f4,4,4,238,261,0,0.017786836251616478,0.2075025588274002
xgboost,r4f4,4,4,239,262,0,0.03251807391643524,0.2075025588274002
xgboost,r4f4,4,4,240,263,0,0.006318459287285805,0.2075025588274002
